{
 "type": "FeatureCollection",
 "features": [
  {
   "type": "Feature",
   "properties": {
    "name": "Alexandria West"
   },
   "geometry": {
    "type": "Polygon",
    "coordinates": [
     [
      [
       -77.09776668107503,
       38.83481331564107
      ],
      [
       -77.10211662012627,
       38.83361335310204
      ],
      [
       -77.10471658369711,
       38.83289337557862
      ],
      [
       -77.10715654950977,
       38.832193397430856
      ],
      [
       -77.10792653872113,
       38.831963404610875
      ],
      [
       -77.10981651223995,
       38.831343423965706
      ],
      [
       -77.1100965083168,
       38.83173341179089
      ],
      [
       -77.11073649934963,
       38.832673382446465
      ],
      [
       -77.11105649486605,
       38.8331233683986
      ],
      [
       -77.11130649136324,
       38.83349335684814
      ],
      [
       -77.11140648996212,
       38.83366335154117
      ],
      [
       -77.11186648351696,
       38.834323330937636
      ],
      [
       -77.1123364769317,
       38.83499331002192
      ],
      [
       -77.11256647370912,
       38.835303300344506
      ],
      [
       -77.11185648365708,
       38.83536329847146
      ],
      [
       -77.11211648001417,
       38.836103275370526
      ],
      [
       -77.1122464781927,
       38.83650326288354
      ],
      [
       -77.11284646978598,
       38.83654326163484
      ],
      [
       -77.1132364643216,
       38.83656326101049
      ],
      [
       -77.11341646179959,
       38.836613259449614
      ],
      [
       -77.11343646151937,
       38.83665325820092
      ],
      [
       -77.1134864608188,
       38.83671325632787
      ],
      [
       -77.11409645227197,
       38.83703324633828
      ],
      [
       -77.11417645115107,
       38.8370832447774
      ],
      [
       -77.11440644792849,
       38.837203241031304
      ],
      [
       -77.11452644624714,
       38.83726323915826
      ],
      [
       -77.11469644386524,
       38.837373235724336
      ],
      [
       -77.11480644232401,
       38.83745323322694
      ],
      [
       -77.11500643952176,
       38.83762322791997
      ],
      [
       -77.11508643840087,
       38.83770322542257
      ],
      [
       -77.11517643713987,
       38.83781322198865
      ],
      [
       -77.11519643685963,
       38.837843221052125
      ],
      [
       -77.11534643475795,
       38.83778322292517
      ],
      [
       -77.11574642915348,
       38.83759322885649
      ],
      [
       -77.11587642733201,
       38.83774322417387
      ],
      [
       -77.11636642046652,
       38.83750323166606
      ],
      [
       -77.11643641948574,
       38.83745323322694
      ],
      [
       -77.11690641290046,
       38.83724323978261
      ],
      [
       -77.11776640085083,
       38.83685325195742
      ],
      [
       -77.11873638725996,
       38.836403266005284
      ],
      [
       -77.11873638725996,
       38.836403266005284
      ],
      [
       -77.11879638641928,
       38.83637326694181
      ],
      [
       -77.1183663924441,
       38.83580328473577
      ],
      [
       -77.11835639258422,
       38.83579328504795
      ],
      [
       -77.11773640127116,
       38.834973310646276
      ],
      [
       -77.11769640183161,
       38.83488331345585
      ],
      [
       -77.1179563981887,
       38.834863314080195
      ],
      [
       -77.1195963752103,
       38.83473331813847
      ],
      [
       -77.1210163553144,
       38.83460332219674
      ],
      [
       -77.12223633822072,
       38.83450332531849
      ],
      [
       -77.12318632491007,
       38.834443327191536
      ],
      [
       -77.12496629997011,
       38.834333330625455
      ],
      [
       -77.12707627040646,
       38.834213334371555
      ],
      [
       -77.12785625947772,
       38.83416333593243
      ],
      [
       -77.12825625387323,
       38.834153336244604
      ],
      [
       -77.12915624126315,
       38.83410333780548
      ],
      [
       -77.12937623818068,
       38.83371334998029
      ],
      [
       -77.12962623467789,
       38.83325336434033
      ],
      [
       -77.13020622655138,
       38.83212339961608
      ],
      [
       -77.13056622150734,
       38.83142342146831
      ],
      [
       -77.13102621506219,
       38.83066344519359
      ],
      [
       -77.13151620819669,
       38.82985347047975
      ],
      [
       -77.1315862072159,
       38.82973347422584
      ],
      [
       -77.1316762059549,
       38.82958347890846
      ],
      [
       -77.13133621071871,
       38.829033496078075
      ],
      [
       -77.13135621043848,
       38.82902349639025
      ],
      [
       -77.13116621310061,
       38.82869350669201
      ],
      [
       -77.13112621366106,
       38.82870350637984
      ],
      [
       -77.13054622178757,
       38.82774353634861
      ],
      [
       -77.1301862268316,
       38.827143555079104
      ],
      [
       -77.13021622641126,
       38.82713355539128
      ],
      [
       -77.13017622697171,
       38.8270635575765
      ],
      [
       -77.13014622739205,
       38.82701355913737
      ],
      [
       -77.13009622809261,
       38.82693356163477
      ],
      [
       -77.13007622837283,
       38.82689356288347
      ],
      [
       -77.13004622879318,
       38.826843564444346
      ],
      [
       -77.12998622963384,
       38.82676356694174
      ],
      [
       -77.12992623047451,
       38.82668356943914
      ],
      [
       -77.12986623131519,
       38.82660357193654
      ],
      [
       -77.12979623229597,
       38.82653357412176
      ],
      [
       -77.1297662327163,
       38.826493575370456
      ],
      [
       -77.1297662327163,
       38.82647357599481
      ],
      [
       -77.12956623551855,
       38.82624358317483
      ],
      [
       -77.13041622360902,
       38.825783597534866
      ],
      [
       -77.1314262094577,
       38.8252436143923
      ],
      [
       -77.13088621702376,
       38.824813627815814
      ],
      [
       -77.13078621842487,
       38.82473363031321
      ],
      [
       -77.1306762199661,
       38.824653632810616
      ],
      [
       -77.13057622136724,
       38.82456363562019
      ],
      [
       -77.13048622262824,
       38.82447363842976
      ],
      [
       -77.13040622374913,
       38.82440364061498
      ],
      [
       -77.13034622458981,
       38.824333642800205
      ],
      [
       -77.1302662257107,
       38.824243645609776
      ],
      [
       -77.13021622641126,
       38.824183647482826
      ],
      [
       -77.13016622711183,
       38.8241336490437
      ],
      [
       -77.13012622767228,
       38.82408365060457
      ],
      [
       -77.13008622823273,
       38.82403365216545
      ],
      [
       -77.13004622879318,
       38.82398365372632
      ],
      [
       -77.1300262290734,
       38.823953654662844
      ],
      [
       -77.12999622949373,
       38.82391365591155
      ],
      [
       -77.12997622977396,
       38.82387365716024
      ],
      [
       -77.12996622991407,
       38.82384365809677
      ],
      [
       -77.12994623019429,
       38.823803659345465
      ],
      [
       -77.12992623047451,
       38.82376366059417
      ],
      [
       -77.12990623075474,
       38.82367366340374
      ],
      [
       -77.12988623103496,
       38.823633664652434
      ],
      [
       -77.12987623117507,
       38.82360366558896
      ],
      [
       -77.1298562314553,
       38.82356366683766
      ],
      [
       -77.12982623187564,
       38.82352366808636
      ],
      [
       -77.12978623243609,
       38.823473669647235
      ],
      [
       -77.12975623285642,
       38.82343367089593
      ],
      [
       -77.12971623341687,
       38.82339367214463
      ],
      [
       -77.12967623397732,
       38.823363673081154
      ],
      [
       -77.12964623439765,
       38.82333367401768
      ],
      [
       -77.12959623509822,
       38.823303674954204
      ],
      [
       -77.12951623621912,
       38.82325367651508
      ],
      [
       -77.12943623734002,
       38.82320367807595
      ],
      [
       -77.1293562384609,
       38.823153679636825
      ],
      [
       -77.12925623986203,
       38.82308368182205
      ],
      [
       -77.12915624126315,
       38.82297368525597
      ],
      [
       -77.12909624210383,
       38.82290368744119
      ],
      [
       -77.12893624434561,
       38.82269369399686
      ],
      [
       -77.12881624602696,
       38.822793690875116
      ],
      [
       -77.12867624798852,
       38.82192371803432
      ],
      [
       -77.128366252332,
       38.82166372615086
      ],
      [
       -77.12832625289245,
       38.821703724902164
      ],
      [
       -77.12793625835683,
       38.821993715849096
      ],
      [
       -77.12741626564265,
       38.8221937096056
      ],
      [
       -77.12707627040646,
       38.82246370117688
      ],
      [
       -77.1267162754505,
       38.82274369243599
      ],
      [
       -77.12618628287645,
       38.82316367932465
      ],
      [
       -77.1256362905826,
       38.82352366808636
      ],
      [
       -77.12524629604698,
       38.82385365778459
      ],
      [
       -77.12468630389326,
       38.82432364311238
      ],
      [
       -77.12400631342088,
       38.824813627815814
      ],
      [
       -77.12350632042649,
       38.825023621260144
      ],
      [
       -77.12347632084682,
       38.825043620635796
      ],
      [
       -77.12301632729198,
       38.82569360034444
      ],
      [
       -77.12297632785243,
       38.825753598471394
      ],
      [
       -77.12275633093489,
       38.82592359316442
      ],
      [
       -77.12243633541848,
       38.82617358536005
      ],
      [
       -77.12219633878117,
       38.82633358036526
      ],
      [
       -77.12132635097092,
       38.82680356569304
      ],
      [
       -77.12071635951776,
       38.82707355726433
      ],
      [
       -77.1203563645618,
       38.827173554142576
      ],
      [
       -77.11997636988606,
       38.8272235525817
      ],
      [
       -77.11970637366908,
       38.827583541343415
      ],
      [
       -77.11931637913345,
       38.8279335304173
      ],
      [
       -77.11884638571873,
       38.82816352323728
      ],
      [
       -77.11780640029038,
       38.82864350825289
      ],
      [
       -77.11732640701575,
       38.82863350856506
      ],
      [
       -77.11693641248013,
       38.828823502633746
      ],
      [
       -77.11647641892529,
       38.82907349482937
      ],
      [
       -77.11627642172753,
       38.828803503258094
      ],
      [
       -77.11643641948574,
       38.82872350575549
      ],
      [
       -77.11788639916948,
       38.828023527607726
      ],
      [
       -77.11987637128718,
       38.82693356163477
      ],
      [
       -77.12157634746812,
       38.82591359347659
      ],
      [
       -77.12289632897333,
       38.82506362001145
      ],
      [
       -77.12428630949773,
       38.82410364998022
      ],
      [
       -77.12567629002216,
       38.82305368275857
      ],
      [
       -77.12825625387323,
       38.82109374394482
      ],
      [
       -77.13095621604297,
       38.819043807940645
      ],
      [
       -77.1326661920838,
       38.81805383884595
      ],
      [
       -77.13396617386923,
       38.817383859761655
      ],
      [
       -77.13634614052255,
       38.816433889418256
      ],
      [
       -77.1436560381006,
       38.813483981509805
      ],
      [
       -77.1436560381006,
       38.81350398088546
      ],
      [
       -77.14362603852095,
       38.81403396434019
      ],
      [
       -77.14362603852095,
       38.81412396153062
      ],
      [
       -77.14347604062263,
       38.81418395965757
      ],
      [
       -77.14354603964183,
       38.814273956848
      ],
      [
       -77.1417560647219,
       38.816593884423455
      ],
      [
       -77.1417560647219,
       38.81660388411128
      ],
      [
       -77.14173606500214,
       38.81662388348693
      ],
      [
       -77.14157606724392,
       38.81683387693126
      ],
      [
       -77.14144606906538,
       38.817003871624294
      ],
      [
       -77.14121607228796,
       38.817293862571226
      ],
      [
       -77.14112607354896,
       38.81741385882513
      ],
      [
       -77.14102607495009,
       38.817563854142506
      ],
      [
       -77.14053608181558,
       38.81734386101035
      ],
      [
       -77.14018608671951,
       38.81719386569297
      ],
      [
       -77.14011608770029,
       38.8172838628834
      ],
      [
       -77.13973609302455,
       38.817123867878195
      ],
      [
       -77.13967609386522,
       38.81719386569297
      ],
      [
       -77.13947609666747,
       38.81751385570338
      ],
      [
       -77.13896610381317,
       38.81829383135375
      ],
      [
       -77.13842611137923,
       38.81874381730589
      ],
      [
       -77.13953609582678,
       38.819573791395385
      ],
      [
       -77.1387861063352,
       38.82019377204055
      ],
      [
       -77.13823611404136,
       38.82065375768051
      ],
      [
       -77.1379561179645,
       38.820873750812666
      ],
      [
       -77.13723612805258,
       38.82147373208218
      ],
      [
       -77.13718612875313,
       38.82151373083348
      ],
      [
       -77.13731612693168,
       38.82174372365346
      ],
      [
       -77.13757612328877,
       38.822203709293426
      ],
      [
       -77.13794611810461,
       38.822853689002066
      ],
      [
       -77.13810611586283,
       38.82313368026117
      ],
      [
       -77.13833611264025,
       38.82354366746201
      ],
      [
       -77.13838611193968,
       38.823633664652434
      ],
      [
       -77.13852610997812,
       38.82387365716024
      ],
      [
       -77.13880610605497,
       38.82387365716024
      ],
      [
       -77.14030608503816,
       38.823833658408944
      ],
      [
       -77.14111607368908,
       38.82382365872112
      ],
      [
       -77.1411860727083,
       38.82382365872112
      ],
      [
       -77.14129607116706,
       38.82382365872112
      ],
      [
       -77.14214605925753,
       38.823803659345465
      ],
      [
       -77.14214605925753,
       38.82381365903329
      ],
      [
       -77.14212605953776,
       38.82384365809677
      ],
      [
       -77.14189606276034,
       38.824453639054106
      ],
      [
       -77.14178606430157,
       38.82472363062539
      ],
      [
       -77.14176606458179,
       38.82478362875234
      ],
      [
       -77.14180606402134,
       38.825023621260144
      ],
      [
       -77.14185606332079,
       38.825283613143604
      ],
      [
       -77.14190606262022,
       38.82558360377836
      ],
      [
       -77.1419160624801,
       38.82562360252966
      ],
      [
       -77.14157606724392,
       38.82600359066702
      ],
      [
       -77.14146606878515,
       38.82613358660875
      ],
      [
       -77.14111607368908,
       38.82653357412176
      ],
      [
       -77.14090607663144,
       38.82708355695215
      ],
      [
       -77.14026608559861,
       38.827433546026036
      ],
      [
       -77.13986609120309,
       38.82767353853384
      ],
      [
       -77.13917610087083,
       38.828003528232074
      ],
      [
       -77.13881610591486,
       38.828233521052056
      ],
      [
       -77.13843611123912,
       38.82847351355986
      ],
      [
       -77.13818611474193,
       38.82867350731637
      ],
      [
       -77.13794611810461,
       38.828863501385044
      ],
      [
       -77.13724612791246,
       38.82940348452761
      ],
      [
       -77.13675613477795,
       38.82965347672324
      ],
      [
       -77.13615614318468,
       38.83008346329972
      ],
      [
       -77.13552615201174,
       38.83055344862751
      ],
      [
       -77.13490616069869,
       38.830813440510966
      ],
      [
       -77.13499615943768,
       38.83141342178048
      ],
      [
       -77.13526615565466,
       38.832173398055204
      ],
      [
       -77.1344861665834,
       38.83241339056301
      ],
      [
       -77.1341561712071,
       38.83251338744126
      ],
      [
       -77.1330861861991,
       38.8328433771395
      ],
      [
       -77.13227619754818,
       38.833093369335124
      ],
      [
       -77.13224619796851,
       38.833093369335124
      ],
      [
       -77.1313462105786,
       38.83337336059424
      ],
      [
       -77.13114621338084,
       38.83355335497509
      ],
      [
       -77.13088621702376,
       38.833793347482896
      ],
      [
       -77.13066622010622,
       38.8339933412394
      ],
      [
       -77.13030622515025,
       38.834323330937636
      ],
      [
       -77.12966623411744,
       38.834913312519326
      ],
      [
       -77.12956623551855,
       38.83500330970975
      ],
      [
       -77.129526236079,
       38.83505330814888
      ],
      [
       -77.12896624392528,
       38.835713287545346
      ],
      [
       -77.12878624644729,
       38.835923280989675
      ],
      [
       -77.12854624980999,
       38.83620327224878
      ],
      [
       -77.12840625177155,
       38.83637326694181
      ],
      [
       -77.12793625835683,
       38.836933249460024
      ],
      [
       -77.12791625863704,
       38.83695324883568
      ],
      [
       -77.12777626059862,
       38.836903250396546
      ],
      [
       -77.12725626788445,
       38.83701324696263
      ],
      [
       -77.12642627951375,
       38.837203241031304
      ],
      [
       -77.12560629100294,
       38.83739323509999
      ],
      [
       -77.12528629548653,
       38.837463232914764
      ],
      [
       -77.12479630235202,
       38.83757322948084
      ],
      [
       -77.12480630221191,
       38.837583229168665
      ],
      [
       -77.1252362961871,
       38.83814321168688
      ],
      [
       -77.12576628876116,
       38.838823190458996
      ],
      [
       -77.1259762858188,
       38.83932317485026
      ],
      [
       -77.12581628806059,
       38.83936317360156
      ],
      [
       -77.12567629002216,
       38.83940317235286
      ],
      [
       -77.12532629492608,
       38.839503169231115
      ],
      [
       -77.12512629772833,
       38.83955316767024
      ],
      [
       -77.12527629562665,
       38.83976316111457
      ],
      [
       -77.12544629324474,
       38.840003153622376
      ],
      [
       -77.12559629114305,
       38.840213147066706
      ],
      [
       -77.12541629366507,
       38.84032314363279
      ],
      [
       -77.12574628904137,
       38.84063313395537
      ],
      [
       -77.12532629492608,
       38.840893125838825
      ],
      [
       -77.125066298569,
       38.84105312084403
      ],
      [
       -77.12461630487404,
       38.841333112103136
      ],
      [
       -77.12454630585482,
       38.84106312053186
      ],
      [
       -77.12446630697572,
       38.840803128648396
      ],
      [
       -77.1243163090774,
       38.840833127711875
      ],
      [
       -77.12397631384121,
       38.84090312552665
      ],
      [
       -77.12330632322873,
       38.841043121156204
      ],
      [
       -77.12311632589085,
       38.84107312021968
      ],
      [
       -77.12251633429759,
       38.84119311647358
      ],
      [
       -77.12164634648734,
       38.841373110854434
      ],
      [
       -77.12130635125115,
       38.84025314581801
      ],
      [
       -77.1190363830566,
       38.84094312427795
      ],
      [
       -77.11699641163946,
       38.84156310492312
      ],
      [
       -77.11575642901336,
       38.84194309306048
      ],
      [
       -77.11293646852496,
       38.84279306652562
      ],
      [
       -77.11186648351696,
       38.84312305622386
      ],
      [
       -77.11087649738806,
       38.84342304685861
      ],
      [
       -77.11077649878918,
       38.843463045609916
      ],
      [
       -77.1105965013112,
       38.84357304217599
      ],
      [
       -77.11032650509422,
       38.843493044673394
      ],
      [
       -77.10975651308061,
       38.84327305154124
      ],
      [
       -77.10975651308061,
       38.843253052165586
      ],
      [
       -77.10955651588286,
       38.843173054662984
      ],
      [
       -77.10954651602297,
       38.84318305435081
      ],
      [
       -77.10937651840487,
       38.84311305653603
      ],
      [
       -77.10936651854499,
       38.84310305684821
      ],
      [
       -77.1093565186851,
       38.84310305684821
      ],
      [
       -77.10931651924555,
       38.84307305778473
      ],
      [
       -77.10930651938567,
       38.8430630580969
      ],
      [
       -77.109186521067,
       38.84300305996995
      ],
      [
       -77.10917652120712,
       38.84300305996995
      ],
      [
       -77.10915652148735,
       38.84301305965778
      ],
      [
       -77.10914652162745,
       38.843023059345605
      ],
      [
       -77.10913652176757,
       38.84303305903343
      ],
      [
       -77.10805653689967,
       38.84241307838826
      ],
      [
       -77.10794653844091,
       38.84229308213436
      ],
      [
       -77.10794653844091,
       38.842283082446535
      ],
      [
       -77.10793653858101,
       38.84227308275871
      ],
      [
       -77.10791653886125,
       38.842253083383056
      ],
      [
       -77.10788653928158,
       38.842253083383056
      ],
      [
       -77.1078765394217,
       38.842253083383056
      ],
      [
       -77.1078665395618,
       38.842253083383056
      ],
      [
       -77.10783653998215,
       38.842253083383056
      ],
      [
       -77.10772654152338,
       38.84230308182219
      ],
      [
       -77.10761654306461,
       38.842343080573485
      ],
      [
       -77.10750654460584,
       38.842373079636964
      ],
      [
       -77.10742654572674,
       38.842393079012616
      ],
      [
       -77.10718654908943,
       38.84245307713957
      ],
      [
       -77.10710655021032,
       38.84247307651521
      ],
      [
       -77.10693655259223,
       38.84250307557869
      ],
      [
       -77.10661655707581,
       38.84167310148919
      ],
      [
       -77.10667655623514,
       38.84164310242572
      ],
      [
       -77.10701655147133,
       38.84145310835704
      ],
      [
       -77.10701655147133,
       38.84144310866921
      ],
      [
       -77.10703655119111,
       38.84141310960574
      ],
      [
       -77.10703655119111,
       38.84139311023009
      ],
      [
       -77.10702655133122,
       38.841373110854434
      ],
      [
       -77.10701655147133,
       38.841363111166615
      ],
      [
       -77.10656655777638,
       38.84091312521448
      ],
      [
       -77.10623656240007,
       38.84059313520407
      ],
      [
       -77.10583656800456,
       38.840153148939756
      ],
      [
       -77.10576656898535,
       38.84020314737888
      ],
      [
       -77.10501657949375,
       38.84079312896057
      ],
      [
       -77.10441658790047,
       38.84033314332061
      ],
      [
       -77.10436658860104,
       38.84033314332061
      ],
      [
       -77.10379659658743,
       38.8400531520615
      ],
      [
       -77.10355659995012,
       38.839943155495426
      ],
      [
       -77.10308660653538,
       38.83972316236327
      ],
      [
       -77.1029966077964,
       38.839683163611966
      ],
      [
       -77.10293660863707,
       38.839653164548494
      ],
      [
       -77.1029166089173,
       38.83964316486067
      ],
      [
       -77.1029166089173,
       38.83963316517284
      ],
      [
       -77.1029066090574,
       38.839623165485015
      ],
      [
       -77.10288660933763,
       38.83961316579719
      ],
      [
       -77.10287660947775,
       38.83960316610937
      ],
      [
       -77.10280661045853,
       38.83954316798241
      ],
      [
       -77.10279661059863,
       38.83952316860677
      ],
      [
       -77.10278661073875,
       38.83951316891894
      ],
      [
       -77.10273661143931,
       38.839443171104165
      ],
      [
       -77.1026666124201,
       38.83936317360156
      ],
      [
       -77.10265661256021,
       38.83933317453808
      ],
      [
       -77.10263661284043,
       38.83930317547461
      ],
      [
       -77.10262661298054,
       38.83927317641113
      ],
      [
       -77.10258661354099,
       38.83922317797201
      ],
      [
       -77.10253661424156,
       38.83909318203028
      ],
      [
       -77.102496614802,
       38.838973185776375
      ],
      [
       -77.10247661508222,
       38.8389031879616
      ],
      [
       -77.10246661522234,
       38.838883188585946
      ],
      [
       -77.10246661522234,
       38.83887318889813
      ],
      [
       -77.10245661536246,
       38.8388631892103
      ],
      [
       -77.10245661536246,
       38.838853189522474
      ],
      [
       -77.10239661620312,
       38.83874319295639
      ],
      [
       -77.10238661634324,
       38.83873319326857
      ],
      [
       -77.10237661648334,
       38.83872319358075
      ],
      [
       -77.10236661662346,
       38.83871319389292
      ],
      [
       -77.10236661662346,
       38.838703194205095
      ],
      [
       -77.10234661690369,
       38.83868319482944
      ],
      [
       -77.10233661704379,
       38.83867319514162
      ],
      [
       -77.10231661732402,
       38.83865319576597
      ],
      [
       -77.10228661774435,
       38.838613197014666
      ],
      [
       -77.10222661858502,
       38.838553198887716
      ],
      [
       -77.10213661984604,
       38.83846320169729
      ],
      [
       -77.10209662040648,
       38.838433202633816
      ],
      [
       -77.1019966218076,
       38.83834320544339
      ],
      [
       -77.10195662236805,
       38.83831320637991
      ],
      [
       -77.10185662376918,
       38.838233208877305
      ],
      [
       -77.10148662895332,
       38.837993216369505
      ],
      [
       -77.10113663385725,
       38.8377532238617
      ],
      [
       -77.1007666390414,
       38.83750323166606
      ],
      [
       -77.10039664422554,
       38.837253239470435
      ],
      [
       -77.10037664450577,
       38.83724323978261
      ],
      [
       -77.10035664478599,
       38.83724323978261
      ],
      [
       -77.1003466449261,
       38.83724323978261
      ],
      [
       -77.1003366450662,
       38.837253239470435
      ],
      [
       -77.10032664520632,
       38.837253239470435
      ],
      [
       -77.10031664534644,
       38.83726323915826
      ],
      [
       -77.10030664548655,
       38.83726323915826
      ],
      [
       -77.10029664562666,
       38.83726323915826
      ],
      [
       -77.100266646047,
       38.83727323884608
      ],
      [
       -77.1002566461871,
       38.83727323884608
      ],
      [
       -77.10019664702779,
       38.83728323853391
      ],
      [
       -77.10016664744812,
       38.83728323853391
      ],
      [
       -77.10014664772834,
       38.83727323884608
      ],
      [
       -77.10011664814868,
       38.83727323884608
      ],
      [
       -77.10010664828879,
       38.83726323915826
      ],
      [
       -77.10008664856902,
       38.83726323915826
      ],
      [
       -77.10007664870913,
       38.83726323915826
      ],
      [
       -77.10004664912947,
       38.837253239470435
      ],
      [
       -77.09999664983002,
       38.83723324009478
      ],
      [
       -77.09999664983002,
       38.837223240406956
      ],
      [
       -77.09998664997013,
       38.83721324071913
      ],
      [
       -77.09996665025037,
       38.837203241031304
      ],
      [
       -77.09995665039047,
       38.83719324134348
      ],
      [
       -77.09992665081081,
       38.837163242280006
      ],
      [
       -77.09992665081081,
       38.83715324259218
      ],
      [
       -77.09991665095092,
       38.837143242904354
      ],
      [
       -77.09990665109103,
       38.83711324384088
      ],
      [
       -77.09989665123115,
       38.837103244153056
      ],
      [
       -77.09989665123115,
       38.83709324446523
      ],
      [
       -77.09989665123115,
       38.8370832447774
      ],
      [
       -77.09988665137126,
       38.83707324508958
      ],
      [
       -77.09988665137126,
       38.837053245713925
      ],
      [
       -77.09988665137126,
       38.837043246026106
      ],
      [
       -77.09987665151137,
       38.83703324633828
      ],
      [
       -77.09988665137126,
       38.836993247586975
      ],
      [
       -77.09988665137126,
       38.83698324789915
      ],
      [
       -77.09988665137126,
       38.83698324789915
      ],
      [
       -77.09988665137126,
       38.83697324821132
      ],
      [
       -77.09988665137126,
       38.8369632485235
      ],
      [
       -77.09991665095092,
       38.83691325008437
      ],
      [
       -77.09991665095092,
       38.836903250396546
      ],
      [
       -77.09992665081081,
       38.83689325070873
      ],
      [
       -77.0999366506707,
       38.836873251333074
      ],
      [
       -77.09994665053058,
       38.83686325164525
      ],
      [
       -77.09996665025037,
       38.836843252269595
      ],
      [
       -77.09997665011025,
       38.83683325258177
      ],
      [
       -77.09998664997013,
       38.83683325258177
      ],
      [
       -77.10000664968992,
       38.836813253206124
      ],
      [
       -77.1000166495498,
       38.836813253206124
      ],
      [
       -77.10003664926958,
       38.8368032535183
      ],
      [
       -77.10004664912947,
       38.83679325383047
      ],
      [
       -77.10005664898935,
       38.83679325383047
      ],
      [
       -77.10006664884924,
       38.83679325383047
      ],
      [
       -77.1000966484289,
       38.83677325445482
      ],
      [
       -77.10014664772834,
       38.83676325476699
      ],
      [
       -77.10020664688767,
       38.83676325476699
      ],
      [
       -77.100266646047,
       38.83677325445482
      ],
      [
       -77.10027664590689,
       38.83676325476699
      ],
      [
       -77.10029664562666,
       38.83676325476699
      ],
      [
       -77.10030664548655,
       38.83675325507917
      ],
      [
       -77.10031664534644,
       38.83674325539135
      ],
      [
       -77.10058664156341,
       38.83642326538094
      ],
      [
       -77.1005966414233,
       38.83639326631746
      ],
      [
       -77.1005966414233,
       38.83638326662964
      ],
      [
       -77.10058664156341,
       38.83635326756616
      ],
      [
       -77.10057664170353,
       38.83633326819051
      ],
      [
       -77.10055664198374,
       38.83632326850268
      ],
      [
       -77.09988665137126,
       38.83596327974097
      ],
      [
       -77.0986966680446,
       38.835333299407985
      ],
      [
       -77.09822667462987,
       38.83508330721235
      ],
      [
       -77.09817667533042,
       38.83505330814888
      ],
      [
       -77.09776668107503,
       38.83481331564107
      ]
     ]
    ]
   }
  },
  {
   "type": "Feature",
   "properties": {
    "name": "Arlandria-Chirilagua"
   },
   "geometry": {
    "type": "Polygon",
    "coordinates": [
     [
      [
       -77.07718696942572,
       38.84368303874207
      ],
      [
       -77.07705697124717,
       38.84365303967859
      ],
      [
       -77.07696697250819,
       38.84363304030295
      ],
      [
       -77.07691697320875,
       38.84362304061512
      ],
      [
       -77.0767869750302,
       38.84359304155164
      ],
      [
       -77.07674697559065,
       38.843583041863816
      ],
      [
       -77.07660697755222,
       38.84357304217599
      ],
      [
       -77.07651697881323,
       38.84356304248817
      ],
      [
       -77.07631698161548,
       38.84354304311252
      ],
      [
       -77.07572698988209,
       38.84353304342469
      ],
      [
       -77.0755469924041,
       38.84353304342469
      ],
      [
       -77.07526699632724,
       38.84354304311252
      ],
      [
       -77.07512699828881,
       38.843553042800345
      ],
      [
       -77.07490700137127,
       38.84356304248817
      ],
      [
       -77.0746470050142,
       38.843583041863816
      ],
      [
       -77.07445700767633,
       38.84360304123947
      ],
      [
       -77.07430700977801,
       38.84362304061512
      ],
      [
       -77.07405701328081,
       38.84365303967859
      ],
      [
       -77.07385701608305,
       38.843673039054245
      ],
      [
       -77.07338702266831,
       38.84374303686902
      ],
      [
       -77.07333702336888,
       38.84374303686902
      ],
      [
       -77.07291702925359,
       38.84380303499597
      ],
      [
       -77.07253703457785,
       38.8438530334351
      ],
      [
       -77.07214704004222,
       38.84390303187423
      ],
      [
       -77.07184704424559,
       38.84391303156205
      ],
      [
       -77.07176704536647,
       38.84392303124988
      ],
      [
       -77.07164704704782,
       38.843933030937706
      ],
      [
       -77.0714970491495,
       38.843943030625525
      ],
      [
       -77.07137705083085,
       38.84395303031335
      ],
      [
       -77.07123705279241,
       38.84396303000118
      ],
      [
       -77.07121705307264,
       38.84396303000118
      ],
      [
       -77.07114705405343,
       38.84396303000118
      ],
      [
       -77.07100705601499,
       38.843973029689
      ],
      [
       -77.07093705699579,
       38.843973029689
      ],
      [
       -77.070917057276,
       38.843973029689
      ],
      [
       -77.07077705923757,
       38.843973029689
      ],
      [
       -77.0707570595178,
       38.843973029689
      ],
      [
       -77.07069706035847,
       38.843973029689
      ],
      [
       -77.07053706260027,
       38.84396303000118
      ],
      [
       -77.07043706400138,
       38.84396303000118
      ],
      [
       -77.0703470652624,
       38.84395303031335
      ],
      [
       -77.06956707619113,
       38.8438930321864
      ],
      [
       -77.06907708305663,
       38.84386303312292
      ],
      [
       -77.06872708796055,
       38.84383303405945
      ],
      [
       -77.06808709692773,
       38.8438130346838
      ],
      [
       -77.067527104774,
       38.8438130346838
      ],
      [
       -77.06718710953781,
       38.84383303405945
      ],
      [
       -77.06707711107906,
       38.84384303374728
      ],
      [
       -77.06698711234006,
       38.84386303312292
      ],
      [
       -77.06693711304062,
       38.84386303312292
      ],
      [
       -77.06679711500219,
       38.8438930321864
      ],
      [
       -77.06664711710387,
       38.84392303124988
      ],
      [
       -77.06660711766432,
       38.843933030937706
      ],
      [
       -77.06651711892533,
       38.84396303000118
      ],
      [
       -77.06647711948578,
       38.843973029689
      ],
      [
       -77.06641712032645,
       38.843993029064656
      ],
      [
       -77.06634712130723,
       38.84400302875248
      ],
      [
       -77.06624712270836,
       38.844033027815954
      ],
      [
       -77.06615712396936,
       38.844053027191606
      ],
      [
       -77.06599712621116,
       38.84410302563073
      ],
      [
       -77.0658771278925,
       38.844143024382035
      ],
      [
       -77.0657171301343,
       38.844203022508985
      ],
      [
       -77.06556713223598,
       38.844263020635935
      ],
      [
       -77.06547713349698,
       38.84430301938723
      ],
      [
       -77.06539713461788,
       38.84433301845071
      ],
      [
       -77.06537713489811,
       38.84434301813854
      ],
      [
       -77.06535713517833,
       38.844353017826364
      ],
      [
       -77.06532713559866,
       38.84437301720202
      ],
      [
       -77.0653071358789,
       38.844383016889836
      ],
      [
       -77.06518713756024,
       38.84444301501679
      ],
      [
       -77.06507713910148,
       38.84450301314374
      ],
      [
       -77.06498714036248,
       38.84455301158287
      ],
      [
       -77.06490714148337,
       38.84459301033417
      ],
      [
       -77.06482714260427,
       38.844643008773296
      ],
      [
       -77.0648071428845,
       38.84465300846112
      ],
      [
       -77.0647171441455,
       38.84467300783677
      ],
      [
       -77.06453714666752,
       38.84471300658807
      ],
      [
       -77.06386715605504,
       38.844883001281104
      ],
      [
       -77.06384715633526,
       38.84489300096892
      ],
      [
       -77.06382715661549,
       38.84489300096892
      ],
      [
       -77.06376715745616,
       38.844913000344576
      ],
      [
       -77.06369715843694,
       38.844913000344576
      ],
      [
       -77.06365715899739,
       38.8449230000324
      ],
      [
       -77.06362715941772,
       38.8449230000324
      ],
      [
       -77.06352716081885,
       38.8449230000324
      ],
      [
       -77.06350716109907,
       38.8449230000324
      ],
      [
       -77.06343716207985,
       38.844913000344576
      ],
      [
       -77.06336716306063,
       38.844913000344576
      ],
      [
       -77.06325716460188,
       38.844883001281104
      ],
      [
       -77.06317716572276,
       38.84486300190545
      ],
      [
       -77.06311716656344,
       38.844853002217626
      ],
      [
       -77.06306716726401,
       38.84483300284197
      ],
      [
       -77.06302716782444,
       38.84481300346633
      ],
      [
       -77.06297716852501,
       38.844793004090675
      ],
      [
       -77.06290716950579,
       38.8447630050272
      ],
      [
       -77.06203718169554,
       38.84425302094811
      ],
      [
       -77.06189718365712,
       38.84417302344551
      ],
      [
       -77.06016720789651,
       38.84311305653603
      ],
      [
       -77.05862722947377,
       38.842433077763914
      ],
      [
       -77.05569727052662,
       38.84119311647358
      ],
      [
       -77.0553872748701,
       38.84106312053186
      ],
      [
       -77.05559727192774,
       38.84059313520407
      ],
      [
       -77.05578726926561,
       38.840153148939756
      ],
      [
       -77.05616726394135,
       38.83927317641113
      ],
      [
       -77.05626726254023,
       38.839063182966804
      ],
      [
       -77.05670725637529,
       38.8380332151208
      ],
      [
       -77.05707725119115,
       38.83713324321653
      ],
      [
       -77.0571172506307,
       38.837053245713925
      ],
      [
       -77.05722724908946,
       38.83668325726439
      ],
      [
       -77.05772724208386,
       38.835483294725364
      ],
      [
       -77.05804723760028,
       38.83476331720195
      ],
      [
       -77.05833723353703,
       38.834063339054175
      ],
      [
       -77.06003720971796,
       38.83457332313326
      ],
      [
       -77.0601772077564,
       38.83456332344544
      ],
      [
       -77.0602572066355,
       38.83456332344544
      ],
      [
       -77.06032720565472,
       38.83457332313326
      ],
      [
       -77.06043720411348,
       38.834593322508915
      ],
      [
       -77.06053720271237,
       38.834623321572394
      ],
      [
       -77.06059720187169,
       38.834653320635866
      ],
      [
       -77.06063720131124,
       38.834713318762816
      ],
      [
       -77.06064720117114,
       38.83479331626542
      ],
      [
       -77.0606672008909,
       38.83485331439237
      ],
      [
       -77.06069720047057,
       38.8349033128315
      ],
      [
       -77.06074719977,
       38.834953311270624
      ],
      [
       -77.06154718856104,
       38.83562329035492
      ],
      [
       -77.06181718477802,
       38.835873282550544
      ],
      [
       -77.06234717735208,
       38.8358932819262
      ],
      [
       -77.06388715577481,
       38.83723324009478
      ],
      [
       -77.06374715773639,
       38.837433233851286
      ],
      [
       -77.06397715451381,
       38.83763322760779
      ],
      [
       -77.06452714680763,
       38.83810321293558
      ],
      [
       -77.06431714975,
       38.83839320388251
      ],
      [
       -77.06445714778842,
       38.83847320138511
      ],
      [
       -77.06459714582685,
       38.83856319857554
      ],
      [
       -77.06494714092292,
       38.8387831917077
      ],
      [
       -77.06507713910148,
       38.83884318983465
      ],
      [
       -77.06508713896136,
       38.838853189522474
      ],
      [
       -77.06532713559866,
       38.838973185776375
      ],
      [
       -77.06594712691172,
       38.83925317703548
      ],
      [
       -77.06659711780443,
       38.839533168294594
      ],
      [
       -77.06677711528242,
       38.839623165485015
      ],
      [
       -77.0668671140214,
       38.83967316392415
      ],
      [
       -77.06702711177961,
       38.83978316049022
      ],
      [
       -77.06710711065871,
       38.839833158929345
      ],
      [
       -77.06725710855703,
       38.839943155495426
      ],
      [
       -77.06743710603502,
       38.84008315112498
      ],
      [
       -77.0675371046339,
       38.84016314862758
      ],
      [
       -77.0676971023921,
       38.840303144257135
      ],
      [
       -77.06788709972997,
       38.840423140511035
      ],
      [
       -77.06805709734806,
       38.84053313707712
      ],
      [
       -77.0684370920238,
       38.84070313177015
      ],
      [
       -77.06880708683966,
       38.84085312708753
      ],
      [
       -77.06890708543854,
       38.840883126151
      ],
      [
       -77.06892708515831,
       38.840893125838825
      ],
      [
       -77.06911708249618,
       38.8409631236536
      ],
      [
       -77.06936707899338,
       38.84103312146838
      ],
      [
       -77.06941707829282,
       38.841043121156204
      ],
      [
       -77.06969707436969,
       38.84109311959533
      ],
      [
       -77.06985707212789,
       38.84112311865881
      ],
      [
       -77.07016706778441,
       38.841163117410105
      ],
      [
       -77.0701770676443,
       38.841163117410105
      ],
      [
       -77.0702670663833,
       38.84118311678576
      ],
      [
       -77.07047706344093,
       38.841223115537055
      ],
      [
       -77.0705070630206,
       38.84123311522488
      ],
      [
       -77.07060706161948,
       38.841273113976186
      ],
      [
       -77.07097705643534,
       38.84140310991791
      ],
      [
       -77.07098705629522,
       38.84140310991791
      ],
      [
       -77.07155704830883,
       38.84159310398659
      ],
      [
       -77.07254703443773,
       38.841903094309174
      ],
      [
       -77.07328702406944,
       38.84210308806568
      ],
      [
       -77.07333702336888,
       38.8421130877535
      ],
      [
       -77.07357702000618,
       38.84218308556828
      ],
      [
       -77.07379701692372,
       38.84223308400741
      ],
      [
       -77.0739770144017,
       38.84227308275871
      ],
      [
       -77.0744770073961,
       38.84238307932479
      ],
      [
       -77.07459700571475,
       38.842403078700436
      ],
      [
       -77.07631698161548,
       38.8427830668378
      ],
      [
       -77.07635698105503,
       38.84279306652562
      ],
      [
       -77.07644697979401,
       38.8428230655891
      ],
      [
       -77.07683697432964,
       38.8430630580969
      ],
      [
       -77.07700697194774,
       38.843253052165586
      ],
      [
       -77.0770369715274,
       38.84330305060471
      ],
      [
       -77.07709697068672,
       38.843403047482965
      ],
      [
       -77.07715696984606,
       38.84351304404904
      ],
      [
       -77.0772069691455,
       38.8436930384299
      ],
      [
       -77.07718696942572,
       38.84368303874207
      ]
     ]
    ]
   }
  },
  {
   "type": "Feature",
   "properties": {
    "name": "Beauregard"
   },
   "geometry": {
    "type": "Polygon",
    "coordinates": [
     [
      [
       -77.10981651223995,
       38.831343423965706
      ],
      [
       -77.1091065221879,
       38.83035345487101
      ],
      [
       -77.10842653171552,
       38.82940348452761
      ],
      [
       -77.10845653129519,
       38.82931348733718
      ],
      [
       -77.11044650341289,
       38.827793534787745
      ],
      [
       -77.11049650271232,
       38.82775353603644
      ],
      [
       -77.11053650215187,
       38.82755354227994
      ],
      [
       -77.11214647959383,
       38.82634358005308
      ],
      [
       -77.11309646628318,
       38.82677356662957
      ],
      [
       -77.11341646179959,
       38.82653357412176
      ],
      [
       -77.11601642537045,
       38.82697356038607
      ],
      [
       -77.11573642929358,
       38.828063526359024
      ],
      [
       -77.11627642172753,
       38.828803503258094
      ],
      [
       -77.11647641892529,
       38.82907349482937
      ],
      [
       -77.11693641248013,
       38.828823502633746
      ],
      [
       -77.11732640701575,
       38.82863350856506
      ],
      [
       -77.11780640029038,
       38.82864350825289
      ],
      [
       -77.11884638571873,
       38.82816352323728
      ],
      [
       -77.11931637913345,
       38.8279335304173
      ],
      [
       -77.11970637366908,
       38.827583541343415
      ],
      [
       -77.11997636988606,
       38.8272235525817
      ],
      [
       -77.1203563645618,
       38.827173554142576
      ],
      [
       -77.12071635951776,
       38.82707355726433
      ],
      [
       -77.12132635097092,
       38.82680356569304
      ],
      [
       -77.12219633878117,
       38.82633358036526
      ],
      [
       -77.12243633541848,
       38.82617358536005
      ],
      [
       -77.12275633093489,
       38.82592359316442
      ],
      [
       -77.12297632785243,
       38.825753598471394
      ],
      [
       -77.12301632729198,
       38.82569360034444
      ],
      [
       -77.12347632084682,
       38.825043620635796
      ],
      [
       -77.12350632042649,
       38.825023621260144
      ],
      [
       -77.12400631342088,
       38.824813627815814
      ],
      [
       -77.12468630389326,
       38.82432364311238
      ],
      [
       -77.12524629604698,
       38.82385365778459
      ],
      [
       -77.1256362905826,
       38.82352366808636
      ],
      [
       -77.12618628287645,
       38.82316367932465
      ],
      [
       -77.1267162754505,
       38.82274369243599
      ],
      [
       -77.12707627040646,
       38.82246370117688
      ],
      [
       -77.12741626564265,
       38.8221937096056
      ],
      [
       -77.12793625835683,
       38.821993715849096
      ],
      [
       -77.12832625289245,
       38.821703724902164
      ],
      [
       -77.128366252332,
       38.82166372615086
      ],
      [
       -77.12867624798852,
       38.82192371803432
      ],
      [
       -77.12881624602696,
       38.822793690875116
      ],
      [
       -77.12893624434561,
       38.82269369399686
      ],
      [
       -77.12909624210383,
       38.82290368744119
      ],
      [
       -77.12915624126315,
       38.82297368525597
      ],
      [
       -77.12925623986203,
       38.82308368182205
      ],
      [
       -77.1293562384609,
       38.823153679636825
      ],
      [
       -77.12943623734002,
       38.82320367807595
      ],
      [
       -77.12951623621912,
       38.82325367651508
      ],
      [
       -77.12959623509822,
       38.823303674954204
      ],
      [
       -77.12964623439765,
       38.82333367401768
      ],
      [
       -77.12967623397732,
       38.823363673081154
      ],
      [
       -77.12971623341687,
       38.82339367214463
      ],
      [
       -77.12975623285642,
       38.82343367089593
      ],
      [
       -77.12978623243609,
       38.823473669647235
      ],
      [
       -77.12982623187564,
       38.82352366808636
      ],
      [
       -77.1298562314553,
       38.82356366683766
      ],
      [
       -77.12987623117507,
       38.82360366558896
      ],
      [
       -77.12988623103496,
       38.823633664652434
      ],
      [
       -77.12990623075474,
       38.82367366340374
      ],
      [
       -77.12992623047451,
       38.82376366059417
      ],
      [
       -77.12994623019429,
       38.823803659345465
      ],
      [
       -77.12996622991407,
       38.82384365809677
      ],
      [
       -77.12997622977396,
       38.82387365716024
      ],
      [
       -77.12999622949373,
       38.82391365591155
      ],
      [
       -77.1300262290734,
       38.823953654662844
      ],
      [
       -77.13004622879318,
       38.82398365372632
      ],
      [
       -77.13008622823273,
       38.82403365216545
      ],
      [
       -77.13012622767228,
       38.82408365060457
      ],
      [
       -77.13016622711183,
       38.8241336490437
      ],
      [
       -77.13021622641126,
       38.824183647482826
      ],
      [
       -77.1302662257107,
       38.824243645609776
      ],
      [
       -77.13034622458981,
       38.824333642800205
      ],
      [
       -77.13040622374913,
       38.82440364061498
      ],
      [
       -77.13048622262824,
       38.82447363842976
      ],
      [
       -77.13057622136724,
       38.82456363562019
      ],
      [
       -77.1306762199661,
       38.824653632810616
      ],
      [
       -77.13078621842487,
       38.82473363031321
      ],
      [
       -77.13088621702376,
       38.824813627815814
      ],
      [
       -77.1314262094577,
       38.8252436143923
      ],
      [
       -77.13041622360902,
       38.825783597534866
      ],
      [
       -77.12956623551855,
       38.82624358317483
      ],
      [
       -77.1297662327163,
       38.82647357599481
      ],
      [
       -77.1297662327163,
       38.826493575370456
      ],
      [
       -77.12979623229597,
       38.82653357412176
      ],
      [
       -77.12986623131519,
       38.82660357193654
      ],
      [
       -77.12992623047451,
       38.82668356943914
      ],
      [
       -77.12998622963384,
       38.82676356694174
      ],
      [
       -77.13004622879318,
       38.826843564444346
      ],
      [
       -77.13007622837283,
       38.82689356288347
      ],
      [
       -77.13009622809261,
       38.82693356163477
      ],
      [
       -77.13014622739205,
       38.82701355913737
      ],
      [
       -77.13017622697171,
       38.8270635575765
      ],
      [
       -77.13021622641126,
       38.82713355539128
      ],
      [
       -77.1301862268316,
       38.827143555079104
      ],
      [
       -77.13054622178757,
       38.82774353634861
      ],
      [
       -77.13112621366106,
       38.82870350637984
      ],
      [
       -77.13116621310061,
       38.82869350669201
      ],
      [
       -77.13135621043848,
       38.82902349639025
      ],
      [
       -77.13133621071871,
       38.829033496078075
      ],
      [
       -77.1316762059549,
       38.82958347890846
      ],
      [
       -77.1315862072159,
       38.82973347422584
      ],
      [
       -77.13151620819669,
       38.82985347047975
      ],
      [
       -77.13102621506219,
       38.83066344519359
      ],
      [
       -77.13056622150734,
       38.83142342146831
      ],
      [
       -77.13020622655138,
       38.83212339961608
      ],
      [
       -77.12962623467789,
       38.83325336434033
      ],
      [
       -77.12937623818068,
       38.83371334998029
      ],
      [
       -77.12915624126315,
       38.83410333780548
      ],
      [
       -77.12825625387323,
       38.834153336244604
      ],
      [
       -77.12785625947772,
       38.83416333593243
      ],
      [
       -77.12707627040646,
       38.834213334371555
      ],
      [
       -77.12496629997011,
       38.834333330625455
      ],
      [
       -77.12318632491007,
       38.834443327191536
      ],
      [
       -77.12223633822072,
       38.83450332531849
      ],
      [
       -77.1210163553144,
       38.83460332219674
      ],
      [
       -77.1195963752103,
       38.83473331813847
      ],
      [
       -77.1179563981887,
       38.834863314080195
      ],
      [
       -77.11769640183161,
       38.83488331345585
      ],
      [
       -77.11773640127116,
       38.834973310646276
      ],
      [
       -77.11835639258422,
       38.83579328504795
      ],
      [
       -77.1183663924441,
       38.83580328473577
      ],
      [
       -77.11879638641928,
       38.83637326694181
      ],
      [
       -77.11873638725996,
       38.836403266005284
      ],
      [
       -77.11873638725996,
       38.836403266005284
      ],
      [
       -77.11776640085083,
       38.83685325195742
      ],
      [
       -77.11690641290046,
       38.83724323978261
      ],
      [
       -77.11643641948574,
       38.83745323322694
      ],
      [
       -77.11636642046652,
       38.83750323166606
      ],
      [
       -77.11587642733201,
       38.83774322417387
      ],
      [
       -77.11574642915348,
       38.83759322885649
      ],
      [
       -77.11534643475795,
       38.83778322292517
      ],
      [
       -77.11519643685963,
       38.837843221052125
      ],
      [
       -77.11517643713987,
       38.83781322198865
      ],
      [
       -77.11508643840087,
       38.83770322542257
      ],
      [
       -77.11500643952176,
       38.83762322791997
      ],
      [
       -77.11480644232401,
       38.83745323322694
      ],
      [
       -77.11469644386524,
       38.837373235724336
      ],
      [
       -77.11452644624714,
       38.83726323915826
      ],
      [
       -77.11440644792849,
       38.837203241031304
      ],
      [
       -77.11417645115107,
       38.8370832447774
      ],
      [
       -77.11409645227197,
       38.83703324633828
      ],
      [
       -77.1134864608188,
       38.83671325632787
      ],
      [
       -77.11343646151937,
       38.83665325820092
      ],
      [
       -77.11341646179959,
       38.836613259449614
      ],
      [
       -77.1132364643216,
       38.83656326101049
      ],
      [
       -77.11284646978598,
       38.83654326163484
      ],
      [
       -77.1122464781927,
       38.83650326288354
      ],
      [
       -77.11211648001417,
       38.836103275370526
      ],
      [
       -77.11185648365708,
       38.83536329847146
      ],
      [
       -77.11256647370912,
       38.835303300344506
      ],
      [
       -77.1123364769317,
       38.83499331002192
      ],
      [
       -77.11186648351696,
       38.834323330937636
      ],
      [
       -77.11140648996212,
       38.83366335154117
      ],
      [
       -77.11130649136324,
       38.83349335684814
      ],
      [
       -77.11105649486605,
       38.8331233683986
      ],
      [
       -77.11073649934963,
       38.832673382446465
      ],
      [
       -77.1100965083168,
       38.83173341179089
      ],
      [
       -77.10981651223995,
       38.831343423965706
      ]
     ]
    ]
   }
  },
  {
   "type": "Feature",
   "properties": {
    "name": "Braddock Road Metro Station"
   },
   "geometry": {
    "type": "Polygon",
    "coordinates": [
     [
      [
       -77.04555741260029,
       38.81421395872105
      ],
      [
       -77.04556741246017,
       38.81421395872105
      ],
      [
       -77.04572741021838,
       38.8142339580967
      ],
      [
       -77.04584740853703,
       38.81367397557848
      ],
      [
       -77.04573741007827,
       38.813653976202836
      ],
      [
       -77.04584740853703,
       38.81317399118722
      ],
      [
       -77.04585740839693,
       38.81307399430897
      ],
      [
       -77.04586740825681,
       38.81307399430897
      ],
      [
       -77.0458874079766,
       38.81299399680637
      ],
      [
       -77.04609740503423,
       38.81195402927254
      ],
      [
       -77.04621740335288,
       38.811974028648194
      ],
      [
       -77.04668739676762,
       38.809694099824036
      ],
      [
       -77.04684739452583,
       38.80891412417366
      ],
      [
       -77.04669739662751,
       38.808894124798016
      ],
      [
       -77.04675739578684,
       38.808574134787605
      ],
      [
       -77.04736738724,
       38.80581422094784
      ],
      [
       -77.04796737883328,
       38.805884218762614
      ],
      [
       -77.04803737785248,
       38.80557422844003
      ],
      [
       -77.05292730933768,
       38.80619420908519
      ],
      [
       -77.05291730947778,
       38.806234207836496
      ],
      [
       -77.05300730821678,
       38.80624420752432
      ],
      [
       -77.05300730821678,
       38.806214208460844
      ],
      [
       -77.05400729420556,
       38.806334204714744
      ],
      [
       -77.05399729434568,
       38.8063942028417
      ],
      [
       -77.05442728832085,
       38.806444201280826
      ],
      [
       -77.05443728818074,
       38.8063942028417
      ],
      [
       -77.0545472866395,
       38.80640420252953
      ],
      [
       -77.05658725805664,
       38.80666419441298
      ],
      [
       -77.0566972565154,
       38.80670419316428
      ],
      [
       -77.0576872426443,
       38.80682418941819
      ],
      [
       -77.0575272448861,
       38.80759416538073
      ],
      [
       -77.05815723605905,
       38.80767416288333
      ],
      [
       -77.05846723171557,
       38.807714161634635
      ],
      [
       -77.05862722947377,
       38.80773416101028
      ],
      [
       -77.05871722821277,
       38.80773416101028
      ],
      [
       -77.05879722709187,
       38.80772416132246
      ],
      [
       -77.05885722625119,
       38.80772416132246
      ],
      [
       -77.05891722541053,
       38.807714161634635
      ],
      [
       -77.05897722456984,
       38.80770416194681
      ],
      [
       -77.05901722400941,
       38.80769416225898
      ],
      [
       -77.05912722246816,
       38.80764416381986
      ],
      [
       -77.05925722064671,
       38.807564166317256
      ],
      [
       -77.05991721139931,
       38.807124180052945
      ],
      [
       -77.06006720929763,
       38.807514167878125
      ],
      [
       -77.06004720957786,
       38.80752416756595
      ],
      [
       -77.05957721616312,
       38.807864156952014
      ],
      [
       -77.05936721910548,
       38.80801415226939
      ],
      [
       -77.05906722330884,
       38.8082141460259
      ],
      [
       -77.05897722456984,
       38.80827414415285
      ],
      [
       -77.05869722849299,
       38.808514136660655
      ],
      [
       -77.05797723858106,
       38.80915411668147
      ],
      [
       -77.05758724404544,
       38.809524105131004
      ],
      [
       -77.05715725007025,
       38.809964091395315
      ],
      [
       -77.05680725497417,
       38.8103540792205
      ],
      [
       -77.056377260999,
       38.81086406329959
      ],
      [
       -77.05611726464191,
       38.81119405299782
      ],
      [
       -77.05575726968594,
       38.811674038013436
      ],
      [
       -77.05540727458987,
       38.81219402178035
      ],
      [
       -77.0550572794938,
       38.81278400336203
      ],
      [
       -77.05487728201581,
       38.813103993372444
      ],
      [
       -77.05472728411749,
       38.81304399524549
      ],
      [
       -77.0538972957468,
       38.81456394779493
      ],
      [
       -77.05357730023039,
       38.81506393218619
      ],
      [
       -77.05336730317273,
       38.81539392188443
      ],
      [
       -77.05311730667555,
       38.815793909397435
      ],
      [
       -77.05137733105505,
       38.817653851332935
      ],
      [
       -77.0499273513713,
       38.81965378889799
      ],
      [
       -77.04977735347298,
       38.81986378234232
      ],
      [
       -77.04976735361309,
       38.81988378171797
      ],
      [
       -77.04969735459387,
       38.81981378390319
      ],
      [
       -77.04957735627522,
       38.81970378733711
      ],
      [
       -77.04951735711589,
       38.81961379014668
      ],
      [
       -77.04945735795657,
       38.8194637948293
      ],
      [
       -77.04939735879724,
       38.819103806067595
      ],
      [
       -77.04938735893735,
       38.8190638073163
      ],
      [
       -77.0491773618797,
       38.817213865068624
      ],
      [
       -77.04907736328083,
       38.816173897534796
      ],
      [
       -77.04890736566273,
       38.81585390752439
      ],
      [
       -77.04876736762431,
       38.815643914080056
      ],
      [
       -77.04858737014632,
       38.815433920635726
      ],
      [
       -77.04854737070677,
       38.815373922508776
      ],
      [
       -77.048437372248,
       38.815203927815745
      ],
      [
       -77.0483573733689,
       38.81503393312272
      ],
      [
       -77.04831737392935,
       38.81483393936622
      ],
      [
       -77.04834737350902,
       38.81457394748276
      ],
      [
       -77.04762738359709,
       38.8144739506045
      ],
      [
       -77.04724738892133,
       38.81442395216538
      ],
      [
       -77.04616740405345,
       38.81429395622365
      ],
      [
       -77.04571741035849,
       38.81424395778453
      ],
      [
       -77.04555741260029,
       38.81421395872105
      ]
     ]
    ]
   }
  },
  {
   "type": "Feature",
   "properties": {
    "name": "Eisenhower East"
   },
   "geometry": {
    "type": "Polygon",
    "coordinates": [
     [
      [
       -77.05841723241613,
       38.802954310229815
      ],
      [
       -77.05870722835287,
       38.80224433239422
      ],
      [
       -77.05973721392134,
       38.80033439201959
      ],
      [
       -77.06068720061069,
       38.79457457183225
      ],
      [
       -77.06155718842093,
       38.794644569647026
      ],
      [
       -77.06178718519836,
       38.79508455591134
      ],
      [
       -77.06279717104702,
       38.796034526254736
      ],
      [
       -77.06293716908546,
       38.79638451532862
      ],
      [
       -77.06352716081885,
       38.796604508460774
      ],
      [
       -77.06384715633526,
       38.79672450471468
      ],
      [
       -77.06600712607104,
       38.79758447786765
      ],
      [
       -77.06726710841693,
       38.79808446225891
      ],
      [
       -77.06809709678761,
       38.79842445164497
      ],
      [
       -77.06833709342493,
       38.7985144488354
      ],
      [
       -77.0687670874001,
       38.798694443216256
      ],
      [
       -77.06945707773237,
       38.79895443509971
      ],
      [
       -77.06942707815271,
       38.79910443041709
      ],
      [
       -77.06952707675158,
       38.79898443416319
      ],
      [
       -77.06994707086687,
       38.79913442948057
      ],
      [
       -77.07036706498216,
       38.79927442511012
      ],
      [
       -77.07101705587489,
       38.799494418242276
      ],
      [
       -77.07140705041051,
       38.799614414496176
      ],
      [
       -77.07180704480604,
       38.799734410750084
      ],
      [
       -77.07260703359707,
       38.79994440419441
      ],
      [
       -77.07277703121515,
       38.79999440263354
      ],
      [
       -77.07294702883325,
       38.80004440107266
      ],
      [
       -77.07311702645134,
       38.80009439951179
      ],
      [
       -77.07327702420955,
       38.80013439826309
      ],
      [
       -77.07349702112708,
       38.800184396702214
      ],
      [
       -77.07405701328081,
       38.80031439264395
      ],
      [
       -77.0747170040334,
       38.800474387649146
      ],
      [
       -77.07507699898937,
       38.80054438546392
      ],
      [
       -77.07525699646736,
       38.80058438421523
      ],
      [
       -77.07543699394533,
       38.800614383278706
      ],
      [
       -77.07561699142332,
       38.80064438234218
      ],
      [
       -77.07580698876119,
       38.80066438171783
      ],
      [
       -77.07608698483806,
       38.80070438046913
      ],
      [
       -77.07712697026639,
       38.800824376723035
      ],
      [
       -77.07748696522236,
       38.80087437516216
      ],
      [
       -77.0763869806347,
       38.80202433926206
      ],
      [
       -77.07612698427761,
       38.80230433052117
      ],
      [
       -77.07574698960187,
       38.80271431772201
      ],
      [
       -77.07552699268433,
       38.802964309917634
      ],
      [
       -77.07551699282445,
       38.802964309917634
      ],
      [
       -77.07539699450578,
       38.80309430585937
      ],
      [
       -77.07525699646736,
       38.803254300864566
      ],
      [
       -77.07497700039049,
       38.80357429087498
      ],
      [
       -77.07459700571475,
       38.80405427589059
      ],
      [
       -77.07430700977801,
       38.80442426434013
      ],
      [
       -77.07412701230002,
       38.8044142646523
      ],
      [
       -77.0738170166435,
       38.80439426527665
      ],
      [
       -77.07132705153141,
       38.80424426995927
      ],
      [
       -77.07022706694374,
       38.80418427183232
      ],
      [
       -77.07001706988609,
       38.80416427245667
      ],
      [
       -77.06988707170756,
       38.80416427245667
      ],
      [
       -77.06956707619113,
       38.804144273081015
      ],
      [
       -77.06928708011428,
       38.80413427339319
      ],
      [
       -77.06895708473797,
       38.80413427339319
      ],
      [
       -77.0687670874001,
       38.80413427339319
      ],
      [
       -77.0686070896419,
       38.80413427339319
      ],
      [
       -77.06828709412548,
       38.80415427276884
      ],
      [
       -77.06793709902941,
       38.80417427214449
      ],
      [
       -77.0677771012712,
       38.804194271520146
      ],
      [
       -77.06760710365312,
       38.80421427089579
      ],
      [
       -77.06741710631525,
       38.804234270271444
      ],
      [
       -77.06718710953781,
       38.80426426933492
      ],
      [
       -77.06698711234006,
       38.804294268398394
      ],
      [
       -77.06682711458186,
       38.80432426746187
      ],
      [
       -77.0667071162632,
       38.804354266525344
      ],
      [
       -77.06644711990612,
       38.804404264964475
      ],
      [
       -77.06630712186768,
       38.80443426402795
      ],
      [
       -77.06611712452981,
       38.80447426277925
      ],
      [
       -77.06573712985407,
       38.80456425996968
      ],
      [
       -77.06541713433766,
       38.80464425747228
      ],
      [
       -77.0652171371399,
       38.80469425591141
      ],
      [
       -77.0650571393817,
       38.804734254662705
      ],
      [
       -77.06485714218394,
       38.80477425341401
      ],
      [
       -77.06429715003021,
       38.80491424904356
      ],
      [
       -77.06420715129123,
       38.804944248107034
      ],
      [
       -77.06370715829682,
       38.804884249980084
      ],
      [
       -77.0633971626403,
       38.80483425154096
      ],
      [
       -77.0614171903825,
       38.80456425996968
      ],
      [
       -77.06056720229202,
       38.804464263091425
      ],
      [
       -77.05999721027841,
       38.80438426558882
      ],
      [
       -77.0595072171439,
       38.80432426746187
      ],
      [
       -77.05961721560267,
       38.80385428213408
      ],
      [
       -77.05976721350099,
       38.80311430523501
      ],
      [
       -77.05841723241613,
       38.802954310229815
      ]
     ]
    ]
   }
  },
  {
   "type": "Feature",
   "properties": {
    "name": "Eisenhower West"
   },
   "geometry": {
    "type": "Polygon",
    "coordinates": [
     [
      [
       -77.11344646137925,
       38.81187403176994
      ],
      [
       -77.11228647763225,
       38.8093241113745
      ],
      [
       -77.11152648828077,
       38.80802415195721
      ],
      [
       -77.11106649472593,
       38.807544166941604
      ],
      [
       -77.1105165024321,
       38.8073441731851
      ],
      [
       -77.10832653311665,
       38.80592421751391
      ],
      [
       -77.10775654110304,
       38.805584228127856
      ],
      [
       -77.1073765464273,
       38.80539423405917
      ],
      [
       -77.10697655203178,
       38.805264238117445
      ],
      [
       -77.1064565593176,
       38.80498424685834
      ],
      [
       -77.10639656015829,
       38.80468425622358
      ],
      [
       -77.10562657094691,
       38.804314267774046
      ],
      [
       -77.10446658719992,
       38.80406427557841
      ],
      [
       -77.10330660345292,
       38.80411427401754
      ],
      [
       -77.10376659700776,
       38.80344429493325
      ],
      [
       -77.10405659294452,
       38.803434295245424
      ],
      [
       -77.10441658790047,
       38.803404296181945
      ],
      [
       -77.10490658103498,
       38.803374297118474
      ],
      [
       -77.10537657444972,
       38.80333429836717
      ],
      [
       -77.10585656772433,
       38.80329429961587
      ],
      [
       -77.10653655819671,
       38.80321430211327
      ],
      [
       -77.10705655091088,
       38.80314430429849
      ],
      [
       -77.10757654362506,
       38.803074306483715
      ],
      [
       -77.10809653633923,
       38.80299430898111
      ],
      [
       -77.10860652919351,
       38.802904311790684
      ],
      [
       -77.10913652176757,
       38.802804314912436
      ],
      [
       -77.10959651532241,
       38.80271431772201
      ],
      [
       -77.11005650887725,
       38.802604321155926
      ],
      [
       -77.1105165024321,
       38.80250432427768
      ],
      [
       -77.11097649598695,
       38.80238432802377
      ],
      [
       -77.11236647651135,
       38.802014339574235
      ],
      [
       -77.11255647384922,
       38.80246432552637
      ],
      [
       -77.11261647300856,
       38.8024343264629
      ],
      [
       -77.11304646698373,
       38.80297430960546
      ],
      [
       -77.11357645955779,
       38.80274431678548
      ],
      [
       -77.11410645213185,
       38.80252432365332
      ],
      [
       -77.11467644414546,
       38.80229433083335
      ],
      [
       -77.1151464375602,
       38.80212433614032
      ],
      [
       -77.11560643111504,
       38.80196434113511
      ],
      [
       -77.11605642481,
       38.801804346129906
      ],
      [
       -77.11605642481,
       38.80178434675426
      ],
      [
       -77.11642641962585,
       38.80166435050035
      ],
      [
       -77.117126409818,
       38.80143435768037
      ],
      [
       -77.11716640925755,
       38.801414358304726
      ],
      [
       -77.1179563981887,
       38.80119436517257
      ],
      [
       -77.11829639342488,
       38.80111436766997
      ],
      [
       -77.11874638711984,
       38.80099437141606
      ],
      [
       -77.11934637871312,
       38.80085437578651
      ],
      [
       -77.12032636498213,
       38.800654382030004
      ],
      [
       -77.12046636302055,
       38.800624382966525
      ],
      [
       -77.12081635811664,
       38.80055438515175
      ],
      [
       -77.121586347328,
       38.80042438921002
      ],
      [
       -77.12615628329678,
       38.799764409813555
      ],
      [
       -77.12914624140326,
       38.79936442230055
      ],
      [
       -77.12979623229597,
       38.79927442511012
      ],
      [
       -77.1304362233288,
       38.79919442760752
      ],
      [
       -77.13122621225995,
       38.799084431041436
      ],
      [
       -77.13201620119109,
       38.79897443447536
      ],
      [
       -77.13212619964986,
       38.798964434787536
      ],
      [
       -77.1321761989493,
       38.79895443509971
      ],
      [
       -77.13321618437763,
       38.79880443978233
      ],
      [
       -77.13414617134721,
       38.7986744438406
      ],
      [
       -77.1346461643416,
       38.79862444540148
      ],
      [
       -77.13511615775634,
       38.79854444789888
      ],
      [
       -77.13529615523431,
       38.798524448523224
      ],
      [
       -77.13597614570669,
       38.798434451332795
      ],
      [
       -77.13599614542647,
       38.798434451332795
      ],
      [
       -77.13757612328877,
       38.79821445820064
      ],
      [
       -77.13764612230797,
       38.79936442230055
      ],
      [
       -77.13771612132719,
       38.80042438921002
      ],
      [
       -77.13773612104697,
       38.80078437797173
      ],
      [
       -77.13773612104697,
       38.80079437765956
      ],
      [
       -77.1397760924641,
       38.80025439451699
      ],
      [
       -77.13989609078276,
       38.800504386712625
      ],
      [
       -77.14000608924152,
       38.80074437922043
      ],
      [
       -77.14002608896129,
       38.80079437765956
      ],
      [
       -77.14029608517826,
       38.801364359865595
      ],
      [
       -77.14040608363703,
       38.8016043523734
      ],
      [
       -77.1404360832167,
       38.80167435018818
      ],
      [
       -77.1405260819557,
       38.80187434394468
      ],
      [
       -77.14091607649132,
       38.80270431803418
      ],
      [
       -77.14157606724392,
       38.80409427464189
      ],
      [
       -77.14053608181558,
       38.80443426402795
      ],
      [
       -77.13935609834881,
       38.804784253101836
      ],
      [
       -77.1382161143216,
       38.80513424217572
      ],
      [
       -77.1363861399621,
       38.8054442324983
      ],
      [
       -77.13620614248411,
       38.8054842312496
      ],
      [
       -77.1338261758308,
       38.80557422844003
      ],
      [
       -77.13152620805658,
       38.80565422594263
      ],
      [
       -77.13029622529037,
       38.80576422250871
      ],
      [
       -77.1301962266915,
       38.80589421845043
      ],
      [
       -77.12995623005418,
       38.80628420627562
      ],
      [
       -77.12980623215586,
       38.806474200344304
      ],
      [
       -77.12962623467789,
       38.80667419410081
      ],
      [
       -77.12941623762023,
       38.80687418785731
      ],
      [
       -77.12915624126315,
       38.807094180989466
      ],
      [
       -77.12899624350494,
       38.80721417724337
      ],
      [
       -77.12847625079077,
       38.8075841656929
      ],
      [
       -77.1282862534529,
       38.807714161634635
      ],
      [
       -77.1281262556947,
       38.80782415820071
      ],
      [
       -77.12799625751614,
       38.80790415570331
      ],
      [
       -77.12782625989806,
       38.80800415258157
      ],
      [
       -77.12765626227996,
       38.80809414977199
      ],
      [
       -77.12749626452175,
       38.80817414727459
      ],
      [
       -77.12719626872511,
       38.8082941435285
      ],
      [
       -77.12690627278837,
       38.808404140094574
      ],
      [
       -77.12655627769229,
       38.80850413697283
      ],
      [
       -77.12609628413745,
       38.80859413416326
      ],
      [
       -77.12562629072272,
       38.80865413229021
      ],
      [
       -77.12516629716788,
       38.80868413135368
      ],
      [
       -77.12492630053056,
       38.80870413072933
      ],
      [
       -77.12475630291247,
       38.808724130104984
      ],
      [
       -77.12455630571472,
       38.808754129168456
      ],
      [
       -77.12424631005818,
       38.808844126358885
      ],
      [
       -77.12409631215986,
       38.80888412511019
      ],
      [
       -77.12385631552256,
       38.80896412261279
      ],
      [
       -77.12368631790447,
       38.80903412042757
      ],
      [
       -77.12343632140727,
       38.80915411668147
      ],
      [
       -77.12311632589085,
       38.8093241113745
      ],
      [
       -77.12288632911343,
       38.809494106067525
      ],
      [
       -77.12273633121511,
       38.80961410232143
      ],
      [
       -77.12258633331679,
       38.80978409701446
      ],
      [
       -77.12240633583882,
       38.81000409014661
      ],
      [
       -77.12228633752017,
       38.81020408390312
      ],
      [
       -77.12219633878117,
       38.810434076723105
      ],
      [
       -77.12213633962185,
       38.81063407047961
      ],
      [
       -77.1220063414433,
       38.811144054558696
      ],
      [
       -77.12189634298453,
       38.811564041447355
      ],
      [
       -77.12168634592689,
       38.812214021155995
      ],
      [
       -77.12164634648734,
       38.81243401428815
      ],
      [
       -77.11604642495011,
       38.81172403645256
      ],
      [
       -77.11586642747213,
       38.81170403707691
      ],
      [
       -77.11562643083482,
       38.811674038013436
      ],
      [
       -77.11541643377717,
       38.81165403863778
      ],
      [
       -77.11503643910143,
       38.81165403863778
      ],
      [
       -77.11459644526636,
       38.81166403832561
      ],
      [
       -77.11391645479398,
       38.81172403645256
      ],
      [
       -77.11344646137925,
       38.81187403176994
      ]
     ]
    ]
   }
  },
  {
   "type": "Feature",
   "properties": {
    "name": "Fairlington/Bradlee"
   },
   "geometry": {
    "type": "Polygon",
    "coordinates": [
     [
      [
       -77.08508685873716,
       38.82527361345578
      ],
      [
       -77.08692683295654,
       38.82654357380959
      ],
      [
       -77.08697683225597,
       38.82601359035485
      ],
      [
       -77.0886168092776,
       38.82612358692092
      ],
      [
       -77.08856680997815,
       38.82660357193654
      ],
      [
       -77.08856680997815,
       38.82665357037566
      ],
      [
       -77.0886068094177,
       38.82672356819044
      ],
      [
       -77.08862680913748,
       38.82675356725392
      ],
      [
       -77.08868680829681,
       38.82682356506869
      ],
      [
       -77.08876680717592,
       38.82686356381999
      ],
      [
       -77.08883680619513,
       38.82689356288347
      ],
      [
       -77.09186676374117,
       38.8271035563278
      ],
      [
       -77.09182676430162,
       38.82780353447557
      ],
      [
       -77.09330674356502,
       38.82891349982417
      ],
      [
       -77.09296674832883,
       38.829423483903255
      ],
      [
       -77.09170676598295,
       38.83041345299796
      ],
      [
       -77.08958679568671,
       38.82875350481897
      ],
      [
       -77.08916680157142,
       38.82843351480856
      ],
      [
       -77.08863680899736,
       38.8280135279199
      ],
      [
       -77.08835681292051,
       38.827793534787745
      ],
      [
       -77.08790681922555,
       38.82745354540168
      ],
      [
       -77.08787681964589,
       38.82746354508951
      ],
      [
       -77.08783682020633,
       38.827473544777334
      ],
      [
       -77.08773682160746,
       38.82751354352864
      ],
      [
       -77.0877068220278,
       38.82752354321646
      ],
      [
       -77.08757682384925,
       38.827583541343415
      ],
      [
       -77.08751682468993,
       38.82761354040689
      ],
      [
       -77.08742682595093,
       38.82766353884601
      ],
      [
       -77.08739682637128,
       38.82768353822166
      ],
      [
       -77.08736682679161,
       38.827703537597316
      ],
      [
       -77.08733682721194,
       38.82772353697297
      ],
      [
       -77.08731682749216,
       38.82774353634861
      ],
      [
       -77.08726682819272,
       38.82777353541209
      ],
      [
       -77.08718682931362,
       38.827823533851216
      ],
      [
       -77.08714682987407,
       38.827853532914695
      ],
      [
       -77.0871168302944,
       38.827883531978166
      ],
      [
       -77.08707683085485,
       38.827913531041645
      ],
      [
       -77.0870368314153,
       38.827943530105124
      ],
      [
       -77.08696683239609,
       38.828003528232074
      ],
      [
       -77.08693683281642,
       38.828033527295545
      ],
      [
       -77.08689683337687,
       38.828063526359024
      ],
      [
       -77.086796834778,
       38.82815352354945
      ],
      [
       -77.08674683547855,
       38.82822352136423
      ],
      [
       -77.0867168358989,
       38.8282535204277
      ],
      [
       -77.08668683631923,
       38.828293519179006
      ],
      [
       -77.08664683687968,
       38.82834351761813
      ],
      [
       -77.08658683772035,
       38.828413515432906
      ],
      [
       -77.08648683912146,
       38.82854351137463
      ],
      [
       -77.08639684038248,
       38.82867350731637
      ],
      [
       -77.08633684122316,
       38.82875350481897
      ],
      [
       -77.08621684290449,
       38.828713506067665
      ],
      [
       -77.0860468452864,
       38.82902349639025
      ],
      [
       -77.08591684710785,
       38.82926348889806
      ],
      [
       -77.08553685243211,
       38.82997346673365
      ],
      [
       -77.08546685341291,
       38.83014346142668
      ],
      [
       -77.08541685411346,
       38.830253457992754
      ],
      [
       -77.08537685467391,
       38.830373454246654
      ],
      [
       -77.08534685509424,
       38.83047345112491
      ],
      [
       -77.08533685523436,
       38.83052344956403
      ],
      [
       -77.08532685537448,
       38.83058344769099
      ],
      [
       -77.0853068556547,
       38.830633446130115
      ],
      [
       -77.08529685579481,
       38.830693444257065
      ],
      [
       -77.08528685593492,
       38.83074344269619
      ],
      [
       -77.08527685607503,
       38.83085343926227
      ],
      [
       -77.08525685635526,
       38.8310234339553
      ],
      [
       -77.08525685635526,
       38.83108343208225
      ],
      [
       -77.08527685607503,
       38.831963404610875
      ],
      [
       -77.08525685635526,
       38.83201340305
      ],
      [
       -77.08516685761627,
       38.83200340336217
      ],
      [
       -77.08510685845694,
       38.83198340398653
      ],
      [
       -77.08503685943772,
       38.831963404610875
      ],
      [
       -77.08471686392132,
       38.83172341210307
      ],
      [
       -77.08453686644333,
       38.83159341616134
      ],
      [
       -77.08378687695173,
       38.8310234339553
      ],
      [
       -77.08323688465791,
       38.830603447066636
      ],
      [
       -77.0836468789133,
       38.83026345768058
      ],
      [
       -77.08387687569072,
       38.83008346329972
      ],
      [
       -77.08423687064669,
       38.82979347235279
      ],
      [
       -77.08200690189169,
       38.82808352573468
      ],
      [
       -77.08212690021034,
       38.82687356350782
      ],
      [
       -77.0815869077764,
       38.82681356538087
      ],
      [
       -77.08163690707583,
       38.826433577243506
      ],
      [
       -77.08293688886127,
       38.82654357380959
      ],
      [
       -77.08490686125919,
       38.82668356943914
      ],
      [
       -77.08508685873716,
       38.82527361345578
      ]
     ]
    ]
   }
  },
  {
   "type": "Feature",
   "properties": {
    "name": "King St Metro/Eisenhower Av"
   },
   "geometry": {
    "type": "Polygon",
    "coordinates": [
     [
      [
       -77.0545472866395,
       38.80640420252953
      ],
      [
       -77.05510727879323,
       38.80374428556801
      ],
      [
       -77.05533727557065,
       38.80265431959506
      ],
      [
       -77.05697725259228,
       38.80285431335156
      ],
      [
       -77.05733724754823,
       38.80288431241504
      ],
      [
       -77.05756724432565,
       38.80289431210286
      ],
      [
       -77.05841723241613,
       38.802954310229815
      ],
      [
       -77.05976721350099,
       38.80311430523501
      ],
      [
       -77.05961721560267,
       38.80385428213408
      ],
      [
       -77.0595072171439,
       38.80432426746187
      ],
      [
       -77.05999721027841,
       38.80438426558882
      ],
      [
       -77.06056720229202,
       38.804464263091425
      ],
      [
       -77.0614171903825,
       38.80456425996968
      ],
      [
       -77.0633971626403,
       38.80483425154096
      ],
      [
       -77.06370715829682,
       38.804884249980084
      ],
      [
       -77.06420715129123,
       38.804944248107034
      ],
      [
       -77.06429715003021,
       38.80491424904356
      ],
      [
       -77.06485714218394,
       38.80477425341401
      ],
      [
       -77.0650571393817,
       38.804734254662705
      ],
      [
       -77.0652171371399,
       38.80469425591141
      ],
      [
       -77.06541713433766,
       38.80464425747228
      ],
      [
       -77.06573712985407,
       38.80456425996968
      ],
      [
       -77.06611712452981,
       38.80447426277925
      ],
      [
       -77.06630712186768,
       38.80443426402795
      ],
      [
       -77.06644711990612,
       38.804404264964475
      ],
      [
       -77.0667071162632,
       38.804354266525344
      ],
      [
       -77.06682711458186,
       38.80432426746187
      ],
      [
       -77.06698711234006,
       38.804294268398394
      ],
      [
       -77.06718710953781,
       38.80426426933492
      ],
      [
       -77.06741710631525,
       38.804234270271444
      ],
      [
       -77.06760710365312,
       38.80421427089579
      ],
      [
       -77.0677771012712,
       38.804194271520146
      ],
      [
       -77.06793709902941,
       38.80417427214449
      ],
      [
       -77.06828709412548,
       38.80415427276884
      ],
      [
       -77.0686070896419,
       38.80413427339319
      ],
      [
       -77.0687670874001,
       38.80413427339319
      ],
      [
       -77.06895708473797,
       38.80413427339319
      ],
      [
       -77.06928708011428,
       38.80413427339319
      ],
      [
       -77.06956707619113,
       38.804144273081015
      ],
      [
       -77.06988707170756,
       38.80416427245667
      ],
      [
       -77.07001706988609,
       38.80416427245667
      ],
      [
       -77.07022706694374,
       38.80418427183232
      ],
      [
       -77.07132705153141,
       38.80424426995927
      ],
      [
       -77.0738170166435,
       38.80439426527665
      ],
      [
       -77.07412701230002,
       38.8044142646523
      ],
      [
       -77.07430700977801,
       38.80442426434013
      ],
      [
       -77.07459700571475,
       38.80405427589059
      ],
      [
       -77.07497700039049,
       38.80357429087498
      ],
      [
       -77.07525699646736,
       38.803254300864566
      ],
      [
       -77.07539699450578,
       38.80309430585937
      ],
      [
       -77.07551699282445,
       38.802964309917634
      ],
      [
       -77.07552699268433,
       38.802964309917634
      ],
      [
       -77.07574698960187,
       38.80271431772201
      ],
      [
       -77.07612698427761,
       38.80230433052117
      ],
      [
       -77.0763869806347,
       38.80202433926206
      ],
      [
       -77.07748696522236,
       38.80087437516216
      ],
      [
       -77.0795169367796,
       38.80110436798214
      ],
      [
       -77.08085691800459,
       38.80126436298735
      ],
      [
       -77.0815869077764,
       38.80133436080212
      ],
      [
       -77.08230689768833,
       38.8014043586169
      ],
      [
       -77.08251689474598,
       38.80143435768037
      ],
      [
       -77.08398687414949,
       38.8016043523734
      ],
      [
       -77.08642683996214,
       38.801894343320335
      ],
      [
       -77.0897667931647,
       38.80229433083335
      ],
      [
       -77.09061678125518,
       38.802394327711596
      ],
      [
       -77.09129677172756,
       38.8024743252142
      ],
      [
       -77.0909267769117,
       38.805704224381756
      ],
      [
       -77.08775682132723,
       38.80550423062525
      ],
      [
       -77.07908694280442,
       38.80496424748269
      ],
      [
       -77.07209704074278,
       38.8045342609062
      ],
      [
       -77.0707570595178,
       38.80444426371577
      ],
      [
       -77.0693570791335,
       38.804354266525344
      ],
      [
       -77.06824709468593,
       38.804344266837525
      ],
      [
       -77.06791709930964,
       38.804354266525344
      ],
      [
       -77.06713711023838,
       38.80442426434013
      ],
      [
       -77.06628712214791,
       38.804554260281854
      ],
      [
       -77.06557713209587,
       38.80470425559923
      ],
      [
       -77.06502713980203,
       38.80486425060444
      ],
      [
       -77.06487714190371,
       38.80500424623399
      ],
      [
       -77.0657171301343,
       38.805114242800066
      ],
      [
       -77.0653071358789,
       38.8052842374931
      ],
      [
       -77.06349716123918,
       38.80608421251912
      ],
      [
       -77.06311716656344,
       38.80626420689997
      ],
      [
       -77.06300716810468,
       38.80637420346605
      ],
      [
       -77.06289716964591,
       38.80652419878343
      ],
      [
       -77.06255717440972,
       38.807184178179895
      ],
      [
       -77.06245717581083,
       38.80713417974077
      ],
      [
       -77.06235717721196,
       38.80708418130164
      ],
      [
       -77.06219717945376,
       38.80705418223817
      ],
      [
       -77.0610871950062,
       38.80689418723296
      ],
      [
       -77.06006720929763,
       38.807514167878125
      ],
      [
       -77.05991721139931,
       38.807124180052945
      ],
      [
       -77.05925722064671,
       38.807564166317256
      ],
      [
       -77.05912722246816,
       38.80764416381986
      ],
      [
       -77.05901722400941,
       38.80769416225898
      ],
      [
       -77.05897722456984,
       38.80770416194681
      ],
      [
       -77.05891722541053,
       38.807714161634635
      ],
      [
       -77.05885722625119,
       38.80772416132246
      ],
      [
       -77.05879722709187,
       38.80772416132246
      ],
      [
       -77.05871722821277,
       38.80773416101028
      ],
      [
       -77.05862722947377,
       38.80773416101028
      ],
      [
       -77.05846723171557,
       38.807714161634635
      ],
      [
       -77.05815723605905,
       38.80767416288333
      ],
      [
       -77.0575272448861,
       38.80759416538073
      ],
      [
       -77.0576872426443,
       38.80682418941819
      ],
      [
       -77.0566972565154,
       38.80670419316428
      ],
      [
       -77.05658725805664,
       38.80666419441298
      ],
      [
       -77.0545472866395,
       38.80640420252953
      ]
     ]
    ]
   }
  },
  {
   "type": "Feature",
   "properties": {
    "name": "Landmark/Van Dorn"
   },
   "geometry": {
    "type": "Polygon",
    "coordinates": [
     [
      [
       -77.11344646137925,
       38.81187403176994
      ],
      [
       -77.11391645479398,
       38.81172403645256
      ],
      [
       -77.11459644526636,
       38.81166403832561
      ],
      [
       -77.11503643910143,
       38.81165403863778
      ],
      [
       -77.11541643377717,
       38.81165403863778
      ],
      [
       -77.11562643083482,
       38.811674038013436
      ],
      [
       -77.11586642747213,
       38.81170403707691
      ],
      [
       -77.11604642495011,
       38.81172403645256
      ],
      [
       -77.12164634648734,
       38.81243401428815
      ],
      [
       -77.12168634592689,
       38.812214021155995
      ],
      [
       -77.12189634298453,
       38.811564041447355
      ],
      [
       -77.1220063414433,
       38.811144054558696
      ],
      [
       -77.12213633962185,
       38.81063407047961
      ],
      [
       -77.12219633878117,
       38.810434076723105
      ],
      [
       -77.12228633752017,
       38.81020408390312
      ],
      [
       -77.12240633583882,
       38.81000409014661
      ],
      [
       -77.12258633331679,
       38.80978409701446
      ],
      [
       -77.12273633121511,
       38.80961410232143
      ],
      [
       -77.12288632911343,
       38.809494106067525
      ],
      [
       -77.12311632589085,
       38.8093241113745
      ],
      [
       -77.12343632140727,
       38.80915411668147
      ],
      [
       -77.12368631790447,
       38.80903412042757
      ],
      [
       -77.12385631552256,
       38.80896412261279
      ],
      [
       -77.12409631215986,
       38.80888412511019
      ],
      [
       -77.12424631005818,
       38.808844126358885
      ],
      [
       -77.12455630571472,
       38.808754129168456
      ],
      [
       -77.12475630291247,
       38.808724130104984
      ],
      [
       -77.12492630053056,
       38.80870413072933
      ],
      [
       -77.12516629716788,
       38.80868413135368
      ],
      [
       -77.12562629072272,
       38.80865413229021
      ],
      [
       -77.12609628413745,
       38.80859413416326
      ],
      [
       -77.12655627769229,
       38.80850413697283
      ],
      [
       -77.12690627278837,
       38.808404140094574
      ],
      [
       -77.12719626872511,
       38.8082941435285
      ],
      [
       -77.12749626452175,
       38.80817414727459
      ],
      [
       -77.12765626227996,
       38.80809414977199
      ],
      [
       -77.12782625989806,
       38.80800415258157
      ],
      [
       -77.12799625751614,
       38.80790415570331
      ],
      [
       -77.1281262556947,
       38.80782415820071
      ],
      [
       -77.1282862534529,
       38.807714161634635
      ],
      [
       -77.12847625079077,
       38.8075841656929
      ],
      [
       -77.12899624350494,
       38.80721417724337
      ],
      [
       -77.12915624126315,
       38.807094180989466
      ],
      [
       -77.12941623762023,
       38.80687418785731
      ],
      [
       -77.12962623467789,
       38.80667419410081
      ],
      [
       -77.12980623215586,
       38.806474200344304
      ],
      [
       -77.12995623005418,
       38.80628420627562
      ],
      [
       -77.1301962266915,
       38.80589421845043
      ],
      [
       -77.13029622529037,
       38.80576422250871
      ],
      [
       -77.13152620805658,
       38.80565422594263
      ],
      [
       -77.1338261758308,
       38.80557422844003
      ],
      [
       -77.13620614248411,
       38.8054842312496
      ],
      [
       -77.1363861399621,
       38.8054442324983
      ],
      [
       -77.1382161143216,
       38.80513424217572
      ],
      [
       -77.13935609834881,
       38.804784253101836
      ],
      [
       -77.14053608181558,
       38.80443426402795
      ],
      [
       -77.14157606724392,
       38.80409427464189
      ],
      [
       -77.1416760658428,
       38.80430426808622
      ],
      [
       -77.14188606290045,
       38.80475425403836
      ],
      [
       -77.14231605687563,
       38.80566422563046
      ],
      [
       -77.14235605631518,
       38.80578422188436
      ],
      [
       -77.14321604426554,
       38.805644226254806
      ],
      [
       -77.14334604244408,
       38.80619420908519
      ],
      [
       -77.1434960403424,
       38.80678419066688
      ],
      [
       -77.14361603866105,
       38.807304174433796
      ],
      [
       -77.14372603711982,
       38.80779415913724
      ],
      [
       -77.1443260287131,
       38.8103540792205
      ],
      [
       -77.14381603585882,
       38.810434076723105
      ],
      [
       -77.14381603585882,
       38.8104740754744
      ],
      [
       -77.14376603655937,
       38.81137404737868
      ],
      [
       -77.14375603669949,
       38.81164403894996
      ],
      [
       -77.1437360369797,
       38.81192403020906
      ],
      [
       -77.14372603711982,
       38.812274019282945
      ],
      [
       -77.14367603782038,
       38.81309399368462
      ],
      [
       -77.1436560381006,
       38.81341398369503
      ],
      [
       -77.1436560381006,
       38.813483981509805
      ],
      [
       -77.13634614052255,
       38.816433889418256
      ],
      [
       -77.13396617386923,
       38.817383859761655
      ],
      [
       -77.1326661920838,
       38.81805383884595
      ],
      [
       -77.13095621604297,
       38.819043807940645
      ],
      [
       -77.12825625387323,
       38.82109374394482
      ],
      [
       -77.1276262627003,
       38.81976378546406
      ],
      [
       -77.12752626410142,
       38.819313799511924
      ],
      [
       -77.12723626816467,
       38.81909380637977
      ],
      [
       -77.12665627629117,
       38.81875381699371
      ],
      [
       -77.12543629338485,
       38.81832383041723
      ],
      [
       -77.1245663055746,
       38.817773847586835
      ],
      [
       -77.12326632378917,
       38.816883875370394
      ],
      [
       -77.12215633934161,
       38.81648388785738
      ],
      [
       -77.12111635391328,
       38.81589390627569
      ],
      [
       -77.11734640673554,
       38.81442395216538
      ],
      [
       -77.11502643924155,
       38.8134439827585
      ],
      [
       -77.11383645591488,
       38.81281400242551
      ],
      [
       -77.11369645787646,
       38.812424014600325
      ],
      [
       -77.11344646137925,
       38.81187403176994
      ]
     ]
    ]
   }
  },
  {
   "type": "Feature",
   "properties": {
    "name": "North Potomac Yard"
   },
   "geometry": {
    "type": "Polygon",
    "coordinates": [
     [
      [
       -77.05129733217595,
       38.832703381509944
      ],
      [
       -77.0523173178845,
       38.84017314831541
      ],
      [
       -77.05034734548659,
       38.840273145193656
      ],
      [
       -77.04940735865713,
       38.84031314394496
      ],
      [
       -77.04936735921758,
       38.8400531520615
      ],
      [
       -77.04854737070677,
       38.84011315018846
      ],
      [
       -77.04766738303664,
       38.83858319795119
      ],
      [
       -77.04756738443776,
       38.83840320357034
      ],
      [
       -77.0475273849982,
       38.83831320637991
      ],
      [
       -77.04748738555865,
       38.83824320856513
      ],
      [
       -77.04739738681965,
       38.83804321480863
      ],
      [
       -77.04732738780045,
       38.837853220739945
      ],
      [
       -77.04724738892133,
       38.837643227295615
      ],
      [
       -77.04718738976202,
       38.83745323322694
      ],
      [
       -77.04713739046258,
       38.83724323978261
      ],
      [
       -77.04710739088291,
       38.83711324384088
      ],
      [
       -77.04707739130325,
       38.836993247586975
      ],
      [
       -77.04705739158346,
       38.8368832510209
      ],
      [
       -77.0470373918637,
       38.83674325539135
      ],
      [
       -77.04702739200381,
       38.83664325851309
      ],
      [
       -77.04701739214391,
       38.83653326194701
      ],
      [
       -77.04700739228403,
       38.83642326538094
      ],
      [
       -77.04699739242415,
       38.83629326943921
      ],
      [
       -77.04698739256426,
       38.83616327349748
      ],
      [
       -77.04698739256426,
       38.835983279116626
      ],
      [
       -77.04699739242415,
       38.83582328411142
      ],
      [
       -77.04699739242415,
       38.83570328785752
      ],
      [
       -77.04700739228403,
       38.83562329035492
      ],
      [
       -77.04701739214391,
       38.83550329410102
      ],
      [
       -77.04718738976202,
       38.83410333780548
      ],
      [
       -77.04815737617115,
       38.83402334030288
      ],
      [
       -77.04847737168755,
       38.834003340927225
      ],
      [
       -77.04841737252822,
       38.83392334342462
      ],
      [
       -77.04834737350902,
       38.83381334685855
      ],
      [
       -77.0482773744898,
       38.83371334998029
      ],
      [
       -77.04820737547058,
       38.833623352789864
      ],
      [
       -77.0485973700062,
       38.83359335372639
      ],
      [
       -77.04857737028644,
       38.83343335872119
      ],
      [
       -77.04978735333287,
       38.83334336153076
      ],
      [
       -77.04971735431366,
       38.832823377763845
      ],
      [
       -77.05129733217595,
       38.832703381509944
      ]
     ]
    ]
   }
  },
  {
   "type": "Feature",
   "properties": {
    "name": "North Ridge/Rosemont"
   },
   "geometry": {
    "type": "Polygon",
    "coordinates": [
     [
      [
       -77.0772069691455,
       38.8436930384299
      ],
      [
       -77.07715696984606,
       38.84351304404904
      ],
      [
       -77.07709697068672,
       38.843403047482965
      ],
      [
       -77.0770369715274,
       38.84330305060471
      ],
      [
       -77.07700697194774,
       38.843253052165586
      ],
      [
       -77.07683697432964,
       38.8430630580969
      ],
      [
       -77.07644697979401,
       38.8428230655891
      ],
      [
       -77.07632698147536,
       38.8427830668378
      ],
      [
       -77.07459700571475,
       38.842403078700436
      ],
      [
       -77.0744770073961,
       38.84238307932479
      ],
      [
       -77.0739770144017,
       38.84227308275871
      ],
      [
       -77.07359701972597,
       38.842193085256106
      ],
      [
       -77.07357702000618,
       38.84218308556828
      ],
      [
       -77.07349702112708,
       38.842163086192635
      ],
      [
       -77.07328702406944,
       38.84210308806568
      ],
      [
       -77.07254703443773,
       38.841903094309174
      ],
      [
       -77.07118705349298,
       38.841483107420515
      ],
      [
       -77.0706770606387,
       38.84129311335184
      ],
      [
       -77.07052706274038,
       38.84124311491271
      ],
      [
       -77.07022706694374,
       38.84117311709793
      ],
      [
       -77.06980707282845,
       38.84112311865881
      ],
      [
       -77.06941707829282,
       38.841043121156204
      ],
      [
       -77.06936707899338,
       38.84103312146838
      ],
      [
       -77.06906708319674,
       38.84094312427795
      ],
      [
       -77.06891708529842,
       38.840893125838825
      ],
      [
       -77.06887708585887,
       38.840883126151
      ],
      [
       -77.0684370920238,
       38.84070313177015
      ],
      [
       -77.06805709734806,
       38.84053313707712
      ],
      [
       -77.06788709972997,
       38.840423140511035
      ],
      [
       -77.0676971023921,
       38.840303144257135
      ],
      [
       -77.06723710883726,
       38.83991315643195
      ],
      [
       -77.06687711388129,
       38.83967316392415
      ],
      [
       -77.06659711780443,
       38.839533168294594
      ],
      [
       -77.06594712691172,
       38.83925317703548
      ],
      [
       -77.06532713559866,
       38.838973185776375
      ],
      [
       -77.06508713896136,
       38.838853189522474
      ],
      [
       -77.06476714344494,
       38.83866319545379
      ],
      [
       -77.06456714624719,
       38.838533199512064
      ],
      [
       -77.06431714975,
       38.83839320388251
      ],
      [
       -77.06432714960988,
       38.838383204194685
      ],
      [
       -77.06472714400539,
       38.8378332213643
      ],
      [
       -77.06500714008226,
       38.837523231041715
      ],
      [
       -77.06559713181564,
       38.83702324665045
      ],
      [
       -77.06624712270836,
       38.83648326350789
      ],
      [
       -77.0665371186451,
       38.83621327193661
      ],
      [
       -77.06675711556264,
       38.8359732794288
      ],
      [
       -77.06690711346096,
       38.83572328723317
      ],
      [
       -77.067527104774,
       38.834653320635866
      ],
      [
       -77.06757710407345,
       38.83450332531849
      ],
      [
       -77.06758710393333,
       38.83431333124981
      ],
      [
       -77.067527104774,
       38.8339933412394
      ],
      [
       -77.0668671140214,
       38.831643414600464
      ],
      [
       -77.06601712593094,
       38.828533511686814
      ],
      [
       -77.06597712649138,
       38.82843351480856
      ],
      [
       -77.0658771278925,
       38.828023527607726
      ],
      [
       -77.06586712803262,
       38.82767353853384
      ],
      [
       -77.06588712775239,
       38.82727355102083
      ],
      [
       -77.06585712817272,
       38.827113556015625
      ],
      [
       -77.06558713195575,
       38.82644357693133
      ],
      [
       -77.0654671336371,
       38.825873594725294
      ],
      [
       -77.06519713742013,
       38.82450363749324
      ],
      [
       -77.06519713742013,
       38.82430364373673
      ],
      [
       -77.06525713657945,
       38.8240936502924
      ],
      [
       -77.06558713195575,
       38.82331367464203
      ],
      [
       -77.0661371242496,
       38.82213371147865
      ],
      [
       -77.06638712074678,
       38.82169372521434
      ],
      [
       -77.06647711948578,
       38.82151373083348
      ],
      [
       -77.0665371186451,
       38.82131373707698
      ],
      [
       -77.0665371186451,
       38.82109374394482
      ],
      [
       -77.06628712214791,
       38.81927380076063
      ],
      [
       -77.06602712579082,
       38.8174838566399
      ],
      [
       -77.06582712859306,
       38.81607390065655
      ],
      [
       -77.06576712943374,
       38.81566391345571
      ],
      [
       -77.06568713055464,
       38.815403921572255
      ],
      [
       -77.06563713125519,
       38.81527392563053
      ],
      [
       -77.0643971486291,
       38.812594009293356
      ],
      [
       -77.06418715157145,
       38.812124023965566
      ],
      [
       -77.06357716011829,
       38.81021408359095
      ],
      [
       -77.06329716404143,
       38.80939410918928
      ],
      [
       -77.06302716782444,
       38.80852413634848
      ],
      [
       -77.06263717328882,
       38.8073441731851
      ],
      [
       -77.06255717440972,
       38.807184178179895
      ],
      [
       -77.07156704816872,
       38.81403396434019
      ],
      [
       -77.08049692304861,
       38.82216371054213
      ],
      [
       -77.0815869077764,
       38.82299368463162
      ],
      [
       -77.08386687583084,
       38.82447363842976
      ],
      [
       -77.08508685873716,
       38.82527361345578
      ],
      [
       -77.08490686125919,
       38.82668356943914
      ],
      [
       -77.08293688886127,
       38.82654357380959
      ],
      [
       -77.08163690707583,
       38.826433577243506
      ],
      [
       -77.0815869077764,
       38.82681356538087
      ],
      [
       -77.08212690021034,
       38.82687356350782
      ],
      [
       -77.08200690189169,
       38.82808352573468
      ],
      [
       -77.08423687064669,
       38.82979347235279
      ],
      [
       -77.08387687569072,
       38.83008346329972
      ],
      [
       -77.0836468789133,
       38.83026345768058
      ],
      [
       -77.08323688465791,
       38.830603447066636
      ],
      [
       -77.08378687695173,
       38.8310234339553
      ],
      [
       -77.08453686644333,
       38.83159341616134
      ],
      [
       -77.08471686392132,
       38.83172341210307
      ],
      [
       -77.08503685943772,
       38.831963404610875
      ],
      [
       -77.08510685845694,
       38.83198340398653
      ],
      [
       -77.08516685761627,
       38.83200340336217
      ],
      [
       -77.08525685635526,
       38.83201340305
      ],
      [
       -77.08523685663548,
       38.8320934005526
      ],
      [
       -77.08523685663548,
       38.83218339774303
      ],
      [
       -77.08528685593492,
       38.83355335497509
      ],
      [
       -77.0853068556547,
       38.833793347482896
      ],
      [
       -77.08529685579481,
       38.83397334186375
      ],
      [
       -77.08529685579481,
       38.834123337181126
      ],
      [
       -77.0853068556547,
       38.83429333187416
      ],
      [
       -77.08529685579481,
       38.834383329064586
      ],
      [
       -77.08529685579481,
       38.83446332656719
      ],
      [
       -77.08529685579481,
       38.834483325942834
      ],
      [
       -77.08527685607503,
       38.834683319699344
      ],
      [
       -77.08525685635526,
       38.83479331626542
      ],
      [
       -77.08521685691571,
       38.83493331189497
      ],
      [
       -77.08520685705582,
       38.83496331095845
      ],
      [
       -77.08520685705582,
       38.8349833103341
      ],
      [
       -77.08516685761627,
       38.835063307836705
      ],
      [
       -77.08515685775637,
       38.83509330690018
      ],
      [
       -77.08499685999817,
       38.83544329597406
      ],
      [
       -77.08491686111907,
       38.83564328973057
      ],
      [
       -77.08486686181963,
       38.83579328504795
      ],
      [
       -77.08483686223997,
       38.83588328223837
      ],
      [
       -77.08479686280042,
       38.8360532769314
      ],
      [
       -77.08475686336087,
       38.83623327131226
      ],
      [
       -77.08471686392132,
       38.83644326475659
      ],
      [
       -77.08467686448176,
       38.83671325632787
      ],
      [
       -77.08466686462187,
       38.83685325195742
      ],
      [
       -77.08463686504221,
       38.83729323822173
      ],
      [
       -77.08463686504221,
       38.83750323166606
      ],
      [
       -77.08463686504221,
       38.83770322542257
      ],
      [
       -77.0846468649021,
       38.83781322198865
      ],
      [
       -77.08467686448176,
       38.83833320575556
      ],
      [
       -77.0847268637812,
       38.8389031879616
      ],
      [
       -77.08493686083885,
       38.83931317516244
      ],
      [
       -77.08494686069874,
       38.83937317328939
      ],
      [
       -77.08498686013829,
       38.83952316860677
      ],
      [
       -77.08527685607503,
       38.84102312178055
      ],
      [
       -77.08577684906943,
       38.84359304155164
      ],
      [
       -77.08574684948977,
       38.84404302750378
      ],
      [
       -77.08551685271235,
       38.84400302875248
      ],
      [
       -77.08503685943772,
       38.84391303156205
      ],
      [
       -77.08395687456984,
       38.843733037181195
      ],
      [
       -77.08065692080682,
       38.84316305497516
      ],
      [
       -77.07929693986206,
       38.842933062155176
      ],
      [
       -77.07922694084286,
       38.84305305840908
      ],
      [
       -77.07914694196374,
       38.843193054038636
      ],
      [
       -77.07910694252419,
       38.843253052165586
      ],
      [
       -77.07908694280442,
       38.84327305154124
      ],
      [
       -77.07902694364509,
       38.843353049043834
      ],
      [
       -77.07898694420554,
       38.84338304810731
      ],
      [
       -77.07892694504622,
       38.84344304623426
      ],
      [
       -77.07890694532644,
       38.843463045609916
      ],
      [
       -77.07888694560667,
       38.84347304529774
      ],
      [
       -77.07887694574677,
       38.84348304498557
      ],
      [
       -77.0787769471479,
       38.843553042800345
      ],
      [
       -77.07875694742812,
       38.84356304248817
      ],
      [
       -77.07872694784845,
       38.843583041863816
      ],
      [
       -77.0786869484089,
       38.84360304123947
      ],
      [
       -77.07866694868913,
       38.84362304061512
      ],
      [
       -77.07859694966992,
       38.84365303967859
      ],
      [
       -77.07856695009025,
       38.84366303936642
      ],
      [
       -77.07855695023036,
       38.843673039054245
      ],
      [
       -77.07853695051058,
       38.84368303874207
      ],
      [
       -77.07842695205181,
       38.84372303749337
      ],
      [
       -77.07833695331283,
       38.84375303655685
      ],
      [
       -77.07826695429361,
       38.843763036244674
      ],
      [
       -77.07821695499418,
       38.8437730359325
      ],
      [
       -77.07811695639529,
       38.843793035308146
      ],
      [
       -77.07806695709586,
       38.84380303499597
      ],
      [
       -77.07804695737607,
       38.84380303499597
      ],
      [
       -77.07800695793652,
       38.8438130346838
      ],
      [
       -77.07791695919754,
       38.8438130346838
      ],
      [
       -77.07780696073877,
       38.8438130346838
      ],
      [
       -77.07772696185967,
       38.84380303499597
      ],
      [
       -77.07770696213989,
       38.84380303499597
      ],
      [
       -77.07767696256023,
       38.84380303499597
      ],
      [
       -77.07762696326078,
       38.843793035308146
      ],
      [
       -77.07757696396135,
       38.843783035620326
      ],
      [
       -77.07754696438168,
       38.843783035620326
      ],
      [
       -77.07752696466191,
       38.8437730359325
      ],
      [
       -77.07749696508225,
       38.8437730359325
      ],
      [
       -77.07740696634326,
       38.84375303655685
      ],
      [
       -77.0772069691455,
       38.8436930384299
      ]
     ]
    ]
   }
  },
  {
   "type": "Feature",
   "properties": {
    "name": "Northeast"
   },
   "geometry": {
    "type": "Polygon",
    "coordinates": [
     [
      [
       -77.04364743936169,
       38.82343367089593
      ],
      [
       -77.04366743908147,
       38.823123680573346
      ],
      [
       -77.04368743880124,
       38.82298368494379
      ],
      [
       -77.04417743193575,
       38.819163804194545
      ],
      [
       -77.04469742464993,
       38.81596390409047
      ],
      [
       -77.04498742058668,
       38.81433395497495
      ],
      [
       -77.04502742002623,
       38.8141539605941
      ],
      [
       -77.04555741260029,
       38.81421395872105
      ],
      [
       -77.04571741035849,
       38.81424395778453
      ],
      [
       -77.04616740405345,
       38.81429395622365
      ],
      [
       -77.04724738892133,
       38.81442395216538
      ],
      [
       -77.04762738359709,
       38.8144739506045
      ],
      [
       -77.04834737350902,
       38.81457394748276
      ],
      [
       -77.04831737392935,
       38.81483393936622
      ],
      [
       -77.0483573733689,
       38.81503393312272
      ],
      [
       -77.048437372248,
       38.815203927815745
      ],
      [
       -77.04854737070677,
       38.815373922508776
      ],
      [
       -77.04858737014632,
       38.815433920635726
      ],
      [
       -77.04876736762431,
       38.815643914080056
      ],
      [
       -77.04890736566273,
       38.81585390752439
      ],
      [
       -77.04907736328083,
       38.816173897534796
      ],
      [
       -77.0491773618797,
       38.817213865068624
      ],
      [
       -77.04938735893735,
       38.8190638073163
      ],
      [
       -77.04939735879724,
       38.819103806067595
      ],
      [
       -77.04945735795657,
       38.8194637948293
      ],
      [
       -77.04951735711589,
       38.81961379014668
      ],
      [
       -77.04932735977802,
       38.81964378921016
      ],
      [
       -77.04927736047858,
       38.819663788585814
      ],
      [
       -77.04923736103903,
       38.81968378796146
      ],
      [
       -77.0491773618797,
       38.81973378640059
      ],
      [
       -77.04914736230005,
       38.819783784839714
      ],
      [
       -77.04911736272038,
       38.81982378359101
      ],
      [
       -77.04905736356105,
       38.820053776410994
      ],
      [
       -77.04889736580284,
       38.82062375861704
      ],
      [
       -77.04886736622318,
       38.82072375549529
      ],
      [
       -77.04882736678363,
       38.820813752685716
      ],
      [
       -77.04878736734408,
       38.82088375050049
      ],
      [
       -77.04862736958587,
       38.82109374394482
      ],
      [
       -77.04858737014632,
       38.821143742383946
      ],
      [
       -77.04854737070677,
       38.821173741447424
      ],
      [
       -77.04850737126722,
       38.8212037405109
      ],
      [
       -77.04845737196777,
       38.8212437392622
      ],
      [
       -77.04840737266834,
       38.82126373863785
      ],
      [
       -77.0483573733689,
       38.821293737701325
      ],
      [
       -77.04829737420957,
       38.82131373707698
      ],
      [
       -77.04824737491013,
       38.8213237367648
      ],
      [
       -77.0481873757508,
       38.821343736140456
      ],
      [
       -77.04784738051461,
       38.821383734891754
      ],
      [
       -77.04706739144336,
       38.821443733018704
      ],
      [
       -77.04485742240813,
       38.821613727711735
      ],
      [
       -77.04519741764432,
       38.82179372209259
      ],
      [
       -77.0454574140014,
       38.82196371678562
      ],
      [
       -77.0453774151223,
       38.82233370523515
      ],
      [
       -77.04534741554264,
       38.822503699928184
      ],
      [
       -77.04522741722398,
       38.823473669647235
      ],
      [
       -77.04517741792455,
       38.82387365716024
      ],
      [
       -77.04506741946578,
       38.824813627815814
      ],
      [
       -77.04494742114713,
       38.82582359628617
      ],
      [
       -77.04485742240813,
       38.82588359441312
      ],
      [
       -77.0444674278725,
       38.82613358660875
      ],
      [
       -77.04378743740013,
       38.826083588169624
      ],
      [
       -77.04336744328484,
       38.826053589106145
      ],
      [
       -77.04364743936169,
       38.82343367089593
      ]
     ]
    ]
   }
  },
  {
   "type": "Feature",
   "properties": {
    "name": "Old Town"
   },
   "geometry": {
    "type": "Polygon",
    "coordinates": [
     [
      [
       -77.05122733315673,
       38.79007471231088
      ],
      [
       -77.05059734198379,
       38.790954684839505
      ],
      [
       -77.05019734758827,
       38.7915846651725
      ],
      [
       -77.04998735053063,
       38.792014651748985
      ],
      [
       -77.0496773548741,
       38.792754628648055
      ],
      [
       -77.0493473594978,
       38.79391459243578
      ],
      [
       -77.04793737925361,
       38.80051438640045
      ],
      [
       -77.04770738247619,
       38.8016443511247
      ],
      [
       -77.04883736664351,
       38.80179434644208
      ],
      [
       -77.0499373512312,
       38.80193434207163
      ],
      [
       -77.050667341003,
       38.802014339574235
      ],
      [
       -77.05099733637931,
       38.80208433738901
      ],
      [
       -77.05111733469796,
       38.802004339886416
      ],
      [
       -77.05118733371718,
       38.801984340510764
      ],
      [
       -77.0512473328765,
       38.801984340510764
      ],
      [
       -77.05130733203583,
       38.80199434019859
      ],
      [
       -77.05138733091493,
       38.80203433894989
      ],
      [
       -77.05159732797257,
       38.80218433426727
      ],
      [
       -77.05174732587089,
       38.80241432708725
      ],
      [
       -77.05178732531044,
       38.8024743252142
      ],
      [
       -77.05183732460989,
       38.80256432240463
      ],
      [
       -77.05186732418956,
       38.80265431959506
      ],
      [
       -77.05188732390933,
       38.80270431803418
      ],
      [
       -77.05189732376921,
       38.80278431553678
      ],
      [
       -77.051917323489,
       38.802864313039386
      ],
      [
       -77.05188732390933,
       38.80306430679589
      ],
      [
       -77.05184732446978,
       38.80333429836717
      ],
      [
       -77.05293730919756,
       38.803434295245424
      ],
      [
       -77.05403729378523,
       38.8035842905628
      ],
      [
       -77.05439728874119,
       38.80363428900193
      ],
      [
       -77.05510727879323,
       38.80374428556801
      ],
      [
       -77.0545472866395,
       38.80640420252953
      ],
      [
       -77.05443728818074,
       38.8063942028417
      ],
      [
       -77.05442728832085,
       38.806444201280826
      ],
      [
       -77.05399729434568,
       38.8063942028417
      ],
      [
       -77.05400729420556,
       38.806334204714744
      ],
      [
       -77.05300730821678,
       38.806214208460844
      ],
      [
       -77.05300730821678,
       38.80624420752432
      ],
      [
       -77.05291730947778,
       38.806234207836496
      ],
      [
       -77.05292730933768,
       38.80619420908519
      ],
      [
       -77.04803737785248,
       38.80557422844003
      ],
      [
       -77.04796737883328,
       38.805884218762614
      ],
      [
       -77.04736738724,
       38.80581422094784
      ],
      [
       -77.04675739578684,
       38.808574134787605
      ],
      [
       -77.04669739662751,
       38.808894124798016
      ],
      [
       -77.04684739452583,
       38.80891412417366
      ],
      [
       -77.04668739676762,
       38.809694099824036
      ],
      [
       -77.04156746850501,
       38.809054119803214
      ],
      [
       -77.04156746850501,
       38.80904412011539
      ],
      [
       -77.03764752342896,
       38.80855413541195
      ],
      [
       -77.03799751852503,
       38.80658419691038
      ],
      [
       -77.0381875158629,
       38.805704224381756
      ],
      [
       -77.03837751320077,
       38.804734254662705
      ],
      [
       -77.03896750493416,
       38.80167435018818
      ],
      [
       -77.03918750185169,
       38.8004943870248
      ],
      [
       -77.0391775019918,
       38.800034401384835
      ],
      [
       -77.03916750213192,
       38.7997444104379
      ],
      [
       -77.03915750227203,
       38.7995044179301
      ],
      [
       -77.0390975031127,
       38.7976444759946
      ],
      [
       -77.03908750325282,
       38.797574478179826
      ],
      [
       -77.03907750339293,
       38.79716449097899
      ],
      [
       -77.03907750339293,
       38.79690449909553
      ],
      [
       -77.03900750437371,
       38.79454457276877
      ],
      [
       -77.03900750437371,
       38.794414576827045
      ],
      [
       -77.03894750521438,
       38.79233464175939
      ],
      [
       -77.03892750549461,
       38.7916646626751
      ],
      [
       -77.03945749806867,
       38.79126467516209
      ],
      [
       -77.03941749862912,
       38.79060469576562
      ],
      [
       -77.03941749862912,
       38.790564697014325
      ],
      [
       -77.03941749862912,
       38.7905546973265
      ],
      [
       -77.03941749862912,
       38.79054469763867
      ],
      [
       -77.03943749834889,
       38.79049469919955
      ],
      [
       -77.03944749820877,
       38.79048469951172
      ],
      [
       -77.03944749820877,
       38.790474699823896
      ],
      [
       -77.03945749806867,
       38.79046470013607
      ],
      [
       -77.03947749778844,
       38.79043470107259
      ],
      [
       -77.03949749750822,
       38.79040470200912
      ],
      [
       -77.0395074973681,
       38.79040470200912
      ],
      [
       -77.03951749722799,
       38.790394702321294
      ],
      [
       -77.03952749708787,
       38.79038470263347
      ],
      [
       -77.03954749680766,
       38.790364703257815
      ],
      [
       -77.03958749624721,
       38.79034470388217
      ],
      [
       -77.03964749540654,
       38.79031470481869
      ],
      [
       -77.0396774949862,
       38.790304705130865
      ],
      [
       -77.03969749470598,
       38.790304705130865
      ],
      [
       -77.03970749456586,
       38.790304705130865
      ],
      [
       -77.03972749428564,
       38.79029470544304
      ],
      [
       -77.04032748587892,
       38.79023470731609
      ],
      [
       -77.04035748545857,
       38.789064743840534
      ],
      [
       -77.04054748279644,
       38.7858448443608
      ],
      [
       -77.05078733932166,
       38.78985471917873
      ],
      [
       -77.05112733455785,
       38.790034713559585
      ],
      [
       -77.05122733315673,
       38.79007471231088
      ]
     ]
    ]
   }
  },
  {
   "type": "Feature",
   "properties": {
    "name": "Old Town North"
   },
   "geometry": {
    "type": "Polygon",
    "coordinates": [
     [
      [
       -77.03764752342896,
       38.80855413541195
      ],
      [
       -77.04156746850501,
       38.80904412011539
      ],
      [
       -77.04156746850501,
       38.809054119803214
      ],
      [
       -77.04668739676762,
       38.809694099824036
      ],
      [
       -77.04621740335288,
       38.811974028648194
      ],
      [
       -77.04609740503423,
       38.81195402927254
      ],
      [
       -77.0458874079766,
       38.81299399680637
      ],
      [
       -77.04586740825681,
       38.81307399430897
      ],
      [
       -77.04585740839693,
       38.81307399430897
      ],
      [
       -77.04584740853703,
       38.81317399118722
      ],
      [
       -77.04573741007827,
       38.813653976202836
      ],
      [
       -77.04584740853703,
       38.81367397557848
      ],
      [
       -77.04572741021838,
       38.8142339580967
      ],
      [
       -77.04556741246017,
       38.81421395872105
      ],
      [
       -77.04555741260029,
       38.81421395872105
      ],
      [
       -77.04502742002623,
       38.8141539605941
      ],
      [
       -77.04498742058668,
       38.81433395497495
      ],
      [
       -77.04469742464993,
       38.81596390409047
      ],
      [
       -77.04417743193575,
       38.819163804194545
      ],
      [
       -77.04368743880124,
       38.82298368494379
      ],
      [
       -77.04366743908147,
       38.823123680573346
      ],
      [
       -77.04364743936169,
       38.82343367089593
      ],
      [
       -77.04102747607106,
       38.82337367276898
      ],
      [
       -77.0409174776123,
       38.82337367276898
      ],
      [
       -77.04092747747218,
       38.82337367276898
      ],
      [
       -77.04094747719196,
       38.82337367276898
      ],
      [
       -77.04095747705185,
       38.823363673081154
      ],
      [
       -77.04097747677163,
       38.8233436737055
      ],
      [
       -77.03937749918956,
       38.82357366652548
      ],
      [
       -77.0392675007308,
       38.82351366839853
      ],
      [
       -77.0400874892416,
       38.823093681509874
      ],
      [
       -77.03999749050261,
       38.82292368681684
      ],
      [
       -77.0396774949862,
       38.822673694621216
      ],
      [
       -77.0400974891015,
       38.822323705547326
      ],
      [
       -77.03993749134328,
       38.822203709293426
      ],
      [
       -77.04014748840093,
       38.821913718346494
      ],
      [
       -77.04012748868115,
       38.821913718346494
      ],
      [
       -77.04010748896138,
       38.821913718346494
      ],
      [
       -77.04006748952183,
       38.82189371897084
      ],
      [
       -77.04003748994216,
       38.82189371897084
      ],
      [
       -77.0400074903625,
       38.821883719283015
      ],
      [
       -77.03995749106306,
       38.821883719283015
      ],
      [
       -77.03993749134328,
       38.821883719283015
      ],
      [
       -77.03991749162351,
       38.82187371959519
      ],
      [
       -77.03989749190373,
       38.82185372021954
      ],
      [
       -77.03988749204385,
       38.82185372021954
      ],
      [
       -77.03986749232406,
       38.82184372053172
      ],
      [
       -77.03981749302463,
       38.82184372053172
      ],
      [
       -77.03978749344496,
       38.82183372084389
      ],
      [
       -77.0397674937252,
       38.821823721156065
      ],
      [
       -77.03974749400541,
       38.821823721156065
      ],
      [
       -77.03971749442574,
       38.82181372146824
      ],
      [
       -77.03969749470598,
       38.82180372178041
      ],
      [
       -77.0396774949862,
       38.82179372209259
      ],
      [
       -77.0396774949862,
       38.82178372240477
      ],
      [
       -77.03964749540654,
       38.82175372334129
      ],
      [
       -77.03960749596699,
       38.82171372458999
      ],
      [
       -77.03958749624721,
       38.821703724902164
      ],
      [
       -77.03955749666754,
       38.82169372521434
      ],
      [
       -77.03952749708787,
       38.82168372552651
      ],
      [
       -77.03949749750822,
       38.82165372646303
      ],
      [
       -77.03948749764832,
       38.821643726775214
      ],
      [
       -77.03948749764832,
       38.82162372739956
      ],
      [
       -77.0395074973681,
       38.82160372802391
      ],
      [
       -77.0395074973681,
       38.82158372864826
      ],
      [
       -77.03948749764832,
       38.82156372927261
      ],
      [
       -77.03945749806867,
       38.82154372989696
      ],
      [
       -77.03944749820877,
       38.82152373052131
      ],
      [
       -77.03943749834889,
       38.82150373114566
      ],
      [
       -77.03943749834889,
       38.82145373270653
      ],
      [
       -77.03945749806867,
       38.82139373457958
      ],
      [
       -77.03946749792856,
       38.82135373582828
      ],
      [
       -77.03949749750822,
       38.8213237367648
      ],
      [
       -77.03949749750822,
       38.821293737701325
      ],
      [
       -77.03956749652744,
       38.82121374019872
      ],
      [
       -77.03963749554664,
       38.821113743320474
      ],
      [
       -77.03971749442574,
       38.821053745193524
      ],
      [
       -77.03975749386531,
       38.82103374581787
      ],
      [
       -77.03981749302463,
       38.82097374769092
      ],
      [
       -77.03986749232406,
       38.820903749876145
      ],
      [
       -77.03989749190373,
       38.82086375112484
      ],
      [
       -77.03990749176363,
       38.820813752685716
      ],
      [
       -77.03994749120318,
       38.82073375518311
      ],
      [
       -77.03997749078283,
       38.820603759241386
      ],
      [
       -77.03997749078283,
       38.82056376049008
      ],
      [
       -77.03995749106306,
       38.82050376236313
      ],
      [
       -77.03993749134328,
       38.82046376361183
      ],
      [
       -77.03991749162351,
       38.82045376392401
      ],
      [
       -77.03996749092295,
       38.820253770167504
      ],
      [
       -77.03989749190373,
       38.82014377360142
      ],
      [
       -77.03989749190373,
       38.82006377609882
      ],
      [
       -77.03986749232406,
       38.820053776410994
      ],
      [
       -77.03981749302463,
       38.81998377859622
      ],
      [
       -77.03972749428564,
       38.81989378140579
      ],
      [
       -77.03971749442574,
       38.819903781093615
      ],
      [
       -77.03969749470598,
       38.81991378078144
      ],
      [
       -77.03965749526643,
       38.81991378078144
      ],
      [
       -77.03960749596699,
       38.819903781093615
      ],
      [
       -77.03955749666754,
       38.81988378171797
      ],
      [
       -77.03952749708787,
       38.81987378203014
      ],
      [
       -77.03946749792856,
       38.81986378234232
      ],
      [
       -77.03940749876922,
       38.81986378234232
      ],
      [
       -77.03937749918956,
       38.81985378265449
      ],
      [
       -77.03933749975,
       38.819843782966664
      ],
      [
       -77.03931750003024,
       38.81983378327884
      ],
      [
       -77.03929750031045,
       38.81980378421537
      ],
      [
       -77.0392675007308,
       38.81977378515189
      ],
      [
       -77.03921750143135,
       38.819723786712764
      ],
      [
       -77.03916750213192,
       38.81968378796146
      ],
      [
       -77.03911750283248,
       38.81964378921016
      ],
      [
       -77.03902750409348,
       38.81958379108321
      ],
      [
       -77.03892750549461,
       38.81950379358061
      ],
      [
       -77.03890750577483,
       38.819483794204956
      ],
      [
       -77.03888750605506,
       38.8194637948293
      ],
      [
       -77.03888750605506,
       38.819423796078006
      ],
      [
       -77.03888750605506,
       38.81940379670235
      ],
      [
       -77.03882750689573,
       38.8193437985754
      ],
      [
       -77.03881750703584,
       38.81929380013628
      ],
      [
       -77.03880750717595,
       38.819253801384974
      ],
      [
       -77.03879750731606,
       38.819163804194545
      ],
      [
       -77.03881750703584,
       38.819133805131074
      ],
      [
       -77.03882750689573,
       38.819103806067595
      ],
      [
       -77.03882750689573,
       38.8190638073163
      ],
      [
       -77.03883750675561,
       38.81903380825282
      ],
      [
       -77.0388475066155,
       38.819013808877166
      ],
      [
       -77.03889750591495,
       38.81897381012587
      ],
      [
       -77.03892750549461,
       38.81896381043804
      ],
      [
       -77.03899750451382,
       38.81893381137457
      ],
      [
       -77.0390175042336,
       38.81891381199892
      ],
      [
       -77.03902750409348,
       38.81890381231109
      ],
      [
       -77.0390975031127,
       38.818923811686744
      ],
      [
       -77.03910750297258,
       38.81887381324761
      ],
      [
       -77.03897750479405,
       38.818833814496315
      ],
      [
       -77.0389375053545,
       38.81882381480849
      ],
      [
       -77.03891750563471,
       38.81879381574501
      ],
      [
       -77.03889750591495,
       38.81878381605719
      ],
      [
       -77.03889750591495,
       38.818773816369365
      ],
      [
       -77.03890750577483,
       38.81875381699371
      ],
      [
       -77.03891750563471,
       38.81874381730589
      ],
      [
       -77.0389375053545,
       38.81873381761806
      ],
      [
       -77.03894750521438,
       38.81870381855459
      ],
      [
       -77.03894750521438,
       38.818683819178936
      ],
      [
       -77.03894750521438,
       38.818663819803284
      ],
      [
       -77.0389375053545,
       38.81864382042764
      ],
      [
       -77.0389375053545,
       38.81861382136416
      ],
      [
       -77.03892750549461,
       38.818573822612855
      ],
      [
       -77.03889750591495,
       38.81854382354938
      ],
      [
       -77.03886750633528,
       38.81852382417373
      ],
      [
       -77.03882750689573,
       38.818513824485905
      ],
      [
       -77.03880750717595,
       38.81850382479808
      ],
      [
       -77.03879750731606,
       38.81849382511026
      ],
      [
       -77.03878750745618,
       38.818363829168526
      ],
      [
       -77.0387775075963,
       38.81829383135375
      ],
      [
       -77.03878750745618,
       38.81825383260245
      ],
      [
       -77.03880750717595,
       38.818243832914625
      ],
      [
       -77.03882750689573,
       38.81820383416333
      ],
      [
       -77.03881750703584,
       38.81807383822159
      ],
      [
       -77.03881750703584,
       38.81799384071899
      ],
      [
       -77.03880750717595,
       38.81795384196769
      ],
      [
       -77.0387675077364,
       38.81783384571379
      ],
      [
       -77.03869750871719,
       38.817593853205985
      ],
      [
       -77.03863750955786,
       38.81749385632773
      ],
      [
       -77.03857751039853,
       38.81731386194688
      ],
      [
       -77.03854751081887,
       38.81722386475645
      ],
      [
       -77.03852751109909,
       38.81715386694167
      ],
      [
       -77.03850751137932,
       38.81710386850255
      ],
      [
       -77.03848751165954,
       38.81707386943907
      ],
      [
       -77.03847751179966,
       38.81704387037559
      ],
      [
       -77.03850751137932,
       38.81701387131212
      ],
      [
       -77.0385175112392,
       38.816973872560816
      ],
      [
       -77.0385175112392,
       38.81690387474604
      ],
      [
       -77.03849751151942,
       38.816743879740834
      ],
      [
       -77.03849751151942,
       38.81660388411128
      ],
      [
       -77.03846751193976,
       38.81650388723303
      ],
      [
       -77.03844751221999,
       38.81639389066695
      ],
      [
       -77.0384375123601,
       38.81634389222783
      ],
      [
       -77.0384375123601,
       38.81628389410088
      ],
      [
       -77.0384275125002,
       38.816203896598275
      ],
      [
       -77.03841751264032,
       38.816203896598275
      ],
      [
       -77.03838751306066,
       38.81604390159307
      ],
      [
       -77.03831751404144,
       38.81595390440264
      ],
      [
       -77.03815751628323,
       38.81559391564093
      ],
      [
       -77.03808751726402,
       38.815523917826155
      ],
      [
       -77.03803751796458,
       38.815403921572255
      ],
      [
       -77.03784752062671,
       38.81523392687922
      ],
      [
       -77.03762752370918,
       38.815083931561844
      ],
      [
       -77.03744752623119,
       38.81498393468359
      ],
      [
       -77.03740752679164,
       38.81485393874186
      ],
      [
       -77.03732752791254,
       38.81468394404884
      ],
      [
       -77.0372775286131,
       38.814663944673185
      ],
      [
       -77.03729752833289,
       38.81456394779493
      ],
      [
       -77.03742752651142,
       38.81424395778453
      ],
      [
       -77.03747752581086,
       38.81409396246715
      ],
      [
       -77.03758752426963,
       38.81379397183239
      ],
      [
       -77.03757752440974,
       38.81356397901241
      ],
      [
       -77.03758752426963,
       38.81343398307068
      ],
      [
       -77.03758752426963,
       38.81330398712895
      ],
      [
       -77.03756752454986,
       38.81311399306027
      ],
      [
       -77.03756752454986,
       38.81302399586984
      ],
      [
       -77.03756752454986,
       38.81300399649419
      ],
      [
       -77.03756752454986,
       38.81296399774289
      ],
      [
       -77.03758752426963,
       38.81270400585944
      ],
      [
       -77.03762752370918,
       38.81270400585944
      ],
      [
       -77.03763752356907,
       38.81239401553685
      ],
      [
       -77.03764752342896,
       38.8123340174099
      ],
      [
       -77.03764752342896,
       38.81228401897077
      ],
      [
       -77.03765752328884,
       38.812154023029045
      ],
      [
       -77.03763752356907,
       38.81214402334122
      ],
      [
       -77.03763752356907,
       38.81211402427775
      ],
      [
       -77.0374375263713,
       38.812094024902095
      ],
      [
       -77.03739752693176,
       38.81208402521427
      ],
      [
       -77.03746752595097,
       38.81169403738908
      ],
      [
       -77.03762752370918,
       38.809794096702284
      ],
      [
       -77.03766752314873,
       38.80950410575535
      ],
      [
       -77.03741752665154,
       38.809494106067525
      ],
      [
       -77.03762752370918,
       38.80867413166586
      ],
      [
       -77.03764752342896,
       38.80855413541195
      ]
     ]
    ]
   }
  },
  {
   "type": "Feature",
   "properties": {
    "name": "Potomac West"
   },
   "geometry": {
    "type": "Polygon",
    "coordinates": [
     [
      [
       -77.06397715451381,
       38.83763322760779
      ],
      [
       -77.06374715773639,
       38.837433233851286
      ],
      [
       -77.06388715577481,
       38.83723324009478
      ],
      [
       -77.06234717735208,
       38.8358932819262
      ],
      [
       -77.06181718477802,
       38.835873282550544
      ],
      [
       -77.06154718856104,
       38.83562329035492
      ],
      [
       -77.06074719977,
       38.834953311270624
      ],
      [
       -77.06069720047057,
       38.8349033128315
      ],
      [
       -77.0606672008909,
       38.83485331439237
      ],
      [
       -77.06064720117114,
       38.83479331626542
      ],
      [
       -77.06063720131124,
       38.834713318762816
      ],
      [
       -77.06059720187169,
       38.834653320635866
      ],
      [
       -77.06053720271237,
       38.834623321572394
      ],
      [
       -77.06043720411348,
       38.834593322508915
      ],
      [
       -77.06032720565472,
       38.83457332313326
      ],
      [
       -77.0602572066355,
       38.83456332344544
      ],
      [
       -77.0601772077564,
       38.83456332344544
      ],
      [
       -77.06003720971796,
       38.83457332313326
      ],
      [
       -77.05833723353703,
       38.834063339054175
      ],
      [
       -77.05804723760028,
       38.83476331720195
      ],
      [
       -77.05772724208386,
       38.835483294725364
      ],
      [
       -77.05722724908946,
       38.83668325726439
      ],
      [
       -77.0571172506307,
       38.837053245713925
      ],
      [
       -77.05707725119115,
       38.83713324321653
      ],
      [
       -77.05670725637529,
       38.8380332151208
      ],
      [
       -77.05626726254023,
       38.839063182966804
      ],
      [
       -77.05616726394135,
       38.83927317641113
      ],
      [
       -77.05578726926561,
       38.840153148939756
      ],
      [
       -77.05536727515032,
       38.84109311959533
      ],
      [
       -77.05532727571077,
       38.84107312021968
      ],
      [
       -77.05523727697178,
       38.841043121156204
      ],
      [
       -77.05480728299659,
       38.840893125838825
      ],
      [
       -77.05416729196376,
       38.84067313270667
      ],
      [
       -77.05407729322478,
       38.84064313364319
      ],
      [
       -77.0539872944858,
       38.84060313489189
      ],
      [
       -77.0538972957468,
       38.840573135828414
      ],
      [
       -77.05380729700781,
       38.84053313707712
      ],
      [
       -77.05362729952982,
       38.840473138950166
      ],
      [
       -77.05354730065072,
       38.840453139574514
      ],
      [
       -77.05346730177162,
       38.84043314019886
      ],
      [
       -77.05343730219195,
       38.840423140511035
      ],
      [
       -77.05338730289252,
       38.840413140823216
      ],
      [
       -77.05327730443375,
       38.840393141447564
      ],
      [
       -77.05322730513431,
       38.84038314175974
      ],
      [
       -77.05319730555465,
       38.84038314175974
      ],
      [
       -77.05316730597498,
       38.84038314175974
      ],
      [
       -77.05313730639531,
       38.84038314175974
      ],
      [
       -77.05308730709588,
       38.84037314207191
      ],
      [
       -77.05300730821678,
       38.84037314207191
      ],
      [
       -77.05297730863711,
       38.84037314207191
      ],
      [
       -77.05294730905744,
       38.84037314207191
      ],
      [
       -77.05292730933768,
       38.84037314207191
      ],
      [
       -77.05288730989813,
       38.84037314207191
      ],
      [
       -77.05274731185969,
       38.840393141447564
      ],
      [
       -77.05271731228002,
       38.840393141447564
      ],
      [
       -77.05268731270036,
       38.84040314113539
      ],
      [
       -77.05260731382126,
       38.840413140823216
      ],
      [
       -77.05251731508227,
       38.84043314019886
      ],
      [
       -77.05246731578282,
       38.840453139574514
      ],
      [
       -77.05243731620317,
       38.840453139574514
      ],
      [
       -77.05238731690372,
       38.840473138950166
      ],
      [
       -77.05235731732407,
       38.84048313863799
      ],
      [
       -77.0523173178845,
       38.84017314831541
      ],
      [
       -77.05129733217595,
       38.832703381509944
      ],
      [
       -77.05094733707986,
       38.8299934661093
      ],
      [
       -77.0503373456267,
       38.825253614080125
      ],
      [
       -77.05035734534648,
       38.82473363031321
      ],
      [
       -77.05036734520637,
       38.824543636244535
      ],
      [
       -77.05046734380525,
       38.82388365684807
      ],
      [
       -77.05048734352502,
       38.82381365903329
      ],
      [
       -77.05067734086289,
       38.823213677763775
      ],
      [
       -77.05123733301662,
       38.82195371709779
      ],
      [
       -77.05180732503023,
       38.821053745193524
      ],
      [
       -77.05327730443375,
       38.81698387224864
      ],
      [
       -77.05377729742814,
       38.816143898471324
      ],
      [
       -77.05473728397737,
       38.81453394873146
      ],
      [
       -77.05542727430965,
       38.81334398588025
      ],
      [
       -77.05487728201581,
       38.813103993372444
      ],
      [
       -77.0550572794938,
       38.81278400336203
      ],
      [
       -77.05540727458987,
       38.81219402178035
      ],
      [
       -77.05575726968594,
       38.811674038013436
      ],
      [
       -77.05611726464191,
       38.81119405299782
      ],
      [
       -77.056377260999,
       38.81086406329959
      ],
      [
       -77.05680725497417,
       38.8103540792205
      ],
      [
       -77.05715725007025,
       38.809964091395315
      ],
      [
       -77.05758724404544,
       38.809524105131004
      ],
      [
       -77.05797723858106,
       38.80915411668147
      ],
      [
       -77.05869722849299,
       38.808514136660655
      ],
      [
       -77.05897722456984,
       38.80827414415285
      ],
      [
       -77.05906722330884,
       38.8082141460259
      ],
      [
       -77.05936721910548,
       38.80801415226939
      ],
      [
       -77.05957721616312,
       38.807864156952014
      ],
      [
       -77.06004720957786,
       38.80752416756595
      ],
      [
       -77.06006720929763,
       38.807514167878125
      ],
      [
       -77.0610871950062,
       38.80689418723296
      ],
      [
       -77.06219717945376,
       38.80705418223817
      ],
      [
       -77.06235717721196,
       38.80708418130164
      ],
      [
       -77.06245717581083,
       38.80713417974077
      ],
      [
       -77.06255717440972,
       38.807184178179895
      ],
      [
       -77.06263717328882,
       38.8073441731851
      ],
      [
       -77.06302716782444,
       38.80852413634848
      ],
      [
       -77.06329716404143,
       38.80939410918928
      ],
      [
       -77.06357716011829,
       38.81021408359095
      ],
      [
       -77.06418715157145,
       38.812124023965566
      ],
      [
       -77.0643971486291,
       38.812594009293356
      ],
      [
       -77.06563713125519,
       38.81527392563053
      ],
      [
       -77.06568713055464,
       38.815403921572255
      ],
      [
       -77.06576712943374,
       38.81566391345571
      ],
      [
       -77.06582712859306,
       38.81607390065655
      ],
      [
       -77.06602712579082,
       38.8174838566399
      ],
      [
       -77.06628712214791,
       38.81927380076063
      ],
      [
       -77.0665371186451,
       38.82109374394482
      ],
      [
       -77.0665371186451,
       38.82131373707698
      ],
      [
       -77.06647711948578,
       38.82151373083348
      ],
      [
       -77.06638712074678,
       38.82169372521434
      ],
      [
       -77.0661371242496,
       38.82213371147865
      ],
      [
       -77.06558713195575,
       38.82331367464203
      ],
      [
       -77.06525713657945,
       38.8240936502924
      ],
      [
       -77.06519713742013,
       38.82430364373673
      ],
      [
       -77.06519713742013,
       38.82450363749324
      ],
      [
       -77.0654671336371,
       38.825873594725294
      ],
      [
       -77.06558713195575,
       38.82644357693133
      ],
      [
       -77.06585712817272,
       38.827113556015625
      ],
      [
       -77.06588712775239,
       38.82727355102083
      ],
      [
       -77.06586712803262,
       38.82767353853384
      ],
      [
       -77.0658771278925,
       38.828023527607726
      ],
      [
       -77.06597712649138,
       38.82843351480856
      ],
      [
       -77.06601712593094,
       38.828533511686814
      ],
      [
       -77.0668671140214,
       38.831643414600464
      ],
      [
       -77.067527104774,
       38.8339933412394
      ],
      [
       -77.06758710393333,
       38.83431333124981
      ],
      [
       -77.06757710407345,
       38.83450332531849
      ],
      [
       -77.067527104774,
       38.834653320635866
      ],
      [
       -77.06690711346096,
       38.83572328723317
      ],
      [
       -77.06675711556264,
       38.8359732794288
      ],
      [
       -77.0665371186451,
       38.83621327193661
      ],
      [
       -77.06624712270836,
       38.83648326350789
      ],
      [
       -77.06559713181564,
       38.83702324665045
      ],
      [
       -77.06500714008226,
       38.837523231041715
      ],
      [
       -77.06472714400539,
       38.8378332213643
      ],
      [
       -77.06452714680763,
       38.83810321293558
      ],
      [
       -77.06452714680763,
       38.83810321293558
      ],
      [
       -77.06397715451381,
       38.83763322760779
      ]
     ]
    ]
   }
  },
  {
   "type": "Feature",
   "properties": {
    "name": "Potomac Yard/Potomac Greens"
   },
   "geometry": {
    "type": "Polygon",
    "coordinates": [
     [
      [
       -77.0409174776123,
       38.82337367276898
      ],
      [
       -77.04102747607106,
       38.82337367276898
      ],
      [
       -77.04364743936169,
       38.82343367089593
      ],
      [
       -77.04336744328484,
       38.826053589106145
      ],
      [
       -77.04378743740013,
       38.826083588169624
      ],
      [
       -77.0444674278725,
       38.82613358660875
      ],
      [
       -77.04485742240813,
       38.82588359441312
      ],
      [
       -77.04494742114713,
       38.82582359628617
      ],
      [
       -77.04506741946578,
       38.824813627815814
      ],
      [
       -77.04517741792455,
       38.82387365716024
      ],
      [
       -77.04522741722398,
       38.823473669647235
      ],
      [
       -77.04534741554264,
       38.822503699928184
      ],
      [
       -77.0453774151223,
       38.82233370523515
      ],
      [
       -77.0454574140014,
       38.82196371678562
      ],
      [
       -77.04519741764432,
       38.82179372209259
      ],
      [
       -77.04485742240813,
       38.821613727711735
      ],
      [
       -77.04706739144336,
       38.821443733018704
      ],
      [
       -77.04784738051461,
       38.821383734891754
      ],
      [
       -77.0481873757508,
       38.821343736140456
      ],
      [
       -77.04824737491013,
       38.8213237367648
      ],
      [
       -77.04829737420957,
       38.82131373707698
      ],
      [
       -77.0483573733689,
       38.821293737701325
      ],
      [
       -77.04840737266834,
       38.82126373863785
      ],
      [
       -77.04845737196777,
       38.8212437392622
      ],
      [
       -77.04850737126722,
       38.8212037405109
      ],
      [
       -77.04854737070677,
       38.821173741447424
      ],
      [
       -77.04858737014632,
       38.821143742383946
      ],
      [
       -77.04862736958587,
       38.82109374394482
      ],
      [
       -77.04878736734408,
       38.82088375050049
      ],
      [
       -77.04882736678363,
       38.820813752685716
      ],
      [
       -77.04886736622318,
       38.82072375549529
      ],
      [
       -77.04889736580284,
       38.82062375861704
      ],
      [
       -77.04905736356105,
       38.820053776410994
      ],
      [
       -77.04911736272038,
       38.81982378359101
      ],
      [
       -77.04914736230005,
       38.819783784839714
      ],
      [
       -77.0491773618797,
       38.81973378640059
      ],
      [
       -77.04923736103903,
       38.81968378796146
      ],
      [
       -77.04927736047858,
       38.819663788585814
      ],
      [
       -77.04932735977802,
       38.81964378921016
      ],
      [
       -77.04951735711589,
       38.81961379014668
      ],
      [
       -77.04957735627522,
       38.81970378733711
      ],
      [
       -77.04969735459387,
       38.81981378390319
      ],
      [
       -77.04976735361309,
       38.81988378171797
      ],
      [
       -77.04977735347298,
       38.81986378234232
      ],
      [
       -77.0499273513713,
       38.81965378889799
      ],
      [
       -77.05137733105505,
       38.817653851332935
      ],
      [
       -77.05311730667555,
       38.815793909397435
      ],
      [
       -77.05336730317273,
       38.81539392188443
      ],
      [
       -77.05357730023039,
       38.81506393218619
      ],
      [
       -77.0538972957468,
       38.81456394779493
      ],
      [
       -77.05472728411749,
       38.81304399524549
      ],
      [
       -77.05487728201581,
       38.813103993372444
      ],
      [
       -77.05542727430965,
       38.81334398588025
      ],
      [
       -77.05473728397737,
       38.81453394873146
      ],
      [
       -77.05377729742814,
       38.816143898471324
      ],
      [
       -77.05327730443375,
       38.81698387224864
      ],
      [
       -77.05180732503023,
       38.821053745193524
      ],
      [
       -77.05123733301662,
       38.82195371709779
      ],
      [
       -77.05067734086289,
       38.823213677763775
      ],
      [
       -77.05048734352502,
       38.82381365903329
      ],
      [
       -77.05023734702782,
       38.82384365809677
      ],
      [
       -77.05032734576682,
       38.824483638117584
      ],
      [
       -77.05035734534648,
       38.82473363031321
      ],
      [
       -77.0503373456267,
       38.825253614080125
      ],
      [
       -77.05094733707986,
       38.8299934661093
      ],
      [
       -77.05129733217595,
       38.832703381509944
      ],
      [
       -77.04971735431366,
       38.832823377763845
      ],
      [
       -77.04978735333287,
       38.83334336153076
      ],
      [
       -77.04857737028644,
       38.83343335872119
      ],
      [
       -77.0485973700062,
       38.83359335372639
      ],
      [
       -77.04820737547058,
       38.833623352789864
      ],
      [
       -77.0482773744898,
       38.83371334998029
      ],
      [
       -77.04834737350902,
       38.83381334685855
      ],
      [
       -77.04841737252822,
       38.83392334342462
      ],
      [
       -77.04847737168755,
       38.834003340927225
      ],
      [
       -77.04815737617115,
       38.83402334030288
      ],
      [
       -77.04718738976202,
       38.83410333780548
      ],
      [
       -77.04701739214391,
       38.83550329410102
      ],
      [
       -77.04700739228403,
       38.83562329035492
      ],
      [
       -77.04699739242415,
       38.83570328785752
      ],
      [
       -77.04699739242415,
       38.83582328411142
      ],
      [
       -77.04698739256426,
       38.835983279116626
      ],
      [
       -77.04698739256426,
       38.83616327349748
      ],
      [
       -77.04699739242415,
       38.83629326943921
      ],
      [
       -77.04700739228403,
       38.83642326538094
      ],
      [
       -77.04701739214391,
       38.83653326194701
      ],
      [
       -77.04702739200381,
       38.83664325851309
      ],
      [
       -77.0470373918637,
       38.83674325539135
      ],
      [
       -77.04705739158346,
       38.8368832510209
      ],
      [
       -77.04707739130325,
       38.836993247586975
      ],
      [
       -77.04710739088291,
       38.83711324384088
      ],
      [
       -77.04713739046258,
       38.83724323978261
      ],
      [
       -77.04718738976202,
       38.83745323322694
      ],
      [
       -77.04724738892133,
       38.837643227295615
      ],
      [
       -77.04732738780045,
       38.837853220739945
      ],
      [
       -77.04739738681965,
       38.83804321480863
      ],
      [
       -77.04748738555865,
       38.83824320856513
      ],
      [
       -77.0475273849982,
       38.83831320637991
      ],
      [
       -77.04756738443776,
       38.83840320357034
      ],
      [
       -77.04766738303664,
       38.83858319795119
      ],
      [
       -77.04854737070677,
       38.84011315018846
      ],
      [
       -77.04936735921758,
       38.8400531520615
      ],
      [
       -77.04940735865713,
       38.84031314394496
      ],
      [
       -77.05034734548659,
       38.840273145193656
      ],
      [
       -77.0523173178845,
       38.84017314831541
      ],
      [
       -77.05235731732407,
       38.84048313863799
      ],
      [
       -77.05228731830485,
       38.840513137701464
      ],
      [
       -77.0522473188653,
       38.84053313707712
      ],
      [
       -77.05205732152743,
       38.84063313395537
      ],
      [
       -77.05198732250821,
       38.84066313301884
      ],
      [
       -77.05186732418956,
       38.840743130521446
      ],
      [
       -77.05174732587089,
       38.84081312833622
      ],
      [
       -77.05168732671157,
       38.84085312708753
      ],
      [
       -77.05156732839292,
       38.84093312459012
      ],
      [
       -77.05145732993415,
       38.841013122092725
      ],
      [
       -77.05136733119515,
       38.8410831199075
      ],
      [
       -77.05109733497818,
       38.841273113976186
      ],
      [
       -77.05081733890133,
       38.84145310835704
      ],
      [
       -77.05078733932166,
       38.84147310773269
      ],
      [
       -77.05075733974199,
       38.84149310710834
      ],
      [
       -77.05073734002222,
       38.84149310710834
      ],
      [
       -77.05071734030244,
       38.841513106483994
      ],
      [
       -77.05064734128322,
       38.84153310585964
      ],
      [
       -77.05062734156346,
       38.841543105547466
      ],
      [
       -77.05061734170357,
       38.841543105547466
      ],
      [
       -77.05059734198379,
       38.84155310523529
      ],
      [
       -77.05056734240412,
       38.84156310492312
      ],
      [
       -77.05054734268435,
       38.84156310492312
      ],
      [
       -77.05053734282446,
       38.841573104610944
      ],
      [
       -77.05051734310469,
       38.841573104610944
      ],
      [
       -77.05048734352502,
       38.84158310429877
      ],
      [
       -77.05046734380525,
       38.84158310429877
      ],
      [
       -77.05044734408547,
       38.84158310429877
      ],
      [
       -77.05037734506625,
       38.84159310398659
      ],
      [
       -77.05036734520637,
       38.841603103674416
      ],
      [
       -77.05034734548659,
       38.841603103674416
      ],
      [
       -77.05027734646738,
       38.841603103674416
      ],
      [
       -77.0502573467476,
       38.841603103674416
      ],
      [
       -77.05024734688772,
       38.841603103674416
      ],
      [
       -77.05019734758827,
       38.841603103674416
      ],
      [
       -77.0501773478685,
       38.841603103674416
      ],
      [
       -77.05015734814872,
       38.841603103674416
      ],
      [
       -77.0500973489894,
       38.841603103674416
      ],
      [
       -77.05007734926961,
       38.84159310398659
      ],
      [
       -77.05005734954985,
       38.84159310398659
      ],
      [
       -77.04997735067074,
       38.84158310429877
      ],
      [
       -77.0499273513713,
       38.84156310492312
      ],
      [
       -77.04989735179164,
       38.84156310492312
      ],
      [
       -77.04988735193174,
       38.84155310523529
      ],
      [
       -77.04986735221198,
       38.84155310523529
      ],
      [
       -77.0498473524922,
       38.841543105547466
      ],
      [
       -77.04981735291253,
       38.84153310585964
      ],
      [
       -77.04980735305264,
       38.84152310617181
      ],
      [
       -77.04978735333287,
       38.84152310617181
      ],
      [
       -77.04974735389332,
       38.84150310679617
      ],
      [
       -77.04965735515432,
       38.84146310804486
      ],
      [
       -77.04956735641534,
       38.84143310898139
      ],
      [
       -77.04947735767634,
       38.84140310991791
      ],
      [
       -77.04938735893735,
       38.84138311054226
      ],
      [
       -77.04933735963792,
       38.841373110854434
      ],
      [
       -77.04924736089892,
       38.84134311179096
      ],
      [
       -77.0491773618797,
       38.841333112103136
      ],
      [
       -77.04903736384128,
       38.841313112727484
      ],
      [
       -77.04896736482206,
       38.84130311303966
      ],
      [
       -77.04882736678363,
       38.84129311335184
      ],
      [
       -77.04875736776441,
       38.84128311366401
      ],
      [
       -77.0486873687452,
       38.841273113976186
      ],
      [
       -77.04853737084689,
       38.841273113976186
      ],
      [
       -77.04846737182767,
       38.84126311428836
      ],
      [
       -77.04839737280845,
       38.84126311428836
      ],
      [
       -77.0482673746299,
       38.841273113976186
      ],
      [
       -77.0466173977484,
       38.841213115849236
      ],
      [
       -77.0464474001303,
       38.84120311616141
      ],
      [
       -77.04638740097099,
       38.84119311647358
      ],
      [
       -77.04632740181165,
       38.84119311647358
      ],
      [
       -77.04630740209188,
       38.84118311678576
      ],
      [
       -77.046207403493,
       38.840473138950166
      ],
      [
       -77.0460374058749,
       38.840413140823216
      ],
      [
       -77.04597740671558,
       38.84033314332061
      ],
      [
       -77.04594740713591,
       38.84029314456931
      ],
      [
       -77.04586740825681,
       38.84014314925193
      ],
      [
       -77.04584740853703,
       38.84004315237368
      ],
      [
       -77.04584740853703,
       38.840003153622376
      ],
      [
       -77.04590740769636,
       38.840003153622376
      ],
      [
       -77.04593740727603,
       38.840003153622376
      ],
      [
       -77.0459574069958,
       38.840003153622376
      ],
      [
       -77.0459574069958,
       38.839983154246724
      ],
      [
       -77.04598740657546,
       38.83996315487108
      ],
      [
       -77.04599740643535,
       38.83996315487108
      ],
      [
       -77.04602740601501,
       38.83996315487108
      ],
      [
       -77.04606740545456,
       38.839973154558905
      ],
      [
       -77.04608740517435,
       38.839973154558905
      ],
      [
       -77.04609740503423,
       38.839983154246724
      ],
      [
       -77.04611740475401,
       38.83999315393455
      ],
      [
       -77.04618740377322,
       38.84004315237368
      ],
      [
       -77.04623740307267,
       38.84006315174933
      ],
      [
       -77.04624740293255,
       38.84007315143715
      ],
      [
       -77.04625740279243,
       38.84008315112498
      ],
      [
       -77.04629740223199,
       38.840093150812805
      ],
      [
       -77.04630740209188,
       38.84008315112498
      ],
      [
       -77.04632740181165,
       38.84007315143715
      ],
      [
       -77.04633740167154,
       38.84006315174933
      ],
      [
       -77.0463674012512,
       38.84006315174933
      ],
      [
       -77.04638740097099,
       38.84007315143715
      ],
      [
       -77.04640740069075,
       38.84007315143715
      ],
      [
       -77.04641740055065,
       38.8400531520615
      ],
      [
       -77.04643740027042,
       38.8400531520615
      ],
      [
       -77.0464474001303,
       38.840033152685855
      ],
      [
       -77.0464474001303,
       38.83999315393455
      ],
      [
       -77.0464474001303,
       38.839983154246724
      ],
      [
       -77.04646739985009,
       38.839973154558905
      ],
      [
       -77.04647739970997,
       38.83996315487108
      ],
      [
       -77.04647739970997,
       38.839943155495426
      ],
      [
       -77.04648739956986,
       38.839923156119774
      ],
      [
       -77.04650739928964,
       38.83991315643195
      ],
      [
       -77.04650739928964,
       38.8398931570563
      ],
      [
       -77.04650739928964,
       38.839883157368476
      ],
      [
       -77.04648739956986,
       38.83986315799282
      ],
      [
       -77.04646739985009,
       38.839853158305
      ],
      [
       -77.0464474001303,
       38.839853158305
      ],
      [
       -77.04641740055065,
       38.839833158929345
      ],
      [
       -77.04640740069075,
       38.8398131595537
      ],
      [
       -77.04640740069075,
       38.83979316017805
      ],
      [
       -77.04641740055065,
       38.839773160802395
      ],
      [
       -77.04640740069075,
       38.83976316111457
      ],
      [
       -77.04639740083087,
       38.83974316173892
      ],
      [
       -77.0463674012512,
       38.8397331620511
      ],
      [
       -77.04635740139132,
       38.83972316236327
      ],
      [
       -77.04633740167154,
       38.839683163611966
      ],
      [
       -77.04629740223199,
       38.839653164548494
      ],
      [
       -77.04629740223199,
       38.83964316486067
      ],
      [
       -77.04630740209188,
       38.839563167358065
      ],
      [
       -77.04630740209188,
       38.83954316798241
      ],
      [
       -77.04629740223199,
       38.83952316860677
      ],
      [
       -77.04627740251222,
       38.839503169231115
      ],
      [
       -77.04624740293255,
       38.83949316954329
      ],
      [
       -77.04624740293255,
       38.83948316985546
      ],
      [
       -77.04624740293255,
       38.83945317079199
      ],
      [
       -77.04622740321278,
       38.83945317079199
      ],
      [
       -77.046207403493,
       38.839443171104165
      ],
      [
       -77.04619740363312,
       38.83943317141634
      ],
      [
       -77.04618740377322,
       38.83942317172851
      ],
      [
       -77.04617740391333,
       38.83940317235286
      ],
      [
       -77.04617740391333,
       38.839393172665034
      ],
      [
       -77.04618740377322,
       38.83937317328939
      ],
      [
       -77.046207403493,
       38.83936317360156
      ],
      [
       -77.046207403493,
       38.83933317453808
      ],
      [
       -77.04619740363312,
       38.83930317547461
      ],
      [
       -77.04617740391333,
       38.83928317609896
      ],
      [
       -77.04613740447378,
       38.83926317672331
      ],
      [
       -77.04611740475401,
       38.839243177347655
      ],
      [
       -77.04609740503423,
       38.83922317797201
      ],
      [
       -77.04607740531446,
       38.83921317828418
      ],
      [
       -77.04606740545456,
       38.83921317828418
      ],
      [
       -77.0460474057348,
       38.83915318015723
      ],
      [
       -77.04602740601501,
       38.83913318078158
      ],
      [
       -77.04601740615513,
       38.83911318140593
      ],
      [
       -77.04601740615513,
       38.83909318203028
      ],
      [
       -77.04600740629525,
       38.83907318265463
      ],
      [
       -77.04598740657546,
       38.839063182966804
      ],
      [
       -77.04594740713591,
       38.83904318359115
      ],
      [
       -77.04593740727603,
       38.8390231842155
      ],
      [
       -77.04592740741614,
       38.839003184839854
      ],
      [
       -77.04590740769636,
       38.8389831854642
      ],
      [
       -77.0458874079766,
       38.8389831854642
      ],
      [
       -77.04581740895738,
       38.83895318640072
      ],
      [
       -77.04576740965793,
       38.83892318733725
      ],
      [
       -77.04574740993816,
       38.838913187649425
      ],
      [
       -77.04572741021838,
       38.838883188585946
      ],
      [
       -77.04572741021838,
       38.83887318889813
      ],
      [
       -77.04571741035849,
       38.83887318889813
      ],
      [
       -77.04569741063872,
       38.8388631892103
      ],
      [
       -77.04566741105906,
       38.838853189522474
      ],
      [
       -77.04564741133927,
       38.8388631892103
      ],
      [
       -77.04563741147939,
       38.83887318889813
      ],
      [
       -77.04560741189972,
       38.83887318889813
      ],
      [
       -77.04558741217996,
       38.8388631892103
      ],
      [
       -77.04555741260029,
       38.83884318983465
      ],
      [
       -77.04551741316074,
       38.83880319108334
      ],
      [
       -77.04549741344096,
       38.8387831917077
      ],
      [
       -77.04548741358107,
       38.83877319201987
      ],
      [
       -77.04543741428164,
       38.83875319264422
      ],
      [
       -77.04540741470197,
       38.83874319295639
      ],
      [
       -77.04539741484209,
       38.83873319326857
      ],
      [
       -77.04538741498219,
       38.838703194205095
      ],
      [
       -77.0453774151223,
       38.83868319482944
      ],
      [
       -77.04536741526242,
       38.83866319545379
      ],
      [
       -77.04536741526242,
       38.838643196078145
      ],
      [
       -77.04536741526242,
       38.83862319670249
      ],
      [
       -77.04534741554264,
       38.838613197014666
      ],
      [
       -77.04533741568275,
       38.838593197639014
      ],
      [
       -77.04532741582287,
       38.838553198887716
      ],
      [
       -77.04532741582287,
       38.838533199512064
      ],
      [
       -77.04532741582287,
       38.83851320013641
      ],
      [
       -77.04531741596297,
       38.838493200760766
      ],
      [
       -77.04526741666353,
       38.83847320138511
      ],
      [
       -77.04528741638332,
       38.83840320357034
      ],
      [
       -77.04530741610309,
       38.83839320388251
      ],
      [
       -77.04531741596297,
       38.83836320481903
      ],
      [
       -77.04533741568275,
       38.838323206067734
      ],
      [
       -77.04534741554264,
       38.83830320669208
      ],
      [
       -77.04535741540253,
       38.838293207004256
      ],
      [
       -77.0453774151223,
       38.83828320731644
      ],
      [
       -77.04539741484209,
       38.838263207940784
      ],
      [
       -77.04540741470197,
       38.83824320856513
      ],
      [
       -77.04540741470197,
       38.83822320918948
      ],
      [
       -77.04541741456185,
       38.838203209813834
      ],
      [
       -77.04541741456185,
       38.83818321043818
      ],
      [
       -77.04543741428164,
       38.83814321168688
      ],
      [
       -77.04543741428164,
       38.83812321231123
      ],
      [
       -77.04543741428164,
       38.83810321293558
      ],
      [
       -77.04542741442174,
       38.838053214496455
      ],
      [
       -77.04542741442174,
       38.8380332151208
      ],
      [
       -77.04543741428164,
       38.83801321574515
      ],
      [
       -77.04543741428164,
       38.837993216369505
      ],
      [
       -77.04542741442174,
       38.83797321699385
      ],
      [
       -77.04542741442174,
       38.8379532176182
      ],
      [
       -77.04542741442174,
       38.83792321855472
      ],
      [
       -77.04543741428164,
       38.837903219179076
      ],
      [
       -77.04543741428164,
       38.8378732201156
      ],
      [
       -77.04543741428164,
       38.83786322042777
      ],
      [
       -77.04541741456185,
       38.8378332213643
      ],
      [
       -77.04541741456185,
       38.83781322198865
      ],
      [
       -77.04541741456185,
       38.83780322230082
      ],
      [
       -77.04541741456185,
       38.837793222612994
      ],
      [
       -77.04539741484209,
       38.83777322323735
      ],
      [
       -77.0453774151223,
       38.83776322354952
      ],
      [
       -77.04535741540253,
       38.83774322417387
      ],
      [
       -77.04532741582287,
       38.83772322479822
      ],
      [
       -77.04532741582287,
       38.837673226359094
      ],
      [
       -77.04532741582287,
       38.83742323416346
      ],
      [
       -77.04531741596297,
       38.83739323509999
      ],
      [
       -77.04530741610309,
       38.83739323509999
      ],
      [
       -77.04528741638332,
       38.83736323603651
      ],
      [
       -77.04527741652342,
       38.83735323634868
      ],
      [
       -77.04526741666353,
       38.83734323666086
      ],
      [
       -77.04526741666353,
       38.83733323697304
      ],
      [
       -77.04525741680365,
       38.83732323728521
      ],
      [
       -77.04526741666353,
       38.837313237597385
      ],
      [
       -77.04526741666353,
       38.83730323790956
      ],
      [
       -77.04526741666353,
       38.83729323822173
      ],
      [
       -77.04527741652342,
       38.83727323884608
      ],
      [
       -77.0452974162432,
       38.83727323884608
      ],
      [
       -77.04530741610309,
       38.837253239470435
      ],
      [
       -77.04531741596297,
       38.83724323978261
      ],
      [
       -77.04532741582287,
       38.837223240406956
      ],
      [
       -77.04532741582287,
       38.83717324196783
      ],
      [
       -77.04530741610309,
       38.837163242280006
      ],
      [
       -77.0452974162432,
       38.83713324321653
      ],
      [
       -77.0452974162432,
       38.83709324446523
      ],
      [
       -77.04527741652342,
       38.837043246026106
      ],
      [
       -77.04527741652342,
       38.83701324696263
      ],
      [
       -77.04526741666353,
       38.83695324883568
      ],
      [
       -77.04525741680365,
       38.83691325008437
      ],
      [
       -77.04523741708387,
       38.83682325289395
      ],
      [
       -77.04524741694377,
       38.836783254142645
      ],
      [
       -77.04523741708387,
       38.83677325445482
      ],
      [
       -77.04522741722398,
       38.83674325539135
      ],
      [
       -77.04522741722398,
       38.83671325632787
      ],
      [
       -77.04523741708387,
       38.83668325726439
      ],
      [
       -77.04522741722398,
       38.836663257888745
      ],
      [
       -77.0452174173641,
       38.83665325820092
      ],
      [
       -77.0452174173641,
       38.836633258825266
      ],
      [
       -77.0452174173641,
       38.836603259761795
      ],
      [
       -77.0452174173641,
       38.83659326007397
      ],
      [
       -77.04519741764432,
       38.83650326288354
      ],
      [
       -77.04514741834488,
       38.836453264444415
      ],
      [
       -77.04514741834488,
       38.83639326631746
      ],
      [
       -77.04514741834488,
       38.83637326694181
      ],
      [
       -77.045137418485,
       38.83635326756616
      ],
      [
       -77.0451274186251,
       38.83632326850268
      ],
      [
       -77.0451274186251,
       38.836313268814855
      ],
      [
       -77.0451274186251,
       38.83627327006356
      ],
      [
       -77.04511741876522,
       38.836253270687905
      ],
      [
       -77.04511741876522,
       38.83624327100008
      ],
      [
       -77.04510741890533,
       38.83623327131226
      ],
      [
       -77.04509741904545,
       38.83621327193661
      ],
      [
       -77.04508741918555,
       38.836193272560955
      ],
      [
       -77.04507741932566,
       38.8361732731853
      ],
      [
       -77.04506741946578,
       38.83615327380966
      ],
      [
       -77.0450574196059,
       38.83614327412183
      ],
      [
       -77.04503741988611,
       38.83612327474618
      ],
      [
       -77.04502742002623,
       38.8360932756827
      ],
      [
       -77.04502742002623,
       38.836073276307054
      ],
      [
       -77.045047419746,
       38.836043277243576
      ],
      [
       -77.04509741904545,
       38.83599327880445
      ],
      [
       -77.04510741890533,
       38.8359732794288
      ],
      [
       -77.04511741876522,
       38.83596327974097
      ],
      [
       -77.0451274186251,
       38.83595328005315
      ],
      [
       -77.04514741834488,
       38.835923280989675
      ],
      [
       -77.04514741834488,
       38.83590328161402
      ],
      [
       -77.0451274186251,
       38.8358932819262
      ],
      [
       -77.04509741904545,
       38.835863282862725
      ],
      [
       -77.04508741918555,
       38.83584328348707
      ],
      [
       -77.04508741918555,
       38.83582328411142
      ],
      [
       -77.04506741946578,
       38.83580328473577
      ],
      [
       -77.0450574196059,
       38.83579328504795
      ],
      [
       -77.04503741988611,
       38.835773285672296
      ],
      [
       -77.04503741988611,
       38.83573328692099
      ],
      [
       -77.045047419746,
       38.83569328816969
      ],
      [
       -77.045047419746,
       38.83567328879404
      ],
      [
       -77.04503741988611,
       38.83563329004274
      ],
      [
       -77.04503741988611,
       38.835603290979265
      ],
      [
       -77.04501742016635,
       38.83559329129144
      ],
      [
       -77.04501742016635,
       38.83558329160361
      ],
      [
       -77.04501742016635,
       38.83555329254014
      ],
      [
       -77.04501742016635,
       38.835543292852314
      ],
      [
       -77.04501742016635,
       38.83553329316449
      ],
      [
       -77.04501742016635,
       38.83550329410102
      ],
      [
       -77.04501742016635,
       38.83546329534971
      ],
      [
       -77.04500742030645,
       38.835453295661885
      ],
      [
       -77.04500742030645,
       38.83541329691059
      ],
      [
       -77.04499742044656,
       38.83538329784711
      ],
      [
       -77.04498742058668,
       38.835333299407985
      ],
      [
       -77.04498742058668,
       38.83532329972016
      ],
      [
       -77.04498742058668,
       38.83529330065668
      ],
      [
       -77.0449674208669,
       38.83528330096886
      ],
      [
       -77.04495742100701,
       38.83526330159321
      ],
      [
       -77.04494742114713,
       38.835223302841904
      ],
      [
       -77.04495742100701,
       38.83520330346626
      ],
      [
       -77.04491742156746,
       38.83519330377843
      ],
      [
       -77.04490742170758,
       38.83516330471495
      ],
      [
       -77.04490742170758,
       38.835103306588
      ],
      [
       -77.04489742184768,
       38.83503330877323
      ],
      [
       -77.04489742184768,
       38.835013309397574
      ],
      [
       -77.0448874219878,
       38.83499331002192
      ],
      [
       -77.04487742212791,
       38.834973310646276
      ],
      [
       -77.04487742212791,
       38.834953311270624
      ],
      [
       -77.04486742226803,
       38.83493331189497
      ],
      [
       -77.04485742240813,
       38.834913312519326
      ],
      [
       -77.04486742226803,
       38.834893313143674
      ],
      [
       -77.04485742240813,
       38.83487331376802
      ],
      [
       -77.04484742254824,
       38.83485331439237
      ],
      [
       -77.04483742268836,
       38.83485331439237
      ],
      [
       -77.04483742268836,
       38.83483331501672
      ],
      [
       -77.04482742282848,
       38.8348233153289
      ],
      [
       -77.04482742282848,
       38.8348233153289
      ],
      [
       -77.04481742296858,
       38.83478331657759
      ],
      [
       -77.04481742296858,
       38.83475331751412
      ],
      [
       -77.0448074231087,
       38.83473331813847
      ],
      [
       -77.04478742338891,
       38.834713318762816
      ],
      [
       -77.04477742352903,
       38.83469331938717
      ],
      [
       -77.04477742352903,
       38.83464332094804
      ],
      [
       -77.04473742408948,
       38.834593322508915
      ],
      [
       -77.04472742422959,
       38.83457332313326
      ],
      [
       -77.04472742422959,
       38.83454332406979
      ],
      [
       -77.04472742422959,
       38.83450332531849
      ],
      [
       -77.04472742422959,
       38.834473326255015
      ],
      [
       -77.04470742450981,
       38.83445332687936
      ],
      [
       -77.04468742479004,
       38.834423327815884
      ],
      [
       -77.04467742493016,
       38.83439332875241
      ],
      [
       -77.04465742521037,
       38.834363329688934
      ],
      [
       -77.04464742535049,
       38.83431333124981
      ],
      [
       -77.0446374254906,
       38.83429333187416
      ],
      [
       -77.04462742563071,
       38.83426333281068
      ],
      [
       -77.04462742563071,
       38.83423333374721
      ],
      [
       -77.04462742563071,
       38.834213334371555
      ],
      [
       -77.04458742619116,
       38.834153336244604
      ],
      [
       -77.04457742633127,
       38.83413333686895
      ],
      [
       -77.04455742661149,
       38.8341133374933
      ],
      [
       -77.04453742689172,
       38.834093338117654
      ],
      [
       -77.04453742689172,
       38.834063339054175
      ],
      [
       -77.04451742717194,
       38.8339933412394
      ],
      [
       -77.04450742731206,
       38.83398334155157
      ],
      [
       -77.04450742731206,
       38.8339533424881
      ],
      [
       -77.04448742759229,
       38.83392334342462
      ],
      [
       -77.04447742773239,
       38.83390334404897
      ],
      [
       -77.04445742801262,
       38.833883344673325
      ],
      [
       -77.04444742815272,
       38.8338733449855
      ],
      [
       -77.04444742815272,
       38.833833346234194
      ],
      [
       -77.04443742829284,
       38.83381334685855
      ],
      [
       -77.04443742829284,
       38.833793347482896
      ],
      [
       -77.04439742885329,
       38.83376334841942
      ],
      [
       -77.0443874289934,
       38.83374334904377
      ],
      [
       -77.04436742927362,
       38.83371334998029
      ],
      [
       -77.04434742955385,
       38.83369335060464
      ],
      [
       -77.04433742969397,
       38.833683350916814
      ],
      [
       -77.04433742969397,
       38.83366335154117
      ],
      [
       -77.04431742997419,
       38.83363335247769
      ],
      [
       -77.04429743025442,
       38.833623352789864
      ],
      [
       -77.04424743095497,
       38.833583354038566
      ],
      [
       -77.04423743109508,
       38.833583354038566
      ],
      [
       -77.0442174313753,
       38.833563354662914
      ],
      [
       -77.0442174313753,
       38.83355335497509
      ],
      [
       -77.04419743165553,
       38.833533355599435
      ],
      [
       -77.04416743207587,
       38.833523355911616
      ],
      [
       -77.0441374324962,
       38.833523355911616
      ],
      [
       -77.04410743291653,
       38.833523355911616
      ],
      [
       -77.04408743319676,
       38.833523355911616
      ],
      [
       -77.04406743347698,
       38.833523355911616
      ],
      [
       -77.04403743389733,
       38.833523355911616
      ],
      [
       -77.043977434738,
       38.83351335622379
      ],
      [
       -77.04395743501823,
       38.833503356535964
      ],
      [
       -77.04394743515833,
       38.83349335684814
      ],
      [
       -77.04393743529845,
       38.833473357472485
      ],
      [
       -77.04391743557866,
       38.83345335809683
      ],
      [
       -77.04391743557866,
       38.83344335840901
      ],
      [
       -77.0438974358589,
       38.83342335903336
      ],
      [
       -77.04386743627923,
       38.83342335903336
      ],
      [
       -77.04383743669956,
       38.833413359345535
      ],
      [
       -77.04377743754024,
       38.83337336059424
      ],
      [
       -77.04377743754024,
       38.833353361218585
      ],
      [
       -77.04379743726001,
       38.83331336246728
      ],
      [
       -77.04378743740013,
       38.833263364028156
      ],
      [
       -77.04379743726001,
       38.83325336434033
      ],
      [
       -77.04382743683968,
       38.8332433646525
      ],
      [
       -77.04384743655946,
       38.83322336527686
      ],
      [
       -77.04384743655946,
       38.83321336558903
      ],
      [
       -77.04382743683968,
       38.83319336621338
      ],
      [
       -77.04378743740013,
       38.83318336652555
      ],
      [
       -77.04376743768036,
       38.83317336683773
      ],
      [
       -77.04375743782046,
       38.83315336746208
      ],
      [
       -77.04375743782046,
       38.83313336808643
      ],
      [
       -77.04376743768036,
       38.8331233683986
      ],
      [
       -77.04378743740013,
       38.83310336902295
      ],
      [
       -77.04378743740013,
       38.833093369335124
      ],
      [
       -77.04378743740013,
       38.83306337027165
      ],
      [
       -77.04375743782046,
       38.833043370896
      ],
      [
       -77.04374743796058,
       38.83301337183252
      ],
      [
       -77.04373743810069,
       38.832993372456876
      ],
      [
       -77.04373743810069,
       38.8329633733934
      ],
      [
       -77.04371743838091,
       38.832943374017745
      ],
      [
       -77.04367743894136,
       38.832883375890795
      ],
      [
       -77.04367743894136,
       38.83286337651515
      ],
      [
       -77.04366743908147,
       38.832823377763845
      ],
      [
       -77.04366743908147,
       38.83281337807602
      ],
      [
       -77.04366743908147,
       38.83278337901255
      ],
      [
       -77.04366743908147,
       38.832763379636894
      ],
      [
       -77.04363743950181,
       38.83269338182212
      ],
      [
       -77.04362743964192,
       38.832673382446465
      ],
      [
       -77.04360743992214,
       38.83265338307081
      ],
      [
       -77.04361743978204,
       38.832613384319515
      ],
      [
       -77.04361743978204,
       38.83260338463169
      ],
      [
       -77.04360743992214,
       38.83258338525604
      ],
      [
       -77.04359744006226,
       38.83256338588039
      ],
      [
       -77.04359744006226,
       38.832463389002136
      ],
      [
       -77.0435574406227,
       38.832403390875186
      ],
      [
       -77.04354744076282,
       38.83238339149953
      ],
      [
       -77.04353744090292,
       38.83237339181171
      ],
      [
       -77.04354744076282,
       38.83230339399693
      ],
      [
       -77.04353744090292,
       38.83228339462128
      ],
      [
       -77.04352744104304,
       38.83224339586998
      ],
      [
       -77.04351744118316,
       38.8322133968065
      ],
      [
       -77.04349744146337,
       38.83215339867955
      ],
      [
       -77.04348744160349,
       38.832113399928254
      ],
      [
       -77.04346744188372,
       38.83207340117695
      ],
      [
       -77.04345744202382,
       38.831993403674346
      ],
      [
       -77.04346744188372,
       38.831903406483924
      ],
      [
       -77.04337744314472,
       38.83184340835697
      ],
      [
       -77.04336744328484,
       38.831813409293495
      ],
      [
       -77.04335744342495,
       38.83178341023002
      ],
      [
       -77.04335744342495,
       38.83177341054219
      ],
      [
       -77.04334744356505,
       38.83174341147872
      ],
      [
       -77.04333744370517,
       38.83171341241524
      ],
      [
       -77.04333744370517,
       38.83169341303959
      ],
      [
       -77.04332744384529,
       38.83167341366394
      ],
      [
       -77.04332744384529,
       38.831663413976116
      ],
      [
       -77.0433174439854,
       38.83163341491264
      ],
      [
       -77.0433074441255,
       38.83161341553699
      ],
      [
       -77.0433074441255,
       38.83159341616134
      ],
      [
       -77.04329744426562,
       38.83157341678569
      ],
      [
       -77.04327744454585,
       38.83152341834656
      ],
      [
       -77.04326744468595,
       38.83151341865874
      ],
      [
       -77.04321744538652,
       38.83144342084396
      ],
      [
       -77.04320744552663,
       38.83142342146831
      ],
      [
       -77.04317744594697,
       38.83141342178048
      ],
      [
       -77.04316744608708,
       38.83139342240484
      ],
      [
       -77.0431474463673,
       38.83136342334136
      ],
      [
       -77.04312744664753,
       38.83135342365353
      ],
      [
       -77.04309744706786,
       38.831343423965706
      ],
      [
       -77.04307744734808,
       38.83132342459006
      ],
      [
       -77.04305744762831,
       38.83130342521441
      ],
      [
       -77.04300744832886,
       38.83125342677528
      ],
      [
       -77.04295744902943,
       38.83123342739963
      ],
      [
       -77.04293744930966,
       38.831223427711805
      ],
      [
       -77.04288745001021,
       38.83121342802398
      ],
      [
       -77.04285745043055,
       38.83120342833615
      ],
      [
       -77.04283745071078,
       38.83119342864833
      ],
      [
       -77.042817450991,
       38.83119342864833
      ],
      [
       -77.04278745141134,
       38.83119342864833
      ],
      [
       -77.04275745183168,
       38.83119342864833
      ],
      [
       -77.04269745267234,
       38.83120342833615
      ],
      [
       -77.04266745309268,
       38.83120342833615
      ],
      [
       -77.04264745337291,
       38.83121342802398
      ],
      [
       -77.04260745393336,
       38.83121342802398
      ],
      [
       -77.0425674544938,
       38.83121342802398
      ],
      [
       -77.04254745477402,
       38.831223427711805
      ],
      [
       -77.04251745519436,
       38.83123342739963
      ],
      [
       -77.04250745533447,
       38.83125342677528
      ],
      [
       -77.04249745547459,
       38.83125342677528
      ],
      [
       -77.0424774557548,
       38.83125342677528
      ],
      [
       -77.04245745603504,
       38.83124342708746
      ],
      [
       -77.04242745645537,
       38.831223427711805
      ],
      [
       -77.04238745701582,
       38.831223427711805
      ],
      [
       -77.04232745785649,
       38.83125342677528
      ],
      [
       -77.04212746065873,
       38.83132342459006
      ],
      [
       -77.04210746093896,
       38.83133342427788
      ],
      [
       -77.04210746093896,
       38.83135342365353
      ],
      [
       -77.04210746093896,
       38.831373423029184
      ],
      [
       -77.04210746093896,
       38.83141342178048
      ],
      [
       -77.04210746093896,
       38.83142342146831
      ],
      [
       -77.04206746149941,
       38.83142342146831
      ],
      [
       -77.04204746177963,
       38.83142342146831
      ],
      [
       -77.04203746191975,
       38.831433421156135
      ],
      [
       -77.04200746234008,
       38.83145342053179
      ],
      [
       -77.04197746276041,
       38.83148341959526
      ],
      [
       -77.04197746276041,
       38.831493419283085
      ],
      [
       -77.04196746290053,
       38.83150341897091
      ],
      [
       -77.04196746290053,
       38.831543417722216
      ],
      [
       -77.04197746276041,
       38.831553417410035
      ],
      [
       -77.04197746276041,
       38.83156341709786
      ],
      [
       -77.04196746290053,
       38.83157341678569
      ],
      [
       -77.04195746304065,
       38.831583416473514
      ],
      [
       -77.04195746304065,
       38.83159341616134
      ],
      [
       -77.04197746276041,
       38.831603415849166
      ],
      [
       -77.0419974624802,
       38.83162341522481
      ],
      [
       -77.0419974624802,
       38.83163341491264
      ],
      [
       -77.0419974624802,
       38.831643414600464
      ],
      [
       -77.0419974624802,
       38.83165341428829
      ],
      [
       -77.0419974624802,
       38.83169341303959
      ],
      [
       -77.04202746205986,
       38.83178341023002
      ],
      [
       -77.04204746177963,
       38.831813409293495
      ],
      [
       -77.04205746163952,
       38.83183340866915
      ],
      [
       -77.04208746121918,
       38.83185340804479
      ],
      [
       -77.04210746093896,
       38.83188340710827
      ],
      [
       -77.04210746093896,
       38.831903406483924
      ],
      [
       -77.04212746065873,
       38.83195340492305
      ],
      [
       -77.04214746037852,
       38.8319734042987
      ],
      [
       -77.04214746037852,
       38.832023402737825
      ],
      [
       -77.04214746037852,
       38.83204340211348
      ],
      [
       -77.04214746037852,
       38.832083400864775
      ],
      [
       -77.04218745981807,
       38.83215339867955
      ],
      [
       -77.04219745967795,
       38.832173398055204
      ],
      [
       -77.04219745967795,
       38.83220339711868
      ],
      [
       -77.04219745967795,
       38.83222339649433
      ],
      [
       -77.04220745953783,
       38.832233396182154
      ],
      [
       -77.04221745939773,
       38.83224339586998
      ],
      [
       -77.04222745925762,
       38.83226339524563
      ],
      [
       -77.04221745939773,
       38.83227339493346
      ],
      [
       -77.04221745939773,
       38.83230339399693
      ],
      [
       -77.04221745939773,
       38.83232339337258
      ],
      [
       -77.04221745939773,
       38.832343392748236
      ],
      [
       -77.0422374591175,
       38.83237339181171
      ],
      [
       -77.0422374591175,
       38.83239339118736
      ],
      [
       -77.0422374591175,
       38.832403390875186
      ],
      [
       -77.04225745883728,
       38.83245338931431
      ],
      [
       -77.04227745855705,
       38.83247338868996
      ],
      [
       -77.04227745855705,
       38.832493388065615
      ],
      [
       -77.04229745827683,
       38.832503387753434
      ],
      [
       -77.04228745841694,
       38.83254338650474
      ],
      [
       -77.04229745827683,
       38.83256338588039
      ],
      [
       -77.0423174579966,
       38.83257338556821
      ],
      [
       -77.04233745771639,
       38.83262338400734
      ],
      [
       -77.04233745771639,
       38.83265338307081
      ],
      [
       -77.04235745743615,
       38.832673382446465
      ],
      [
       -77.04236745729605,
       38.83268338213429
      ],
      [
       -77.04238745701582,
       38.83269338182212
      ],
      [
       -77.04238745701582,
       38.832703381509944
      ],
      [
       -77.0423974568757,
       38.83271338119777
      ],
      [
       -77.0424074567356,
       38.83275337994907
      ],
      [
       -77.0424074567356,
       38.832763379636894
      ],
      [
       -77.04241745659549,
       38.83281337807602
      ],
      [
       -77.04242745645537,
       38.83283337745167
      ],
      [
       -77.04242745645537,
       38.832883375890795
      ],
      [
       -77.04242745645537,
       38.83290337526645
      ],
      [
       -77.04245745603504,
       38.83291337495427
      ],
      [
       -77.0424774557548,
       38.832933374329926
      ],
      [
       -77.0424874556147,
       38.83295337370557
      ],
      [
       -77.04249745547459,
       38.83295337370557
      ],
      [
       -77.04249745547459,
       38.83298337276905
      ],
      [
       -77.04251745519436,
       38.8330033721447
      ],
      [
       -77.04252745505426,
       38.83302337152035
      ],
      [
       -77.04251745519436,
       38.833033371208174
      ],
      [
       -77.04251745519436,
       38.833053370583826
      ],
      [
       -77.04252745505426,
       38.83307336995948
      ],
      [
       -77.04252745505426,
       38.833083369647305
      ],
      [
       -77.04254745477402,
       38.83310336902295
      ],
      [
       -77.04254745477402,
       38.83311336871078
      ],
      [
       -77.04255745463392,
       38.83313336808643
      ],
      [
       -77.04255745463392,
       38.8331633671499
      ],
      [
       -77.04255745463392,
       38.83318336652555
      ],
      [
       -77.0425674544938,
       38.833263364028156
      ],
      [
       -77.0425674544938,
       38.83328336340381
      ],
      [
       -77.04257745435369,
       38.833323362155106
      ],
      [
       -77.04255745463392,
       38.833413359345535
      ],
      [
       -77.04250745533447,
       38.833503356535964
      ],
      [
       -77.04245745603504,
       38.83354335528726
      ],
      [
       -77.04242745645537,
       38.83357335435074
      ],
      [
       -77.0424074567356,
       38.83359335372639
      ],
      [
       -77.04235745743615,
       38.83361335310204
      ],
      [
       -77.0423174579966,
       38.83364335216552
      ],
      [
       -77.04227745855705,
       38.83366335154117
      ],
      [
       -77.04219745967795,
       38.83369335060464
      ],
      [
       -77.04211746079885,
       38.83371334998029
      ],
      [
       -77.0420774613593,
       38.83371334998029
      ],
      [
       -77.04203746191975,
       38.83372334966812
      ],
      [
       -77.04194746318075,
       38.83371334998029
      ],
      [
       -77.04189746388131,
       38.83371334998029
      ],
      [
       -77.04185746444176,
       38.83370335029247
      ],
      [
       -77.041837464722,
       38.83369335060464
      ],
      [
       -77.04176746570278,
       38.83366335154117
      ],
      [
       -77.04168746682367,
       38.83361335310204
      ],
      [
       -77.04118747382927,
       38.83331336246728
      ],
      [
       -77.04082747887331,
       38.83310336902295
      ],
      [
       -77.04076747971398,
       38.83306337027165
      ],
      [
       -77.04074747999421,
       38.833053370583826
      ],
      [
       -77.04068748083488,
       38.83301337183252
      ],
      [
       -77.04067748097499,
       38.8330033721447
      ],
      [
       -77.04066748111511,
       38.8330033721447
      ],
      [
       -77.04064748139533,
       38.83298337276905
      ],
      [
       -77.04061748181566,
       38.832973373081224
      ],
      [
       -77.04059748209589,
       38.8329633733934
      ],
      [
       -77.04058748223599,
       38.83295337370557
      ],
      [
       -77.04055748265634,
       38.832943374017745
      ],
      [
       -77.04055748265634,
       38.832933374329926
      ],
      [
       -77.04048748363712,
       38.832883375890795
      ],
      [
       -77.04045748405746,
       38.83287337620297
      ],
      [
       -77.0404174846179,
       38.83286337651515
      ],
      [
       -77.03994749120318,
       38.83258338525604
      ],
      [
       -77.03991749162351,
       38.83257338556821
      ],
      [
       -77.03988749204385,
       38.83257338556821
      ],
      [
       -77.03986749232406,
       38.83257338556821
      ],
      [
       -77.03980749316474,
       38.832553386192565
      ],
      [
       -77.03977749358508,
       38.832553386192565
      ],
      [
       -77.03973749414553,
       38.832523387129086
      ],
      [
       -77.03969749470598,
       38.832503387753434
      ],
      [
       -77.0396774949862,
       38.83247338868996
      ],
      [
       -77.03956749652744,
       38.83241339056301
      ],
      [
       -77.0395074973681,
       38.83237339181171
      ],
      [
       -77.03935749946979,
       38.83228339462128
      ],
      [
       -77.0393474996099,
       38.83227339493346
      ],
      [
       -77.03932749989012,
       38.83225339555781
      ],
      [
       -77.03927750059069,
       38.832233396182154
      ],
      [
       -77.03919750171158,
       38.83218339774303
      ],
      [
       -77.03915750227203,
       38.8321333993039
      ],
      [
       -77.03912750269237,
       38.832113399928254
      ],
      [
       -77.03908750325282,
       38.832083400864775
      ],
      [
       -77.03903750395338,
       38.83204340211348
      ],
      [
       -77.0390175042336,
       38.832023402737825
      ],
      [
       -77.03900750437371,
       38.8319734042987
      ],
      [
       -77.03899750451382,
       38.83195340492305
      ],
      [
       -77.03896750493416,
       38.831933405547396
      ],
      [
       -77.03894750521438,
       38.83192340585957
      ],
      [
       -77.03891750563471,
       38.8318934067961
      ],
      [
       -77.03890750577483,
       38.83188340710827
      ],
      [
       -77.03889750591495,
       38.83186340773262
      ],
      [
       -77.03887750619516,
       38.83184340835697
      ],
      [
       -77.0388575064754,
       38.83182340898132
      ],
      [
       -77.0388475066155,
       38.83180340960567
      ],
      [
       -77.03882750689573,
       38.83179340991784
      ],
      [
       -77.03881750703584,
       38.83177341054219
      ],
      [
       -77.03881750703584,
       38.831753411166545
      ],
      [
       -77.03880750717595,
       38.83173341179089
      ],
      [
       -77.0387675077364,
       38.83173341179089
      ],
      [
       -77.03872750829684,
       38.831703412727414
      ],
      [
       -77.03870750857708,
       38.831703412727414
      ],
      [
       -77.03869750871719,
       38.83168341335177
      ],
      [
       -77.03869750871719,
       38.83165341428829
      ],
      [
       -77.0386875088573,
       38.83163341491264
      ],
      [
       -77.03866750913753,
       38.83162341522481
      ],
      [
       -77.03864750941774,
       38.831603415849166
      ],
      [
       -77.03862750969797,
       38.83159341616134
      ],
      [
       -77.03861750983808,
       38.831583416473514
      ],
      [
       -77.03862750969797,
       38.831553417410035
      ],
      [
       -77.03860750997819,
       38.83153341803439
      ],
      [
       -77.03855751067876,
       38.83150341897091
      ],
      [
       -77.03855751067876,
       38.831493419283085
      ],
      [
       -77.03854751081887,
       38.83148341959526
      ],
      [
       -77.03854751081887,
       38.83147341990743
      ],
      [
       -77.03853751095897,
       38.83144342084396
      ],
      [
       -77.03852751109909,
       38.83142342146831
      ],
      [
       -77.03848751165954,
       38.83139342240484
      ],
      [
       -77.03846751193976,
       38.831373423029184
      ],
      [
       -77.03845751207987,
       38.83135342365353
      ],
      [
       -77.0384375123601,
       38.83133342427788
      ],
      [
       -77.0384275125002,
       38.831313424902234
      ],
      [
       -77.03841751264032,
       38.83129342552658
      ],
      [
       -77.03840751278044,
       38.8312634264631
      ],
      [
       -77.03840751278044,
       38.83124342708746
      ],
      [
       -77.03839751292055,
       38.83123342739963
      ],
      [
       -77.038357513481,
       38.83121342802398
      ],
      [
       -77.0383475136211,
       38.83121342802398
      ],
      [
       -77.03832751390134,
       38.83120342833615
      ],
      [
       -77.03830751418155,
       38.83119342864833
      ],
      [
       -77.03829751432167,
       38.83117342927268
      ],
      [
       -77.03827751460189,
       38.83115342989703
      ],
      [
       -77.03825751488212,
       38.83112343083355
      ],
      [
       -77.03825751488212,
       38.831113431145724
      ],
      [
       -77.03825751488212,
       38.83109343177008
      ],
      [
       -77.03825751488212,
       38.83105343301877
      ],
      [
       -77.03824751502223,
       38.83103343364312
      ],
      [
       -77.03822751530245,
       38.8310234339553
      ],
      [
       -77.03820751558268,
       38.83100343457965
      ],
      [
       -77.03819751572279,
       38.830983435204
      ],
      [
       -77.03817751600302,
       38.830963435828345
      ],
      [
       -77.03815751628323,
       38.8309434364527
      ],
      [
       -77.03814751642335,
       38.83093343676487
      ],
      [
       -77.03813751656347,
       38.83091343738922
      ],
      [
       -77.03813751656347,
       38.83089343801357
      ],
      [
       -77.03811751684368,
       38.83087343863792
      ],
      [
       -77.03809751712392,
       38.83085343926227
      ],
      [
       -77.03807751740413,
       38.83083343988662
      ],
      [
       -77.03799751852503,
       38.83073344300837
      ],
      [
       -77.03801751824481,
       38.83071344363272
      ],
      [
       -77.03801751824481,
       38.830693444257065
      ],
      [
       -77.03801751824481,
       38.83067344488141
      ],
      [
       -77.03799751852503,
       38.83064344581794
      ],
      [
       -77.03797751880525,
       38.83062344644229
      ],
      [
       -77.03796751894536,
       38.83061344675446
      ],
      [
       -77.0379475192256,
       38.830603447066636
      ],
      [
       -77.03789751992615,
       38.83056344831534
      ],
      [
       -77.03787752020638,
       38.830543448939686
      ],
      [
       -77.0378575204866,
       38.83052344956403
      ],
      [
       -77.0378675203465,
       38.83049345050056
      ],
      [
       -77.03787752020638,
       38.83047345112491
      ],
      [
       -77.03782752090694,
       38.83040345331013
      ],
      [
       -77.03782752090694,
       38.83038345393448
      ],
      [
       -77.03782752090694,
       38.830373454246654
      ],
      [
       -77.03784752062671,
       38.83035345487101
      ],
      [
       -77.03784752062671,
       38.83033345549536
      ],
      [
       -77.03783752076683,
       38.830313456119704
      ],
      [
       -77.03782752090694,
       38.83029345674406
      ],
      [
       -77.03780752118716,
       38.83028345705623
      ],
      [
       -77.03780752118716,
       38.83026345768058
      ],
      [
       -77.03781752104705,
       38.83024345830493
      ],
      [
       -77.03782752090694,
       38.83022345892928
      ],
      [
       -77.03782752090694,
       38.83020345955363
      ],
      [
       -77.03781752104705,
       38.830193459865804
      ],
      [
       -77.03780752118716,
       38.830193459865804
      ],
      [
       -77.0377775216075,
       38.83017346049015
      ],
      [
       -77.03776752174761,
       38.830153461114506
      ],
      [
       -77.03774752202783,
       38.83013346173885
      ],
      [
       -77.03774752202783,
       38.830013465484946
      ],
      [
       -77.03773752216794,
       38.83000346579713
      ],
      [
       -77.03773752216794,
       38.829983466421474
      ],
      [
       -77.03773752216794,
       38.829953467357996
      ],
      [
       -77.03774752202783,
       38.82993346798235
      ],
      [
       -77.03774752202783,
       38.82990346891887
      ],
      [
       -77.03773752216794,
       38.82988346954322
      ],
      [
       -77.03773752216794,
       38.82986347016757
      ],
      [
       -77.03773752216794,
       38.82984347079192
      ],
      [
       -77.03775752188773,
       38.829833471104095
      ],
      [
       -77.0377775216075,
       38.82981347172844
      ],
      [
       -77.0377775216075,
       38.829773472977145
      ],
      [
       -77.03775752188773,
       38.82976347328932
      ],
      [
       -77.03774752202783,
       38.829743473913666
      ],
      [
       -77.03774752202783,
       38.82970347516237
      ],
      [
       -77.03773752216794,
       38.82963347734759
      ],
      [
       -77.03773752216794,
       38.829623477659766
      ],
      [
       -77.03771752244818,
       38.82961347797194
      ],
      [
       -77.03770752258828,
       38.82960347828411
      ],
      [
       -77.03770752258828,
       38.829563479532816
      ],
      [
       -77.03771752244818,
       38.82954348015716
      ],
      [
       -77.03770752258828,
       38.82952348078151
      ],
      [
       -77.03770752258828,
       38.82950348140586
      ],
      [
       -77.03771752244818,
       38.82947348234239
      ],
      [
       -77.03772752230806,
       38.82946348265456
      ],
      [
       -77.03775752188773,
       38.829453482966734
      ],
      [
       -77.03776752174761,
       38.82943348359108
      ],
      [
       -77.03776752174761,
       38.829413484215436
      ],
      [
       -77.03775752188773,
       38.82940348452761
      ],
      [
       -77.03775752188773,
       38.82938348515196
      ],
      [
       -77.0377775216075,
       38.82937348546413
      ],
      [
       -77.0377775216075,
       38.82935348608848
      ],
      [
       -77.03778752146738,
       38.829333486712834
      ],
      [
       -77.03779752132728,
       38.82931348733718
      ],
      [
       -77.03780752118716,
       38.82929348796153
      ],
      [
       -77.03776752174761,
       38.82925348921023
      ],
      [
       -77.03776752174761,
       38.82923348983458
      ],
      [
       -77.03776752174761,
       38.829213490458926
      ],
      [
       -77.03776752174761,
       38.82919349108328
      ],
      [
       -77.03778752146738,
       38.829183491395455
      ],
      [
       -77.03781752104705,
       38.829153492331976
      ],
      [
       -77.03782752090694,
       38.82914349264415
      ],
      [
       -77.03784752062671,
       38.829123493268504
      ],
      [
       -77.03784752062671,
       38.8290834945172
      ],
      [
       -77.03784752062671,
       38.82905349545373
      ],
      [
       -77.03783752076683,
       38.829033496078075
      ],
      [
       -77.03783752076683,
       38.82901349670242
      ],
      [
       -77.0378575204866,
       38.828983497638944
      ],
      [
       -77.03787752020638,
       38.828973497951125
      ],
      [
       -77.03788752006626,
       38.82893349919982
      ],
      [
       -77.03792751950581,
       38.82887350107287
      ],
      [
       -77.0379375193657,
       38.82884350200939
      ],
      [
       -77.0379475192256,
       38.828823502633746
      ],
      [
       -77.0379475192256,
       38.82879350357027
      ],
      [
       -77.0379475192256,
       38.82875350481897
      ],
      [
       -77.0379475192256,
       38.82874350513114
      ],
      [
       -77.03795751908548,
       38.82872350575549
      ],
      [
       -77.03796751894536,
       38.82870350637984
      ],
      [
       -77.03796751894536,
       38.82868350700419
      ],
      [
       -77.03797751880525,
       38.828653507940714
      ],
      [
       -77.03798751866515,
       38.82863350856506
      ],
      [
       -77.03797751880525,
       38.82861350918942
      ],
      [
       -77.03796751894536,
       38.828593509813764
      ],
      [
       -77.03800751838492,
       38.82847351355986
      ],
      [
       -77.03801751824481,
       38.82846351387204
      ],
      [
       -77.03801751824481,
       38.82845351418421
      ],
      [
       -77.03800751838492,
       38.82843351480856
      ],
      [
       -77.03800751838492,
       38.828413515432906
      ],
      [
       -77.0380275181047,
       38.82839351605726
      ],
      [
       -77.03804751782447,
       38.828383516369435
      ],
      [
       -77.03804751782447,
       38.82836351699378
      ],
      [
       -77.0380275181047,
       38.82832351824248
      ],
      [
       -77.03801751824481,
       38.82830351886683
      ],
      [
       -77.03801751824481,
       38.82828351949118
      ],
      [
       -77.03801751824481,
       38.8282535204277
      ],
      [
       -77.0380275181047,
       38.82824352073988
      ],
      [
       -77.03803751796458,
       38.828233521052056
      ],
      [
       -77.03804751782447,
       38.8282135216764
      ],
      [
       -77.03805751768436,
       38.82820352198858
      ],
      [
       -77.03806751754425,
       38.828183522612925
      ],
      [
       -77.03806751754425,
       38.82816352323728
      ],
      [
       -77.03805751768436,
       38.82814352386163
      ],
      [
       -77.03805751768436,
       38.828123524485974
      ],
      [
       -77.03806751754425,
       38.82810352511032
      ],
      [
       -77.03806751754425,
       38.82808352573468
      ],
      [
       -77.03808751726402,
       38.828063526359024
      ],
      [
       -77.03811751684368,
       38.82804352698337
      ],
      [
       -77.03811751684368,
       38.828023527607726
      ],
      [
       -77.03813751656347,
       38.828003528232074
      ],
      [
       -77.03812751670357,
       38.82798352885642
      ],
      [
       -77.03812751670357,
       38.82795352979295
      ],
      [
       -77.03814751642335,
       38.8279335304173
      ],
      [
       -77.03814751642335,
       38.82789353166599
      ],
      [
       -77.03815751628323,
       38.82787353229035
      ],
      [
       -77.03815751628323,
       38.82786353260252
      ],
      [
       -77.03815751628323,
       38.82783353353904
      ],
      [
       -77.03814751642335,
       38.82780353447557
      ],
      [
       -77.03813751656347,
       38.82777353541209
      ],
      [
       -77.03813751656347,
       38.82775353603644
      ],
      [
       -77.03813751656347,
       38.82774353634861
      ],
      [
       -77.03813751656347,
       38.82769353790949
      ],
      [
       -77.03814751642335,
       38.82766353884601
      ],
      [
       -77.03817751600302,
       38.827643539470365
      ],
      [
       -77.0381875158629,
       38.82761354040689
      ],
      [
       -77.0381875158629,
       38.827593541031234
      ],
      [
       -77.03820751558268,
       38.82757354165559
      ],
      [
       -77.03824751502223,
       38.827533542904284
      ],
      [
       -77.03825751488212,
       38.82752354321646
      ],
      [
       -77.03827751460189,
       38.82751354352864
      ],
      [
       -77.03827751460189,
       38.82748354446516
      ],
      [
       -77.03828751446179,
       38.82739354727473
      ],
      [
       -77.03829751432167,
       38.827383547586905
      ],
      [
       -77.03829751432167,
       38.82736354821126
      ],
      [
       -77.03829751432167,
       38.82734354883561
      ],
      [
       -77.03830751418155,
       38.827323549459955
      ],
      [
       -77.0383475136211,
       38.82728355070866
      ],
      [
       -77.03836751334089,
       38.827263551333004
      ],
      [
       -77.03836751334089,
       38.8272235525817
      ],
      [
       -77.03836751334089,
       38.82719355351823
      ],
      [
       -77.03836751334089,
       38.827173554142576
      ],
      [
       -77.038357513481,
       38.82716355445475
      ],
      [
       -77.038357513481,
       38.82715355476692
      ],
      [
       -77.03833751376122,
       38.82713355539128
      ],
      [
       -77.03832751390134,
       38.827113556015625
      ],
      [
       -77.03830751418155,
       38.8271035563278
      ],
      [
       -77.03830751418155,
       38.82708355695215
      ],
      [
       -77.03830751418155,
       38.8270635575765
      ],
      [
       -77.03829751432167,
       38.827023558825196
      ],
      [
       -77.03830751418155,
       38.82701355913737
      ],
      [
       -77.03830751418155,
       38.827003559449544
      ],
      [
       -77.03832751390134,
       38.8269835600739
      ],
      [
       -77.0383475136211,
       38.82695356101042
      ],
      [
       -77.03833751376122,
       38.82693356163477
      ],
      [
       -77.0383475136211,
       38.826903562571296
      ],
      [
       -77.038357513481,
       38.82689356288347
      ],
      [
       -77.03837751320077,
       38.82687356350782
      ],
      [
       -77.03838751306066,
       38.826843564444346
      ],
      [
       -77.03837751320077,
       38.82680356569304
      ],
      [
       -77.03839751292055,
       38.82676356694174
      ],
      [
       -77.03841751264032,
       38.82675356725392
      ],
      [
       -77.03841751264032,
       38.82672356819044
      ],
      [
       -77.03841751264032,
       38.826633571000016
      ],
      [
       -77.03841751264032,
       38.826613571624364
      ],
      [
       -77.0384375123601,
       38.82656357318523
      ],
      [
       -77.03844751221999,
       38.82653357412176
      ],
      [
       -77.03844751221999,
       38.826493575370456
      ],
      [
       -77.03844751221999,
       38.826463576306985
      ],
      [
       -77.03847751179966,
       38.82644357693133
      ],
      [
       -77.03847751179966,
       38.82642357755568
      ],
      [
       -77.03847751179966,
       38.82639357849221
      ],
      [
       -77.03849751151942,
       38.8262735822383
      ],
      [
       -77.03850751137932,
       38.826253582862655
      ],
      [
       -77.0385175112392,
       38.826233583487
      ],
      [
       -77.03852751109909,
       38.82622358379918
      ],
      [
       -77.03854751081887,
       38.82621358411135
      ],
      [
       -77.03855751067876,
       38.82618358504788
      ],
      [
       -77.03854751081887,
       38.82617358536005
      ],
      [
       -77.03854751081887,
       38.8261535859844
      ],
      [
       -77.03855751067876,
       38.82613358660875
      ],
      [
       -77.03855751067876,
       38.8261135872331
      ],
      [
       -77.03856751053864,
       38.82609358785745
      ],
      [
       -77.03856751053864,
       38.8260735884818
      ],
      [
       -77.03855751067876,
       38.826053589106145
      ],
      [
       -77.03854751081887,
       38.826023590042674
      ],
      [
       -77.03854751081887,
       38.82601359035485
      ],
      [
       -77.03854751081887,
       38.825993590979195
      ],
      [
       -77.03860750997819,
       38.82588359441312
      ],
      [
       -77.03861750983808,
       38.825873594725294
      ],
      [
       -77.03860750997819,
       38.825843595661816
      ],
      [
       -77.03860750997819,
       38.825813596598344
      ],
      [
       -77.03860750997819,
       38.82579359722269
      ],
      [
       -77.03860750997819,
       38.82577359784704
      ],
      [
       -77.03861750983808,
       38.825753598471394
      ],
      [
       -77.03864750941774,
       38.82569360034444
      ],
      [
       -77.03865750927763,
       38.82564360190531
      ],
      [
       -77.03865750927763,
       38.825603603154015
      ],
      [
       -77.03864750941774,
       38.82559360346619
      ],
      [
       -77.03863750955786,
       38.825513605963586
      ],
      [
       -77.03863750955786,
       38.82550360627576
      ],
      [
       -77.03862750969797,
       38.82548360690011
      ],
      [
       -77.03862750969797,
       38.825463607524455
      ],
      [
       -77.03862750969797,
       38.82544360814881
      ],
      [
       -77.03862750969797,
       38.825403609397505
      ],
      [
       -77.03862750969797,
       38.82538361002186
      ],
      [
       -77.03861750983808,
       38.82536361064621
      ],
      [
       -77.03861750983808,
       38.825343611270554
      ],
      [
       -77.03862750969797,
       38.8253236118949
      ],
      [
       -77.03863750955786,
       38.82530361251926
      ],
      [
       -77.03863750955786,
       38.825283613143604
      ],
      [
       -77.03863750955786,
       38.82526361376795
      ],
      [
       -77.03864750941774,
       38.825133617826225
      ],
      [
       -77.03865750927763,
       38.82511361845057
      ],
      [
       -77.03865750927763,
       38.825103618762746
      ],
      [
       -77.03865750927763,
       38.82509361907493
      ],
      [
       -77.03866750913753,
       38.825073619699275
      ],
      [
       -77.03869750871719,
       38.825023621260144
      ],
      [
       -77.03871750843696,
       38.8250036218845
      ],
      [
       -77.03873750815674,
       38.82497362282102
      ],
      [
       -77.03873750815674,
       38.82495362344537
      ],
      [
       -77.03873750815674,
       38.82491362469407
      ],
      [
       -77.03873750815674,
       38.82489362531842
      ],
      [
       -77.03874750801663,
       38.824863626254945
      ],
      [
       -77.03874750801663,
       38.82484362687929
      ],
      [
       -77.03874750801663,
       38.824813627815814
      ],
      [
       -77.03874750801663,
       38.82479362844017
      ],
      [
       -77.03875750787651,
       38.82477362906452
      ],
      [
       -77.0387675077364,
       38.824753629688864
      ],
      [
       -77.0387675077364,
       38.82473363031321
      ],
      [
       -77.0387775075963,
       38.82472363062539
      ],
      [
       -77.03878750745618,
       38.82470363124974
      ],
      [
       -77.0387775075963,
       38.82468363187409
      ],
      [
       -77.0387775075963,
       38.824663632498435
      ],
      [
       -77.03878750745618,
       38.82464363312279
      ],
      [
       -77.03878750745618,
       38.82463363343496
      ],
      [
       -77.03878750745618,
       38.82461363405931
      ],
      [
       -77.03878750745618,
       38.824603634371485
      ],
      [
       -77.03879750731606,
       38.82459363468366
      ],
      [
       -77.03881750703584,
       38.82458363499583
      ],
      [
       -77.03882750689573,
       38.82457363530801
      ],
      [
       -77.03886750633528,
       38.82456363562019
      ],
      [
       -77.03886750633528,
       38.82455363593236
      ],
      [
       -77.03886750633528,
       38.824543636244535
      ],
      [
       -77.0388575064754,
       38.82453363655671
      ],
      [
       -77.0388475066155,
       38.82452363686888
      ],
      [
       -77.03882750689573,
       38.824513637181056
      ],
      [
       -77.03881750703584,
       38.82450363749324
      ],
      [
       -77.03881750703584,
       38.82449363780541
      ],
      [
       -77.03881750703584,
       38.82447363842976
      ],
      [
       -77.03883750675561,
       38.82444363936628
      ],
      [
       -77.0388575064754,
       38.82443363967846
      ],
      [
       -77.03886750633528,
       38.82441364030281
      ],
      [
       -77.03886750633528,
       38.82440364061498
      ],
      [
       -77.03887750619516,
       38.82438364123933
      ],
      [
       -77.03887750619516,
       38.8243736415515
      ],
      [
       -77.03889750591495,
       38.82436364186368
      ],
      [
       -77.03889750591495,
       38.824333642800205
      ],
      [
       -77.03890750577483,
       38.82430364373673
      ],
      [
       -77.03891750563471,
       38.82428364436108
      ],
      [
       -77.03894750521438,
       38.824273644673255
      ],
      [
       -77.03895750507426,
       38.8242536452976
      ],
      [
       -77.03896750493416,
       38.824243645609776
      ],
      [
       -77.03898750465393,
       38.82423364592195
      ],
      [
       -77.03900750437371,
       38.824223646234124
      ],
      [
       -77.0390175042336,
       38.824213646546305
      ],
      [
       -77.03902750409348,
       38.824173647795
      ],
      [
       -77.03902750409348,
       38.824163648107174
      ],
      [
       -77.03903750395338,
       38.82415364841935
      ],
      [
       -77.03905750367315,
       38.82414364873152
      ],
      [
       -77.03906750353303,
       38.824123649355876
      ],
      [
       -77.03908750325282,
       38.82410364998022
      ],
      [
       -77.0390975031127,
       38.8240936502924
      ],
      [
       -77.03911750283248,
       38.8240936502924
      ],
      [
       -77.03919750171158,
       38.82408365060457
      ],
      [
       -77.03921750143135,
       38.82408365060457
      ],
      [
       -77.03924750101102,
       38.824063651228926
      ],
      [
       -77.03927750059069,
       38.8240536515411
      ],
      [
       -77.03931750003024,
       38.8240536515411
      ],
      [
       -77.03933749975,
       38.8240536515411
      ],
      [
       -77.03937749918956,
       38.82404365185327
      ],
      [
       -77.03941749862912,
       38.82404365185327
      ],
      [
       -77.039427498489,
       38.82403365216545
      ],
      [
       -77.03944749820877,
       38.82402365247762
      ],
      [
       -77.03946749792856,
       38.82402365247762
      ],
      [
       -77.03948749764832,
       38.82402365247762
      ],
      [
       -77.0395074973681,
       38.82402365247762
      ],
      [
       -77.03955749666754,
       38.82399365341415
      ],
      [
       -77.03959749610709,
       38.82398365372632
      ],
      [
       -77.03960749596699,
       38.82396365435067
      ],
      [
       -77.03962749568676,
       38.82396365435067
      ],
      [
       -77.03964749540654,
       38.82394365497502
      ],
      [
       -77.03965749526643,
       38.82393365528719
      ],
      [
       -77.03966749512631,
       38.82391365591155
      ],
      [
       -77.03966749512631,
       38.823893656535894
      ],
      [
       -77.0396774949862,
       38.82387365716024
      ],
      [
       -77.0396774949862,
       38.82384365809677
      ],
      [
       -77.03966749512631,
       38.82382365872112
      ],
      [
       -77.0396774949862,
       38.82381365903329
      ],
      [
       -77.03968749484609,
       38.82379365965764
      ],
      [
       -77.03969749470598,
       38.82378365996981
      ],
      [
       -77.03971749442574,
       38.82378365996981
      ],
      [
       -77.03973749414553,
       38.823773660281994
      ],
      [
       -77.03975749386531,
       38.82376366059417
      ],
      [
       -77.0397674937252,
       38.82375366090634
      ],
      [
       -77.03979749330486,
       38.823743661218515
      ],
      [
       -77.03980749316474,
       38.82373366153069
      ],
      [
       -77.03985749246418,
       38.82373366153069
      ],
      [
       -77.0399274914834,
       38.823743661218515
      ],
      [
       -77.03993749134328,
       38.823743661218515
      ],
      [
       -77.03996749092295,
       38.823743661218515
      ],
      [
       -77.04002749008228,
       38.82375366090634
      ],
      [
       -77.04005748966193,
       38.82375366090634
      ],
      [
       -77.04007748938172,
       38.823743661218515
      ],
      [
       -77.0400974891015,
       38.82373366153069
      ],
      [
       -77.04010748896138,
       38.82373366153069
      ],
      [
       -77.04014748840093,
       38.82372366184286
      ],
      [
       -77.04015748826082,
       38.82372366184286
      ],
      [
       -77.0401774879806,
       38.82372366184286
      ],
      [
       -77.04019748770037,
       38.823713662155036
      ],
      [
       -77.04021748742015,
       38.823713662155036
      ],
      [
       -77.0402574868597,
       38.82370366246721
      ],
      [
       -77.04027748657947,
       38.82370366246721
      ],
      [
       -77.04028748643937,
       38.823683663091565
      ],
      [
       -77.04034748559869,
       38.82367366340374
      ],
      [
       -77.04037748517835,
       38.82366366371591
      ],
      [
       -77.04038748503824,
       38.823653664028086
      ],
      [
       -77.0404174846179,
       38.823653664028086
      ],
      [
       -77.04043748433769,
       38.823633664652434
      ],
      [
       -77.04047748377724,
       38.823633664652434
      ],
      [
       -77.04051748321679,
       38.823633664652434
      ],
      [
       -77.04052748307667,
       38.823623664964614
      ],
      [
       -77.04056748251622,
       38.82361366527679
      ],
      [
       -77.04058748223599,
       38.82361366527679
      ],
      [
       -77.04060748195577,
       38.82361366527679
      ],
      [
       -77.04061748181566,
       38.82360366558896
      ],
      [
       -77.04064748139533,
       38.82356366683766
      ],
      [
       -77.04068748083488,
       38.82355366714984
      ],
      [
       -77.04074747999421,
       38.82350366871071
      ],
      [
       -77.0407574798541,
       38.82349366902288
      ],
      [
       -77.04077747957386,
       38.823483669335054
      ],
      [
       -77.04077747957386,
       38.823473669647235
      ],
      [
       -77.04078747943376,
       38.82344367058376
      ],
      [
       -77.04080747915353,
       38.82343367089593
      ],
      [
       -77.0408374787332,
       38.82341367152028
      ],
      [
       -77.04084747859308,
       38.82339367214463
      ],
      [
       -77.04086747831286,
       38.82339367214463
      ],
      [
       -77.04090747775241,
       38.823383672456806
      ],
      [
       -77.0409174776123,
       38.82337367276898
      ]
     ]
    ]
   }
  },
  {
   "type": "Feature",
   "properties": {
    "name": "Seminary Hill/Strawberry Hill"
   },
   "geometry": {
    "type": "Polygon",
    "coordinates": [
     [
      [
       -77.09170676598295,
       38.83041345299796
      ],
      [
       -77.09296674832883,
       38.829423483903255
      ],
      [
       -77.09330674356502,
       38.82891349982417
      ],
      [
       -77.09182676430162,
       38.82780353447557
      ],
      [
       -77.09186676374117,
       38.8271035563278
      ],
      [
       -77.08883680619513,
       38.82689356288347
      ],
      [
       -77.08876680717592,
       38.82686356381999
      ],
      [
       -77.08868680829681,
       38.82682356506869
      ],
      [
       -77.08862680913748,
       38.82675356725392
      ],
      [
       -77.0886068094177,
       38.82672356819044
      ],
      [
       -77.08856680997815,
       38.82665357037566
      ],
      [
       -77.08856680997815,
       38.82660357193654
      ],
      [
       -77.0886168092776,
       38.82612358692092
      ],
      [
       -77.08875680731602,
       38.82489362531842
      ],
      [
       -77.08894680465389,
       38.82349366902288
      ],
      [
       -77.0894367977884,
       38.81912380544325
      ],
      [
       -77.08959679554661,
       38.81760385289381
      ],
      [
       -77.08962679512626,
       38.817323861634705
      ],
      [
       -77.0896867942856,
       38.816883875370394
      ],
      [
       -77.08970679400538,
       38.81667388192606
      ],
      [
       -77.08970679400538,
       38.81654388598433
      ],
      [
       -77.08971679386526,
       38.816413890042604
      ],
      [
       -77.08966679456583,
       38.81604390159307
      ],
      [
       -77.08947679722795,
       38.81465394498536
      ],
      [
       -77.08928679989008,
       38.81335398556808
      ],
      [
       -77.08913680199176,
       38.812004027711666
      ],
      [
       -77.08887680563468,
       38.81000409014661
      ],
      [
       -77.08873680759625,
       38.808934123549314
      ],
      [
       -77.08871680787647,
       38.80838414071892
      ],
      [
       -77.08734682707183,
       38.80814414821112
      ],
      [
       -77.08775682132723,
       38.80550423062525
      ],
      [
       -77.0909267769117,
       38.805704224381756
      ],
      [
       -77.09129677172756,
       38.8024743252142
      ],
      [
       -77.09182676430162,
       38.80253432334115
      ],
      [
       -77.0930667469277,
       38.802694318346354
      ],
      [
       -77.09370673796053,
       38.80277431584896
      ],
      [
       -77.09434672899336,
       38.80285431335156
      ],
      [
       -77.09569671007823,
       38.803014308356765
      ],
      [
       -77.0970466911631,
       38.803164303674144
      ],
      [
       -77.0983566728084,
       38.8033042993037
      ],
      [
       -77.09921666075877,
       38.8033842968063
      ],
      [
       -77.09973665347295,
       38.80341429586977
      ],
      [
       -77.10022664660745,
       38.80344429493325
      ],
      [
       -77.10071663974196,
       38.80347429399672
      ],
      [
       -77.10120663287645,
       38.80348429368455
      ],
      [
       -77.10204662110705,
       38.803494293372374
      ],
      [
       -77.10246661522234,
       38.803494293372374
      ],
      [
       -77.10289660919751,
       38.80348429368455
      ],
      [
       -77.1033166033128,
       38.80347429399672
      ],
      [
       -77.10368659812866,
       38.803454294621076
      ],
      [
       -77.10376659700776,
       38.80344429493325
      ],
      [
       -77.10330660345292,
       38.80411427401754
      ],
      [
       -77.10446658719992,
       38.80406427557841
      ],
      [
       -77.10562657094691,
       38.804314267774046
      ],
      [
       -77.10639656015829,
       38.80468425622358
      ],
      [
       -77.1064565593176,
       38.80498424685834
      ],
      [
       -77.10697655203178,
       38.805264238117445
      ],
      [
       -77.1073765464273,
       38.80539423405917
      ],
      [
       -77.10775654110304,
       38.805584228127856
      ],
      [
       -77.10832653311665,
       38.80592421751391
      ],
      [
       -77.1105165024321,
       38.8073441731851
      ],
      [
       -77.11106649472593,
       38.807544166941604
      ],
      [
       -77.11152648828077,
       38.80802415195721
      ],
      [
       -77.11228647763225,
       38.8093241113745
      ],
      [
       -77.11344646137925,
       38.81187403176994
      ],
      [
       -77.11369645787646,
       38.812424014600325
      ],
      [
       -77.11383645591488,
       38.81281400242551
      ],
      [
       -77.11502643924155,
       38.8134439827585
      ],
      [
       -77.11734640673554,
       38.81442395216538
      ],
      [
       -77.12111635391328,
       38.81589390627569
      ],
      [
       -77.12215633934161,
       38.81648388785738
      ],
      [
       -77.12326632378917,
       38.816883875370394
      ],
      [
       -77.1245663055746,
       38.817773847586835
      ],
      [
       -77.12543629338485,
       38.81832383041723
      ],
      [
       -77.12665627629117,
       38.81875381699371
      ],
      [
       -77.12723626816467,
       38.81909380637977
      ],
      [
       -77.12752626410142,
       38.819313799511924
      ],
      [
       -77.1276262627003,
       38.81976378546406
      ],
      [
       -77.12825625387323,
       38.82109374394482
      ],
      [
       -77.12567629002216,
       38.82305368275857
      ],
      [
       -77.12428630949773,
       38.82410364998022
      ],
      [
       -77.12289632897333,
       38.82506362001145
      ],
      [
       -77.12157634746812,
       38.82591359347659
      ],
      [
       -77.11987637128718,
       38.82693356163477
      ],
      [
       -77.11788639916948,
       38.828023527607726
      ],
      [
       -77.11643641948574,
       38.82872350575549
      ],
      [
       -77.11627642172753,
       38.828803503258094
      ],
      [
       -77.11573642929358,
       38.828063526359024
      ],
      [
       -77.11601642537045,
       38.82697356038607
      ],
      [
       -77.11341646179959,
       38.82653357412176
      ],
      [
       -77.11309646628318,
       38.82677356662957
      ],
      [
       -77.11214647959383,
       38.82634358005308
      ],
      [
       -77.11053650215187,
       38.82755354227994
      ],
      [
       -77.11049650271232,
       38.82775353603644
      ],
      [
       -77.11044650341289,
       38.827793534787745
      ],
      [
       -77.10845653129519,
       38.82931348733718
      ],
      [
       -77.10842653171552,
       38.82940348452761
      ],
      [
       -77.1091065221879,
       38.83035345487101
      ],
      [
       -77.10981651223995,
       38.831343423965706
      ],
      [
       -77.10792653872113,
       38.831963404610875
      ],
      [
       -77.10715654950977,
       38.832193397430856
      ],
      [
       -77.10471658369711,
       38.83289337557862
      ],
      [
       -77.10211662012627,
       38.83361335310204
      ],
      [
       -77.09776668107503,
       38.83481331564107
      ],
      [
       -77.09734668695972,
       38.83455332375761
      ],
      [
       -77.09692669284443,
       38.83429333187416
      ],
      [
       -77.09649669886926,
       38.83402334030288
      ],
      [
       -77.09640670013027,
       38.83396334217593
      ],
      [
       -77.09575670923755,
       38.83351335622379
      ],
      [
       -77.0949767201663,
       38.8329233746421
      ],
      [
       -77.09408673263627,
       38.83225339555781
      ],
      [
       -77.093576739782,
       38.83186340773262
      ],
      [
       -77.09322674468592,
       38.831603415849166
      ],
      [
       -77.09202676149937,
       38.83066344519359
      ],
      [
       -77.09170676598295,
       38.83041345299796
      ]
     ]
    ]
   }
  },
  {
   "type": "Feature",
   "properties": {
    "name": "Southwest Quadrant"
   },
   "geometry": {
    "type": "Polygon",
    "coordinates": [
     [
      [
       -77.06068720061069,
       38.79457457183225
      ],
      [
       -77.05973721392134,
       38.80033439201959
      ],
      [
       -77.05870722835287,
       38.80224433239422
      ],
      [
       -77.05841723241613,
       38.802954310229815
      ],
      [
       -77.05756724432565,
       38.80289431210286
      ],
      [
       -77.05733724754823,
       38.80288431241504
      ],
      [
       -77.05697725259228,
       38.80285431335156
      ],
      [
       -77.05533727557065,
       38.80265431959506
      ],
      [
       -77.05510727879323,
       38.80374428556801
      ],
      [
       -77.05439728874119,
       38.80363428900193
      ],
      [
       -77.05403729378523,
       38.8035842905628
      ],
      [
       -77.05293730919756,
       38.803434295245424
      ],
      [
       -77.05184732446978,
       38.80333429836717
      ],
      [
       -77.05188732390933,
       38.80306430679589
      ],
      [
       -77.051917323489,
       38.802864313039386
      ],
      [
       -77.05189732376921,
       38.80278431553678
      ],
      [
       -77.05188732390933,
       38.80270431803418
      ],
      [
       -77.05186732418956,
       38.80265431959506
      ],
      [
       -77.05183732460989,
       38.80256432240463
      ],
      [
       -77.05178732531044,
       38.8024743252142
      ],
      [
       -77.05174732587089,
       38.80241432708725
      ],
      [
       -77.05159732797257,
       38.80218433426727
      ],
      [
       -77.05138733091493,
       38.80203433894989
      ],
      [
       -77.05130733203583,
       38.80199434019859
      ],
      [
       -77.0512473328765,
       38.801984340510764
      ],
      [
       -77.05118733371718,
       38.801984340510764
      ],
      [
       -77.05111733469796,
       38.802004339886416
      ],
      [
       -77.05099733637931,
       38.80208433738901
      ],
      [
       -77.050667341003,
       38.802014339574235
      ],
      [
       -77.0499373512312,
       38.80193434207163
      ],
      [
       -77.04883736664351,
       38.80179434644208
      ],
      [
       -77.04770738247619,
       38.8016443511247
      ],
      [
       -77.04793737925361,
       38.80051438640045
      ],
      [
       -77.0493473594978,
       38.79391459243578
      ],
      [
       -77.0496773548741,
       38.792754628648055
      ],
      [
       -77.04998735053063,
       38.792014651748985
      ],
      [
       -77.05019734758827,
       38.7915846651725
      ],
      [
       -77.05059734198379,
       38.790954684839505
      ],
      [
       -77.05122733315673,
       38.79007471231088
      ],
      [
       -77.05123733301662,
       38.79007471231088
      ],
      [
       -77.05139733077482,
       38.790154709813486
      ],
      [
       -77.05206732138731,
       38.79048469951172
      ],
      [
       -77.05341730247218,
       38.79112467953254
      ],
      [
       -77.05457728621917,
       38.79168466205075
      ],
      [
       -77.05532727571077,
       38.79197465299768
      ],
      [
       -77.05593726716393,
       38.79229464300809
      ],
      [
       -77.05690725357306,
       38.79280462708718
      ],
      [
       -77.05791723942173,
       38.793494605547124
      ],
      [
       -77.0593472193857,
       38.794474574953995
      ],
      [
       -77.06068720061069,
       38.79457457183225
      ]
     ]
    ]
   }
  },
  {
   "type": "Feature",
   "properties": {
    "name": "Taylor Run/Duke Street"
   },
   "geometry": {
    "type": "Polygon",
    "coordinates": [
     [
      [
       -77.08508685873716,
       38.82527361345578
      ],
      [
       -77.08386687583084,
       38.82447363842976
      ],
      [
       -77.0815869077764,
       38.82299368463162
      ],
      [
       -77.08049692304861,
       38.82216371054213
      ],
      [
       -77.07156704816872,
       38.81403396434019
      ],
      [
       -77.06255717440972,
       38.807184178179895
      ],
      [
       -77.06289716964591,
       38.80652419878343
      ],
      [
       -77.06300716810468,
       38.80637420346605
      ],
      [
       -77.06311716656344,
       38.80626420689997
      ],
      [
       -77.06349716123918,
       38.80608421251912
      ],
      [
       -77.0653071358789,
       38.8052842374931
      ],
      [
       -77.0657171301343,
       38.805114242800066
      ],
      [
       -77.06487714190371,
       38.80500424623399
      ],
      [
       -77.06502713980203,
       38.80486425060444
      ],
      [
       -77.06557713209587,
       38.80470425559923
      ],
      [
       -77.06628712214791,
       38.804554260281854
      ],
      [
       -77.06713711023838,
       38.80442426434013
      ],
      [
       -77.06791709930964,
       38.804354266525344
      ],
      [
       -77.06824709468593,
       38.804344266837525
      ],
      [
       -77.0693570791335,
       38.804354266525344
      ],
      [
       -77.0707570595178,
       38.80444426371577
      ],
      [
       -77.07209704074278,
       38.8045342609062
      ],
      [
       -77.07908694280442,
       38.80496424748269
      ],
      [
       -77.08775682132723,
       38.80550423062525
      ],
      [
       -77.08734682707183,
       38.80814414821112
      ],
      [
       -77.08871680787647,
       38.80838414071892
      ],
      [
       -77.08873680759625,
       38.808934123549314
      ],
      [
       -77.08887680563468,
       38.81000409014661
      ],
      [
       -77.08913680199176,
       38.812004027711666
      ],
      [
       -77.08928679989008,
       38.81335398556808
      ],
      [
       -77.08947679722795,
       38.81465394498536
      ],
      [
       -77.08966679456583,
       38.81604390159307
      ],
      [
       -77.08971679386526,
       38.816413890042604
      ],
      [
       -77.08970679400538,
       38.81654388598433
      ],
      [
       -77.08970679400538,
       38.81667388192606
      ],
      [
       -77.0896867942856,
       38.816883875370394
      ],
      [
       -77.08962679512626,
       38.817323861634705
      ],
      [
       -77.08959679554661,
       38.81760385289381
      ],
      [
       -77.0894367977884,
       38.81912380544325
      ],
      [
       -77.08894680465389,
       38.82349366902288
      ],
      [
       -77.08875680731602,
       38.82489362531842
      ],
      [
       -77.0886168092776,
       38.82612358692092
      ],
      [
       -77.08697683225597,
       38.82601359035485
      ],
      [
       -77.08692683295654,
       38.82654357380959
      ],
      [
       -77.08508685873716,
       38.82527361345578
      ]
     ]
    ]
   }
  }
 ]
}