{
 "type": "FeatureCollection",
 "features": [
  {
   "type": "Feature",
   "properties": {
    "name": "Rest of Cobb County",
    "geoid": "13067",
    "remainder": true
   },
   "geometry": {
    "type": "Polygon",
    "coordinates": [
     [
      [
       -84.51747243886443,
       33.78923078620579
      ],
      [
       -84.52044239027639,
       33.78783412960913
      ],
      [
       -84.52177744813744,
       33.78720792715893
      ],
      [
       -84.52499147632147,
       33.785866303001306
      ],
      [
       -84.53077251883252,
       33.782340891603894
      ],
      [
       -84.53231377948377,
       33.78081165685866
      ],
      [
       -84.53405493059493,
       33.778467775250775
      ],
      [
       -84.53566141865942,
       33.775576904551905
      ],
      [
       -84.53767820819421,
       33.77157037622538
      ],
      [
       -84.53957401139802,
       33.76978265578166
      ],
      [
       -84.54169074616274,
       33.76862780838681
      ],
      [
       -84.54519829770629,
       33.76719029437329
      ],
      [
       -84.55150536774336,
       33.763052855547855
      ],
      [
       -84.55531275497675,
       33.76075233283134
      ],
      [
       -84.56082131522932,
       33.75648982028082
      ],
      [
       -84.56632671931672,
       33.75169199218699
      ],
      [
       -84.56767124567324,
       33.75030700913801
      ],
      [
       -84.57284525241926,
       33.74587773162073
      ],
      [
       -84.57510191050591,
       33.74445439262939
      ],
      [
       -84.57665684787284,
       33.74432431595532
      ],
      [
       -84.57793193859594,
       33.7436831046581
      ],
      [
       -84.57784777419177,
       33.745598400301404
      ],
      [
       -84.59191585434785,
       33.76390669217769
      ],
      [
       -84.59472694544695,
       33.7679890985641
      ],
      [
       -84.59940227809828,
       33.773599072046075
      ],
      [
       -84.60357157226957,
       33.779020601115604
      ],
      [
       -84.61065400688001,
       33.78788582674883
      ],
      [
       -84.61625093975694,
       33.7949007950758
      ],
      [
       -84.61759651816851,
       33.79758737869038
      ],
      [
       -84.62004465027465,
       33.800710052693056
      ],
      [
       -84.61998783930184,
       33.801547212826215
      ],
      [
       -84.62011092974292,
       33.801498017161016
      ],
      [
       -84.6208642011602,
       33.80131540952241
      ],
      [
       -84.62269162078562,
       33.804841654744656
      ],
      [
       -84.62404666769267,
       33.80475326931227
      ],
      [
       -84.6286452003252,
       33.804849159168164
      ],
      [
       -84.63038845554645,
       33.80492837252738
      ],
      [
       -84.63201493265693,
       33.805000081463085
      ],
      [
       -84.63370032485032,
       33.80517935380236
      ],
      [
       -84.63557403489803,
       33.80500591823692
      ],
      [
       -84.63838933421734,
       33.80490419160719
      ],
      [
       -84.6414203048223,
       33.80510597721698
      ],
      [
       -84.64365171358772,
       33.80510597721698
      ],
      [
       -84.64449335762936,
       33.805110980165985
      ],
      [
       -84.64629763204363,
       33.805152671407676
      ],
      [
       -84.6464607005767,
       33.80515600670701
      ],
      [
       -84.64816397770598,
       33.8051951964742
      ],
      [
       -84.6520713101693,
       33.805206036197035
      ],
      [
       -84.65253947466748,
       33.80543617185118
      ],
      [
       -84.65686236887636,
       33.805406154157154
      ],
      [
       -84.6569254921795,
       33.805171015554016
      ],
      [
       -84.66031521355721,
       33.805209371496375
      ],
      [
       -84.6603572957593,
       33.80540532033232
      ],
      [
       -84.66741132488332,
       33.80541616005516
      ],
      [
       -84.66773325372925,
       33.80542283065383
      ],
      [
       -84.67218975892976,
       33.80551288373589
      ],
      [
       -84.68430312079911,
       33.805607939766944
      ],
      [
       -84.6843957016437,
       33.8058655916406
      ],
      [
       -84.71493054747455,
       33.80626832903533
      ],
      [
       -84.7186421976982,
       33.80614492295992
      ],
      [
       -84.72413918534518,
       33.80616993770494
      ],
      [
       -84.72398032503233,
       33.81698881492382
      ],
      [
       -84.72503132802933,
       33.81699381787282
      ],
      [
       -84.72493453896453,
       33.831256391655394
      ],
      [
       -84.72478514714714,
       33.83465506167806
      ],
      [
       -84.7248125005785,
       33.84619686502787
      ],
      [
       -84.7246347032747,
       33.855005390572394
      ],
      [
       -84.72462207861408,
       33.86051363742464
      ],
      [
       -84.7247378046698,
       33.86692825187125
      ],
      [
       -84.72453896626496,
       33.86706083001983
      ],
      [
       -84.7244811032371,
       33.870392794055796
      ],
      [
       -84.72440956349357,
       33.879293040332044
      ],
      [
       -84.72443586486986,
       33.882003804866805
      ],
      [
       -84.72418652782252,
       33.88876862574363
      ],
      [
       -84.72430014976815,
       33.89535500810601
      ],
      [
       -84.72410551958352,
       33.902781885900886
      ],
      [
       -84.72415812233612,
       33.906920992375994
      ],
      [
       -84.72387932774733,
       33.909966120669125
      ],
      [
       -84.72384145376546,
       33.91495572847473
      ],
      [
       -84.72360368932368,
       33.91654082948383
      ],
      [
       -84.72382988115987,
       33.917785729960734
      ],
      [
       -84.72396349215148,
       33.921529603464606
      ],
      [
       -84.72385618253618,
       33.92505501486202
      ],
      [
       -84.72354687835087,
       33.92889477822178
      ],
      [
       -84.72349743176343,
       33.93272286803387
      ],
      [
       -84.72307555768755,
       33.9400671971702
      ],
      [
       -84.72306714124714,
       33.94390112375613
      ],
      [
       -84.72280307542907,
       33.9439127973038
      ],
      [
       -84.72297666451266,
       33.94757995892296
      ],
      [
       -84.72913539478739,
       33.94770336499837
      ],
      [
       -84.73957598912399,
       33.94779175043075
      ],
      [
       -84.73967909051909,
       33.95599575297076
      ],
      [
       -84.73940345209544,
       33.958901632516636
      ],
      [
       -84.73945500279301,
       33.965594744457746
      ],
      [
       -84.73958545761946,
       33.96978137894838
      ],
      [
       -84.73942554525155,
       33.97356110692011
      ],
      [
       -84.73929193425994,
       33.98470100670001
      ],
      [
       -84.73918041642442,
       33.99959978883079
      ],
      [
       -84.73898157801958,
       34.006542214397214
      ],
      [
       -84.73900051501052,
       34.01623626191527
      ],
      [
       -84.73890583005583,
       34.03138602532103
      ],
      [
       -84.73867332588932,
       34.03611881507782
      ],
      [
       -84.73845555049355,
       34.044587140090144
      ],
      [
       -84.73849447653048,
       34.05816180838481
      ],
      [
       -84.73813993397793,
       34.077218041137044
      ],
      [
       -84.73783904623305,
       34.079350131237135
      ],
      [
       -84.72876086318887,
       34.07914917945218
      ],
      [
       -84.72587402412603,
       34.07924173400873
      ],
      [
       -84.72193618206619,
       34.079099149962154
      ],
      [
       -84.70301497195497,
       34.07881731716832
      ],
      [
       -84.69285948453748,
       34.078720593487596
      ],
      [
       -84.69034717707318,
       34.07860469183569
      ],
      [
       -84.68573496772497,
       34.07851463875364
      ],
      [
       -84.67655052712053,
       34.07851213727914
      ],
      [
       -84.66819615795215,
       34.07837288853189
      ],
      [
       -84.66405632132232,
       34.07840707535008
      ],
      [
       -84.66335565265766,
       34.07824614715715
      ],
      [
       -84.66208266604467,
       34.07824197803298
      ],
      [
       -84.6613094055814,
       34.07824197803298
      ],
      [
       -84.65773136634937,
       34.07819778531679
      ],
      [
       -84.6555473000613,
       34.078236975083975
      ],
      [
       -84.65113708528308,
       34.07818110882011
      ],
      [
       -84.64688047054247,
       34.077990996758
      ],
      [
       -84.64306677097876,
       34.07797765556066
      ],
      [
       -84.64173592133793,
       34.0779443025673
      ],
      [
       -84.63653035294035,
       34.07792512459613
      ],
      [
       -84.63649247895847,
       34.07767164184664
      ],
      [
       -84.63611058297458,
       34.07789760837661
      ],
      [
       -84.62783301382501,
       34.07749904010604
      ],
      [
       -84.62428548418949,
       34.07746235181335
      ],
      [
       -84.624214996501,
       34.081779062978065
      ],
      [
       -84.61530093404494,
       34.08160812888713
      ],
      [
       -84.61538194228395,
       34.07746485328786
      ],
      [
       -84.60680874566475,
       34.077147166026165
      ],
      [
       -84.59367278628478,
       34.07692536862037
      ],
      [
       -84.58567927199927,
       34.076654375549374
      ],
      [
       -84.57873255249055,
       34.07658016513917
      ],
      [
       -84.57617816282416,
       34.07637170893071
      ],
      [
       -84.55146328554129,
       34.075998989229994
      ],
      [
       -84.53586867350467,
       34.075627937178936
      ],
      [
       -84.51587436724037,
       34.075304413143414
      ],
      [
       -84.51585648230449,
       34.07922922663623
      ],
      [
       -84.51148414150813,
       34.07920504571605
      ],
      [
       -84.51150623466424,
       34.075267724850725
      ],
      [
       -84.5028173119893,
       34.07520268651369
      ],
      [
       -84.48910798260599,
       34.074819960914965
      ],
      [
       -84.4817457013517,
       34.07472824018324
      ],
      [
       -84.46717684299084,
       34.07433217338718
      ],
      [
       -84.46234791030192,
       34.07403032879733
      ],
      [
       -84.45798188183588,
       34.07413205542706
      ],
      [
       -84.44078709406509,
       34.07378184899685
      ],
      [
       -84.42889781992181,
       34.07367928854229
      ],
      [
       -84.42241716080116,
       34.07357005748906
      ],
      [
       -84.4189274941935,
       34.07329823059323
      ],
      [
       -84.4189274941935,
       34.07009801088101
      ],
      [
       -84.41913369698369,
       34.05516587575688
      ],
      [
       -84.41843092420892,
       34.05342401567902
      ],
      [
       -84.41679708271307,
       34.05162628933729
      ],
      [
       -84.41358410658411,
       34.05029717255218
      ],
      [
       -84.4121512076032,
       34.05008621486922
      ],
      [
       -84.41108757994557,
       34.04965262595563
      ],
      [
       -84.41067938258539,
       34.04891635862736
      ],
      [
       -84.41049211678612,
       34.046388201731205
      ],
      [
       -84.41083298262298,
       34.04513412918113
      ],
      [
       -84.41164727323327,
       34.04392008022308
      ],
      [
       -84.41133691699292,
       34.04207899499
      ],
      [
       -84.41051736610737,
       34.04184385638686
      ],
      [
       -84.40889299310699,
       34.039816828215834
      ],
      [
       -84.40900661505262,
       34.038821241364246
      ],
      [
       -84.40667841722241,
       34.036094634157635
      ],
      [
       -84.40559795668396,
       34.03735120818221
      ],
      [
       -84.4042913043093,
       34.03684174120875
      ],
      [
       -84.40246072851873,
       34.0356401996232
      ],
      [
       -84.40212617501217,
       34.03496813680714
      ],
      [
       -84.40399883300483,
       34.033196259035265
      ],
      [
       -84.40373581924182,
       34.032028904267904
      ],
      [
       -84.40304251496251,
       34.03225487079787
      ],
      [
       -84.40129505152105,
       34.03027870594171
      ],
      [
       -84.40062173628773,
       34.028033215664216
      ],
      [
       -84.40070484863685,
       34.02622965254866
      ],
      [
       -84.40167484339484,
       34.02525824661725
      ],
      [
       -84.40114250353851,
       34.024175941982946
      ],
      [
       -84.3998632045952,
       34.02442692325793
      ],
      [
       -84.39818728089728,
       34.02208137400038
      ],
      [
       -84.39961702371302,
       34.02056714810215
      ],
      [
       -84.39962123193322,
       34.01908710902211
      ],
      [
       -84.39897316602116,
       34.01712928831229
      ],
      [
       -84.39804735757535,
       34.01630296790197
      ],
      [
       -84.40119615834615,
       34.014130020385025
      ],
      [
       -84.39999155531156,
       34.01335206181506
      ],
      [
       -84.40099942405142,
       34.01282425069525
      ],
      [
       -84.40103203775804,
       34.01196874641575
      ],
      [
       -84.3993235003535,
       34.010531232402236
      ],
      [
       -84.39945185106986,
       34.00969073696974
      ],
      [
       -84.40060700751701,
       34.009589010340015
      ],
      [
       -84.400828991133,
       34.008264896503896
      ],
      [
       -84.40014305123906,
       34.00774709128209
      ],
      [
       -84.39801158770359,
       34.00835078046178
      ],
      [
       -84.39637038182238,
       34.00815233015133
      ],
      [
       -84.39726462861663,
       34.0065738997409
      ],
      [
       -84.3964072037492,
       34.00512221070521
      ],
      [
       -84.39534462814663,
       34.00490791772292
      ],
      [
       -84.39409583879984,
       34.002093758908764
      ],
      [
       -84.39252512060712,
       34.00106481906382
      ],
      [
       -84.39292384947184,
       33.999679836014835
      ],
      [
       -84.39220424381624,
       33.999113668952674
      ],
      [
       -84.39113114766315,
       33.99912617632518
      ],
      [
       -84.38952045137844,
       33.998314864761866
      ],
      [
       -84.38768461531261,
       33.99690403314303
      ],
      [
       -84.38997283505083,
       33.99536896162397
      ],
      [
       -84.38709756859356,
       33.993501193996195
      ],
      [
       -84.38618017658817,
       33.99257814990515
      ],
      [
       -84.3833291073971,
       33.99280411643512
      ],
      [
       -84.3818152001772,
       33.991991137222136
      ],
      [
       -84.37911773102373,
       33.99103307248807
      ],
      [
       -84.3767684920925,
       33.98937292724393
      ],
      [
       -84.37502944509144,
       33.987311712254716
      ],
      [
       -84.37466648609849,
       33.98610516772017
      ],
      [
       -84.37543974656174,
       33.98402894388395
      ],
      [
       -84.37511571360571,
       33.97854321030221
      ],
      [
       -84.37626350566751,
       33.9754146995257
      ],
      [
       -84.37763328134528,
       33.97353692599993
      ],
      [
       -84.37974791199991,
       33.97250381703082
      ],
      [
       -84.38278098671499,
       33.97215861354962
      ],
      [
       -84.38402767195167,
       33.97151406695307
      ],
      [
       -84.38454528303728,
       33.97074778193078
      ],
      [
       -84.38457894879895,
       33.96909597493498
      ],
      [
       -84.38375413763814,
       33.967578413737414
      ],
      [
       -84.38368680611481,
       33.9661875939146
      ],
      [
       -84.38278203877003,
       33.96573732850433
      ],
      [
       -84.38325335943335,
       33.96339428072128
      ],
      [
       -84.3877003961384,
       33.95914677701778
      ],
      [
       -84.38962986510387,
       33.95691462793763
      ],
      [
       -84.39341621123621,
       33.95405210728311
      ],
      [
       -84.39648084760285,
       33.95244782830283
      ],
      [
       -84.39922881539881,
       33.95017565563066
      ],
      [
       -84.40209145719545,
       33.94666608690509
      ],
      [
       -84.40553904160105,
       33.943384986183986
      ],
      [
       -84.4114053005713,
       33.9383787018817
      ],
      [
       -84.41451622736022,
       33.93490582144882
      ],
      [
       -84.41723999789,
       33.93245437643738
      ],
      [
       -84.41840146666746,
       33.93166224284524
      ],
      [
       -84.4252513971114,
       33.92801425919726
      ],
      [
       -84.42756697028096,
       33.9269452957603
      ],
      [
       -84.43055375457375,
       33.924799030638034
      ],
      [
       -84.43164894388295,
       33.924287896014896
      ],
      [
       -84.43584559148559,
       33.92324811644712
      ],
      [
       -84.43727849046648,
       33.92207992785493
      ],
      [
       -84.4385925072265,
       33.91849031194531
      ],
      [
       -84.44015691308891,
       33.91652998976099
      ],
      [
       -84.44364342353143,
       33.91434036574737
      ],
      [
       -84.44640296393297,
       33.912233290392294
      ],
      [
       -84.44742976966377,
       33.9107198983189
      ],
      [
       -84.44773381357382,
       33.90867702747603
      ],
      [
       -84.44718148467149,
       33.90734707686608
      ],
      [
       -84.44578751172752,
       33.906043808650814
      ],
      [
       -84.44446613058213,
       33.903991765734766
      ],
      [
       -84.442219993046,
       33.901024183151186
      ],
      [
       -84.44181810801611,
       33.899143074326076
      ],
      [
       -84.44380017973418,
       33.89588698834999
      ],
      [
       -84.44306163708764,
       33.89283102033402
      ],
      [
       -84.44152668876669,
       33.89132096355996
      ],
      [
       -84.44224208620209,
       33.889077140932145
      ],
      [
       -84.44407897432298,
       33.887758030045035
      ],
      [
       -84.44430095793895,
       33.885975312550315
      ],
      [
       -84.44323943439143,
       33.88423678777179
      ],
      [
       -84.44353506186106,
       33.8813700979931
      ],
      [
       -84.44330571385971,
       33.87925134909035
      ],
      [
       -84.44433988397589,
       33.876531412482414
      ],
      [
       -84.44616940771141,
       33.87551914913415
      ],
      [
       -84.44999047166047,
       33.872663299078305
      ],
      [
       -84.45173372688173,
       33.87014264660565
      ],
      [
       -84.45204303106703,
       33.8692120980911
      ],
      [
       -84.45396829181229,
       33.867698706017705
      ],
      [
       -84.4556841936022,
       33.86567501314602
      ],
      [
       -84.4561755033115,
       33.864490981881985
      ],
      [
       -84.45589881283281,
       33.86312267532968
      ],
      [
       -84.45508662633263,
       33.86223131658232
      ],
      [
       -84.45419448364848,
       33.85972900825601
      ],
      [
       -84.45478573858773,
       33.858118058677064
      ],
      [
       -84.45594825942025,
       33.857539384242386
      ],
      [
       -84.459581005515,
       33.8537187988538
      ],
      [
       -84.46015858373858,
       33.852754897345896
      ],
      [
       -84.46017331250931,
       33.85158587492888
      ],
      [
       -84.45911284101685,
       33.849616380671385
      ],
      [
       -84.45871726831727,
       33.848101320948324
      ],
      [
       -84.4587803916204,
       33.84604427508328
      ],
      [
       -84.46048682491482,
       33.84207276739977
      ],
      [
       -84.46069618387018,
       33.83979892707793
      ],
      [
       -84.4604258057218,
       33.83834890569191
      ],
      [
       -84.4586615093995,
       33.83486435171135
      ],
      [
       -84.45862784363784,
       33.83440491422792
      ],
      [
       -84.45578624294224,
       33.83027831512532
      ],
      [
       -84.4550171906992,
       33.82792275996976
      ],
      [
       -84.45638275815676,
       33.82531872501373
      ],
      [
       -84.45792401880801,
       33.8245907959338
      ],
      [
       -84.45907496703497,
       33.82471336818437
      ],
      [
       -84.4614967977648,
       33.82633182218682
      ],
      [
       -84.46419952719353,
       33.82733991641092
      ],
      [
       -84.46676338535538,
       33.82764009335109
      ],
      [
       -84.46889695300095,
       33.8273073972424
      ],
      [
       -84.470938991857,
       33.82637017812918
      ],
      [
       -84.4778815031455,
       33.82036330402631
      ],
      [
       -84.48076097782298,
       33.817053019436024
      ],
      [
       -84.48355734015134,
       33.81501681919182
      ],
      [
       -84.48577507220106,
       33.81383195410296
      ],
      [
       -84.48967188411389,
       33.813023144014146
      ],
      [
       -84.49150561606962,
       33.812082589601594
      ],
      [
       -84.49532773207373,
       33.80866390778291
      ],
      [
       -84.49532983618383,
       33.80840375443476
      ],
      [
       -84.49896784255384,
       33.804610685265686
      ],
      [
       -84.50049437443437,
       33.80324404636305
      ],
      [
       -84.50107405676806,
       33.80188324423425
      ],
      [
       -84.50342224364424,
       33.79893567344668
      ],
      [
       -84.5063658936799,
       33.796842773113774
      ],
      [
       -84.50955151637751,
       33.793816822791825
      ],
      [
       -84.51151780726981,
       33.79254690756991
      ],
      [
       -84.51747243886443,
       33.78923078620579
      ]
     ]
    ]
   }
  },
  {
   "type": "Feature",
   "properties": {
    "name": "Acworth",
    "geoid": "1300408"
   },
   "geometry": {
    "type": "MultiPolygon",
    "coordinates": [
     [
      [
       [
        -84.69285948453748,
        34.078720593487596
       ],
       [
        -84.69152021845622,
        34.07681530374231
       ],
       [
        -84.68982535776736,
        34.07753572839873
       ],
       [
        -84.69034717707318,
        34.07860469183569
       ],
       [
        -84.68573496772497,
        34.07851463875364
       ],
       [
        -84.67655052712053,
        34.07851213727914
       ],
       [
        -84.67650423669824,
        34.07797932321033
       ],
       [
        -84.67394458675659,
        34.078071043942046
       ],
       [
        -84.67391407716008,
        34.0783362002392
       ],
       [
        -84.67087153394954,
        34.07827366337666
       ],
       [
        -84.6709556983537,
        34.076646871125874
       ],
       [
        -84.67012247075247,
        34.07661601960702
       ],
       [
        -84.67021084337684,
        34.0756195989306
       ],
       [
        -84.66817196068595,
        34.07603817899718
       ],
       [
        -84.66819615795215,
        34.07837288853189
       ],
       [
        -84.66405632132232,
        34.07840707535008
       ],
       [
        -84.66335565265766,
        34.07824614715715
       ],
       [
        -84.66387221168821,
        34.07760660350961
       ],
       [
        -84.66224152635752,
        34.07750987982888
       ],
       [
        -84.66208266604467,
        34.07824197803298
       ],
       [
        -84.6613094055814,
        34.07824197803298
       ],
       [
        -84.66119367952568,
        34.077239720582725
       ],
       [
        -84.65958087913087,
        34.07689701857602
       ],
       [
        -84.65674033049032,
        34.07673692420793
       ],
       [
        -84.65670666472866,
        34.0781660999731
       ],
       [
        -84.65773136634937,
        34.07819778531679
       ],
       [
        -84.6555473000613,
        34.078236975083975
       ],
       [
        -84.65447420390821,
        34.07769332129232
       ],
       [
        -84.65113708528308,
        34.07818110882011
       ],
       [
        -84.64688047054247,
        34.077990996758
       ],
       [
        -84.64306677097876,
        34.07797765556066
       ],
       [
        -84.64499308377908,
        34.075547889994894
       ],
       [
        -84.6435181025961,
        34.07555205911906
       ],
       [
        -84.63966442494042,
        34.074644023875024
       ],
       [
        -84.63923518647918,
        34.07589476112577
       ],
       [
        -84.64172224462224,
        34.07626497935198
       ],
       [
        -84.64173592133793,
        34.0779443025673
       ],
       [
        -84.63653035294035,
        34.07792512459613
       ],
       [
        -84.63649247895847,
        34.07767164184664
       ],
       [
        -84.63609795831395,
        34.07493002579303
       ],
       [
        -84.63746457782658,
        34.0752251997842
       ],
       [
        -84.63772127925928,
        34.074116212755214
       ],
       [
        -84.63604535556135,
        34.074654863597864
       ],
       [
        -84.63636833646234,
        34.07290966822067
       ],
       [
        -84.63468084015884,
        34.07292300941801
       ],
       [
        -84.63577287330287,
        34.07200163297664
       ],
       [
        -84.63450304285504,
        34.07183403418504
       ],
       [
        -84.6334857056197,
        34.070795922266925
       ],
       [
        -84.63473765113164,
        34.07080175904076
       ],
       [
        -84.63471345386546,
        34.07022391843092
       ],
       [
        -84.6333541987382,
        34.070222250781256
       ],
       [
        -84.63391915230115,
        34.06816603874104
       ],
       [
        -84.63500276900477,
        34.06824775357475
       ],
       [
        -84.63497436351837,
        34.06905072688973
       ],
       [
        -84.63592542128542,
        34.069085747532746
       ],
       [
        -84.63594225416625,
        34.06773661895162
       ],
       [
        -84.63479446210447,
        34.06690112646813
       ],
       [
        -84.63351411110611,
        34.06674186592487
       ],
       [
        -84.63320375486575,
        34.06644502428403
       ],
       [
        -84.63328791926992,
        34.06419202958303
       ],
       [
        -84.63333526174726,
        34.06366171698872
       ],
       [
        -84.63505957997758,
        34.063804301035304
       ],
       [
        -84.63621158025958,
        34.06353164031464
       ],
       [
        -84.63620421587422,
        34.061726409549415
       ],
       [
        -84.63647038580238,
        34.061693890380894
       ],
       [
        -84.6371479092559,
        34.061792281711284
       ],
       [
        -84.63728467641268,
        34.06182396705497
       ],
       [
        -84.63827045199645,
        34.06271532580233
       ],
       [
        -84.63825887939088,
        34.06346826962727
       ],
       [
        -84.64205048579848,
        34.063800965735965
       ],
       [
        -84.6442313959214,
        34.06381097163398
       ],
       [
        -84.64420509454509,
        34.063173095636095
       ],
       [
        -84.6459757031977,
        34.06320311333012
       ],
       [
        -84.6459515059315,
        34.06380513486014
       ],
       [
        -84.64793357764958,
        34.063976902775906
       ],
       [
        -84.64800722150322,
        34.06337404742105
       ],
       [
        -84.6498335890736,
        34.0634048989399
       ],
       [
        -84.6528571952932,
        34.062716159627165
       ],
       [
        -84.65286666378866,
        34.063553319760324
       ],
       [
        -84.6535967899948,
        34.063449925480924
       ],
       [
        -84.65321068579068,
        34.062501866644865
       ],
       [
        -84.65659514689314,
        34.062776195015196
       ],
       [
        -84.65964926270927,
        34.06387600997101
       ],
       [
        -84.65973027094827,
        34.05753727358427
       ],
       [
        -84.65639210026809,
        34.05584210769711
       ],
       [
        -84.65538317947318,
        34.055633651488655
       ],
       [
        -84.65391451062051,
        34.05599136234236
       ],
       [
        -84.6547835080935,
        34.05786663439363
       ],
       [
        -84.65669509212309,
        34.057779082786084
       ],
       [
        -84.65668141540742,
        34.060524034139036
       ],
       [
        -84.654167003833,
        34.060428144283144
       ],
       [
        -84.65306760630361,
        34.061338681001686
       ],
       [
        -84.65313914604714,
        34.06237762674463
       ],
       [
        -84.65010712338712,
        34.062987152698156
       ],
       [
        -84.6475095994636,
        34.06268697575798
       ],
       [
        -84.6432614011634,
        34.062756183219186
       ],
       [
        -84.64194528029329,
        34.0622733986404
       ],
       [
        -84.64106997048997,
        34.06127781178881
       ],
       [
        -84.64147395962996,
        34.05945923982624
       ],
       [
        -84.6420873077253,
        34.05937585734286
       ],
       [
        -84.64207678717479,
        34.05539267611168
       ],
       [
        -84.64378427252427,
        34.055571948450954
       ],
       [
        -84.64509408106407,
        34.05669761197662
       ],
       [
        -84.64516141258741,
        34.05593466225366
       ],
       [
        -84.64709508977309,
        34.05651166903867
       ],
       [
        -84.64711192265392,
        34.055326803949804
       ],
       [
        -84.64641967042967,
        34.05473478831779
       ],
       [
        -84.6464102019342,
        34.05061319216419
       ],
       [
        -84.64660693622893,
        34.04894637632138
       ],
       [
        -84.65326749676349,
        34.04907478534579
       ],
       [
        -84.65326013237814,
        34.05257434817335
       ],
       [
        -84.65594918509119,
        34.05255266872767
       ],
       [
        -84.6583889007569,
        34.04980021295121
       ],
       [
        -84.65970607368207,
        34.049819390922394
       ],
       [
        -84.65970186546187,
        34.049299084226085
       ],
       [
        -84.66158188783989,
        34.0492623959334
       ],
       [
        -84.66212895646696,
        34.04880462609963
       ],
       [
        -84.66116632609432,
        34.04788324965825
       ],
       [
        -84.66184384954785,
        34.04729373550074
       ],
       [
        -84.66384380620181,
        34.04923404588905
       ],
       [
        -84.66350714858515,
        34.046639183006185
       ],
       [
        -84.66272967990167,
        34.047343764990764
       ],
       [
        -84.66121156446157,
        34.04584371411472
       ],
       [
        -84.66037307658507,
        34.04718033532334
       ],
       [
        -84.65795019380019,
        34.04503740550041
       ],
       [
        -84.66048354236554,
        34.04188638145338
       ],
       [
        -84.66068343282544,
        34.0408315930386
       ],
       [
        -84.65944832019431,
        34.04040133942434
       ],
       [
        -84.65958613940614,
        34.03919896401396
       ],
       [
        -84.65869189261188,
        34.03902135932436
       ],
       [
        -84.65773978278978,
        34.03973011043311
       ],
       [
        -84.65773136634937,
        34.03813833882534
       ],
       [
        -84.65551258224458,
        34.03813667117567
       ],
       [
        -84.65556413294213,
        34.041088411087415
       ],
       [
        -84.65394502021702,
        34.041054224269224
       ],
       [
        -84.65395448871249,
        34.04055976614277
       ],
       [
        -84.65211023620624,
        34.04063314272815
       ],
       [
        -84.65224489925289,
        34.04165291049991
       ],
       [
        -84.65101083867684,
        34.04165207667508
       ],
       [
        -84.65100242223642,
        34.04257011781712
       ],
       [
        -84.65360625849026,
        34.04302371852672
       ],
       [
        -84.65429535454935,
        34.04243920731821
       ],
       [
        -84.65500549170949,
        34.04323801150901
       ],
       [
        -84.65637316327717,
        34.04281192701893
       ],
       [
        -84.65545156305156,
        34.04166208257308
       ],
       [
        -84.65998381621581,
        34.041714613537614
       ],
       [
        -84.65747676902677,
        34.04477891980192
       ],
       [
        -84.65544104250104,
        34.04360322678623
       ],
       [
        -84.65096454825455,
        34.044452894291894
       ],
       [
        -84.65097191263992,
        34.04269018859319
       ],
       [
        -84.64853114491915,
        34.042706031265034
       ],
       [
        -84.64846381339581,
        34.046339006066006
       ],
       [
        -84.64588733057333,
        34.04634400901501
       ],
       [
        -84.64590311139911,
        34.042058149369154
       ],
       [
        -84.64607249226249,
        34.04170877676378
       ],
       [
        -84.64629552793353,
        34.037146087273086
       ],
       [
        -84.64453649188648,
        34.03640481699582
       ],
       [
        -84.6445954069694,
        34.03445783600884
       ],
       [
        -84.64244816260816,
        34.034441993337
       ],
       [
        -84.64155496786897,
        34.03472382613083
       ],
       [
        -84.64069859505659,
        34.033620675875675
       ],
       [
        -84.64110048008648,
        34.03291692771593
       ],
       [
        -84.64248288042488,
        34.03292276448977
       ],
       [
        -84.6425965023705,
        34.02815828938929
       ],
       [
        -84.64624082107082,
        34.02885536695037
       ],
       [
        -84.6462303005203,
        34.0296916932587
       ],
       [
        -84.64707825689226,
        34.029794253713256
       ],
       [
        -84.6472244925445,
        34.02905298343599
       ],
       [
        -84.64999665760665,
        34.0295882989793
       ],
       [
        -84.65002295898296,
        34.02901963044263
       ],
       [
        -84.6507878030058,
        34.029166383613386
       ],
       [
        -84.65121283324683,
        34.02814661584162
       ],
       [
        -84.65222385815186,
        34.0281732982363
       ],
       [
        -84.652266992409,
        34.027381998469004
       ],
       [
        -84.65996593127993,
        34.0275470957861
       ],
       [
        -84.659927005243,
        34.030993293824295
       ],
       [
        -84.66069816159616,
        34.03098495557596
       ],
       [
        -84.66068764104564,
        34.02957162248263
       ],
       [
        -84.66483168589568,
        34.03033874132974
       ],
       [
        -84.66761647561847,
        34.0303279016069
       ],
       [
        -84.66882844303844,
        34.030643921218925
       ],
       [
        -84.6687874128914,
        34.03256088451189
       ],
       [
        -84.68151622696622,
        34.03504735016635
       ],
       [
        -84.68149097764497,
        34.0334263946894
       ],
       [
        -84.68404852347652,
        34.03205892196193
       ],
       [
        -84.68411795910995,
        34.03091741576442
       ],
       [
        -84.6850847977028,
        34.030934926085926
       ],
       [
        -84.68501851823451,
        34.031943020310024
       ],
       [
        -84.68641775145375,
        34.032192333935335
       ],
       [
        -84.68817152722552,
        34.03299113812614
       ],
       [
        -84.68778542302142,
        34.03324295322596
       ],
       [
        -84.68758868872669,
        34.03499065007765
       ],
       [
        -84.69055022369822,
        34.03639230962331
       ],
       [
        -84.68987796051996,
        34.03582113961214
       ],
       [
        -84.69045343463343,
        34.03407094128595
       ],
       [
        -84.69198101856902,
        34.03560267750568
       ],
       [
        -84.69212620216621,
        34.03740040384741
       ],
       [
        -84.68941505629705,
        34.03733786698487
       ],
       [
        -84.6922755939836,
        34.03914476539977
       ],
       [
        -84.69217144053344,
        34.03794739293839
       ],
       [
        -84.69414614786615,
        34.03732119048819
       ],
       [
        -84.69669948547748,
        34.0373412022842
       ],
       [
        -84.6967057978078,
        34.039835172362174
       ],
       [
        -84.69535075090074,
        34.039836840011844
       ],
       [
        -84.69368113953314,
        34.04062230300531
       ],
       [
        -84.69410722182921,
        34.0410116992027
       ],
       [
        -84.69521819196419,
        34.04048138660839
       ],
       [
        -84.69599460859261,
        34.04235582483483
       ],
       [
        -84.69774207203407,
        34.042361661608666
       ],
       [
        -84.69770525010725,
        34.04378916972417
       ],
       [
        -84.69818393515594,
        34.04415688647589
       ],
       [
        -84.70113074135674,
        34.04416439089939
       ],
       [
        -84.70157681269882,
        34.04509910853811
       ],
       [
        -84.70058788094988,
        34.04509577323878
       ],
       [
        -84.70062996315197,
        34.04897972931473
       ],
       [
        -84.70180405659005,
        34.048563650722656
       ],
       [
        -84.70157470858871,
        34.05026965633266
       ],
       [
        -84.703358993957,
        34.052460947995954
       ],
       [
        -84.70611643024843,
        34.05424866843967
       ],
       [
        -84.71306735797735,
        34.05643078802979
       ],
       [
        -84.713059993592,
        34.05496825927126
       ],
       [
        -84.71438137473737,
        34.05496158867259
       ],
       [
        -84.71437295829696,
        34.05386260754161
       ],
       [
        -84.71519776945777,
        34.0538551031181
       ],
       [
        -84.7151925091825,
        34.052897872208874
       ],
       [
        -84.71702624113824,
        34.05289286925987
       ],
       [
        -84.71703044935845,
        34.05509916977017
       ],
       [
        -84.71535662977062,
        34.05565116181016
       ],
       [
        -84.71551549008349,
        34.056290705457705
       ],
       [
        -84.71704517812918,
        34.0574663984734
       ],
       [
        -84.71965848287849,
        34.05750475441576
       ],
       [
        -84.71970898152098,
        34.058612073795075
       ],
       [
        -84.72205611634212,
        34.06022135572436
       ],
       [
        -84.72177521764321,
        34.061206102853106
       ],
       [
        -84.72114398461198,
        34.06061575487076
       ],
       [
        -84.72045173238773,
        34.06121610875111
       ],
       [
        -84.72152588059588,
        34.06186899359599
       ],
       [
        -84.71960377601577,
        34.064406322565326
       ],
       [
        -84.71750913440714,
        34.0657812997163
       ],
       [
        -84.71603415322416,
        34.064879935070934
       ],
       [
        -84.71581111755312,
        34.0654461021331
       ],
       [
        -84.71396581299182,
        34.06537522702223
       ],
       [
        -84.71428353361753,
        34.063393225392225
       ],
       [
        -84.71359338550339,
        34.06339239156739
       ],
       [
        -84.71290639355439,
        34.06152879306379
       ],
       [
        -84.70983334074734,
        34.06142706643407
       ],
       [
        -84.69256701323302,
        34.06008460845161
       ],
       [
        -84.69212515011115,
        34.0609125965116
       ],
       [
        -84.69285632837233,
        34.06184064355165
       ],
       [
        -84.69175693084293,
        34.0628403995274
       ],
       [
        -84.69286158864759,
        34.063513296168296
       ],
       [
        -84.69300572018972,
        34.0628378980529
       ],
       [
        -84.69467848772248,
        34.063011333618334
       ],
       [
        -84.69616714562115,
        34.06138704284204
       ],
       [
        -84.69690463621264,
        34.06304885573586
       ],
       [
        -84.6988035955816,
        34.064046110237115
       ],
       [
        -84.6997841108901,
        34.0640260984411
       ],
       [
        -84.70012918494719,
        34.065101732476734
       ],
       [
        -84.70128644550445,
        34.06614484734385
       ],
       [
        -84.7024131964652,
        34.0660698031088
       ],
       [
        -84.70308545964346,
        34.06656092593593
       ],
       [
        -84.70371353650954,
        34.0685520996391
       ],
       [
        -84.7031875089835,
        34.0692866993177
       ],
       [
        -84.70196186484786,
        34.069846195781196
       ],
       [
        -84.7010307961268,
        34.071066915337916
       ],
       [
        -84.7011296893017,
        34.071685613364615
       ],
       [
        -84.69429238351839,
        34.071374596701595
       ],
       [
        -84.69456907399707,
        34.07267036049336
       ],
       [
        -84.69238921592921,
        34.07264784722285
       ],
       [
        -84.69236291455292,
        34.07344164846465
       ],
       [
        -84.69349387373387,
        34.073468330859335
       ],
       [
        -84.69346757235758,
        34.07429131597032
       ],
       [
        -84.69524028512028,
        34.07383437996138
       ],
       [
        -84.69521503579904,
        34.07493502874203
       ],
       [
        -84.69617766617166,
        34.07495587436288
       ],
       [
        -84.69619765521766,
        34.07358173103673
       ],
       [
        -84.6972213047833,
        34.07357005748906
       ],
       [
        -84.69712451571851,
        34.07569214169114
       ],
       [
        -84.6976494911895,
        34.07653096947397
       ],
       [
        -84.69649433474234,
        34.07701458787759
       ],
       [
        -84.69425135337136,
        34.07637504423005
       ],
       [
        -84.69465218634619,
        34.0770912997623
       ],
       [
        -84.69364957788157,
        34.077523221026226
       ],
       [
        -84.69255018035219,
        34.07695622013922
       ],
       [
        -84.69382632313032,
        34.07816276467376
       ],
       [
        -84.69285948453748,
        34.078720593487596
       ]
      ],
      [
       [
        -84.64705616373617,
        34.03735204200704
       ],
       [
        -84.64705616373617,
        34.03735204200704
       ],
       [
        -84.64705616373617,
        34.03735204200704
       ],
       [
        -84.64705616373617,
        34.03735204200704
       ]
      ],
      [
       [
        -84.66387747196347,
        34.07692620244521
       ],
       [
        -84.66387747196347,
        34.07692620244521
       ],
       [
        -84.66387747196347,
        34.07692620244521
       ],
       [
        -84.66387747196347,
        34.07692620244521
       ]
      ],
      [
       [
        -84.6612305014525,
        34.07648927823228
       ],
       [
        -84.6612305014525,
        34.07648927823228
       ],
       [
        -84.6612305014525,
        34.07648927823228
       ],
       [
        -84.6612305014525,
        34.07648927823228
       ]
      ],
      [
       [
        -84.65969239696639,
        34.05396933712034
       ],
       [
        -84.65969239696639,
        34.05396933712034
       ],
       [
        -84.65969239696639,
        34.05396933712034
       ],
       [
        -84.65969239696639,
        34.05396933712034
       ]
      ],
      [
       [
        -84.69538757282757,
        34.05459637339538
       ],
       [
        -84.69462378085979,
        34.05450798796299
       ],
       [
        -84.69461536441936,
        34.05587295921596
       ],
       [
        -84.69538757282757,
        34.05459637339538
       ]
      ],
      [
       [
        -84.68033582119781,
        34.04749301963602
       ],
       [
        -84.6797066922767,
        34.04728206195306
       ],
       [
        -84.67880823726223,
        34.048120055911056
       ],
       [
        -84.67945735522936,
        34.048340185667186
       ],
       [
        -84.68033582119781,
        34.04749301963602
       ]
      ],
      [
       [
        -84.70106972216372,
        34.05059234654335
       ],
       [
        -84.70048267544468,
        34.04980521590022
       ],
       [
        -84.69950426424626,
        34.050077876620875
       ],
       [
        -84.70012182056182,
        34.050896692607694
       ],
       [
        -84.70106972216372,
        34.05059234654335
       ]
      ],
      [
       [
        -84.68609897877297,
        34.054920731255734
       ],
       [
        -84.68548457862258,
        34.05474562804063
       ],
       [
        -84.6847555044715,
        34.05573871341772
       ],
       [
        -84.68609477055277,
        34.056235673018676
       ],
       [
        -84.68609897877297,
        34.054920731255734
       ]
      ],
      [
       [
        -84.6595409010389,
        34.07561292833193
       ],
       [
        -84.65815218837018,
        34.07552704437405
       ],
       [
        -84.65813009521409,
        34.07666938439639
       ],
       [
        -84.65953353665354,
        34.076756102179104
       ],
       [
        -84.6595409010389,
        34.07561292833193
       ]
      ],
      [
       [
        -84.67534592408592,
        34.034697143736146
       ],
       [
        -84.67440749097949,
        34.034513702272704
       ],
       [
        -84.67411607173007,
        34.036359790454796
       ],
       [
        -84.67509658703858,
        34.03641732436833
       ],
       [
        -84.67534592408592,
        34.034697143736146
       ]
      ],
      [
       [
        -84.64583051960052,
        34.07428631302132
       ],
       [
        -84.64374534648735,
        34.074599831158835
       ],
       [
        -84.64373903415704,
        34.075413644196644
       ],
       [
        -84.64578107301307,
        34.07527022632523
       ],
       [
        -84.64583051960052,
        34.07428631302132
       ]
      ],
      [
       [
        -84.67457161156761,
        34.040923313770314
       ],
       [
        -84.67240648227047,
        34.04100169330469
       ],
       [
        -84.67237386856387,
        34.04274188573289
       ],
       [
        -84.67406767719767,
        34.04164290460191
       ],
       [
        -84.67457161156761,
        34.040923313770314
       ]
      ],
      [
       [
        -84.6582353007193,
        34.06353414178914
       ],
       [
        -84.65598495496296,
        34.06291877906178
       ],
       [
        -84.65594392481593,
        34.064266239993245
       ],
       [
        -84.65820373906774,
        34.064306263585266
       ],
       [
        -84.6582353007193,
        34.06353414178914
       ]
      ],
      [
       [
        -84.64187689671489,
        34.07164975889676
       ],
       [
        -84.6414160966021,
        34.07114362722263
       ],
       [
        -84.64140557605157,
        34.07269120611421
       ],
       [
        -84.6403934990915,
        34.07266118842019
       ],
       [
        -84.64030933468733,
        34.0746556974227
       ],
       [
        -84.64178852409053,
        34.07497171703472
       ],
       [
        -84.64187689671489,
        34.07164975889676
       ]
      ],
      [
       [
        -84.6540596942177,
        34.06038895451596
       ],
       [
        -84.65366201740801,
        34.06010628789729
       ],
       [
        -84.6529055898256,
        34.06117775280875
       ],
       [
        -84.65126648805449,
        34.06147626209926
       ],
       [
        -84.65069522216122,
        34.06056489155589
       ],
       [
        -84.64973048767848,
        34.06126363676664
       ],
       [
        -84.64970839452239,
        34.062263392742395
       ],
       [
        -84.65140535932136,
        34.062064942431945
       ],
       [
        -84.65142114014714,
        34.06249102692203
       ],
       [
        -84.65300448300049,
        34.0622192000262
       ],
       [
        -84.6528372062472,
        34.06150878126778
       ],
       [
        -84.6540596942177,
        34.06038895451596
       ]
      ],
      [
       [
        -84.6596945010765,
        34.054141938860944
       ],
       [
        -84.65878868167668,
        34.05476897513598
       ],
       [
        -84.65668877979277,
        34.0542936949807
       ],
       [
        -84.65577349189749,
        34.05550941158841
       ],
       [
        -84.65772505401905,
        34.056303212830215
       ],
       [
        -84.65805645136045,
        34.05555026900527
       ],
       [
        -84.65968608463608,
        34.05593132695433
       ],
       [
        -84.6596945010765,
        34.054141938860944
       ]
      ],
      [
       [
        -84.67881349753749,
        34.03538921834822
       ],
       [
        -84.67560788579388,
        34.03475884677385
       ],
       [
        -84.67534171586571,
        34.036052942915944
       ],
       [
        -84.67619282840283,
        34.03681422498923
       ],
       [
        -84.67849472485672,
        34.03666997329297
       ],
       [
        -84.67881349753749,
        34.03538921834822
       ]
      ],
      [
       [
        -84.65962085722286,
        34.0711527992958
       ],
       [
        -84.65912007901808,
        34.07072337950638
       ],
       [
        -84.65835733910534,
        34.071893235748234
       ],
       [
        -84.65692128395928,
        34.07303307429608
       ],
       [
        -84.65738524023723,
        34.07338578220079
       ],
       [
        -84.6560607029267,
        34.07434801605902
       ],
       [
        -84.65954195309395,
        34.0744313985424
       ],
       [
        -84.65962085722286,
        34.0711527992958
       ]
      ],
      [
       [
        -84.67231074526075,
        34.043318892517895
       ],
       [
        -84.67230232882032,
        34.0429937008327
       ],
       [
        -84.6686033032573,
        34.04494985389286
       ],
       [
        -84.66856753338553,
        34.04669004632105
       ],
       [
        -84.67020347899148,
        34.04666586540087
       ],
       [
        -84.6704443995984,
        34.04563108878209
       ],
       [
        -84.6720308986169,
        34.04562525200826
       ],
       [
        -84.67231074526075,
        34.043318892517895
       ]
      ],
      [
       [
        -84.68609792671792,
        34.05303628713129
       ],
       [
        -84.68552666082466,
        34.05304379155479
       ],
       [
        -84.68574654033054,
        34.05185725881626
       ],
       [
        -84.68448091810292,
        34.05154290685391
       ],
       [
        -84.68443673179073,
        34.04953088752989
       ],
       [
        -84.6833994055094,
        34.049048102951105
       ],
       [
        -84.68134474199275,
        34.04899974111074
       ],
       [
        -84.68308273693873,
        34.050916704403704
       ],
       [
        -84.6852447100707,
        34.054753132464135
       ],
       [
        -84.68609792671792,
        34.05303628713129
       ]
      ],
      [
       [
        -84.67484198971599,
        34.03854441151941
       ],
       [
        -84.67372155108555,
        34.0385168952999
       ],
       [
        -84.6739004004444,
        34.0366507953218
       ],
       [
        -84.6709094079314,
        34.036504042151044
       ],
       [
        -84.67083786818786,
        34.039944403415404
       ],
       [
        -84.6730271947512,
        34.04004112709613
       ],
       [
        -84.67344486060686,
        34.03919312724013
       ],
       [
        -84.67472731571532,
        34.03938740842641
       ],
       [
        -84.67484198971599,
        34.03854441151941
       ]
      ],
      [
       [
        -84.6850847977028,
        34.05495575189875
       ],
       [
        -84.68228422715423,
        34.050379721210724
       ],
       [
        -84.6807356021176,
        34.04903976470277
       ],
       [
        -84.67867357421557,
        34.048409393128395
       ],
       [
        -84.67733956840956,
        34.04937079316179
       ],
       [
        -84.68105963507364,
        34.04946334771835
       ],
       [
        -84.68091655558655,
        34.05386761049061
       ],
       [
        -84.68355721376722,
        34.05391013555714
       ],
       [
        -84.68352775622576,
        34.05502912848413
       ],
       [
        -84.68444514823115,
        34.05577123258624
       ],
       [
        -84.6850847977028,
        34.05495575189875
       ]
      ],
      [
       [
        -84.70544837529037,
        34.05705198753099
       ],
       [
        -84.7054368026848,
        34.05649582636683
       ],
       [
        -84.70410384893384,
        34.05645496894997
       ],
       [
        -84.70343158575558,
        34.05589714013614
       ],
       [
        -84.70345999124198,
        34.053700011699014
       ],
       [
        -84.69896456000455,
        34.05354408645509
       ],
       [
        -84.69902347508747,
        34.05195314867215
       ],
       [
        -84.69725391848992,
        34.05116685185386
       ],
       [
        -84.69654272927473,
        34.05216410635511
       ],
       [
        -84.69598198393199,
        34.054161950656955
       ],
       [
        -84.69496043847644,
        34.055917985756984
       ],
       [
        -84.69612821958422,
        34.05590464455965
       ],
       [
        -84.69620501960301,
        34.057227090746096
       ],
       [
        -84.69896035178435,
        34.057238764293764
       ],
       [
        -84.6989635079495,
        34.05479065458166
       ],
       [
        -84.70011656028656,
        34.05641828065728
       ],
       [
        -84.70124225919226,
        34.05643912627813
       ],
       [
        -84.70120648932048,
        34.05726127756428
       ],
       [
        -84.70410805715406,
        34.0572937967328
       ],
       [
        -84.70544837529037,
        34.05705198753099
       ]
      ],
      [
       [
        -84.69754638979438,
        34.05060402009102
       ],
       [
        -84.69516348510149,
        34.045882070057075
       ],
       [
        -84.69311723802524,
        34.043517342828345
       ],
       [
        -84.69208832818433,
        34.041252674579674
       ],
       [
        -84.6902851058251,
        34.040078649213655
       ],
       [
        -84.68619787194787,
        34.03796740473441
       ],
       [
        -84.68614842536043,
        34.04052724697425
       ],
       [
        -84.6874897955518,
        34.04210067443567
       ],
       [
        -84.68865862871462,
        34.04211901858202
       ],
       [
        -84.68869860680661,
        34.043905071376074
       ],
       [
        -84.68616841440641,
        34.04485896698597
       ],
       [
        -84.68691221732821,
        34.045673613848614
       ],
       [
        -84.68692063376864,
        34.04704275422576
       ],
       [
        -84.69161385135585,
        34.04716282500183
       ],
       [
        -84.68903105620305,
        34.04981105267405
       ],
       [
        -84.68870281502682,
        34.05181640139941
       ],
       [
        -84.69031877158677,
        34.05181806904907
       ],
       [
        -84.69031456336656,
        34.05096673389374
       ],
       [
        -84.69469111238311,
        34.05110514881615
       ],
       [
        -84.69593884967485,
        34.052008181111184
       ],
       [
        -84.69467848772248,
        34.05162712316213
       ],
       [
        -84.69462272880473,
        34.054232825767826
       ],
       [
        -84.69562218110418,
        34.05415778153279
       ],
       [
        -84.6965585101005,
        34.051465361144366
       ],
       [
        -84.69754638979438,
        34.05060402009102
       ]
      ]
     ],
     [
      [
       [
        -84.69473950691551,
        34.04596461871562
       ],
       [
        -84.69471636170437,
        34.04992612050112
       ],
       [
        -84.69103311696712,
        34.049329935744936
       ],
       [
        -84.69288578591379,
        34.04772482293983
       ],
       [
        -84.69275427903227,
        34.046037995301
       ],
       [
        -84.69089845392045,
        34.04596128341628
       ],
       [
        -84.69101207586607,
        34.044020973027976
       ],
       [
        -84.6921041090101,
        34.044012634779634
       ],
       [
        -84.69189685416485,
        34.04491983619884
       ],
       [
        -84.69341917782518,
        34.04492067002367
       ],
       [
        -84.69287736947336,
        34.045898746553746
       ],
       [
        -84.69473950691551,
        34.04596461871562
       ]
      ]
     ]
    ]
   }
  },
  {
   "type": "Feature",
   "properties": {
    "name": "Austell",
    "geoid": "1304252"
   },
   "geometry": {
    "type": "MultiPolygon",
    "coordinates": [
     [
      [
       [
        -84.61761966337966,
        33.8171213930724
       ],
       [
        -84.61747974005773,
        33.81689375889276
       ],
       [
        -84.61506527371327,
        33.81750912162013
       ],
       [
        -84.61451715303114,
        33.81911923737424
       ],
       [
        -84.61173025919825,
        33.82147812782913
       ],
       [
        -84.61129891662692,
        33.820882776897776
       ],
       [
        -84.60744208280609,
        33.82110874342774
       ],
       [
        -84.60702757311557,
        33.820038112341116
       ],
       [
        -84.60987759025159,
        33.820063960910964
       ],
       [
        -84.61129576046176,
        33.820444185035186
       ],
       [
        -84.61129260429661,
        33.81958784693085
       ],
       [
        -84.60989442313242,
        33.81956116453617
       ],
       [
        -84.60978395735195,
        33.817393219968224
       ],
       [
        -84.6091137982838,
        33.817468264203264
       ],
       [
        -84.60910748595349,
        33.81915592566693
       ],
       [
        -84.6070707073727,
        33.819105062352065
       ],
       [
        -84.60836683919683,
        33.81864812634313
       ],
       [
        -84.60677928812329,
        33.81815783734084
       ],
       [
        -84.60638792364392,
        33.81744074798375
       ],
       [
        -84.60583349063148,
        33.819035854890856
       ],
       [
        -84.60465098075298,
        33.81903835636536
       ],
       [
        -84.60536848229849,
        33.818301255212255
       ],
       [
        -84.60621433456033,
        33.816476012651016
       ],
       [
        -84.6080890966631,
        33.81692627806128
       ],
       [
        -84.60805332679132,
        33.81749494659795
       ],
       [
        -84.60987127792127,
        33.81731984338285
       ],
       [
        -84.60991967245367,
        33.816144984191986
       ],
       [
        -84.61081497130297,
        33.81553962736263
       ],
       [
        -84.61081497130297,
        33.812382766541766
       ],
       [
        -84.60870349681349,
        33.81248199169699
       ],
       [
        -84.60882448314449,
        33.81188330546631
       ],
       [
        -84.6150295038415,
        33.811919993759
       ],
       [
        -84.61589429309429,
        33.81250533879234
       ],
       [
        -84.61578487936887,
        33.813831120278124
       ],
       [
        -84.61470652294052,
        33.81367602885903
       ],
       [
        -84.61432462695663,
        33.81559465980166
       ],
       [
        -84.61323469792269,
        33.81557798330498
       ],
       [
        -84.61317262667463,
        33.817491611298614
       ],
       [
        -84.61386067067868,
        33.81751495839396
       ],
       [
        -84.61767752640752,
        33.81651937154238
       ],
       [
        -84.61832874848474,
        33.8152060974291
       ],
       [
        -84.61929137885738,
        33.81252535058835
       ],
       [
        -84.62378365392965,
        33.81272713619814
       ],
       [
        -84.62392883752683,
        33.81236358857059
       ],
       [
        -84.61940605285805,
        33.81196168500069
       ],
       [
        -84.61961120359321,
        33.81098777759478
       ],
       [
        -84.62146808076008,
        33.81108366745067
       ],
       [
        -84.62146071637471,
        33.809879624390625
       ],
       [
        -84.61978689678689,
        33.80966366375866
       ],
       [
        -84.6201203982384,
        33.80611407144107
       ],
       [
        -84.61969431594231,
        33.804150413957416
       ],
       [
        -84.62011092974292,
        33.801498017161016
       ],
       [
        -84.6208642011602,
        33.80131540952241
       ],
       [
        -84.62269162078562,
        33.804841654744656
       ],
       [
        -84.62404666769267,
        33.80475326931227
       ],
       [
        -84.62407928139928,
        33.80846295599796
       ],
       [
        -84.62429495268495,
        33.809271766086766
       ],
       [
        -84.6251344926165,
        33.80930011613112
       ],
       [
        -84.62586672293273,
        33.808161945232946
       ],
       [
        -84.62730909040909,
        33.80733479099779
       ],
       [
        -84.62850948522349,
        33.80777588433489
       ],
       [
        -84.6286452003252,
        33.804849159168164
       ],
       [
        -84.63038845554645,
        33.80492837252738
       ],
       [
        -84.63041686103286,
        33.80599483448984
       ],
       [
        -84.63177506410506,
        33.80586392399093
       ],
       [
        -84.63201493265693,
        33.805000081463085
       ],
       [
        -84.63370032485032,
        33.80517935380236
       ],
       [
        -84.63557403489803,
        33.80500591823692
       ],
       [
        -84.63400016054015,
        33.80474326341427
       ],
       [
        -84.63362983716183,
        33.803162331529336
       ],
       [
        -84.63525105399705,
        33.80274875441176
       ],
       [
        -84.63399805643006,
        33.802598665941666
       ],
       [
        -84.63365193031792,
        33.800566634821635
       ],
       [
        -84.63719419967819,
        33.80054912450013
       ],
       [
        -84.63748246276246,
        33.7964883975594
       ],
       [
        -84.6388333014493,
        33.79698202186103
       ],
       [
        -84.63749087920287,
        33.79813103248203
       ],
       [
        -84.6387565014305,
        33.7985195948546
       ],
       [
        -84.63956973998575,
        33.799515181706184
       ],
       [
        -84.6410889074809,
        33.7995451994002
       ],
       [
        -84.63951398106798,
        33.80158807024307
       ],
       [
        -84.6397812030512,
        33.80292886057586
       ],
       [
        -84.6385787041267,
        33.80278711035411
       ],
       [
        -84.63843352052952,
        33.803677635276635
       ],
       [
        -84.6399127099327,
        33.80318567862468
       ],
       [
        -84.64007157024557,
        33.80117282547583
       ],
       [
        -84.64182008574208,
        33.80133708896809
       ],
       [
        -84.64156654047454,
        33.80358007777108
       ],
       [
        -84.64291422299623,
        33.80360676016576
       ],
       [
        -84.64288371339971,
        33.804901690132695
       ],
       [
        -84.63838933421734,
        33.80490419160719
       ],
       [
        -84.6414203048223,
        33.80510597721698
       ],
       [
        -84.6414445020885,
        33.8063291982482
       ],
       [
        -84.64362225604626,
        33.80636505271605
       ],
       [
        -84.64365171358772,
        33.80510597721698
       ],
       [
        -84.64449335762936,
        33.805110980165985
       ],
       [
        -84.64448599324399,
        33.80544867922368
       ],
       [
        -84.6464649087969,
        33.80548786899087
       ],
       [
        -84.6464607005767,
        33.80515600670701
       ],
       [
        -84.64629763204363,
        33.805152671407676
       ],
       [
        -84.64587575796776,
        33.80501925943426
       ],
       [
        -84.64595676620677,
        33.80300724011024
       ],
       [
        -84.64869736961737,
        33.80346584376885
       ],
       [
        -84.64876890936091,
        33.802758760309764
       ],
       [
        -84.6502502028742,
        33.802886335509335
       ],
       [
        -84.65023863026863,
        33.80408787709488
       ],
       [
        -84.64865423536024,
        33.80399532253833
       ],
       [
        -84.64816397770598,
        33.8051951964742
       ],
       [
        -84.6520713101693,
        33.805206036197035
       ],
       [
        -84.65233958420758,
        33.805728010543014
       ],
       [
        -84.65078885506085,
        33.80682198872499
       ],
       [
        -84.64904033956434,
        33.80759327669628
       ],
       [
        -84.64838806543206,
        33.80866891073191
       ],
       [
        -84.65182407723208,
        33.80873978584279
       ],
       [
        -84.65179461969062,
        33.80912918204018
       ],
       [
        -84.65515488352688,
        33.80743484997785
       ],
       [
        -84.6549328999109,
        33.80874312114212
       ],
       [
        -84.65719902649302,
        33.80872894611995
       ],
       [
        -84.65739155256755,
        33.807041284656286
       ],
       [
        -84.65515488352688,
        33.80743484997785
       ],
       [
        -84.65529165068365,
        33.80577387090887
       ],
       [
        -84.65686236887636,
        33.805406154157154
       ],
       [
        -84.6569254921795,
        33.805171015554016
       ],
       [
        -84.66031521355721,
        33.805209371496375
       ],
       [
        -84.6603572957593,
        33.80540532033232
       ],
       [
        -84.66060137253137,
        33.806761119512124
       ],
       [
        -84.66524514353114,
        33.80633336737237
       ],
       [
        -84.66610151634352,
        33.80657767804868
       ],
       [
        -84.66741132488332,
        33.80541616005516
       ],
       [
        -84.66773325372925,
        33.80542283065383
       ],
       [
        -84.66646763150163,
        33.80687702116402
       ],
       [
        -84.6688116101576,
        33.80887236399137
       ],
       [
        -84.67232968225169,
        33.80901077891378
       ],
       [
        -84.6730072057052,
        33.81076097723998
       ],
       [
        -84.67274103577704,
        33.812662931685935
       ],
       [
        -84.66761752767353,
        33.81250200349301
       ],
       [
        -84.66682953843954,
        33.81371188332689
       ],
       [
        -84.67157115055915,
        33.813600150799154
       ],
       [
        -84.67193726571726,
        33.815126050245055
       ],
       [
        -84.66985314465914,
        33.8146982981053
       ],
       [
        -84.66787107294107,
        33.81513939144239
       ],
       [
        -84.66795102912502,
        33.81928933764034
       ],
       [
        -84.66692211928412,
        33.818632283671285
       ],
       [
        -84.66695262888062,
        33.81748660834961
       ],
       [
        -84.6652198942099,
        33.81746075977976
       ],
       [
        -84.66516834351235,
        33.816034085489086
       ],
       [
        -84.66257607986408,
        33.815994061897065
       ],
       [
        -84.66107374524974,
        33.81572807177508
       ],
       [
        -84.65865507068507,
        33.8159898927729
       ],
       [
        -84.65886127347527,
        33.81839964654265
       ],
       [
        -84.66366285273286,
        33.819543654214655
       ],
       [
        -84.66624564788565,
        33.81929767588868
       ],
       [
        -84.66620672184872,
        33.82068932953633
       ],
       [
        -84.66797627844628,
        33.82115710526811
       ],
       [
        -84.66969533640133,
        33.821018690345696
       ],
       [
        -84.66972479394279,
        33.81931101708602
       ],
       [
        -84.6719235890016,
        33.819345203904206
       ],
       [
        -84.67257375902376,
        33.821273840744844
       ],
       [
        -84.67228865210465,
        33.82205513461414
       ],
       [
        -84.67121450389651,
        33.82284476673177
       ],
       [
        -84.66792051952852,
        33.822823921110924
       ],
       [
        -84.66791420719821,
        33.826376848727854
       ],
       [
        -84.6769176943337,
        33.826467735634736
       ],
       [
        -84.67670097099297,
        33.83062435243136
       ],
       [
        -84.67916067570468,
        33.83119302096802
       ],
       [
        -84.68116063235863,
        33.830696061367064
       ],
       [
        -84.68113748714748,
        33.83501193870694
       ],
       [
        -84.67958044567044,
        33.835246243485244
       ],
       [
        -84.6752323021403,
        33.83192678682179
       ],
       [
        -84.67209612603013,
        33.830659373074376
       ],
       [
        -84.67208455342455,
        33.8336427983298
       ],
       [
        -84.66968165968566,
        33.83360611003711
       ],
       [
        -84.67053382427783,
        33.835968335791335
       ],
       [
        -84.67125658609858,
        33.8372099009689
       ],
       [
        -84.66300005805006,
        33.83714486263187
       ],
       [
        -84.66298848544449,
        33.83878166078066
       ],
       [
        -84.66406473776274,
        33.838779993131
       ],
       [
        -84.66407841447841,
        33.837680178175184
       ],
       [
        -84.66556181210181,
        33.837671006102006
       ],
       [
        -84.66563966417566,
        33.83831805417306
       ],
       [
        -84.66779111675712,
        33.838233004040006
       ],
       [
        -84.66777954415154,
        33.840641923984926
       ],
       [
        -84.66435615701215,
        33.84068361522662
       ],
       [
        -84.66435089673689,
        33.84115305860806
       ],
       [
        -84.66302741148141,
        33.841117204140204
       ],
       [
        -84.66298427722428,
        33.83946623096924
       ],
       [
        -84.65779028143228,
        33.83948624276525
       ],
       [
        -84.65778607321207,
        33.83882418584719
       ],
       [
        -84.65466778203778,
        33.83882418584719
       ],
       [
        -84.65470776012975,
        33.833364300835306
       ],
       [
        -84.65352525025125,
        33.833351793462796
       ],
       [
        -84.65349894887494,
        33.832011003130006
       ],
       [
        -84.65465094915695,
        33.83251796862897
       ],
       [
        -84.65457414913814,
        33.83038170940471
       ],
       [
        -84.65589868644868,
        33.830299994571
       ],
       [
        -84.65539054385854,
        33.8290058984289
       ],
       [
        -84.65581031382432,
        33.827406622397625
       ],
       [
        -84.65281300898101,
        33.82767511399412
       ],
       [
        -84.65211234031634,
        33.828407212198215
       ],
       [
        -84.6527383130723,
        33.83005985301885
       ],
       [
        -84.65038276181076,
        33.829908096899096
       ],
       [
        -84.64926547934547,
        33.83024162683263
       ],
       [
        -84.64868369290168,
        33.83165412610113
       ],
       [
        -84.64672266228466,
        33.83145400814101
       ],
       [
        -84.64668268419268,
        33.82970714511415
       ],
       [
        -84.64804404343005,
        33.82983972326272
       ],
       [
        -84.64639652521852,
        33.82749083870584
       ],
       [
        -84.6466384978805,
        33.82900506460407
       ],
       [
        -84.64503832214632,
        33.82926938707639
       ],
       [
        -84.64503411392612,
        33.82983805561306
       ],
       [
        -84.63712792020992,
        33.82970130834031
       ],
       [
        -84.63723733393533,
        33.83343434212134
       ],
       [
        -84.63948662763663,
        33.833397653828655
       ],
       [
        -84.6390942111022,
        33.83705230807531
       ],
       [
        -84.63691645714445,
        33.83701728743229
       ],
       [
        -84.63668290092289,
        33.83776606213306
       ],
       [
        -84.63350359055559,
        33.836827175370175
       ],
       [
        -84.6328165986066,
        33.83598584611285
       ],
       [
        -84.63284184792785,
        33.83412808438309
       ],
       [
        -84.63052417064817,
        33.83272475718776
       ],
       [
        -84.63050102543703,
        33.83129891672192
       ],
       [
        -84.62929537034736,
        33.830012325003324
       ],
       [
        -84.62448537464937,
        33.831629111356115
       ],
       [
        -84.6248115117155,
        33.83360110708811
       ],
       [
        -84.62209826173626,
        33.83402635775336
       ],
       [
        -84.62190047538647,
        33.83279813377314
       ],
       [
        -84.62265795502395,
        33.832452930291936
       ],
       [
        -84.62250961526162,
        33.831658295225296
       ],
       [
        -84.62325762640363,
        33.83147902288602
       ],
       [
        -84.62271792216193,
        33.82840637837338
       ],
       [
        -84.62426023486823,
        33.82808368816269
       ],
       [
        -84.62319976337577,
        33.82771930671031
       ],
       [
        -84.6237079059659,
        33.8270830983621
       ],
       [
        -84.62300618524618,
        33.8262943000693
       ],
       [
        -84.62410242661042,
        33.8262917985948
       ],
       [
        -84.62415923758324,
        33.82426810572311
       ],
       [
        -84.6234775059095,
        33.82445988543489
       ],
       [
        -84.61979215706215,
        33.8244181941932
       ],
       [
        -84.6198373954294,
        33.822616298727304
       ],
       [
        -84.61936081449082,
        33.82185918577819
       ],
       [
        -84.61769646339846,
        33.822492892651894
       ],
       [
        -84.61728721398322,
        33.8236343988494
       ],
       [
        -84.61785321960122,
        33.82398710675411
       ],
       [
        -84.61745343868144,
        33.82497685683186
       ],
       [
        -84.6161530986371,
        33.824994367153366
       ],
       [
        -84.61551765738565,
        33.826262614725614
       ],
       [
        -84.6155145012205,
        33.827594232985234
       ],
       [
        -84.61604052874652,
        33.827408290047295
       ],
       [
        -84.61640348773949,
        33.82581985373886
       ],
       [
        -84.6164624028224,
        33.827244860379864
       ],
       [
        -84.61721988245988,
        33.82695135403836
       ],
       [
        -84.61822143886944,
        33.82738994590095
       ],
       [
        -84.61699369062369,
        33.82907177059077
       ],
       [
        -84.6148474983175,
        33.8286606949477
       ],
       [
        -84.61430568996569,
        33.82800113950414
       ],
       [
        -84.6126970977911,
        33.83115883414984
       ],
       [
        -84.6120385113285,
        33.83143733164433
       ],
       [
        -84.61072133840334,
        33.83066604367305
       ],
       [
        -84.61183546470346,
        33.828383865102865
       ],
       [
        -84.61149249475649,
        33.82800530862831
       ],
       [
        -84.61381227614628,
        33.82804116309617
       ],
       [
        -84.61456870372871,
        33.82728738544639
       ],
       [
        -84.61622463838064,
        33.823778650545655
       ],
       [
        -84.61468969005969,
        33.82379032409332
       ],
       [
        -84.61472756404156,
        33.82338925434826
       ],
       [
        -84.61643820555621,
        33.823402595545595
       ],
       [
        -84.61716412354212,
        33.82164822809523
       ],
       [
        -84.61560918617518,
        33.82107122131023
       ],
       [
        -84.61565968481769,
        33.81953865126565
       ],
       [
        -84.61780587712387,
        33.819632873471875
       ],
       [
        -84.61761966337966,
        33.8171213930724
       ]
      ],
      [
       [
        -84.64927494784095,
        33.81014978363679
       ],
       [
        -84.64927494784095,
        33.81014978363679
       ],
       [
        -84.64927494784095,
        33.81014978363679
       ],
       [
        -84.64927494784095,
        33.81014978363679
       ]
      ],
      [
       [
        -84.63746983810184,
        33.80382688992189
       ],
       [
        -84.63746983810184,
        33.80382688992189
       ],
       [
        -84.63746983810184,
        33.80382688992189
       ],
       [
        -84.63746983810184,
        33.80382688992189
       ]
      ],
      [
       [
        -84.64510775777975,
        33.81748327305028
       ],
       [
        -84.64510775777975,
        33.81748327305028
       ],
       [
        -84.64510775777975,
        33.81748327305028
       ],
       [
        -84.64510775777975,
        33.81748327305028
       ]
      ],
      [
       [
        -84.61607945478346,
        33.82831715911616
       ],
       [
        -84.61607945478346,
        33.82831715911616
       ],
       [
        -84.61607945478346,
        33.82831715911616
       ],
       [
        -84.61607945478346,
        33.82831715911616
       ]
      ],
      [
       [
        -84.64241134068133,
        33.80768416360316
       ],
       [
        -84.64241134068133,
        33.80768416360316
       ],
       [
        -84.64241134068133,
        33.80768416360316
       ],
       [
        -84.64241134068133,
        33.80768416360316
       ]
      ],
      [
       [
        -84.622961998934,
        33.83280980732081
       ],
       [
        -84.622961998934,
        33.83280980732081
       ],
       [
        -84.622961998934,
        33.83280980732081
       ],
       [
        -84.622961998934,
        33.83280980732081
       ]
      ],
      [
       [
        -84.61898943905744,
        33.81875819122119
       ],
       [
        -84.61898943905744,
        33.81875819122119
       ],
       [
        -84.61898943905744,
        33.81875819122119
       ],
       [
        -84.61898943905744,
        33.81875819122119
       ]
      ],
      [
       [
        -84.64437026718826,
        33.81727815214116
       ],
       [
        -84.64437026718826,
        33.81727815214116
       ],
       [
        -84.64437026718826,
        33.81727815214116
       ],
       [
        -84.64437026718826,
        33.81727815214116
       ]
      ],
      [
       [
        -84.67993498822298,
        33.83501027105727
       ],
       [
        -84.67988764574564,
        33.83411390936091
       ],
       [
        -84.67921959078758,
        33.83478096922797
       ],
       [
        -84.67993498822298,
        33.83501027105727
       ]
      ],
      [
       [
        -84.65660145922345,
        33.810621728492734
       ],
       [
        -84.65542315756515,
        33.80948188994489
       ],
       [
        -84.65567565077765,
        33.8108526979717
       ],
       [
        -84.65660145922345,
        33.810621728492734
       ]
      ],
      [
       [
        -84.64297524218924,
        33.80738815578716
       ],
       [
        -84.64143292948293,
        33.80674194154094
       ],
       [
        -84.64140136783136,
        33.807350633669635
       ],
       [
        -84.64297524218924,
        33.80738815578716
       ]
      ],
      [
       [
        -84.62269162078562,
        33.81471330695231
       ],
       [
        -84.62166376299976,
        33.81469162750663
       ],
       [
        -84.62125661769461,
        33.81564885841586
       ],
       [
        -84.62269162078562,
        33.81471330695231
       ]
      ],
      [
       [
        -84.64254495167295,
        33.809053303980306
       ],
       [
        -84.64237662286462,
        33.80822364827065
       ],
       [
        -84.64140452399653,
        33.8081977997008
       ],
       [
        -84.64180325286125,
        33.809170039457044
       ],
       [
        -84.64254495167295,
        33.809053303980306
       ]
      ],
      [
       [
        -84.65502758486558,
        33.8117006978277
       ],
       [
        -84.65443317376118,
        33.809375994190994
       ],
       [
        -84.65433848880649,
        33.812401110688114
       ],
       [
        -84.65502758486558,
        33.8117006978277
       ]
      ],
      [
       [
        -84.6452560975421,
        33.82358520318421
       ],
       [
        -84.64347707244907,
        33.82177830476931
       ],
       [
        -84.64311095729096,
        33.82185501665402
       ],
       [
        -84.64406096300296,
        33.823915397818396
       ],
       [
        -84.6452560975421,
        33.82358520318421
       ]
      ],
      [
       [
        -84.64275641473841,
        33.822346973305976
       ],
       [
        -84.64258177359977,
        33.82148396460297
       ],
       [
        -84.64035246894447,
        33.82207014346115
       ],
       [
        -84.6407511978092,
        33.823093246532245
       ],
       [
        -84.64275641473841,
        33.822346973305976
       ]
      ],
      [
       [
        -84.61339566234567,
        33.81768088953589
       ],
       [
        -84.61084863706463,
        33.817400724391725
       ],
       [
        -84.61080655486255,
        33.818563076210076
       ],
       [
        -84.6126686923047,
        33.81879237803938
       ],
       [
        -84.61339566234567,
        33.81768088953589
       ]
      ],
      [
       [
        -84.66233831542232,
        33.81353678011178
       ],
       [
        -84.6623341072021,
        33.81220516185216
       ],
       [
        -84.65943885169885,
        33.81214512646413
       ],
       [
        -84.65873397481397,
        33.81329580473481
       ],
       [
        -84.66233831542232,
        33.81353678011178
       ]
      ],
      [
       [
        -84.64997035623036,
        33.812330235577235
       ],
       [
        -84.64861951754352,
        33.81235441649742
       ],
       [
        -84.64844066818466,
        33.81348591679692
       ],
       [
        -84.64919604371204,
        33.813821948204954
       ],
       [
        -84.64777156117157,
        33.81405041620942
       ],
       [
        -84.64785888174087,
        33.81540538156438
       ],
       [
        -84.64590837167437,
        33.815410384513385
       ],
       [
        -84.64585366481167,
        33.81628506676407
       ],
       [
        -84.64785888174087,
        33.816325090356095
       ],
       [
        -84.64843330379931,
        33.815281141664144
       ],
       [
        -84.64994195074395,
        33.8152652989923
       ],
       [
        -84.64997035623036,
        33.812330235577235
       ]
      ]
     ],
     [
      [
       [
        -84.6415191979972,
        33.798967358790364
       ],
       [
        -84.6415191979972,
        33.798967358790364
       ],
       [
        -84.6415191979972,
        33.798967358790364
       ],
       [
        -84.6415191979972,
        33.798967358790364
       ]
      ]
     ]
    ]
   }
  },
  {
   "type": "Feature",
   "properties": {
    "name": "Fair Oaks",
    "geoid": "1328520"
   },
   "geometry": {
    "type": "MultiPolygon",
    "coordinates": [
     [
      [
       [
        -84.55484038225838,
        33.917598119373125
       ],
       [
        -84.55588402087002,
        33.92010876594777
       ],
       [
        -84.55595345650346,
        33.92193067320967
       ],
       [
        -84.5549014014514,
        33.924698971657975
       ],
       [
        -84.55482249732249,
        33.92698281787782
       ],
       [
        -84.55484248636849,
        33.92725214329914
       ],
       [
        -84.55544741802342,
        33.93286295060595
       ],
       [
        -84.55504237682838,
        33.93378932999633
       ],
       [
        -84.55510234396634,
        33.93583803761304
       ],
       [
        -84.55411446427246,
        33.93635500901001
       ],
       [
        -84.55288671602672,
        33.935723803610806
       ],
       [
        -84.55161898968899,
        33.93804433812334
       ],
       [
        -84.54638711991512,
        33.938030996926
       ],
       [
        -84.54639027608027,
        33.93736226940927
       ],
       [
        -84.5430215958036,
        33.93777668035168
       ],
       [
        -84.54162762285962,
        33.93551367975268
       ],
       [
        -84.5414087954088,
        33.93434632498533
       ],
       [
        -84.5414635022715,
        33.93167391639292
       ],
       [
        -84.54119207206807,
        33.92809263873164
       ],
       [
        -84.5418674914115,
        33.92618818281119
       ],
       [
        -84.54278383136183,
        33.92541272571573
       ],
       [
        -84.54237458194658,
        33.92467812603713
       ],
       [
        -84.5427911957472,
        33.92320308990609
       ],
       [
        -84.54252712992913,
        33.920809178808184
       ],
       [
        -84.54160026942827,
        33.918593706224705
       ],
       [
        -84.53617271741471,
        33.913373962764965
       ],
       [
        -84.5308146010346,
        33.909369935912935
       ],
       [
        -84.5276878934199,
        33.906473228440234
       ],
       [
        -84.52580050665651,
        33.90402928785229
       ],
       [
        -84.52650643559643,
        33.903940902419905
       ],
       [
        -84.52665056713856,
        33.90258593706494
       ],
       [
        -84.52564375045375,
        33.90256592526893
       ],
       [
        -84.52568583265582,
        33.90179296964797
       ],
       [
        -84.53491761573761,
        33.90188635802936
       ],
       [
        -84.53564248166848,
        33.902523400202405
       ],
       [
        -84.53557725425526,
        33.90343727222027
       ],
       [
        -84.53695229020829,
        33.903462286965286
       ],
       [
        -84.5374940985601,
        33.90259594296295
       ],
       [
        -84.5374962026702,
        33.90303536865037
       ],
       [
        -84.53994538683139,
        33.903333044116046
       ],
       [
        -84.539958011492,
        33.90236830878331
       ],
       [
        -84.53911741950542,
        33.9019639037389
       ],
       [
        -84.54130043373843,
        33.902004761155766
       ],
       [
        -84.54347082331083,
        33.907712292143295
       ],
       [
        -84.54433876872876,
        33.90961841571342
       ],
       [
        -84.54646707609908,
        33.91285115459416
       ],
       [
        -84.55316445856046,
        33.912886175237176
       ],
       [
        -84.55346008603009,
        33.91476811788712
       ],
       [
        -84.55604393323793,
        33.913010415137414
       ],
       [
        -84.5574294897415,
        33.914745604616606
       ],
       [
        -84.55755468429268,
        33.916419091058096
       ],
       [
        -84.55537587827988,
        33.915858760769765
       ],
       [
        -84.5538546066746,
        33.91587126814227
       ],
       [
        -84.55484038225838,
        33.917598119373125
       ]
      ]
     ],
     [
      [
       [
        -84.5374940985601,
        33.90259594296295
       ],
       [
        -84.53749094239494,
        33.90194972871673
       ],
       [
        -84.53862821390621,
        33.90196974051274
       ],
       [
        -84.53858823581423,
        33.90256592526893
       ],
       [
        -84.5374940985601,
        33.90259594296295
       ]
      ]
     ]
    ]
   }
  },
  {
   "type": "Feature",
   "properties": {
    "name": "Kennesaw",
    "geoid": "1343192"
   },
   "geometry": {
    "type": "MultiPolygon",
    "coordinates": [
     [
      [
       [
        -84.6472244925445,
        34.02905298343599
       ],
       [
        -84.64624082107082,
        34.02885536695037
       ],
       [
        -84.6425965023705,
        34.02815828938929
       ],
       [
        -84.64248288042488,
        34.03292276448977
       ],
       [
        -84.64110048008648,
        34.03291692771593
       ],
       [
        -84.64077118685519,
        34.03290191886892
       ],
       [
        -84.6407291046531,
        34.03001771876872
       ],
       [
        -84.63853241370441,
        34.0299801966512
       ],
       [
        -84.63856923563124,
        34.029052149611154
       ],
       [
        -84.63474817168218,
        34.029112184999185
       ],
       [
        -84.63321532747132,
        34.03121759270459
       ],
       [
        -84.63478499360899,
        34.031621997749
       ],
       [
        -84.63470398536998,
        34.0342226974057
       ],
       [
        -84.63389495503495,
        34.034216860631865
       ],
       [
        -84.6336414097674,
        34.04370078429179
       ],
       [
        -84.64021149356749,
        34.04380834769535
       ],
       [
        -84.64023043055843,
        34.04460381658682
       ],
       [
        -84.64118885271085,
        34.04461298865999
       ],
       [
        -84.64120042531643,
        34.04382419036719
       ],
       [
        -84.64225248036848,
        34.04382085506786
       ],
       [
        -84.64240292424093,
        34.036083794434795
       ],
       [
        -84.64366118208318,
        34.036039601718606
       ],
       [
        -84.64360647522048,
        34.0379548973619
       ],
       [
        -84.64453649188648,
        34.03797490915791
       ],
       [
        -84.64447652474853,
        34.041590373637376
       ],
       [
        -84.64560853598454,
        34.042349154236156
       ],
       [
        -84.64512353860553,
        34.04337225730726
       ],
       [
        -84.64440708911509,
        34.04339477057777
       ],
       [
        -84.644365006913,
        34.0465558005228
       ],
       [
        -84.64340237654038,
        34.046573310844316
       ],
       [
        -84.64424086441686,
        34.04724037071137
       ],
       [
        -84.64421245893045,
        34.04890301743002
       ],
       [
        -84.6421904091204,
        34.04888634093334
       ],
       [
        -84.64213149403749,
        34.05198316636617
       ],
       [
        -84.6464102019342,
        34.05061319216419
       ],
       [
        -84.64641967042967,
        34.05473478831779
       ],
       [
        -84.64518034957835,
        34.05479232223132
       ],
       [
        -84.64440077678478,
        34.05570786189887
       ],
       [
        -84.64378427252427,
        34.055571948450954
       ],
       [
        -84.64207678717479,
        34.05539267611168
       ],
       [
        -84.64051027720228,
        34.05540601730902
       ],
       [
        -84.6385303095943,
        34.05632072315173
       ],
       [
        -84.6375518983959,
        34.05752976916077
       ],
       [
        -84.6371152955493,
        34.0592782998373
       ],
       [
        -84.63728467641268,
        34.06182396705497
       ],
       [
        -84.6371479092559,
        34.061792281711284
       ],
       [
        -84.63647038580238,
        34.061693890380894
       ],
       [
        -84.63620421587422,
        34.061726409549415
       ],
       [
        -84.63344151930752,
        34.06259025207726
       ],
       [
        -84.63202019293219,
        34.06356582713283
       ],
       [
        -84.63328791926992,
        34.06419202958303
       ],
       [
        -84.63320375486575,
        34.06644502428403
       ],
       [
        -84.63351411110611,
        34.06674186592487
       ],
       [
        -84.63129953522153,
        34.066525905292906
       ],
       [
        -84.6308282145582,
        34.0640285999156
       ],
       [
        -84.62643167649567,
        34.06461311112411
       ],
       [
        -84.62321870036669,
        34.065548662587666
       ],
       [
        -84.62325026201826,
        34.06417618691119
       ],
       [
        -84.62379101831502,
        34.06456891840792
       ],
       [
        -84.62443698011698,
        34.063902692365694
       ],
       [
        -84.62325026201826,
        34.06417618691119
       ],
       [
        -84.62258431117031,
        34.063234798673804
       ],
       [
        -84.62450431164031,
        34.06325814576915
       ],
       [
        -84.6246032048152,
        34.06214832491533
       ],
       [
        -84.6226547988588,
        34.06219001615702
       ],
       [
        -84.6235237963318,
        34.060005395092396
       ],
       [
        -84.62331548943149,
        34.058901411012414
       ],
       [
        -84.62203303432304,
        34.057864132919136
       ],
       [
        -84.61837714301714,
        34.05553609398309
       ],
       [
        -84.61716201943202,
        34.05440292603393
       ],
       [
        -84.61611627671027,
        34.05293289285189
       ],
       [
        -84.61487905996906,
        34.05348822019122
       ],
       [
        -84.61278757452557,
        34.05179222047922
       ],
       [
        -84.61083706445906,
        34.05181806904907
       ],
       [
        -84.60956618195618,
        34.052781136732136
       ],
       [
        -84.60866246666646,
        34.05222914469215
       ],
       [
        -84.60837946385746,
        34.0507265923416
       ],
       [
        -84.60884342013541,
        34.0483009959
       ],
       [
        -84.60803018158018,
        34.048300162075165
       ],
       [
        -84.6078387075607,
        34.04943583149883
       ],
       [
        -84.60718748548348,
        34.04992528667629
       ],
       [
        -84.60740841704441,
        34.044574632717634
       ],
       [
        -84.60512440552641,
        34.0445170988041
       ],
       [
        -84.60505602194802,
        34.04815090742991
       ],
       [
        -84.60252477749277,
        34.04809921029021
       ],
       [
        -84.60007454127654,
        34.04778735980236
       ],
       [
        -84.59920133558333,
        34.04837437248538
       ],
       [
        -84.6009992976673,
        34.04918568404869
       ],
       [
        -84.60081624008824,
        34.05082414984715
       ],
       [
        -84.60294139129338,
        34.052442603849606
       ],
       [
        -84.60272256384256,
        34.0539118032068
       ],
       [
        -84.6021029034169,
        34.05440792898293
       ],
       [
        -84.59812087504487,
        34.04907228387128
       ],
       [
        -84.59480058930059,
        34.051542073029076
       ],
       [
        -84.5956517018377,
        34.05180306020206
       ],
       [
        -84.595596994975,
        34.05260603351704
       ],
       [
        -84.59424089601289,
        34.05250764218665
       ],
       [
        -84.59367699450499,
        34.05434122299623
       ],
       [
        -84.59323302727303,
        34.05715037886138
       ],
       [
        -84.59273750934351,
        34.05891391838492
       ],
       [
        -84.59291425459226,
        34.060673288784294
       ],
       [
        -84.59239348734148,
        34.05903732446033
       ],
       [
        -84.59318147657548,
        34.05469726620027
       ],
       [
        -84.59427350971951,
        34.051672983527986
       ],
       [
        -84.59283114224314,
        34.051948145723145
       ],
       [
        -84.59385058358858,
        34.05068823639924
       ],
       [
        -84.5919894982015,
        34.05010205754106
       ],
       [
        -84.59204525711925,
        34.04877377458077
       ],
       [
        -84.59327721358521,
        34.04928907832808
       ],
       [
        -84.59328668208067,
        34.04998365441465
       ],
       [
        -84.59519616200016,
        34.05039723153223
       ],
       [
        -84.59576953200353,
        34.048001652784656
       ],
       [
        -84.59819557095356,
        34.04804167637668
       ],
       [
        -84.59857851899251,
        34.04696270704171
       ],
       [
        -84.59948328633729,
        34.04622560588861
       ],
       [
        -84.60082465652866,
        34.0436123988594
       ],
       [
        -84.60148745121145,
        34.04386087865988
       ],
       [
        -84.60135278816479,
        34.04257011781712
       ],
       [
        -84.59957797129196,
        34.04261264288365
       ],
       [
        -84.59873106697506,
        34.04220073341573
       ],
       [
        -84.5971834939935,
        34.042350821885826
       ],
       [
        -84.59600203617003,
        34.04194808449109
       ],
       [
        -84.5960399101519,
        34.03928901709602
       ],
       [
        -84.59663747742148,
        34.03850438792739
       ],
       [
        -84.5989761958022,
        34.038863766430765
       ],
       [
        -84.59905509993109,
        34.03706187096487
       ],
       [
        -84.60175888141488,
        34.03720862413562
       ],
       [
        -84.60129808130208,
        34.035922032417034
       ],
       [
        -84.60141065119265,
        34.0348463983814
       ],
       [
        -84.60046274959075,
        34.03462376715077
       ],
       [
        -84.60120444840244,
        34.03412263842564
       ],
       [
        -84.6012318018338,
        34.031411873890875
       ],
       [
        -84.59889413550813,
        34.031256782471786
       ],
       [
        -84.59880891904892,
        34.028606053325056
       ],
       [
        -84.59594101697702,
        34.02849265314766
       ],
       [
        -84.5926301997282,
        34.02889288906789
       ],
       [
        -84.59144663779463,
        34.03025369119669
       ],
       [
        -84.5908943088923,
        34.031467740154746
       ],
       [
        -84.59072177186377,
        34.0290187966178
       ],
       [
        -84.59011157993358,
        34.029212243979245
       ],
       [
        -84.58926151945151,
        34.02684334762635
       ],
       [
        -84.58897746458746,
        34.023212040475045
       ],
       [
        -84.59090062122262,
        34.02106827682728
       ],
       [
        -84.59280589292189,
        34.02020776959877
       ],
       [
        -84.60548841657442,
        34.01538826205926
       ],
       [
        -84.6085498967759,
        34.01341793397694
       ],
       [
        -84.60787552948753,
        34.01237481910982
       ],
       [
        -84.60615015920216,
        34.01073301801202
       ],
       [
        -84.60256896380496,
        34.00584096771197
       ],
       [
        -84.59971894666894,
        34.0061228005058
       ],
       [
        -84.59854695734096,
        34.00561833648134
       ],
       [
        -84.5977473955014,
        34.00457605543906
       ],
       [
        -84.60077205377605,
        34.00401739280039
       ],
       [
        -84.59815559286159,
        34.002714124585125
       ],
       [
        -84.59382849043249,
        34.00161430962931
       ],
       [
        -84.59103107604908,
        34.000712944983945
       ],
       [
        -84.58756455465256,
        33.99895941135841
       ],
       [
        -84.58916788655189,
        33.99708997608098
       ],
       [
        -84.58600225290026,
        33.997098314329314
       ],
       [
        -84.5853626034286,
        33.99653131344232
       ],
       [
        -84.58539732124532,
        33.993713819328825
       ],
       [
        -84.58895852759653,
        33.99349118809819
       ],
       [
        -84.58925415506616,
        33.99392227553728
       ],
       [
        -84.59074070885471,
        33.99332358930659
       ],
       [
        -84.5907628020108,
        33.992060344683345
       ],
       [
        -84.5897644017664,
        33.991920262111265
       ],
       [
        -84.58977071409672,
        33.99014004609105
       ],
       [
        -84.58619372691973,
        33.990952191479195
       ],
       [
        -84.58542151851152,
        33.99062533214433
       ],
       [
        -84.58586022546822,
        33.98937626254327
       ],
       [
        -84.58748144230344,
        33.989849875048876
       ],
       [
        -84.59253551477352,
        33.98994326343026
       ],
       [
        -84.59609882523482,
        33.990168396135395
       ],
       [
        -84.5969636144876,
        33.9910239004149
       ],
       [
        -84.59633238145638,
        33.99224712144613
       ],
       [
        -84.59728554333354,
        33.99294336518237
       ],
       [
        -84.59890255194856,
        33.99156672038172
       ],
       [
        -84.60196613626013,
        33.98953719073619
       ],
       [
        -84.60352949006749,
        33.988036306035305
       ],
       [
        -84.60416072309872,
        33.98695566905067
       ],
       [
        -84.60510336442536,
        33.98766608780909
       ],
       [
        -84.610371004071,
        33.987168294383295
       ],
       [
        -84.61158823176623,
        33.98853493328593
       ],
       [
        -84.61476859418859,
        33.99155921595822
       ],
       [
        -84.61605315340715,
        33.99401316244416
       ],
       [
        -84.61714623860624,
        33.99770283733384
       ],
       [
        -84.62757736444736,
        33.99778872129173
       ],
       [
        -84.62830749065348,
        33.99652797814298
       ],
       [
        -84.62860417017816,
        33.99357373675674
       ],
       [
        -84.62689878893879,
        33.9932226965017
       ],
       [
        -84.62691246565447,
        33.99216373896274
       ],
       [
        -84.62872831267431,
        33.992138724217725
       ],
       [
        -84.62863362771962,
        33.99325104654605
       ],
       [
        -84.62968147455148,
        33.99314515079215
       ],
       [
        -84.63052522270323,
        33.993912269639274
       ],
       [
        -84.6294615950456,
        33.994514291169295
       ],
       [
        -84.62984033486433,
        33.99641040884141
       ],
       [
        -84.6297225046985,
        33.99780706543807
       ],
       [
        -84.63379711391511,
        33.99784792285492
       ],
       [
        -84.63451356340556,
        33.99755441651342
       ],
       [
        -84.63453670861671,
        33.9943566982757
       ],
       [
        -84.63722891749491,
        33.9938955931426
       ],
       [
        -84.63729309285308,
        33.99794798183498
       ],
       [
        -84.63460193602994,
        33.99791462884163
       ],
       [
        -84.63452303190103,
        33.99873261100361
       ],
       [
        -84.6388333014493,
        33.99880765523866
       ],
       [
        -84.63881226034826,
        33.99970401693502
       ],
       [
        -84.63464191412191,
        33.99966732864233
       ],
       [
        -84.63447779353379,
        34.0071308947299
       ],
       [
        -84.63372978239178,
        34.00776877072777
       ],
       [
        -84.63439257707458,
        34.00868597804498
       ],
       [
        -84.63368664813464,
        34.009645710428714
       ],
       [
        -84.6339927961548,
        34.0106412972803
       ],
       [
        -84.63910052343252,
        34.010606276637276
       ],
       [
        -84.63882488500889,
        34.0125098987329
       ],
       [
        -84.63526157454757,
        34.01243735597236
       ],
       [
        -84.63526157454757,
        34.01381066547367
       ],
       [
        -84.63435154692755,
        34.013966590717594
       ],
       [
        -84.63433366199166,
        34.01289262433163
       ],
       [
        -84.63221061489661,
        34.01298934801235
       ],
       [
        -84.62970672387272,
        34.01202294502995
       ],
       [
        -84.62913651003451,
        34.013006024509025
       ],
       [
        -84.6324894094854,
        34.014084993843994
       ],
       [
        -84.632542012238,
        34.01503638797939
       ],
       [
        -84.63063042820842,
        34.015635074210074
       ],
       [
        -84.63435154692755,
        34.01984588962089
       ],
       [
        -84.63423266470666,
        34.023850750297754
       ],
       [
        -84.6344557003777,
        34.02488636074136
       ],
       [
        -84.63642304332504,
        34.02559427802528
       ],
       [
        -84.63664607899608,
        34.01814405313505
       ],
       [
        -84.63880805212806,
        34.01814988990889
       ],
       [
        -84.63882488500889,
        34.01629212817913
       ],
       [
        -84.64292053532654,
        34.016329650296655
       ],
       [
        -84.64365381769781,
        34.01602363658264
       ],
       [
        -84.64310464496064,
        34.01736526074026
       ],
       [
        -84.64373377388178,
        34.01802481618382
       ],
       [
        -84.64537497976298,
        34.01806067065167
       ],
       [
        -84.64281532982133,
        34.019986806017805
       ],
       [
        -84.6407554060294,
        34.020039336982336
       ],
       [
        -84.63901425491825,
        34.02358225870126
       ],
       [
        -84.63918153167153,
        34.02601786104086
       ],
       [
        -84.63998319762119,
        34.026001184544185
       ],
       [
        -84.63987273184073,
        34.02511733022033
       ],
       [
        -84.64263648046249,
        34.02533996145096
       ],
       [
        -84.64253863934263,
        34.027345310176315
       ],
       [
        -84.6473055007835,
        34.02741368381269
       ],
       [
        -84.64719924322324,
        34.02848097959998
       ],
       [
        -84.65002295898296,
        34.02901963044263
       ],
       [
        -84.64999665760665,
        34.0295882989793
       ],
       [
        -84.6472244925445,
        34.02905298343599
       ]
      ],
      [
       [
        -84.63164145311345,
        34.06357416538117
       ],
       [
        -84.63164145311345,
        34.06357416538117
       ],
       [
        -84.63164145311345,
        34.06357416538117
       ],
       [
        -84.63164145311345,
        34.06357416538117
       ]
      ],
      [
       [
        -84.63448094969895,
        34.00201287789988
       ],
       [
        -84.63446937709338,
        34.001425865216866
       ],
       [
        -84.63306698770899,
        34.00141002254502
       ],
       [
        -84.63306277948878,
        34.00200203817704
       ],
       [
        -84.63448094969895,
        34.00201287789988
       ]
      ],
      [
       [
        -84.60972714637914,
        34.012127173134175
       ],
       [
        -84.60787552948753,
        34.01211383193684
       ],
       [
        -84.60873821463021,
        34.01314193795694
       ],
       [
        -84.60972714637914,
        34.012127173134175
       ]
      ],
      [
       [
        -84.60143274434874,
        33.99204700348601
       ],
       [
        -84.60142748407348,
        33.991310736157736
       ],
       [
        -84.59968843707243,
        33.99145165255465
       ],
       [
        -84.59966423980624,
        33.99221793757694
       ],
       [
        -84.60143274434874,
        33.99204700348601
       ]
      ],
      [
       [
        -84.59214309823909,
        34.02159358647259
       ],
       [
        -84.59108473085674,
        34.02181538387838
       ],
       [
        -84.59010947582347,
        34.022648374887375
       ],
       [
        -84.59188218858618,
        34.022751769166774
       ],
       [
        -84.59214309823909,
        34.02159358647259
       ]
      ],
      [
       [
        -84.59688891857891,
        34.020618011417014
       ],
       [
        -84.59584738407739,
        34.01952486705987
       ],
       [
        -84.59491841946642,
        34.01988674703775
       ],
       [
        -84.59568852376452,
        34.02105576945477
       ],
       [
        -84.59688891857891,
        34.020618011417014
       ]
      ],
      [
       [
        -84.59492052357652,
        34.021079950374954
       ],
       [
        -84.59433768507769,
        34.02011271356771
       ],
       [
        -84.59243241337842,
        34.02085565149466
       ],
       [
        -84.5921715037255,
        34.02136428464328
       ],
       [
        -84.59492052357652,
        34.021079950374954
       ]
      ],
      [
       [
        -84.60654573190173,
        33.99015505493806
       ],
       [
        -84.60426172038372,
        33.9901759005589
       ],
       [
        -84.60506023016823,
        33.99153503503804
       ],
       [
        -84.60501604385604,
        33.99254062778763
       ],
       [
        -84.60577983582384,
        33.99067286015986
       ],
       [
        -84.60654573190173,
        33.99015505493806
       ]
      ],
      [
       [
        -84.60494766027766,
        34.00681737659238
       ],
       [
        -84.60296243239443,
        34.00511637393138
       ],
       [
        -84.60088146750147,
        34.00370220701321
       ],
       [
        -84.6019934896915,
        34.004760330727336
       ],
       [
        -84.60393347920748,
        34.00731600384301
       ],
       [
        -84.60494766027766,
        34.00681737659238
       ]
      ],
      [
       [
        -84.61261398544198,
        34.01346712964213
       ],
       [
        -84.61111375493775,
        34.01215885847786
       ],
       [
        -84.61029104788705,
        34.0121646952517
       ],
       [
        -84.60975449981049,
        34.01331120439821
       ],
       [
        -84.61186807841008,
        34.01423424848925
       ],
       [
        -84.61261398544198,
        34.01346712964213
       ]
      ],
      [
       [
        -84.60781871851472,
        34.014470220917225
       ],
       [
        -84.60344848182848,
        34.016649839032844
       ],
       [
        -84.6077598034318,
        34.01759623021923
       ],
       [
        -84.60781871851472,
        34.014470220917225
       ]
      ],
      [
       [
        -84.60817746928747,
        33.99252812041512
       ],
       [
        -84.60665514562714,
        33.99065868513769
       ],
       [
        -84.6057808878789,
        33.991219849250854
       ],
       [
        -84.60511283292084,
        33.99265402796503
       ],
       [
        -84.60604916191716,
        33.994043180138185
       ],
       [
        -84.60817536517736,
        33.993550389661394
       ],
       [
        -84.60817746928747,
        33.99252812041512
       ]
      ],
      [
       [
        -84.60873821463021,
        34.01011932293432
       ],
       [
        -84.60606283863284,
        34.007777108976114
       ],
       [
        -84.6061953975694,
        34.00851170865471
       ],
       [
        -84.60479406024005,
        34.00852671750172
       ],
       [
        -84.60731373208974,
        34.01168024302324
       ],
       [
        -84.60863406118006,
        34.01122580848881
       ],
       [
        -84.60785659249659,
        34.01044534844435
       ],
       [
        -84.60873821463021,
        34.01011932293432
       ]
      ],
      [
       [
        -84.63425791402791,
        34.008585085240085
       ],
       [
        -84.63363194127194,
        34.00784464878765
       ],
       [
        -84.63078297619097,
        34.010737187136186
       ],
       [
        -84.63288077396477,
        34.011697753344755
       ],
       [
        -84.63418427017427,
        34.011475955938955
       ],
       [
        -84.63353725631725,
        34.00971575171475
       ],
       [
        -84.63425791402791,
        34.008585085240085
       ]
      ],
      [
       [
        -84.60566305771306,
        34.005650021825026
       ],
       [
        -84.60387877234477,
        34.004136629751635
       ],
       [
        -84.60540004395004,
        34.003614655405656
       ],
       [
        -84.60444372590773,
        34.00186362325463
       ],
       [
        -84.60139276625677,
        34.00217297226797
       ],
       [
        -84.60089935243735,
        34.00138500780001
       ],
       [
        -84.60011346731346,
        34.00152925949626
       ],
       [
        -84.60041856327857,
        34.00264908624809
       ],
       [
        -84.60237959389559,
        34.002363084330085
       ],
       [
        -84.60298347349547,
        34.00369803788904
       ],
       [
        -84.60236802129002,
        34.003813105716105
       ],
       [
        -84.6050455013975,
        34.00611196078296
       ],
       [
        -84.60566305771306,
        34.005650021825026
       ]
      ],
      [
       [
        -84.62482308432108,
        34.05617813910514
       ],
       [
        -84.62397618000418,
        34.05591131515832
       ],
       [
        -84.61933661722462,
        34.05589880778581
       ],
       [
        -84.62335336341336,
        34.058724640147645
       ],
       [
        -84.62477574184373,
        34.05789581826282
       ],
       [
        -84.62482308432108,
        34.05617813910514
       ]
      ],
      [
       [
        -84.63716053391653,
        34.06157298577999
       ],
       [
        -84.63707952567752,
        34.059876152243156
       ],
       [
        -84.63230845601646,
        34.05983612865113
       ],
       [
        -84.63252097113697,
        34.063094716101716
       ],
       [
        -84.63389495503495,
        34.062185013208016
       ],
       [
        -84.63716053391653,
        34.06157298577999
       ]
      ],
      [
       [
        -84.63434207843207,
        34.0036896996407
       ],
       [
        -84.6329502095982,
        34.00363716867617
       ],
       [
        -84.6329218041118,
        34.00478034252335
       ],
       [
        -84.63217484502485,
        34.004775339574344
       ],
       [
        -84.63220956284157,
        34.008189852268856
       ],
       [
        -84.63036636239036,
        34.00855923667024
       ],
       [
        -84.63084925565926,
        34.01026190698091
       ],
       [
        -84.63221797928198,
        34.00879020614921
       ],
       [
        -84.63427053868854,
        34.007175087446086
       ],
       [
        -84.63434207843207,
        34.0036896996407
       ]
      ],
      [
       [
        -84.6208926066466,
        34.004873730904734
       ],
       [
        -84.61693687965088,
        34.00480118814419
       ],
       [
        -84.61685481935682,
        34.008468349763355
       ],
       [
        -84.61886634861635,
        34.0084941983332
       ],
       [
        -84.62008673247674,
        34.007069191692196
       ],
       [
        -84.6208926066466,
        34.004873730904734
       ]
      ],
      [
       [
        -84.59941174659374,
        33.99934964138065
       ],
       [
        -84.59908771363772,
        33.99768532701233
       ],
       [
        -84.59811771887972,
        33.997541909140914
       ],
       [
        -84.59540026068026,
        33.99526806881907
       ],
       [
        -84.5936065068165,
        33.9969624008814
       ],
       [
        -84.59299000255601,
        33.99866840649141
       ],
       [
        -84.59839230524831,
        33.9987050947841
       ],
       [
        -84.5984385956706,
        33.99932712811013
       ],
       [
        -84.59941174659374,
        33.99934964138065
       ]
      ],
      [
       [
        -84.62848634001234,
        34.00425086375387
       ],
       [
        -84.62709973145373,
        34.0039631941862
       ],
       [
        -84.62560476122476,
        34.002121275128275
       ],
       [
        -84.62455796644797,
        34.00155677571578
       ],
       [
        -84.6209630943351,
        34.00511720775621
       ],
       [
        -84.62049282572683,
        34.006522202601204
       ],
       [
        -84.62141547800748,
        34.006747335306336
       ],
       [
        -84.62222345628746,
        34.00489707800008
       ],
       [
        -84.62800134263334,
        34.004981294308294
       ],
       [
        -84.62848634001234,
        34.00425086375387
       ]
      ],
      [
       [
        -84.59901722594923,
        34.02579106068606
       ],
       [
        -84.59899618484819,
        34.021989653268655
       ],
       [
        -84.59745071597672,
        34.02216725795826
       ],
       [
        -84.59556648537848,
        34.02285516344617
       ],
       [
        -84.59457755362955,
        34.02362394994295
       ],
       [
        -84.59439028783028,
        34.024421920308924
       ],
       [
        -84.59292267103267,
        34.02548004402305
       ],
       [
        -84.59200317491717,
        34.025511729366734
       ],
       [
        -84.59148556383157,
        34.0263638983469
       ],
       [
        -84.59432821658221,
        34.026453951428955
       ],
       [
        -84.59433978918779,
        34.0285676973827
       ],
       [
        -84.59634605817206,
        34.028255013070016
       ],
       [
        -84.59891833277433,
        34.02840760301461
       ],
       [
        -84.59901722594923,
        34.02579106068606
       ]
      ]
     ],
     [
      [
       [
        -84.59177593102594,
        34.054678922053924
       ],
       [
        -84.59161917482318,
        34.05524175381676
       ],
       [
        -84.58841461513461,
        34.05498827106727
       ],
       [
        -84.58758349164349,
        34.05450465266365
       ],
       [
        -84.58705746411746,
        34.05303628713129
       ],
       [
        -84.58519848284048,
        34.05135613009113
       ],
       [
        -84.5843905045605,
        34.0496693024523
       ],
       [
        -84.5858717980738,
        34.04942499177599
       ],
       [
        -84.58660402839003,
        34.050222962141966
       ],
       [
        -84.58924468657068,
        34.05226666680967
       ],
       [
        -84.59177593102594,
        34.054678922053924
       ]
      ]
     ],
     [
      [
       [
        -84.58431580865181,
        34.04940664762965
       ],
       [
        -84.58099657496257,
        34.0504480948471
       ],
       [
        -84.5810113037333,
        34.04776234505735
       ],
       [
        -84.5834867892708,
        34.04776734800635
       ],
       [
        -84.58431580865181,
        34.04940664762965
       ]
      ]
     ]
    ]
   }
  },
  {
   "type": "Feature",
   "properties": {
    "name": "Kennesaw State University",
    "geoid": "1343210"
   },
   "geometry": {
    "type": "Polygon",
    "coordinates": [
     [
      [
       -84.5864840941141,
       34.03742708624209
      ],
      [
       -84.58641676259076,
       34.040471380710386
      ],
      [
       -84.58549831853031,
       34.04111259200759
      ],
      [
       -84.58553198429199,
       34.0464348959219
      ],
      [
       -84.58490075126075,
       34.047561393272396
      ],
      [
       -84.58106495854096,
       34.04360572826073
      ],
      [
       -84.57984878290078,
       34.04170460763961
      ],
      [
       -84.5786283990404,
       34.03857526303827
      ],
      [
       -84.57718392745393,
       34.033480593303594
      ],
      [
       -84.57951212528413,
       34.03295028070928
      ],
      [
       -84.58264093700893,
       34.03105416303716
      ],
      [
       -84.58389814279614,
       34.029243095498096
      ],
      [
       -84.58507539239939,
       34.029634159345164
      ],
      [
       -84.5842611017891,
       34.03022700880201
      ],
      [
       -84.58562035691635,
       34.031872145199145
      ],
      [
       -84.58644937629738,
       34.03356480961181
      ],
      [
       -84.58575501996302,
       34.03388666599767
      ],
      [
       -84.58638414888415,
       34.03587033527734
      ],
      [
       -84.5864840941141,
       34.03742708624209
      ]
     ]
    ]
   }
  },
  {
   "type": "Feature",
   "properties": {
    "name": "Mableton",
    "geoid": "1348288"
   },
   "geometry": {
    "type": "MultiPolygon",
    "coordinates": [
     [
      [
       [
        -84.61998783930184,
        33.801547212826215
       ],
       [
        -84.61965118168519,
        33.80458733817034
       ],
       [
        -84.62002466122865,
        33.805811393026396
       ],
       [
        -84.61961646386847,
        33.81030737653038
       ],
       [
        -84.6189705020665,
        33.81347007412508
       ],
       [
        -84.61832874848474,
        33.8152060974291
       ],
       [
        -84.61767752640752,
        33.81651937154238
       ],
       [
        -84.61386067067868,
        33.81751495839396
       ],
       [
        -84.61317262667463,
        33.817491611298614
       ],
       [
        -84.61323469792269,
        33.81557798330498
       ],
       [
        -84.61432462695663,
        33.81559465980166
       ],
       [
        -84.61470652294052,
        33.81367602885903
       ],
       [
        -84.61578487936887,
        33.813831120278124
       ],
       [
        -84.61589429309429,
        33.81250533879234
       ],
       [
        -84.6150295038415,
        33.811919993759
       ],
       [
        -84.60882448314449,
        33.81188330546631
       ],
       [
        -84.60870349681349,
        33.81248199169699
       ],
       [
        -84.61081497130297,
        33.812382766541766
       ],
       [
        -84.61081497130297,
        33.81553962736263
       ],
       [
        -84.60991967245367,
        33.816144984191986
       ],
       [
        -84.60987127792127,
        33.81731984338285
       ],
       [
        -84.60805332679132,
        33.81749494659795
       ],
       [
        -84.6080890966631,
        33.81692627806128
       ],
       [
        -84.60621433456033,
        33.816476012651016
       ],
       [
        -84.60536848229849,
        33.818301255212255
       ],
       [
        -84.60465098075298,
        33.81903835636536
       ],
       [
        -84.60583349063148,
        33.819035854890856
       ],
       [
        -84.60638792364392,
        33.81744074798375
       ],
       [
        -84.60677928812329,
        33.81815783734084
       ],
       [
        -84.60836683919683,
        33.81864812634313
       ],
       [
        -84.6070707073727,
        33.819105062352065
       ],
       [
        -84.60910748595349,
        33.81915592566693
       ],
       [
        -84.6091137982838,
        33.817468264203264
       ],
       [
        -84.60978395735195,
        33.817393219968224
       ],
       [
        -84.60989442313242,
        33.81956116453617
       ],
       [
        -84.61129260429661,
        33.81958784693085
       ],
       [
        -84.61129576046176,
        33.820444185035186
       ],
       [
        -84.60987759025159,
        33.820063960910964
       ],
       [
        -84.60702757311557,
        33.820038112341116
       ],
       [
        -84.60744208280609,
        33.82110874342774
       ],
       [
        -84.61129891662692,
        33.820882776897776
       ],
       [
        -84.61173025919825,
        33.82147812782913
       ],
       [
        -84.61451715303114,
        33.81911923737424
       ],
       [
        -84.61506527371327,
        33.81750912162013
       ],
       [
        -84.61747974005773,
        33.81689375889276
       ],
       [
        -84.61761966337966,
        33.8171213930724
       ],
       [
        -84.61645924665724,
        33.81780512943613
       ],
       [
        -84.6102437054097,
        33.822933152164154
       ],
       [
        -84.6077576993217,
        33.82428811751912
       ],
       [
        -84.59910665062866,
        33.8275858947369
       ],
       [
        -84.59841334634935,
        33.82827963699864
       ],
       [
        -84.59773266673066,
        33.832804804371804
       ],
       [
        -84.5995485137505,
        33.83671210754311
       ],
       [
        -84.59967686446686,
        33.83785194609095
       ],
       [
        -84.5989562067562,
        33.83854818982719
       ],
       [
        -84.59873317108517,
        33.840004881811886
       ],
       [
        -84.59653542808142,
        33.847251653442655
       ],
       [
        -84.59047138276138,
        33.84732336237836
       ],
       [
        -84.58399703597104,
        33.847219134274134
       ],
       [
        -84.58219802183201,
        33.84753598771099
       ],
       [
        -84.56894738845139,
        33.85223375682476
       ],
       [
        -84.56736614970815,
        33.85259813827714
       ],
       [
        -84.56349353506154,
        33.85278908416409
       ],
       [
        -84.56111378653378,
        33.85274238997339
       ],
       [
        -84.5581511995072,
        33.85172178837679
       ],
       [
        -84.55459946165146,
        33.85022840809941
       ],
       [
        -84.55365471621471,
        33.84941292741193
       ],
       [
        -84.54975053991654,
        33.84702735456236
       ],
       [
        -84.55003249067049,
        33.84620436945137
       ],
       [
        -84.54043248832049,
        33.839104350991356
       ],
       [
        -84.5417948996129,
        33.838226333441334
       ],
       [
        -84.53990751284951,
        33.83738333653434
       ],
       [
        -84.53883231258631,
        33.836114255137254
       ],
       [
        -84.53749199445,
        33.835398833429835
       ],
       [
        -84.53791912880112,
        33.8346016968887
       ],
       [
        -84.53955823057223,
        33.83445327606828
       ],
       [
        -84.54143614884015,
        33.834892701755706
       ],
       [
        -84.54139091047291,
        33.83397299296399
       ],
       [
        -84.53973707993107,
        33.83345518774219
       ],
       [
        -84.53973287171087,
        33.832420411123415
       ],
       [
        -84.54096588023188,
        33.83173917623418
       ],
       [
        -84.54101217065417,
        33.829806370269374
       ],
       [
        -84.54017052661253,
        33.830585996489
       ],
       [
        -84.53683446004246,
        33.830457587464586
       ],
       [
        -84.53695965459366,
        33.82585570820671
       ],
       [
        -84.53221593836393,
        33.825845702308705
       ],
       [
        -84.53225696851096,
        33.82154983676484
       ],
       [
        -84.53162573547974,
        33.82121797448097
       ],
       [
        -84.5309397955858,
        33.82182916808417
       ],
       [
        -84.52922073763074,
        33.82239867044567
       ],
       [
        -84.52991825013025,
        33.82282975788476
       ],
       [
        -84.52908081430881,
        33.823857030080035
       ],
       [
        -84.5281834113494,
        33.823570194337194
       ],
       [
        -84.52827073191872,
        33.821774135645136
       ],
       [
        -84.52720710426111,
        33.82177913859414
       ],
       [
        -84.52700300558101,
        33.82461664450365
       ],
       [
        -84.52546910931511,
        33.82476173002473
       ],
       [
        -84.52548489014089,
        33.8253329000359
       ],
       [
        -84.52363748146948,
        33.82469168873869
       ],
       [
        -84.5234133937434,
        33.823591873782874
       ],
       [
        -84.52153442342042,
        33.82357436346137
       ],
       [
        -84.52135557406157,
        33.825714791809794
       ],
       [
        -84.52000578742978,
        33.82616505722006
       ],
       [
        -84.5174755950296,
        33.82452992672093
       ],
       [
        -84.51690117297117,
        33.82445488248588
       ],
       [
        -84.51672653183253,
        33.82175078854979
       ],
       [
        -84.51824043905243,
        33.8202940965651
       ],
       [
        -84.5164551016291,
        33.820565923460926
       ],
       [
        -84.51316006520607,
        33.821724939979944
       ],
       [
        -84.51143995519595,
        33.821688251687256
       ],
       [
        -84.51070772487972,
        33.82105871393772
       ],
       [
        -84.5067541019941,
        33.82158902653203
       ],
       [
        -84.50711495687696,
        33.8198921929952
       ],
       [
        -84.50677514309514,
        33.81911506825007
       ],
       [
        -84.50898656281456,
        33.816640276143275
       ],
       [
        -84.51133054147054,
        33.81540538156438
       ],
       [
        -84.51543250411851,
        33.81014811598712
       ],
       [
        -84.5165319016479,
        33.805657135432135
       ],
       [
        -84.51783118963719,
        33.80577303708404
       ],
       [
        -84.52013098198098,
        33.80460484849185
       ],
       [
        -84.52103048905049,
        33.80470490747191
       ],
       [
        -84.52119566169365,
        33.80325071696172
       ],
       [
        -84.52423294462895,
        33.80078176162876
       ],
       [
        -84.52481262696263,
        33.79953435967736
       ],
       [
        -84.52583312036312,
        33.798632161207166
       ],
       [
        -84.5249315091835,
        33.79740560487661
       ],
       [
        -84.52301045665845,
        33.79296632146132
       ],
       [
        -84.52044239027639,
        33.78783412960913
       ],
       [
        -84.52177744813744,
        33.78720792715893
       ],
       [
        -84.52499147632147,
        33.785866303001306
       ],
       [
        -84.53077251883252,
        33.782340891603894
       ],
       [
        -84.53231377948377,
        33.78081165685866
       ],
       [
        -84.53405493059493,
        33.778467775250775
       ],
       [
        -84.53566141865942,
        33.775576904551905
       ],
       [
        -84.53767820819421,
        33.77157037622538
       ],
       [
        -84.53957401139802,
        33.76978265578166
       ],
       [
        -84.54372542063342,
        33.770970022345026
       ],
       [
        -84.5497031974392,
        33.77235917451818
       ],
       [
        -84.55193986647987,
        33.772729392744395
       ],
       [
        -84.55140647456847,
        33.774261128964135
       ],
       [
        -84.55066793192194,
        33.77514081416382
       ],
       [
        -84.54572642934242,
        33.7787345991976
       ],
       [
        -84.5481913943294,
        33.78066073456374
       ],
       [
        -84.55072684700484,
        33.781547924186924
       ],
       [
        -84.55217763092163,
        33.78248931242432
       ],
       [
        -84.55708651979452,
        33.78647499513
       ],
       [
        -84.55788502957903,
        33.78686272367773
       ],
       [
        -84.56339043366643,
        33.78870380891081
       ],
       [
        -84.56474232440833,
        33.78955514406615
       ],
       [
        -84.57258013454613,
        33.78909820805721
       ],
       [
        -84.57574261203261,
        33.78929665836766
       ],
       [
        -84.57899135803336,
        33.7896993957624
       ],
       [
        -84.58017597202198,
        33.79004293159393
       ],
       [
        -84.58256624110024,
        33.791486282381285
       ],
       [
        -84.58752878478079,
        33.79310140108441
       ],
       [
        -84.5918885009165,
        33.79011964347865
       ],
       [
        -84.59753277627077,
        33.78810595650496
       ],
       [
        -84.5992328972349,
        33.78920577146077
       ],
       [
        -84.60439743548544,
        33.789013991748995
       ],
       [
        -84.60633321678121,
        33.7871062005292
       ],
       [
        -84.60833317343517,
        33.78720625950926
       ],
       [
        -84.60963351347951,
        33.78790583854484
       ],
       [
        -84.61065400688001,
        33.78788582674883
       ],
       [
        -84.61625093975694,
        33.7949007950758
       ],
       [
        -84.61759651816851,
        33.79758737869038
       ],
       [
        -84.62004465027465,
        33.800710052693056
       ],
       [
        -84.61998783930184,
        33.801547212826215
       ]
      ]
     ],
     [
      [
       [
        -84.53794858634258,
        33.83289735892836
       ],
       [
        -84.53712061901662,
        33.83384041481542
       ],
       [
        -84.53642836679236,
        33.83345518774219
       ],
       [
        -84.53653988462789,
        33.832462102365106
       ],
       [
        -84.53794858634258,
        33.83289735892836
       ]
      ]
     ],
     [
      [
       [
        -84.61339566234567,
        33.81768088953589
       ],
       [
        -84.6126686923047,
        33.81879237803938
       ],
       [
        -84.61080655486255,
        33.818563076210076
       ],
       [
        -84.61084863706463,
        33.817400724391725
       ],
       [
        -84.61339566234567,
        33.81768088953589
       ]
      ]
     ]
    ]
   }
  },
  {
   "type": "Feature",
   "properties": {
    "name": "Marietta",
    "geoid": "1349756"
   },
   "geometry": {
    "type": "MultiPolygon",
    "coordinates": [
     [
      [
       [
        -84.48267571801772,
        33.897762260401265
       ],
       [
        -84.4829197947898,
        33.898020746099746
       ],
       [
        -84.48370357580357,
        33.899387385002385
       ],
       [
        -84.4878434124334,
        33.896749163228165
       ],
       [
        -84.48780133023133,
        33.897589658660664
       ],
       [
        -84.48890809214609,
        33.899199774414775
       ],
       [
        -84.48803278234278,
        33.89978511944812
       ],
       [
        -84.48958351148951,
        33.90186801388302
       ],
       [
        -84.49231464640465,
        33.90048886760787
       ],
       [
        -84.49672380912781,
        33.897694720589726
       ],
       [
        -84.50092150878551,
        33.90152614570115
       ],
       [
        -84.50083524027124,
        33.90859614646715
       ],
       [
        -84.49650182551183,
        33.90856863024763
       ],
       [
        -84.4963882035662,
        33.91236336706637
       ],
       [
        -84.50439749867749,
        33.92106099390799
       ],
       [
        -84.50684563078363,
        33.92478402179103
       ],
       [
        -84.5073685021445,
        33.92328480473981
       ],
       [
        -84.50864464492264,
        33.921166055837055
       ],
       [
        -84.51130108392908,
        33.920929249584255
       ],
       [
        -84.50995234935235,
        33.922008218919224
       ],
       [
        -84.51043313851113,
        33.92528014756715
       ],
       [
        -84.50845527501328,
        33.92484322335422
       ],
       [
        -84.50754103917303,
        33.924984973575974
       ],
       [
        -84.50951469445069,
        33.92691027511728
       ],
       [
        -84.51204488685089,
        33.92851121879822
       ],
       [
        -84.52146288367688,
        33.928527061470064
       ],
       [
        -84.52329451152251,
        33.931246998078
       ],
       [
        -84.52248442913243,
        33.93172728118228
       ],
       [
        -84.52229505922305,
        33.93769663316763
       ],
       [
        -84.5310008147788,
        33.9378091995202
       ],
       [
        -84.53108392712792,
        33.93620575436476
       ],
       [
        -84.53062417907017,
        33.93550867680368
       ],
       [
        -84.53513749524349,
        33.936610993234
       ],
       [
        -84.53513433907834,
        33.93776500680401
       ],
       [
        -84.53964555114155,
        33.937763339154344
       ],
       [
        -84.53963923881123,
        33.93620325289025
       ],
       [
        -84.54148559542759,
        33.93624994708095
       ],
       [
        -84.54261865871865,
        33.937850890761894
       ],
       [
        -84.5430215958036,
        33.93777668035168
       ],
       [
        -84.54639027608027,
        33.93736226940927
       ],
       [
        -84.54638711991512,
        33.938030996926
       ],
       [
        -84.55161898968899,
        33.93804433812334
       ],
       [
        -84.55288671602672,
        33.935723803610806
       ],
       [
        -84.55411446427246,
        33.93635500901001
       ],
       [
        -84.55510234396634,
        33.93583803761304
       ],
       [
        -84.55504237682838,
        33.93378932999633
       ],
       [
        -84.55544741802342,
        33.93286295060595
       ],
       [
        -84.55734742944743,
        33.9326078002068
       ],
       [
        -84.5573348047868,
        33.93098267560568
       ],
       [
        -84.55956095327696,
        33.93093431376531
       ],
       [
        -84.55847207629807,
        33.927238802101805
       ],
       [
        -84.56077081658681,
        33.927217122656124
       ],
       [
        -84.560248997281,
        33.926207360782364
       ],
       [
        -84.56040049320849,
        33.92358164638065
       ],
       [
        -84.5568477032977,
        33.923510771269775
       ],
       [
        -84.55683928685728,
        33.921977367400366
       ],
       [
        -84.55806282688283,
        33.92096593787694
       ],
       [
        -84.55708020746421,
        33.920318055981056
       ],
       [
        -84.55696448140849,
        33.91923491752192
       ],
       [
        -84.55544426185826,
        33.918427775082776
       ],
       [
        -84.55611862914662,
        33.91827184983885
       ],
       [
        -84.55561364272164,
        33.917382992566
       ],
       [
        -84.55484038225838,
        33.917598119373125
       ],
       [
        -84.5538546066746,
        33.91587126814227
       ],
       [
        -84.55537587827988,
        33.915858760769765
       ],
       [
        -84.55755468429268,
        33.916419091058096
       ],
       [
        -84.5574294897415,
        33.914745604616606
       ],
       [
        -84.55604393323793,
        33.913010415137414
       ],
       [
        -84.56198804428205,
        33.91324221844122
       ],
       [
        -84.56200066894267,
        33.914054363829365
       ],
       [
        -84.56312110757311,
        33.914551323430324
       ],
       [
        -84.56557555200955,
        33.911863905990906
       ],
       [
        -84.56655922348322,
        33.911933113452115
       ],
       [
        -84.56812152523553,
        33.910583151046154
       ],
       [
        -84.56830353075954,
        33.91134693459394
       ],
       [
        -84.56945447898647,
        33.91127772713273
       ],
       [
        -84.56924932825133,
        33.91261268069168
       ],
       [
        -84.57061805187405,
        33.9126426983857
       ],
       [
        -84.57060647926848,
        33.91347318792019
       ],
       [
        -84.56981217770418,
        33.9134806923437
       ],
       [
        -84.56975957495158,
        33.91514667436168
       ],
       [
        -84.57050653403853,
        33.91514167141268
       ],
       [
        -84.57045919156118,
        33.91665673113573
       ],
       [
        -84.57517029408429,
        33.916668404683406
       ],
       [
        -84.57652218482619,
        33.91708281562582
       ],
       [
        -84.57611188335588,
        33.915713675248675
       ],
       [
        -84.57555534623334,
        33.915327614350616
       ],
       [
        -84.5726664030604,
        33.91526507748808
       ],
       [
        -84.5728705017405,
        33.913197191900196
       ],
       [
        -84.57536176810376,
        33.91324638756539
       ],
       [
        -84.5758962120702,
        33.91505161833062
       ],
       [
        -84.57945952253152,
        33.9146864030534
       ],
       [
        -84.57944794992595,
        33.91640408221109
       ],
       [
        -84.58217698073098,
        33.91651831621332
       ],
       [
        -84.58223379170379,
        33.91881466980567
       ],
       [
        -84.577245998702,
        33.92244931225631
       ],
       [
        -84.5765569026429,
        33.92186396722297
       ],
       [
        -84.57588569151969,
        33.92234925327625
       ],
       [
        -84.57646747796348,
        33.922961280704286
       ],
       [
        -84.57507560912961,
        33.92394602783303
       ],
       [
        -84.5759908970249,
        33.92559616717917
       ],
       [
        -84.57645274919275,
        33.927369712600715
       ],
       [
        -84.58071778037377,
        33.927378884673885
       ],
       [
        -84.58092924343924,
        33.926809382312385
       ],
       [
        -84.57908288682289,
        33.927158754917755
       ],
       [
        -84.5783211989652,
        33.92556281418582
       ],
       [
        -84.5787051990592,
        33.92491493228994
       ],
       [
        -84.57677783420384,
        33.923156395715395
       ],
       [
        -84.58060836664836,
        33.9203880972671
       ],
       [
        -84.58150156138755,
        33.92115604993905
       ],
       [
        -84.57928593344793,
        33.92233007530508
       ],
       [
        -84.57931749509949,
        33.92416615758916
       ],
       [
        -84.58163622443422,
        33.92413197077097
       ],
       [
        -84.58165200526,
        33.9237800966911
       ],
       [
        -84.58367405507005,
        33.923805945260945
       ],
       [
        -84.58365722218922,
        33.92746476863177
       ],
       [
        -84.58591598438598,
        33.92749061720162
       ],
       [
        -84.58596648302849,
        33.92937172602673
       ],
       [
        -84.58733415459615,
        33.93013967869868
       ],
       [
        -84.58655879002279,
        33.932195890738896
       ],
       [
        -84.5856918966599,
        33.93246438233538
       ],
       [
        -84.58590756794557,
        33.93360839000739
       ],
       [
        -84.58717634633834,
        33.93365591802292
       ],
       [
        -84.5873068011648,
        33.935152633599635
       ],
       [
        -84.58633575435175,
        33.93574214775715
       ],
       [
        -84.5872015956596,
        33.93817107949808
       ],
       [
        -84.5882789000329,
        33.937972629187634
       ],
       [
        -84.58790436843437,
        33.936957864364864
       ],
       [
        -84.58818947535347,
        33.935212668987674
       ],
       [
        -84.58759190808391,
        33.93431630729131
       ],
       [
        -84.58855033023633,
        33.93365091507392
       ],
       [
        -84.5880506040866,
        33.93212668327769
       ],
       [
        -84.58886384264184,
        33.931481302856305
       ],
       [
        -84.5925576079296,
        33.93292715511816
       ],
       [
        -84.59251552572752,
        33.93841038722539
       ],
       [
        -84.59680475417476,
        33.93845374611675
       ],
       [
        -84.59676056786256,
        33.94576972520873
       ],
       [
        -84.59382638632239,
        33.946432615951615
       ],
       [
        -84.59382849043249,
        33.95310404844705
       ],
       [
        -84.59165073647473,
        33.95311738964439
       ],
       [
        -84.5915770926211,
        33.957111410598415
       ],
       [
        -84.5877391957912,
        33.95898501500002
       ],
       [
        -84.58449781417582,
        33.959440283359285
       ],
       [
        -84.58277454800054,
        33.956898785265786
       ],
       [
        -84.58271458086259,
        33.95912676522177
       ],
       [
        -84.58034009261009,
        33.95958286740587
       ],
       [
        -84.57893139089539,
        33.95948280842581
       ],
       [
        -84.57898925392325,
        33.970552666919666
       ],
       [
        -84.56988687361287,
        33.97054933162033
       ],
       [
        -84.56949866529867,
        33.978886746133746
       ],
       [
        -84.56847817189816,
        33.977901165180164
       ],
       [
        -84.56671071941072,
        33.97793118287419
       ],
       [
        -84.56654975498775,
        33.976428630523635
       ],
       [
        -84.56740928396528,
        33.97632440241941
       ],
       [
        -84.5666475961076,
        33.97544138192038
       ],
       [
        -84.56523153000752,
        33.97544721869422
       ],
       [
        -84.5648854038954,
        33.974901063428064
       ],
       [
        -84.56521154096154,
        33.97757597349498
       ],
       [
        -84.55896549011749,
        33.97736084668785
       ],
       [
        -84.56059196722796,
        33.97933367624468
       ],
       [
        -84.56566076846876,
        33.9796521973312
       ],
       [
        -84.5669064016504,
        33.979188590723595
       ],
       [
        -84.56711996882596,
        33.979627182586185
       ],
       [
        -84.56585434659834,
        33.98057273994774
       ],
       [
        -84.56924617208617,
        33.982354623617624
       ],
       [
        -84.56829090609891,
        33.983893030436036
       ],
       [
        -84.57224137281938,
        33.98492780705481
       ],
       [
        -84.57222453993853,
        33.98582667022567
       ],
       [
        -84.57091578345378,
        33.985809993729
       ],
       [
        -84.56930298305898,
        33.98767525988226
       ],
       [
        -84.56858337740337,
        33.98764690983791
       ],
       [
        -84.56823725129125,
        33.988660007011006
       ],
       [
        -84.57199624399225,
        33.988678351157354
       ],
       [
        -84.57197835905636,
        33.987697773152775
       ],
       [
        -84.57404354312354,
        33.98865917318618
       ],
       [
        -84.57378684169085,
        33.9910188974659
       ],
       [
        -84.57139762466763,
        33.99102806953907
       ],
       [
        -84.57139552055752,
        33.99185689142389
       ],
       [
        -84.56927562962763,
        33.99183687962788
       ],
       [
        -84.56928825428825,
        33.992251290570294
       ],
       [
        -84.56537881771482,
        33.992192922831926
       ],
       [
        -84.564189995506,
        33.9910163959914
       ],
       [
        -84.5637092063472,
        33.9916942955813
       ],
       [
        -84.56198804428205,
        33.989640585015586
       ],
       [
        -84.56312847195846,
        33.988916825059825
       ],
       [
        -84.56260875676276,
        33.988419865458866
       ],
       [
        -84.5607645042565,
        33.98837233744334
       ],
       [
        -84.56078554535755,
        33.98766775545876
       ],
       [
        -84.55941787378987,
        33.987599381822385
       ],
       [
        -84.55938315597315,
        33.98822808574709
       ],
       [
        -84.55844893108693,
        33.98758437297538
       ],
       [
        -84.55805546249746,
        33.98806465607966
       ],
       [
        -84.55528434949035,
        33.98813386354087
       ],
       [
        -84.55563994409795,
        33.986301950380955
       ],
       [
        -84.55669936353536,
        33.984279091334095
       ],
       [
        -84.55882872296073,
        33.98098715089015
       ],
       [
        -84.55834477763678,
        33.97872915324015
       ],
       [
        -84.55613967024767,
        33.97792034315135
       ],
       [
        -84.55453949451349,
        33.976452811443814
       ],
       [
        -84.5518998883879,
        33.97653119097819
       ],
       [
        -84.55100143337343,
        33.97709318891619
       ],
       [
        -84.55046278118678,
        33.975954184193185
       ],
       [
        -84.55007352081752,
        33.97724077591178
       ],
       [
        -84.55044279214079,
        33.97802206978107
       ],
       [
        -84.54552653888254,
        33.98254973862874
       ],
       [
        -84.54539818816619,
        33.98645037120137
       ],
       [
        -84.54692051182651,
        33.987897891112894
       ],
       [
        -84.54899411233411,
        33.988059653130655
       ],
       [
        -84.54765169008769,
        33.99010169014869
       ],
       [
        -84.55031023320423,
        33.99123235662336
       ],
       [
        -84.55152535678936,
        33.989546362809364
       ],
       [
        -84.55162635407436,
        33.990259283042285
       ],
       [
        -84.55257951595152,
        33.99065534983835
       ],
       [
        -84.55227441998642,
        33.989789839660844
       ],
       [
        -84.55344851342451,
        33.990240938895944
       ],
       [
        -84.55286462287062,
        33.99103640778741
       ],
       [
        -84.5535979052419,
        33.99140412453912
       ],
       [
        -84.55289302835703,
        33.9927249030759
       ],
       [
        -84.55488772473572,
        33.99365878688979
       ],
       [
        -84.55791133095533,
        33.995693319484324
       ],
       [
        -84.55159794858795,
        33.99549737064837
       ],
       [
        -84.55153903350504,
        33.999242911801915
       ],
       [
        -84.55596292499892,
        33.99939133262234
       ],
       [
        -84.55590716608117,
        34.00114486624787
       ],
       [
        -84.54715512010311,
        34.00116904716805
       ],
       [
        -84.5471687968188,
        34.00054284471785
       ],
       [
        -84.54603994174794,
        34.00019180446281
       ],
       [
        -84.5475527969128,
        33.99730593671294
       ],
       [
        -84.53602648176248,
        33.99702910686811
       ],
       [
        -84.53596967078967,
        33.99860003285504
       ],
       [
        -84.53394551686952,
        33.998844343531346
       ],
       [
        -84.52881359232559,
        33.99872760805461
       ],
       [
        -84.52863474296674,
        33.99712833202334
       ],
       [
        -84.52537968463568,
        33.998715100682105
       ],
       [
        -84.52386156919557,
        33.99862171230072
       ],
       [
        -84.52369008422208,
        33.99741016481717
       ],
       [
        -84.52464219404419,
        33.99566663708964
       ],
       [
        -84.51996686139286,
        33.99544900880801
       ],
       [
        -84.51997106961306,
        33.9961018936529
       ],
       [
        -84.51776911838911,
        33.9960526979877
       ],
       [
        -84.51785117868317,
        33.99469022820923
       ],
       [
        -84.52151548642948,
        33.99473859004959
       ],
       [
        -84.52145972751173,
        33.99114563884064
       ],
       [
        -84.51894215977215,
        33.99114730649031
       ],
       [
        -84.51899476252476,
        33.987319216678216
       ],
       [
        -84.516433008473,
        33.98725417834118
       ],
       [
        -84.51644142491342,
        33.989223672598676
       ],
       [
        -84.51478022998623,
        33.989206996102
       ],
       [
        -84.51466660804061,
        33.99448677494978
       ],
       [
        -84.51223846498047,
        33.994381713020715
       ],
       [
        -84.511945993676,
        33.9976428019458
       ],
       [
        -84.50919486971488,
        33.99612774222275
       ],
       [
        -84.50773251319251,
        33.99698241267741
       ],
       [
        -84.50704972946373,
        33.99638706174606
       ],
       [
        -84.50778301183502,
        33.995810054961055
       ],
       [
        -84.50778616800017,
        33.99097970769871
       ],
       [
        -84.50605027716428,
        33.99096386502687
       ],
       [
        -84.50602923606324,
        33.98960473054773
       ],
       [
        -84.50395247939048,
        33.98961973939474
       ],
       [
        -84.5039914054274,
        33.990943019406025
       ],
       [
        -84.49806202315402,
        33.99091633701134
       ],
       [
        -84.49827664238464,
        33.98377963025863
       ],
       [
        -84.49930976044575,
        33.98343776207676
       ],
       [
        -84.50189045148845,
        33.98335938254238
       ],
       [
        -84.50643848547848,
        33.98360119174419
       ],
       [
        -84.50636484162484,
        33.984100652819656
       ],
       [
        -84.50791557077157,
        33.983817152376155
       ],
       [
        -84.50794502831303,
        33.979889003584006
       ],
       [
        -84.51261194452394,
        33.98011663776364
       ],
       [
        -84.51277501305701,
        33.97703815647716
       ],
       [
        -84.50792293515693,
        33.97694226662127
       ],
       [
        -84.50789347761548,
        33.971720855511855
       ],
       [
        -84.5093368971469,
        33.9717391996582
       ],
       [
        -84.50940843689044,
        33.96775768607669
       ],
       [
        -84.5116714073074,
        33.967127314502314
       ],
       [
        -84.51155673330673,
        33.96900758950259
       ],
       [
        -84.51264666234066,
        33.968893355500356
       ],
       [
        -84.51267401577202,
        33.966972223083225
       ],
       [
        -84.51463925460925,
        33.96608586728487
       ],
       [
        -84.51381339139338,
        33.96246706750607
       ],
       [
        -84.51242993899994,
        33.963144133271136
       ],
       [
        -84.51067405911806,
        33.96473423722924
       ],
       [
        -84.50950627801028,
        33.96525037480138
       ],
       [
        -84.50250274752875,
        33.966575322462326
       ],
       [
        -84.50139282944883,
        33.96632934413635
       ],
       [
        -84.49855648902849,
        33.96367277821578
       ],
       [
        -84.49641345288745,
        33.96547800898101
       ],
       [
        -84.49653549127349,
        33.964931019890024
       ],
       [
        -84.4953151074131,
        33.964790937317936
       ],
       [
        -84.49534772111971,
        33.9641021980052
       ],
       [
        -84.49301005479406,
        33.96412387745088
       ],
       [
        -84.49213895321095,
        33.96519784383685
       ],
       [
        -84.49067028435829,
        33.965176998216
       ],
       [
        -84.491372005078,
        33.96450576922477
       ],
       [
        -84.49263973141574,
        33.96219690825991
       ],
       [
        -84.49228834502834,
        33.961930918137924
       ],
       [
        -84.49260185743385,
        33.95866232478933
       ],
       [
        -84.49383697006496,
        33.95971211025511
       ],
       [
        -84.49530037864238,
        33.96021490662991
       ],
       [
        -84.49633665286865,
        33.95608663987764
       ],
       [
        -84.49682165024765,
        33.95338838271538
       ],
       [
        -84.4972792941953,
        33.95223687061987
       ],
       [
        -84.4954865923866,
        33.951457244400245
       ],
       [
        -84.49586112398512,
        33.950379942714946
       ],
       [
        -84.49785371625372,
        33.950436642803645
       ],
       [
        -84.49848915750516,
        33.9485471957302
       ],
       [
        -84.49850914655114,
        33.94566883240383
       ],
       [
        -84.49691949136749,
        33.94466991025291
       ],
       [
        -84.49896994666395,
        33.94354091142792
       ],
       [
        -84.49921402343602,
        33.94070840846741
       ],
       [
        -84.49979054960455,
        33.940725084964086
       ],
       [
        -84.4999452016972,
        33.93913414718115
       ],
       [
        -84.49811252179651,
        33.93743564599465
       ],
       [
        -84.49613255418855,
        33.93746566368866
       ],
       [
        -84.49613886651886,
        33.93632582514083
       ],
       [
        -84.49447451542652,
        33.93536692658193
       ],
       [
        -84.4922651998172,
        33.93369260631561
       ],
       [
        -84.49059874461474,
        33.93212084650385
       ],
       [
        -84.48892492502692,
        33.929897035672035
       ],
       [
        -84.4879643987644,
        33.92821020803321
       ],
       [
        -84.48737945615545,
        33.92792587376488
       ],
       [
        -84.48732264518264,
        33.9294426011376
       ],
       [
        -84.4817457013517,
        33.92940424519525
       ],
       [
        -84.48136696153296,
        33.9327212003842
       ],
       [
        -84.48099348198949,
        33.93334740283441
       ],
       [
        -84.47560906423307,
        33.93069583986284
       ],
       [
        -84.47561537656337,
        33.93007964331065
       ],
       [
        -84.4783138977719,
        33.93009381833282
       ],
       [
        -84.47861688962689,
        33.93037565112665
       ],
       [
        -84.47860952524152,
        33.92716125639226
       ],
       [
        -84.47590048348248,
        33.92860710865411
       ],
       [
        -84.47626554658555,
        33.92641414934115
       ],
       [
        -84.47861268140667,
        33.926430825837826
       ],
       [
        -84.4786232019572,
        33.92434376227877
       ],
       [
        -84.47755641813441,
        33.92431207693508
       ],
       [
        -84.47740176604177,
        33.923298145937146
       ],
       [
        -84.47667058778059,
        33.92318474575975
       ],
       [
        -84.47539865322265,
        33.92533684765585
       ],
       [
        -84.47585103689504,
        33.926410814041816
       ],
       [
        -84.4711472987573,
        33.92640998021698
       ],
       [
        -84.46962181893181,
        33.92478318796619
       ],
       [
        -84.47028250950451,
        33.92471814962915
       ],
       [
        -84.47050028490028,
        33.92346074177974
       ],
       [
        -84.46860027347627,
        33.92325228557129
       ],
       [
        -84.46827308435509,
        33.922490169673175
       ],
       [
        -84.46941245997645,
        33.922486834373835
       ],
       [
        -84.46854977483378,
        33.92124276772177
       ],
       [
        -84.46997741353941,
        33.921255275094275
       ],
       [
        -84.46991323818123,
        33.92249684027184
       ],
       [
        -84.47253601142602,
        33.92246432110332
       ],
       [
        -84.47320301432902,
        33.92296711747812
       ],
       [
        -84.47359122264322,
        33.92450218899719
       ],
       [
        -84.47449178176778,
        33.92433625785526
       ],
       [
        -84.47434028584028,
        33.91906731873032
       ],
       [
        -84.47874629239828,
        33.91911901587002
       ],
       [
        -84.47876522938923,
        33.921005961468964
       ],
       [
        -84.4782413059733,
        33.92103431151332
       ],
       [
        -84.47821710870711,
        33.92248933584834
       ],
       [
        -84.47871473074673,
        33.922579388930394
       ],
       [
        -84.48175096162696,
        33.9199936981207
       ],
       [
        -84.48206552608752,
        33.91868876225576
       ],
       [
        -84.48115129024728,
        33.918266013065015
       ],
       [
        -84.4806705010885,
        33.91672093564794
       ],
       [
        -84.47889358010558,
        33.91513416698917
       ],
       [
        -84.47760586472187,
        33.91439206288707
       ],
       [
        -84.47739755782156,
        33.91363828523729
       ],
       [
        -84.47829916900116,
        33.91322220664521
       ],
       [
        -84.47858848414049,
        33.9121374005364
       ],
       [
        -84.48046114213314,
        33.915616951567955
       ],
       [
        -84.48330695104895,
        33.91571867819768
       ],
       [
        -84.48327433734234,
        33.917168699583705
       ],
       [
        -84.48750675481675,
        33.91718620990521
       ],
       [
        -84.48763405347805,
        33.915772042987044
       ],
       [
        -84.48748781782582,
        33.912085703396706
       ],
       [
        -84.48784867270867,
        33.91101173701074
       ],
       [
        -84.48686394917995,
        33.91032966829667
       ],
       [
        -84.4868166067026,
        33.908951355846355
       ],
       [
        -84.4875825027805,
        33.90811502953803
       ],
       [
        -84.48504284188483,
        33.90619973389474
       ],
       [
        -84.4839992032732,
        33.908797932076936
       ],
       [
        -84.48331852365452,
        33.909051414826415
       ],
       [
        -84.4833585017465,
        33.90580366709867
       ],
       [
        -84.48441897323897,
        33.90571361401662
       ],
       [
        -84.48702912182313,
        33.904141020380024
       ],
       [
        -84.4874004972565,
        33.90339724862825
       ],
       [
        -84.48600862842262,
        33.9018971977522
       ],
       [
        -84.48341215655415,
        33.90347062521363
       ],
       [
        -84.4818225013705,
        33.90314293205393
       ],
       [
        -84.48169204654404,
        33.902127333406334
       ],
       [
        -84.48102504364104,
        33.902480041311044
       ],
       [
        -84.48030649004049,
        33.90171125481426
       ],
       [
        -84.4789041006561,
        33.902654310701315
       ],
       [
        -84.47753853319853,
        33.902072300967305
       ],
       [
        -84.477749996264,
        33.901071711166715
       ],
       [
        -84.47844435259834,
        33.90114425392726
       ],
       [
        -84.47887148694949,
        33.899563322042326
       ],
       [
        -84.4780635086695,
        33.90007529049029
       ],
       [
        -84.47827917995518,
        33.90097582131082
       ],
       [
        -84.47738177699577,
        33.90086325495826
       ],
       [
        -84.47734285095885,
        33.900100305235306
       ],
       [
        -84.47883571707771,
        33.89920060823961
       ],
       [
        -84.47733127835328,
        33.89747208935909
       ],
       [
        -84.48020338864539,
        33.89561099232999
       ],
       [
        -84.48235378917178,
        33.89794736951437
       ],
       [
        -84.48267571801772,
        33.897762260401265
       ]
      ],
      [
       [
        -84.58685020927221,
        33.93803683369983
       ],
       [
        -84.584906011536,
        33.936539284298284
       ],
       [
        -84.58220959443759,
        33.936756912579916
       ],
       [
        -84.58067148995148,
        33.93753570497471
       ],
       [
        -84.58097132564133,
        33.938120216183215
       ],
       [
        -84.57846112228712,
        33.93971782456482
       ],
       [
        -84.57677467803867,
        33.94219428432129
       ],
       [
        -84.57754793850194,
        33.94173234536335
       ],
       [
        -84.57800873861474,
        33.940674221649225
       ],
       [
        -84.58071883242883,
        33.93881562609463
       ],
       [
        -84.58500911293112,
        33.93809770291271
       ],
       [
        -84.58685020927221,
        33.93803683369983
       ]
      ],
      [
       [
        -84.57514399270799,
        33.920001202544206
       ],
       [
        -84.5744349076029,
        33.91998786134686
       ],
       [
        -84.57448751035551,
        33.922486000549
       ],
       [
        -84.57514399270799,
        33.922457650504654
       ],
       [
        -84.57514399270799,
        33.920001202544206
       ]
      ],
      [
       [
        -84.57434653497853,
        33.922491003498
       ],
       [
        -84.57433285826286,
        33.92126694864195
       ],
       [
        -84.57168273158673,
        33.92128195748896
       ],
       [
        -84.57170482474282,
        33.92189481874182
       ],
       [
        -84.57288733462133,
        33.92300964254464
       ],
       [
        -84.57434653497853,
        33.922491003498
       ]
      ],
      [
       [
        -84.57424132947332,
        33.919697690304695
       ],
       [
        -84.57358484712084,
        33.918236829195834
       ],
       [
        -84.57177531243131,
        33.91811008782109
       ],
       [
        -84.57176163571563,
        33.91999703342004
       ],
       [
        -84.57422344453744,
        33.919996199595204
       ],
       [
        -84.57424132947332,
        33.919697690304695
       ]
      ],
      [
       [
        -84.56628568916969,
        33.91661503989404
       ],
       [
        -84.56202381415382,
        33.9165966957477
       ],
       [
        -84.5619648990709,
        33.92018797930698
       ],
       [
        -84.56624255491255,
        33.920157961612965
       ],
       [
        -84.56628568916969,
        33.91661503989404
       ]
      ],
      [
       [
        -84.55031654553454,
        33.99233133775434
       ],
       [
        -84.54731503247103,
        33.99167761908462
       ],
       [
        -84.5469931036251,
        33.99326688921789
       ],
       [
        -84.54865850677251,
        33.993756344395344
       ],
       [
        -84.54974001936601,
        33.99339613206713
       ],
       [
        -84.55031654553454,
        33.99233133775434
       ]
      ],
      [
       [
        -84.54305105334505,
        33.98995660462761
       ],
       [
        -84.54245348607549,
        33.98873588507089
       ],
       [
        -84.54258078473678,
        33.98789705728806
       ],
       [
        -84.53939516203916,
        33.9878561998712
       ],
       [
        -84.53855351799751,
        33.98934040807541
       ],
       [
        -84.53883336464136,
        33.991534201213206
       ],
       [
        -84.53931415380015,
        33.991536702687704
       ],
       [
        -84.53909322223922,
        33.9898848956919
       ],
       [
        -84.54030729376929,
        33.98985404417304
       ],
       [
        -84.54102795147995,
        33.98908609150109
       ],
       [
        -84.54220940930341,
        33.99157339098039
       ],
       [
        -84.54312048897849,
        33.99159423660124
       ],
       [
        -84.54305105334505,
        33.98995660462761
       ]
      ],
      [
       [
        -84.5377571123231,
        33.987129938440944
       ],
       [
        -84.5362169037269,
        33.98595174395074
       ],
       [
        -84.53503018562819,
        33.986587952298954
       ],
       [
        -84.53497653082053,
        33.987346732897734
       ],
       [
        -84.53395182919982,
        33.98826394021494
       ],
       [
        -84.53404335798936,
        33.989178646057645
       ],
       [
        -84.53208548353749,
        33.9889902016452
       ],
       [
        -84.53176986702186,
        33.989369591944595
       ],
       [
        -84.53509751715151,
        33.99143330840831
       ],
       [
        -84.53659459149058,
        33.99144081283181
       ],
       [
        -84.53750356705557,
        33.988419865458866
       ],
       [
        -84.53685234497834,
        33.98792790880691
       ],
       [
        -84.5377571123231,
        33.987129938440944
       ]
      ],
      [
       [
        -84.53443998274398,
        33.99292335338635
       ],
       [
        -84.53296605361605,
        33.991439979006984
       ],
       [
        -84.53265148915548,
        33.99165510581411
       ],
       [
        -84.53092611887011,
        33.99067202633503
       ],
       [
        -84.52932489108089,
        33.992147896290895
       ],
       [
        -84.53161311081911,
        33.99325521567022
       ],
       [
        -84.53009815154415,
        33.99476694009394
       ],
       [
        -84.5313237956798,
        33.994381713020715
       ],
       [
        -84.53243581786981,
        33.99566413561514
       ],
       [
        -84.53410858540258,
        33.99474776212276
       ],
       [
        -84.53443998274398,
        33.99292335338635
       ]
      ],
      [
       [
        -84.53068835442835,
        33.987233332720336
       ],
       [
        -84.52978674324874,
        33.98637532696633
       ],
       [
        -84.5295111048251,
        33.98723166507067
       ],
       [
        -84.52518821061621,
        33.987199145902146
       ],
       [
        -84.52517032568032,
        33.987981273596276
       ],
       [
        -84.52768158108958,
        33.99041103916204
       ],
       [
        -84.52956791579791,
        33.988981863396866
       ],
       [
        -84.53068835442835,
        33.987233332720336
       ]
      ],
      [
       [
        -84.52999715425915,
        33.977340834891834
       ],
       [
        -84.52760793723594,
        33.97728163332864
       ],
       [
        -84.52772366329167,
        33.97423066826167
       ],
       [
        -84.52542071478271,
        33.975207910966915
       ],
       [
        -84.52528920790121,
        33.975779080978086
       ],
       [
        -84.52306411146611,
        33.97589164733065
       ],
       [
        -84.52417297749098,
        33.97456336437037
       ],
       [
        -84.52419401859201,
        33.97345270969171
       ],
       [
        -84.52338604031203,
        33.97325009025709
       ],
       [
        -84.52263487300488,
        33.97209190756291
       ],
       [
        -84.52144184257584,
        33.97137064908165
       ],
       [
        -84.52143868641069,
        33.972106082585086
       ],
       [
        -84.51885589125789,
        33.97231870791771
       ],
       [
        -84.5188096008356,
        33.97286736465837
       ],
       [
        -84.51585227408427,
        33.972884874979876
       ],
       [
        -84.51591855355255,
        33.97433072724173
       ],
       [
        -84.51489700809701,
        33.97546222754123
       ],
       [
        -84.51493277796878,
        33.97707984771885
       ],
       [
        -84.51664026331827,
        33.978955953594955
       ],
       [
        -84.51665183592384,
        33.980164165779165
       ],
       [
        -84.52068751910352,
        33.980134981909984
       ],
       [
        -84.52263276889477,
        33.97723577296278
       ],
       [
        -84.52527447913047,
        33.977334998118
       ],
       [
        -84.52529867639667,
        33.97877084448184
       ],
       [
        -84.52309146489746,
        33.97863076190976
       ],
       [
        -84.52298205117205,
        33.98005576855077
       ],
       [
        -84.52529762434162,
        33.98206778787479
       ],
       [
        -84.5253113010573,
        33.980307583650585
       ],
       [
        -84.52991088574488,
        33.98034510576811
       ],
       [
        -84.52999715425915,
        33.977340834891834
       ]
      ],
      [
       [
        -84.51810893217093,
        33.98120477917178
       ],
       [
        -84.51810893217093,
        33.98120477917178
       ],
       [
        -84.51810893217093,
        33.98120477917178
       ],
       [
        -84.51810893217093,
        33.98120477917178
       ]
      ],
      [
       [
        -84.51527048764049,
        33.95430892533193
       ],
       [
        -84.5144277915438,
        33.95263377124078
       ],
       [
        -84.51188392242793,
        33.95396705715006
       ],
       [
        -84.51186182927182,
        33.954688315631316
       ],
       [
        -84.51100966467966,
        33.954688315631316
       ],
       [
        -84.51104648660649,
        33.95311238669539
       ],
       [
        -84.50896446965847,
        33.95276634938935
       ],
       [
        -84.50750106108106,
        33.95161233581934
       ],
       [
        -84.50645111013911,
        33.95232358840259
       ],
       [
        -84.5071601952442,
        33.95281387740488
       ],
       [
        -84.50668256225056,
        33.95422387519888
       ],
       [
        -84.50538327426128,
        33.95325663839164
       ],
       [
        -84.50403348762948,
        33.95455406983307
       ],
       [
        -84.50788716528517,
        33.956109153148155
       ],
       [
        -84.50387988759189,
        33.958658155665155
       ],
       [
        -84.50369156973757,
        33.961801675288676
       ],
       [
        -84.50414184929984,
        33.96182835768336
       ],
       [
        -84.50404400818,
        33.96349517352618
       ],
       [
        -84.50164637471637,
        33.963501010300014
       ],
       [
        -84.50075107586707,
        33.96234115995616
       ],
       [
        -84.4992298042618,
        33.96302322867023
       ],
       [
        -84.5009173005653,
        33.965140309923314
       ],
       [
        -84.50234493927094,
        33.96566728721829
       ],
       [
        -84.50364001904002,
        33.96567729311629
       ],
       [
        -84.50922853547654,
        33.964760085799085
       ],
       [
        -84.51048574126374,
        33.964113871552875
       ],
       [
        -84.51222163209962,
        33.96257963385864
       ],
       [
        -84.51390492018292,
        33.96209601545502
       ],
       [
        -84.51411638324838,
        33.96139560259461
       ],
       [
        -84.51275186784586,
        33.96139727024427
       ],
       [
        -84.51298016379216,
        33.95908173868074
       ],
       [
        -84.51261615274416,
        33.958301278636284
       ],
       [
        -84.51254987327587,
        33.954688315631316
       ],
       [
        -84.51462031761831,
        33.95468164503265
       ],
       [
        -84.51527048764049,
        33.95430892533193
       ]
      ],
      [
       [
        -84.51464241077441,
        33.98414984848485
       ],
       [
        -84.51289705144305,
        33.98515877653378
       ],
       [
        -84.51294123775524,
        33.98717996793097
       ],
       [
        -84.51416898600098,
        33.98720414885115
       ],
       [
        -84.51391964895365,
        33.98520463689964
       ],
       [
        -84.51464241077441,
        33.98414984848485
       ]
      ],
      [
       [
        -84.5088035052355,
        33.98720331502632
       ],
       [
        -84.5063942991663,
        33.98719664442765
       ],
       [
        -84.50620072103672,
        33.98774780264281
       ],
       [
        -84.50773566935767,
        33.98768026283126
       ],
       [
        -84.50769884743085,
        33.99009418572519
       ],
       [
        -84.5081343982224,
        33.98805298253198
       ],
       [
        -84.5088035052355,
        33.98720331502632
       ]
      ],
      [
       [
        -84.5087025079505,
        33.94946273539774
       ],
       [
        -84.50575254558454,
        33.94869478272579
       ],
       [
        -84.50488565222165,
        33.94897995081895
       ],
       [
        -84.50490984948785,
        33.94814529216029
       ],
       [
        -84.50138230889831,
        33.94858721932222
       ],
       [
        -84.50097305948306,
        33.94773421651722
       ],
       [
        -84.49991364004563,
        33.947625819288824
       ],
       [
        -84.5004565004525,
        33.949171730530736
       ],
       [
        -84.49892470829671,
        33.94928763218263
       ],
       [
        -84.49850388627588,
        33.95045165165065
       ],
       [
        -84.49991048388048,
        33.95049917966618
       ],
       [
        -84.50058905938906,
        33.95098113042013
       ],
       [
        -84.50049542648942,
        33.952847230398234
       ],
       [
        -84.49992731676132,
        33.952823883302884
       ],
       [
        -84.49985262085262,
        33.954459013802015
       ],
       [
        -84.50104144306144,
        33.95447068734969
       ],
       [
        -84.50140124588924,
        33.95295312615213
       ],
       [
        -84.50221448444448,
        33.95355764915665
       ],
       [
        -84.50334649568049,
        33.95315574558675
       ],
       [
        -84.50310767918367,
        33.951555635730635
       ],
       [
        -84.50618388815589,
        33.95134301039801
       ],
       [
        -84.50656368002967,
        33.95016981885682
       ],
       [
        -84.5087025079505,
        33.94946273539774
       ]
      ],
      [
       [
        -84.50691822258221,
        33.928281083144086
       ],
       [
        -84.5068245896826,
        33.926780198443204
       ],
       [
        -84.50494667141467,
        33.92668264093764
       ],
       [
        -84.50116348144748,
        33.925094204629204
       ],
       [
        -84.50133707053106,
        33.92341237993938
       ],
       [
        -84.50266581606182,
        33.92427288716789
       ],
       [
        -84.50266055578655,
        33.92334317247818
       ],
       [
        -84.50525492354492,
        33.92293293065993
       ],
       [
        -84.5048099042579,
        33.922279211990215
       ],
       [
        -84.50306349287149,
        33.92229171936272
       ],
       [
        -84.50223342143542,
        33.9216821934092
       ],
       [
        -84.50191990902991,
        33.92049899597
       ],
       [
        -84.50076685669285,
        33.92169636843137
       ],
       [
        -84.5007594923075,
        33.92232590618091
       ],
       [
        -84.49627773778573,
        33.922286716413716
       ],
       [
        -84.49625985284985,
        33.925667042290044
       ],
       [
        -84.49804413821813,
        33.926469181780185
       ],
       [
        -84.49906883983884,
        33.92567704818805
       ],
       [
        -84.50063114159114,
        33.92517508563809
       ],
       [
        -84.50060484021483,
        33.926710990981995
       ],
       [
        -84.50134127875128,
        33.92672516600417
       ],
       [
        -84.50133075820075,
        33.92783665450766
       ],
       [
        -84.50272578319978,
        33.92786166925267
       ],
       [
        -84.50266792017192,
        33.93052323812224
       ],
       [
        -84.50649003617603,
        33.930500724851726
       ],
       [
        -84.50691822258221,
        33.928281083144086
       ]
      ],
      [
       [
        -84.5007153059953,
        33.920545690160694
       ],
       [
        -84.500689004619,
        33.919306626457626
       ],
       [
        -84.49630403916204,
        33.91921824102524
       ],
       [
        -84.49628615422615,
        33.92161381977282
       ],
       [
        -84.4984092013212,
        33.92167135368636
       ],
       [
        -84.49844917941317,
        33.92099178644679
       ],
       [
        -84.50070478544478,
        33.920995121746124
       ],
       [
        -84.5007153059953,
        33.920545690160694
       ]
      ],
      [
       [
        -84.5005553936274,
        33.94025730923231
       ],
       [
        -84.5005553936274,
        33.94025730923231
       ],
       [
        -84.5005553936274,
        33.94025730923231
       ],
       [
        -84.5005553936274,
        33.94025730923231
       ]
      ],
      [
       [
        -84.49919929466529,
        33.958121172472175
       ],
       [
        -84.49823771634772,
        33.95689294849195
       ],
       [
        -84.49853649998249,
        33.95553131253831
       ],
       [
        -84.49742237368237,
        33.955310348957354
       ],
       [
        -84.49700155166155,
        33.95813367984468
       ],
       [
        -84.49720249417649,
        33.95909341222841
       ],
       [
        -84.49857226985426,
        33.957899375066376
       ],
       [
        -84.49919929466529,
        33.958121172472175
       ]
      ]
     ],
     [
      [
       [
        -84.47448126121726,
        33.93011633160334
       ],
       [
        -84.47448126121726,
        33.93011633160334
       ],
       [
        -84.47448126121726,
        33.93011633160334
       ],
       [
        -84.47448126121726,
        33.93011633160334
       ]
      ]
     ],
     [
      [
       [
        -84.49832714102713,
        33.94130626087326
       ],
       [
        -84.49832714102713,
        33.94130626087326
       ],
       [
        -84.49832714102713,
        33.94130626087326
       ],
       [
        -84.49832714102713,
        33.94130626087326
       ]
      ]
     ],
     [
      [
       [
        -84.55575146193345,
        33.98505538225439
       ],
       [
        -84.55521912207712,
        33.98638116374016
       ],
       [
        -84.55371363129763,
        33.987905395536394
       ],
       [
        -84.5523712090512,
        33.98731337990438
       ],
       [
        -84.5529835050915,
        33.98641034760935
       ],
       [
        -84.55104772379572,
        33.98610516772017
       ],
       [
        -84.55194828292028,
        33.98559486692187
       ],
       [
        -84.55201561444362,
        33.984451693074696
       ],
       [
        -84.55513390561791,
        33.98448004311904
       ],
       [
        -84.55571253589653,
        33.984004762963764
       ],
       [
        -84.55575146193345,
        33.98505538225439
       ]
      ]
     ],
     [
      [
       [
        -84.55484248636849,
        33.92725214329914
       ],
       [
        -84.55482249732249,
        33.92698281787782
       ],
       [
        -84.55497925352525,
        33.92518509153609
       ],
       [
        -84.55641951689151,
        33.92495495588196
       ],
       [
        -84.55642372511173,
        33.92409861777762
       ],
       [
        -84.5574336979617,
        33.92410862367563
       ],
       [
        -84.55696342935343,
        33.92622403727904
       ],
       [
        -84.5574137089157,
        33.92622403727904
       ],
       [
        -84.55730008697009,
        33.92959685873186
       ],
       [
        -84.55663834434235,
        33.92959602490703
       ],
       [
        -84.55665517722318,
        33.932094997934
       ],
       [
        -84.55545478240879,
        33.93222590843291
       ],
       [
        -84.55484248636849,
        33.92725214329914
       ]
      ]
     ],
     [
      [
       [
        -84.55729482669483,
        33.982518053285055
       ],
       [
        -84.5560754948895,
        33.98298666284167
       ],
       [
        -84.55599448665049,
        33.98185266106766
       ],
       [
        -84.55764621308221,
        33.982010253961256
       ],
       [
        -84.55729482669483,
        33.982518053285055
       ]
      ]
     ],
     [
      [
       [
        -84.58484709645309,
        33.9194858987969
       ],
       [
        -84.58436735934936,
        33.92050983569284
       ],
       [
        -84.58179403269203,
        33.91938417216718
       ],
       [
        -84.58347837283037,
        33.91815428053728
       ],
       [
        -84.58368036740036,
        33.9189113934864
       ],
       [
        -84.58484709645309,
        33.9194858987969
       ]
      ]
     ],
     [
      [
       [
        -84.5988730944071,
        33.97522208598909
       ],
       [
        -84.59717928577328,
        33.97519790506891
       ],
       [
        -84.59709196520396,
        33.97374037925938
       ],
       [
        -84.59489843042043,
        33.97516121677622
       ],
       [
        -84.59214415029415,
        33.975127863782866
       ],
       [
        -84.59056501566101,
        33.97703815647716
       ],
       [
        -84.58869972205372,
        33.978020402131406
       ],
       [
        -84.58682811611611,
        33.97797204029104
       ],
       [
        -84.58693963395163,
        33.97504781659882
       ],
       [
        -84.59129198570199,
        33.97125641507942
       ],
       [
        -84.5920641941102,
        33.97118470614371
       ],
       [
        -84.59286901622501,
        33.97340017872718
       ],
       [
        -84.59426404122404,
        33.972975761886765
       ],
       [
        -84.595395000405,
        33.97489606047906
       ],
       [
        -84.5967247979908,
        33.973791242574244
       ],
       [
        -84.59765376260177,
        33.97381709114409
       ],
       [
        -84.5988730944071,
        33.97522208598909
       ]
      ]
     ],
     [
      [
       [
        -84.59918134653735,
        33.98274235216535
       ],
       [
        -84.59527927434927,
        33.98267814765315
       ],
       [
        -84.59525928530329,
        33.98303168938269
       ],
       [
        -84.59124043500444,
        33.983018348185354
       ],
       [
        -84.59233562431362,
        33.98223872196572
       ],
       [
        -84.59471116462116,
        33.981228126267126
       ],
       [
        -84.59795991062191,
        33.98045016769717
       ],
       [
        -84.59811456271456,
        33.9813456955687
       ],
       [
        -84.59918134653735,
        33.98274235216535
       ]
      ]
     ],
     [
      [
       [
        -84.6013875059815,
        33.96483763150864
       ],
       [
        -84.6005143002883,
        33.96573816232917
       ],
       [
        -84.59799252432852,
        33.965468003083004
       ],
       [
        -84.59772951056551,
        33.96791361132061
       ],
       [
        -84.59652595958596,
        33.96792862016762
       ],
       [
        -84.59650491848491,
        33.96608336581037
       ],
       [
        -84.59556753743354,
        33.96748085623186
       ],
       [
        -84.59300157516158,
        33.96710897035597
       ],
       [
        -84.59388950962551,
        33.964850972705975
       ],
       [
        -84.59379061645062,
        33.96341512634213
       ],
       [
        -84.59524455653255,
        33.963595232506236
       ],
       [
        -84.5952172031012,
        33.96586573752874
       ],
       [
        -84.59656698973299,
        33.965894921397926
       ],
       [
        -84.59653227191627,
        33.96370112826013
       ],
       [
        -84.59532451271652,
        33.96360523840424
       ],
       [
        -84.5954696963137,
        33.96053092624193
       ],
       [
        -84.60001352208351,
        33.96053092624193
       ],
       [
        -84.60001457413857,
        33.96304907724008
       ],
       [
        -84.5994632972913,
        33.963022394845396
       ],
       [
        -84.59945172468572,
        33.9647750946461
       ],
       [
        -84.59899197662797,
        33.96390374769475
       ],
       [
        -84.59778421742821,
        33.9638237005107
       ],
       [
        -84.59806932434732,
        33.96497437878138
       ],
       [
        -84.6013875059815,
        33.96483763150864
       ]
      ]
     ],
     [
      [
       [
        -84.60336221331421,
        33.946268352459356
       ],
       [
        -84.60334748454348,
        33.94723892456593
       ],
       [
        -84.6025857966858,
        33.94657686764787
       ],
       [
        -84.60077310583111,
        33.946465135120135
       ],
       [
        -84.60095616341016,
        33.947599970718976
       ],
       [
        -84.60334117221318,
        33.947616647215646
       ],
       [
        -84.60325385164386,
        33.953276650187654
       ],
       [
        -84.60010294676295,
        33.953205775076775
       ],
       [
        -84.60012609197409,
        33.945948163723166
       ],
       [
        -84.60336747358947,
        33.945949831372836
       ],
       [
        -84.60336221331421,
        33.946268352459356
       ]
      ]
     ],
     [
      [
       [
        -84.61158823176623,
        33.98853493328593
       ],
       [
        -84.610371004071,
        33.987168294383295
       ],
       [
        -84.60681926621527,
        33.983125911588914
       ],
       [
        -84.60867403927203,
        33.9820310995821
       ],
       [
        -84.60695182515182,
        33.98125230718731
       ],
       [
        -84.60372727641727,
        33.97914022888323
       ],
       [
        -84.60418281625482,
        33.98080871237571
       ],
       [
        -84.60138434981634,
        33.98004492882793
       ],
       [
        -84.5996168973289,
        33.980159996655
       ],
       [
        -84.59962952198953,
        33.97939204398305
       ],
       [
        -84.60322123793723,
        33.978979300690305
       ],
       [
        -84.60334432837833,
        33.976470321765326
       ],
       [
        -84.5996410945951,
        33.977987882962886
       ],
       [
        -84.59969474940274,
        33.97680468552369
       ],
       [
        -84.60135594432994,
        33.975272115479115
       ],
       [
        -84.60105400453,
        33.97158160676461
       ],
       [
        -84.6041523066583,
        33.96799032320533
       ],
       [
        -84.6049224109564,
        33.96419391873692
       ],
       [
        -84.6050739068839,
        33.96077690456791
       ],
       [
        -84.60835316248117,
        33.96078524281624
       ],
       [
        -84.6083173926094,
        33.96390875064375
       ],
       [
        -84.60860881185882,
        33.96422727173027
       ],
       [
        -84.60857514609714,
        33.9681770999681
       ],
       [
        -84.61285911426911,
        33.96819794558895
       ],
       [
        -84.61281282384682,
        33.97544388339489
       ],
       [
        -84.61606893423293,
        33.975492245235245
       ],
       [
        -84.61718937286336,
        33.97588997968098
       ],
       [
        -84.61690847416448,
        33.98176927858428
       ],
       [
        -84.6169758056878,
        33.98469183462684
       ],
       [
        -84.61584379445179,
        33.985981761644766
       ],
       [
        -84.61379439121039,
        33.98673720694421
       ],
       [
        -84.61158823176623,
        33.98853493328593
       ]
      ]
     ]
    ]
   }
  },
  {
   "type": "Feature",
   "properties": {
    "name": "Powder Springs",
    "geoid": "1362524"
   },
   "geometry": {
    "type": "MultiPolygon",
    "coordinates": [
     [
      [
       [
        -84.72440956349357,
        33.879293040332044
       ],
       [
        -84.71819928252128,
        33.87788637783738
       ],
       [
        -84.72000881721081,
        33.87985670591971
       ],
       [
        -84.72437063745663,
        33.8815376967847
       ],
       [
        -84.72420125659326,
        33.885204024579025
       ],
       [
        -84.71996883911883,
        33.8851098023728
       ],
       [
        -84.71996883911883,
        33.88862520787221
       ],
       [
        -84.71559123804724,
        33.888547662162665
       ],
       [
        -84.70644361936962,
        33.88858101515602
       ],
       [
        -84.70538525198725,
        33.886677393060396
       ],
       [
        -84.70677396465597,
        33.886712413703414
       ],
       [
        -84.70677186054586,
        33.8849813933484
       ],
       [
        -84.70880863912664,
        33.88499223307124
       ],
       [
        -84.70892857340257,
        33.88303107706208
       ],
       [
        -84.70730104423704,
        33.88252661303761
       ],
       [
        -84.7075850991011,
        33.88148266434567
       ],
       [
        -84.69805663649464,
        33.88093317378018
       ],
       [
        -84.69800824196224,
        33.878892804411805
       ],
       [
        -84.69972203964204,
        33.87883026754927
       ],
       [
        -84.69977674650474,
        33.877455290398295
       ],
       [
        -84.69640701417302,
        33.87736023436724
       ],
       [
        -84.69675945261545,
        33.87899786634087
       ],
       [
        -84.69616609356609,
        33.879005370764375
       ],
       [
        -84.69646277309077,
        33.880895651662655
       ],
       [
        -84.6963523073103,
        33.88413172584273
       ],
       [
        -84.69583995649995,
        33.8846587031377
       ],
       [
        -84.69358014224814,
        33.88459866774967
       ],
       [
        -84.69353806004605,
        33.88626881889182
       ],
       [
        -84.69263224064623,
        33.88627882478983
       ],
       [
        -84.69262172009572,
        33.88830501913602
       ],
       [
        -84.68796006416007,
        33.888161601264606
       ],
       [
        -84.68796848060047,
        33.88722604980105
       ],
       [
        -84.68922147816748,
        33.88724105864806
       ],
       [
        -84.68933194394795,
        33.88086980309281
       ],
       [
        -84.69227348987349,
        33.87907874734975
       ],
       [
        -84.69166014177814,
        33.87711675751576
       ],
       [
        -84.68953709468309,
        33.87711675751576
       ],
       [
        -84.68963283169283,
        33.87347961359062
       ],
       [
        -84.68594327462527,
        33.873429584100585
       ],
       [
        -84.68604321985522,
        33.87265662847963
       ],
       [
        -84.68292282457082,
        33.872339775042775
       ],
       [
        -84.68290599168999,
        33.87154764145065
       ],
       [
        -84.6808607966688,
        33.87150178108478
       ],
       [
        -84.68085764050363,
        33.873822315597316
       ],
       [
        -84.67970143200144,
        33.873252813235815
       ],
       [
        -84.67970248405648,
        33.87450771961072
       ],
       [
        -84.67862623173824,
        33.87448187104087
       ],
       [
        -84.68077873637473,
        33.87564422285922
       ],
       [
        -84.68082923501723,
        33.87706172507673
       ],
       [
        -84.67720911358312,
        33.877033375032376
       ],
       [
        -84.67717229165629,
        33.88395078585379
       ],
       [
        -84.67626962842162,
        33.883930774057774
       ],
       [
        -84.67627068047668,
        33.882865979744984
       ],
       [
        -84.6724475124175,
        33.8828367958758
       ],
       [
        -84.67202037806638,
        33.88001263116363
       ],
       [
        -84.67122502444703,
        33.88000762821463
       ],
       [
        -84.67125448198848,
        33.877090075121075
       ],
       [
        -84.67191412050612,
        33.87708507217207
       ],
       [
        -84.67197408764409,
        33.87524565458866
       ],
       [
        -84.67418235119835,
        33.87452522993223
       ],
       [
        -84.67417814297814,
        33.87332368834669
       ],
       [
        -84.66766066193065,
        33.873383723734726
       ],
       [
        -84.66761331945332,
        33.875153933856936
       ],
       [
        -84.6705475009935,
        33.875310692925694
       ],
       [
        -84.66979317752117,
        33.87823491661792
       ],
       [
        -84.66904937459937,
        33.878796080731085
       ],
       [
        -84.66756913314113,
        33.87878690865791
       ],
       [
        -84.66743341803942,
        33.88064967333668
       ],
       [
        -84.66282646896647,
        33.88055795260495
       ],
       [
        -84.662817000471,
        33.87879774838075
       ],
       [
        -84.66046776153976,
        33.87623540466641
       ],
       [
        -84.65878762962163,
        33.87681991587492
       ],
       [
        -84.65499602321403,
        33.87686160711661
       ],
       [
        -84.65499602321403,
        33.877235994467
       ],
       [
        -84.65310442823042,
        33.87764206716107
       ],
       [
        -84.6530655021935,
        33.87689079098579
       ],
       [
        -84.64851325998326,
        33.876540584555585
       ],
       [
        -84.64832494212894,
        33.87471867729368
       ],
       [
        -84.64542758251558,
        33.87461278153978
       ],
       [
        -84.64561484831485,
        33.869507272082274
       ],
       [
        -84.64616717721718,
        33.869505604432604
       ],
       [
        -84.64723396103996,
        33.86710418891119
       ],
       [
        -84.64881309567309,
        33.865820932491935
       ],
       [
        -84.64793357764958,
        33.86431087571788
       ],
       [
        -84.64649752250352,
        33.86435506843407
       ],
       [
        -84.64516246464247,
        33.86340700959801
       ],
       [
        -84.64523716055116,
        33.862751623278626
       ],
       [
        -84.64431450827051,
        33.86138331672632
       ],
       [
        -84.64312147784148,
        33.86068207004107
       ],
       [
        -84.64440708911509,
        33.8599332953403
       ],
       [
        -84.64419562604962,
        33.858589169708175
       ],
       [
        -84.64552752774553,
        33.858596674131675
       ],
       [
        -84.64552226747027,
        33.859307926714926
       ],
       [
        -84.64705931990132,
        33.85853914021814
       ],
       [
        -84.64877206552606,
        33.85827398392099
       ],
       [
        -84.65039433441633,
        33.858413232668234
       ],
       [
        -84.65283931035731,
        33.85909863668164
       ],
       [
        -84.65444895458695,
        33.85891019226919
       ],
       [
        -84.6545531080371,
        33.85700573634874
       ],
       [
        -84.65729265939265,
        33.857434322313324
       ],
       [
        -84.65757145398145,
        33.858609181504185
       ],
       [
        -84.65716325662126,
        33.859688150839155
       ],
       [
        -84.65641629753429,
        33.859709830284835
       ],
       [
        -84.65643207836008,
        33.860918042469045
       ],
       [
        -84.65715484018084,
        33.86092387924288
       ],
       [
        -84.65716325662126,
        33.859688150839155
       ],
       [
        -84.65854881312481,
        33.859668139043144
       ],
       [
        -84.65850252270252,
        33.85508793923094
       ],
       [
        -84.66310841972042,
        33.855079600982606
       ],
       [
        -84.66294324707725,
        33.8536003957274
       ],
       [
        -84.66183543310743,
        33.85356037213538
       ],
       [
        -84.66263078672678,
        33.852142036093035
       ],
       [
        -84.66304634847235,
        33.85329438201338
       ],
       [
        -84.6677848044268,
        33.85329104671405
       ],
       [
        -84.66777323182123,
        33.85181184145884
       ],
       [
        -84.66841498540299,
        33.851541682212684
       ],
       [
        -84.66515992707193,
        33.85150916304416
       ],
       [
        -84.66515466679667,
        33.85096300777801
       ],
       [
        -84.66837711142111,
        33.851135609518614
       ],
       [
        -84.66913774722374,
        33.85197360347661
       ],
       [
        -84.6720877095897,
        33.85034764505065
       ],
       [
        -84.67210664658064,
        33.84941125976226
       ],
       [
        -84.6688557964698,
        33.849693092556095
       ],
       [
        -84.66781110580311,
        33.849074394529396
       ],
       [
        -84.66954278841878,
        33.84906021950722
       ],
       [
        -84.66833818538419,
        33.84711240469541
       ],
       [
        -84.67213505206705,
        33.847093226724226
       ],
       [
        -84.67213084384684,
        33.84503784850885
       ],
       [
        -84.6742865046485,
        33.84536637549338
       ],
       [
        -84.67681985321386,
        33.84537137844238
       ],
       [
        -84.6761802037422,
        33.84438663131363
       ],
       [
        -84.68097126244926,
        33.8443958033868
       ],
       [
        -84.68100913643113,
        33.84073030941731
       ],
       [
        -84.6846019044339,
        33.84079034480535
       ],
       [
        -84.68545827724627,
        33.842121129240134
       ],
       [
        -84.68808105049105,
        33.84201273201173
       ],
       [
        -84.69196628979829,
        33.843280145759145
       ],
       [
        -84.6919484048624,
        33.8445508948059
       ],
       [
        -84.69407776428777,
        33.84459258604759
       ],
       [
        -84.69398413138813,
        33.84273815961716
       ],
       [
        -84.69839434616634,
        33.84284488919589
       ],
       [
        -84.69830702559702,
        33.84108134967235
       ],
       [
        -84.6994485053285,
        33.841082183497186
       ],
       [
        -84.70006500958901,
        33.84271314487215
       ],
       [
        -84.70084247827248,
        33.84279402588103
       ],
       [
        -84.70045637406837,
        33.84467513470614
       ],
       [
        -84.69987037940437,
        33.844777695160694
       ],
       [
        -84.70070781522581,
        33.84596923084823
       ],
       [
        -84.70049845627045,
        33.846743854118856
       ],
       [
        -84.69938959024559,
        33.84796874279974
       ],
       [
        -84.6982680995601,
        33.84816635928536
       ],
       [
        -84.69821549680749,
        33.85186604007304
       ],
       [
        -84.69976517389917,
        33.85188688569389
       ],
       [
        -84.69975991362391,
        33.85395810658111
       ],
       [
        -84.70237216631817,
        33.85296502120402
       ],
       [
        -84.70257731705331,
        33.85565410629311
       ],
       [
        -84.70027752470952,
        33.85558823413124
       ],
       [
        -84.70027962881963,
        33.85674391535092
       ],
       [
        -84.69831859820259,
        33.85669305203606
       ],
       [
        -84.69835331601931,
        33.855385614696615
       ],
       [
        -84.69908239017039,
        33.85549401192502
       ],
       [
        -84.69922652171252,
        33.85416906426406
       ],
       [
        -84.69824495434895,
        33.85414988629289
       ],
       [
        -84.69823864201864,
        33.85673307562808
       ],
       [
        -84.69745801717002,
        33.860357712180715
       ],
       [
        -84.69804716799916,
        33.86055866396567
       ],
       [
        -84.69804822005422,
        33.86300260455361
       ],
       [
        -84.69771471860271,
        33.863019281050285
       ],
       [
        -84.69754638979438,
        33.86539985095085
       ],
       [
        -84.70694860579461,
        33.868626753057754
       ],
       [
        -84.7071548085848,
        33.86823819068519
       ],
       [
        -84.70483923541524,
        33.86470527486428
       ],
       [
        -84.70940725845125,
        33.86477281467582
       ],
       [
        -84.709219992652,
        33.86711586245887
       ],
       [
        -84.71031623401623,
        33.86715004927705
       ],
       [
        -84.71030781757581,
        33.86565500135001
       ],
       [
        -84.71118628354428,
        33.86506381954282
       ],
       [
        -84.71270124281924,
        33.86498710765811
       ],
       [
        -84.71268756610357,
        33.863370321305325
       ],
       [
        -84.71384272255072,
        33.86270326143826
       ],
       [
        -84.71384167049567,
        33.86503463567364
       ],
       [
        -84.71848438944039,
        33.86519973299073
       ],
       [
        -84.71837918393518,
        33.86693158717059
       ],
       [
        -84.71606781898582,
        33.86691741214842
       ],
       [
        -84.7160551943252,
        33.86941471752572
       ],
       [
        -84.71141563154563,
        33.87005175969876
       ],
       [
        -84.71381852528452,
        33.870843893290896
       ],
       [
        -84.71385745132145,
        33.87244733844634
       ],
       [
        -84.71503575297974,
        33.873803971450975
       ],
       [
        -84.71593105182905,
        33.873848997992
       ],
       [
        -84.71597734225134,
        33.87102316563017
       ],
       [
        -84.72002565009164,
        33.8706812974483
       ],
       [
        -84.72009508572508,
        33.87268080939981
       ],
       [
        -84.72191934918534,
        33.87253489005389
       ],
       [
        -84.72316393031193,
        33.87181863452164
       ],
       [
        -84.72366891673691,
        33.87045783239284
       ],
       [
        -84.7244811032371,
        33.870392794055796
       ],
       [
        -84.72440956349357,
        33.879293040332044
       ]
      ],
      [
       [
        -84.68600429381829,
        33.86503213419913
       ],
       [
        -84.68600429381829,
        33.86503213419913
       ],
       [
        -84.68600429381829,
        33.86503213419913
       ],
       [
        -84.68600429381829,
        33.86503213419913
       ]
      ],
      [
       [
        -84.67828326179126,
        33.87290760975461
       ],
       [
        -84.67828326179126,
        33.87290760975461
       ],
       [
        -84.67828326179126,
        33.87290760975461
       ],
       [
        -84.67828326179126,
        33.87290760975461
       ]
      ],
      [
       [
        -84.6491181916382,
        33.85856999173699
       ],
       [
        -84.64801668999868,
        33.85857582851083
       ],
       [
        -84.6482597147157,
        33.85957475066175
       ],
       [
        -84.64910346286746,
        33.859444673987674
       ],
       [
        -84.6491181916382,
        33.85856999173699
       ]
      ],
      [
       [
        -84.65837943226143,
        33.874079133646134
       ],
       [
        -84.65760406768807,
        33.87261910636211
       ],
       [
        -84.65697178260179,
        33.87278587132887
       ],
       [
        -84.65777134444134,
        33.87425673833574
       ],
       [
        -84.65837943226143,
        33.874079133646134
       ]
      ],
      [
       [
        -84.71935864718864,
        33.880333653724655
       ],
       [
        -84.71828765514566,
        33.879975109046114
       ],
       [
        -84.71721771515772,
        33.881181653580654
       ],
       [
        -84.71935864718864,
        33.880333653724655
       ]
      ],
      [
       [
        -84.65886442964043,
        33.87536906066406
       ],
       [
        -84.65849410626211,
        33.874340954643955
       ],
       [
        -84.65798596367196,
        33.876682334777335
       ],
       [
        -84.65862982136382,
        33.87668316860217
       ],
       [
        -84.65886442964043,
        33.87536906066406
       ]
      ],
      [
       [
        -84.69304464622664,
        33.87903872375772
       ],
       [
        -84.6914855006395,
        33.87976498518799
       ],
       [
        -84.69148024036424,
        33.88080726623027
       ],
       [
        -84.69303202156603,
        33.880808100055106
       ],
       [
        -84.69304464622664,
        33.87903872375772
       ]
      ],
      [
       [
        -84.69756953500553,
        33.85416906426406
       ],
       [
        -84.69645225254025,
        33.855474833953835
       ],
       [
        -84.69646592925592,
        33.85920703391004
       ],
       [
        -84.69703509103908,
        33.8591961941872
       ],
       [
        -84.69706875680076,
        33.85740513844414
       ],
       [
        -84.69756953500553,
        33.85416906426406
       ]
      ],
      [
       [
        -84.65238166640967,
        33.85957808596109
       ],
       [
        -84.6504038029118,
        33.858981901204906
       ],
       [
        -84.64973153973354,
        33.860788799619804
       ],
       [
        -84.65210813209613,
        33.861535072846074
       ],
       [
        -84.65187773203974,
        33.860365216604215
       ],
       [
        -84.65238166640967,
        33.85957808596109
       ]
      ],
      [
       [
        -84.65193243890243,
        33.87476870678371
       ],
       [
        -84.6514043072663,
        33.8740833027703
       ],
       [
        -84.64952744105344,
        33.87403410710511
       ],
       [
        -84.65027124397524,
        33.8745243961074
       ],
       [
        -84.65013342476342,
        33.87647804769305
       ],
       [
        -84.65186405532405,
        33.87669817744918
       ],
       [
        -84.65193243890243,
        33.87476870678371
       ]
      ],
      [
       [
        -84.65995435867436,
        33.8754857961408
       ],
       [
        -84.65848463776663,
        33.8730627011737
       ],
       [
        -84.65816270892071,
        33.87201124805825
       ],
       [
        -84.65734526214526,
        33.872053773124776
       ],
       [
        -84.65673401816002,
        33.870623763534766
       ],
       [
        -84.65545156305156,
        33.86920792896693
       ],
       [
        -84.65462149161549,
        33.867551119022124
       ],
       [
        -84.65547996853796,
        33.86592766207066
       ],
       [
        -84.6523259074919,
        33.8628716940547
       ],
       [
        -84.65175358954359,
        33.86461438795739
       ],
       [
        -84.64993353430353,
        33.86531396699297
       ],
       [
        -84.64997561650561,
        33.86592932972033
       ],
       [
        -84.6530655021935,
        33.86594934151634
       ],
       [
        -84.65483926701127,
        33.869614001661006
       ],
       [
        -84.65597864263265,
        33.87072965928866
       ],
       [
        -84.65686552504152,
        33.87258825484326
       ],
       [
        -84.65750307040307,
        33.872330602969605
       ],
       [
        -84.6590274981735,
        33.87532903707204
       ],
       [
        -84.65995435867436,
        33.8754857961408
       ]
      ],
      [
       [
        -84.69682257591857,
        33.85180016791117
       ],
       [
        -84.69524238923039,
        33.851785159064164
       ],
       [
        -84.69526553444153,
        33.852394685017686
       ],
       [
        -84.69304254211654,
        33.852529764640764
       ],
       [
        -84.69241762141561,
        33.85393475948576
       ],
       [
        -84.69083638267239,
        33.85596262148162
       ],
       [
        -84.69038925927526,
        33.85729173826674
       ],
       [
        -84.69378529298329,
        33.85737428692529
       ],
       [
        -84.69386840533241,
        33.8553555970026
       ],
       [
        -84.69578209347209,
        33.855176324663326
       ],
       [
        -84.69682257591857,
        33.85180016791117
       ]
      ],
      [
       [
        -84.71823610444811,
        33.88512064209564
       ],
       [
        -84.71491581870382,
        33.883091946274945
       ],
       [
        -84.71427511717711,
        33.88230731710632
       ],
       [
        -84.71555967639567,
        33.88186705759406
       ],
       [
        -84.7146485967206,
        33.879443962626965
       ],
       [
        -84.71402262396462,
        33.87961573054273
       ],
       [
        -84.7137312047152,
        33.88149517171817
       ],
       [
        -84.71200583442983,
        33.87896784864685
       ],
       [
        -84.71195533578734,
        33.87800061183962
       ],
       [
        -84.70959452425052,
        33.88151768498869
       ],
       [
        -84.71256026744227,
        33.88347133657434
       ],
       [
        -84.7124277085057,
        33.8841900935811
       ],
       [
        -84.7113767055087,
        33.88523904522205
       ],
       [
        -84.71722718365318,
        33.88541915138615
       ],
       [
        -84.71823610444811,
        33.88512064209564
       ]
      ],
      [
       [
        -84.69583574827975,
        33.869945863944864
       ],
       [
        -84.69537389611189,
        33.86858339416639
       ],
       [
        -84.69023671129271,
        33.8672892980243
       ],
       [
        -84.68780856823257,
        33.867461899764905
       ],
       [
        -84.68437571259771,
        33.86613695210396
       ],
       [
        -84.68231052853052,
        33.86613611827912
       ],
       [
        -84.68231789291589,
        33.868931932946936
       ],
       [
        -84.68381707136507,
        33.86892692999793
       ],
       [
        -84.68401801388,
        33.869890831505835
       ],
       [
        -84.685089005923,
        33.869689045896045
       ],
       [
        -84.68505849632649,
        33.87044365737066
       ],
       [
        -84.68874174106374,
        33.870505360408366
       ],
       [
        -84.688747001339,
        33.86997338016438
       ],
       [
        -84.69065648125849,
        33.869870819709824
       ],
       [
        -84.69583574827975,
        33.869945863944864
       ]
      ]
     ],
     [
      [
       [
        -84.66800468393268,
        33.849922394385395
       ],
       [
        -84.6660930999031,
        33.849925729684735
       ],
       [
        -84.6660952040132,
        33.85051024089324
       ],
       [
        -84.66492005852005,
        33.85052691738992
       ],
       [
        -84.664919006465,
        33.84940125386426
       ],
       [
        -84.66782162635363,
        33.84941125976226
       ],
       [
        -84.66800468393268,
        33.849922394385395
       ]
      ]
     ],
     [
      [
       [
        -84.6734943071943,
        33.874702834621836
       ],
       [
        -84.67216871782871,
        33.87511724556425
       ],
       [
        -84.67322708521108,
        33.874190032349034
       ],
       [
        -84.6734943071943,
        33.874702834621836
       ]
      ]
     ]
    ]
   }
  },
  {
   "type": "Feature",
   "properties": {
    "name": "Smyrna",
    "geoid": "1371492"
   },
   "geometry": {
    "type": "MultiPolygon",
    "coordinates": [
     [
      [
       [
        -84.54130043373843,
        33.902004761155766
       ],
       [
        -84.53911741950542,
        33.9019639037389
       ],
       [
        -84.539958011492,
        33.90236830878331
       ],
       [
        -84.53994538683139,
        33.903333044116046
       ],
       [
        -84.5374962026702,
        33.90303536865037
       ],
       [
        -84.5374940985601,
        33.90259594296295
       ],
       [
        -84.53858823581423,
        33.90256592526893
       ],
       [
        -84.53862821390621,
        33.90196974051274
       ],
       [
        -84.53749094239494,
        33.90194972871673
       ],
       [
        -84.5374940985601,
        33.90259594296295
       ],
       [
        -84.53695229020829,
        33.903462286965286
       ],
       [
        -84.53557725425526,
        33.90343727222027
       ],
       [
        -84.53564248166848,
        33.902523400202405
       ],
       [
        -84.53491761573761,
        33.90188635802936
       ],
       [
        -84.52568583265582,
        33.90179296964797
       ],
       [
        -84.52564375045375,
        33.90256592526893
       ],
       [
        -84.52665056713856,
        33.90258593706494
       ],
       [
        -84.52650643559643,
        33.903940902419905
       ],
       [
        -84.52580050665651,
        33.90402928785229
       ],
       [
        -84.52528079146079,
        33.904151860102864
       ],
       [
        -84.52250757434358,
        33.89950662195363
       ],
       [
        -84.52165961797162,
        33.899805131244136
       ],
       [
        -84.52108624796824,
        33.89907303304003
       ],
       [
        -84.51928197355397,
        33.89903217562318
       ],
       [
        -84.51946608318808,
        33.89791818564519
       ],
       [
        -84.51898003375403,
        33.89690758994659
       ],
       [
        -84.51831723907124,
        33.89762718077818
       ],
       [
        -84.50981242603042,
        33.896992640079645
       ],
       [
        -84.50639009094608,
        33.896936773815774
       ],
       [
        -84.50594401960402,
        33.89462207607708
       ],
       [
        -84.50258375576776,
        33.895009804624806
       ],
       [
        -84.49875322332322,
        33.896498181953184
       ],
       [
        -84.49672380912781,
        33.897694720589726
       ],
       [
        -84.49231464640465,
        33.90048886760787
       ],
       [
        -84.48958351148951,
        33.90186801388302
       ],
       [
        -84.48803278234278,
        33.89978511944812
       ],
       [
        -84.48890809214609,
        33.899199774414775
       ],
       [
        -84.48780133023133,
        33.897589658660664
       ],
       [
        -84.4878434124334,
        33.896749163228165
       ],
       [
        -84.48785814120414,
        33.896474001033006
       ],
       [
        -84.48388032105233,
        33.89906636244137
       ],
       [
        -84.4829197947898,
        33.898020746099746
       ],
       [
        -84.48267571801772,
        33.897762260401265
       ],
       [
        -84.47886622667423,
        33.89361314802815
       ],
       [
        -84.47567113548114,
        33.89385495722996
       ],
       [
        -84.47501886134886,
        33.89299695147595
       ],
       [
        -84.47597097117097,
        33.892448294735296
       ],
       [
        -84.47517035727635,
        33.89147438732939
       ],
       [
        -84.47394997341597,
        33.893001120600125
       ],
       [
        -84.470535002717,
        33.89242411381512
       ],
       [
        -84.47054026299226,
        33.890248664823666
       ],
       [
        -84.4731704006224,
        33.89028035016735
       ],
       [
        -84.47405623097623,
        33.88886034647535
       ],
       [
        -84.47196474553274,
        33.88668322983423
       ],
       [
        -84.47119148506948,
        33.88618376875877
       ],
       [
        -84.47252549087548,
        33.88540080723981
       ],
       [
        -84.47255494841694,
        33.88461701189601
       ],
       [
        -84.47405728303129,
        33.883657279512285
       ],
       [
        -84.4728127019047,
        33.88326037889138
       ],
       [
        -84.47281059779459,
        33.881832870775874
       ],
       [
        -84.47343551849552,
        33.880256941839946
       ],
       [
        -84.47503148600948,
        33.88184621197321
       ],
       [
        -84.47586260950061,
        33.88184621197321
       ],
       [
        -84.47607302051102,
        33.8802436006426
       ],
       [
        -84.47818449500049,
        33.87974163809264
       ],
       [
        -84.47983201321202,
        33.87874521741622
       ],
       [
        -84.481589997204,
        33.87810400611901
       ],
       [
        -84.48152792595593,
        33.879913406008406
       ],
       [
        -84.48285246326647,
        33.87992507955608
       ],
       [
        -84.48277461119261,
        33.88104323865824
       ],
       [
        -84.48446947188147,
        33.88103323276024
       ],
       [
        -84.48436005815606,
        33.88331624515525
       ],
       [
        -84.48674927517928,
        33.881983793070795
       ],
       [
        -84.48409073206273,
        33.87990673540974
       ],
       [
        -84.48360678673879,
        33.877948080875086
       ],
       [
        -84.48680924231724,
        33.8782074003984
       ],
       [
        -84.48642313811314,
        33.87680740850241
       ],
       [
        -84.48825792212392,
        33.875618374289374
       ],
       [
        -84.48825476595877,
        33.87093061107361
       ],
       [
        -84.48949408681008,
        33.87094478609579
       ],
       [
        -84.49186121067721,
        33.86917290832391
       ],
       [
        -84.49136253658253,
        33.868038906549906
       ],
       [
        -84.49391482213882,
        33.86792634019734
       ],
       [
        -84.49451028529829,
        33.86629287734788
       ],
       [
        -84.49529301425702,
        33.866524680651686
       ],
       [
        -84.49620198982198,
        33.865666674897675
       ],
       [
        -84.49552446636847,
        33.86466691892192
       ],
       [
        -84.49643765015365,
        33.86394732809033
       ],
       [
        -84.49639662000662,
        33.86324524758025
       ],
       [
        -84.49737608326008,
        33.863185212192214
       ],
       [
        -84.49787265324466,
        33.86207205603906
       ],
       [
        -84.4973076996817,
        33.86089302772403
       ],
       [
        -84.49856069724869,
        33.85979821571722
       ],
       [
        -84.4981987903108,
        33.85955640651541
       ],
       [
        -84.499153004243,
        33.858529134320136
       ],
       [
        -84.49648288852089,
        33.85793711868812
       ],
       [
        -84.49650603373203,
        33.85680978751279
       ],
       [
        -84.4984575958536,
        33.85725504997405
       ],
       [
        -84.49890682336083,
        33.85676893009593
       ],
       [
        -84.49737608326008,
        33.85673224180324
       ],
       [
        -84.49738239559039,
        33.85494618900919
       ],
       [
        -84.49641134877734,
        33.85492284191385
       ],
       [
        -84.4973361051681,
        33.85396561100461
       ],
       [
        -84.49814723961323,
        33.85409485385386
       ],
       [
        -84.50152328427528,
        33.852085336004336
       ],
       [
        -84.50180839119439,
        33.85042185546086
       ],
       [
        -84.50248486259287,
        33.851144781591785
       ],
       [
        -84.5036074053334,
        33.85031762735663
       ],
       [
        -84.50474888506488,
        33.85146080120381
       ],
       [
        -84.50375153687554,
        33.8514557982548
       ],
       [
        -84.50371681905882,
        33.85277824444125
       ],
       [
        -84.50426388768588,
        33.85316680681381
       ],
       [
        -84.50163269800069,
        33.85330688938589
       ],
       [
        -84.50157273086273,
        33.85503207296708
       ],
       [
        -84.5060145072925,
        33.85506209066109
       ],
       [
        -84.50598820591621,
        33.857290070617076
       ],
       [
        -84.505215997508,
        33.85776034782335
       ],
       [
        -84.50701711575711,
        33.857767018422024
       ],
       [
        -84.5074431980532,
        33.856729740328745
       ],
       [
        -84.51037632753832,
        33.854654350317354
       ],
       [
        -84.51039842069441,
        33.852874968121974
       ],
       [
        -84.50649424439624,
        33.8487983985094
       ],
       [
        -84.50495508785508,
        33.848514064241066
       ],
       [
        -84.50545797016997,
        33.847793639584644
       ],
       [
        -84.50369051768251,
        33.846306929905936
       ],
       [
        -84.50310452301852,
        33.84733086680187
       ],
       [
        -84.50181259941459,
        33.84669715992816
       ],
       [
        -84.50180628708429,
        33.8454580962251
       ],
       [
        -84.50060273610474,
        33.84537304609205
       ],
       [
        -84.5001251031111,
        33.844479185870185
       ],
       [
        -84.50057433061833,
        33.84400640718941
       ],
       [
        -84.49970638520038,
        33.84334518409619
       ],
       [
        -84.49900887270087,
        33.844282403209405
       ],
       [
        -84.49757492166492,
        33.84427573261073
       ],
       [
        -84.4975665052245,
        33.843103374894376
       ],
       [
        -84.49606943088543,
        33.8430866983977
       ],
       [
        -84.49609257609657,
        33.84155996512697
       ],
       [
        -84.49747287232488,
        33.84151910771011
       ],
       [
        -84.49456394010593,
        33.838960933119935
       ],
       [
        -84.49339931516332,
        33.836677920724924
       ],
       [
        -84.49283120543521,
        33.8336478012788
       ],
       [
        -84.49163501884102,
        33.8338695986846
       ],
       [
        -84.49142145166545,
        33.83306495771996
       ],
       [
        -84.48881866746666,
        33.83309414158914
       ],
       [
        -84.48878184553985,
        33.8323978978529
       ],
       [
        -84.49131414205014,
        33.83240873757574
       ],
       [
        -84.49197904084303,
        33.83118968566869
       ],
       [
        -84.48879867842068,
        33.83108212226512
       ],
       [
        -84.48887442638443,
        33.829626264105265
       ],
       [
        -84.49105218034218,
        33.830368368207374
       ],
       [
        -84.49227782447782,
        33.83021827973728
       ],
       [
        -84.49091962140562,
        33.8270830983621
       ],
       [
        -84.4899853965194,
        33.82636100605601
       ],
       [
        -84.49095749538749,
        33.82446905750806
       ],
       [
        -84.4938516988357,
        33.82185501665402
       ],
       [
        -84.49554445541446,
        33.819411076066075
       ],
       [
        -84.49754336001335,
        33.81980213991314
       ],
       [
        -84.49770748060148,
        33.81886075167576
       ],
       [
        -84.49624196791396,
        33.8181986947577
       ],
       [
        -84.49845023146823,
        33.81689709419209
       ],
       [
        -84.49757386960987,
        33.81573724384825
       ],
       [
        -84.49802099300699,
        33.813500091819094
       ],
       [
        -84.4976675025095,
        33.81165817276118
       ],
       [
        -84.49574013765414,
        33.80857385470086
       ],
       [
        -84.49739396819596,
        33.806748612139614
       ],
       [
        -84.50067111968312,
        33.803560899799905
       ],
       [
        -84.50267844072243,
        33.79995877651778
       ],
       [
        -84.50387673142673,
        33.79890482192783
       ],
       [
        -84.50483094535895,
        33.79963608630709
       ],
       [
        -84.50417551506152,
        33.80007884729385
       ],
       [
        -84.50528438108638,
        33.80086014116314
       ],
       [
        -84.50571993187793,
        33.800337332992335
       ],
       [
        -84.50807443108442,
        33.802078359245364
       ],
       [
        -84.51080977421978,
        33.80003465457766
       ],
       [
        -84.51043103440104,
        33.79972864086364
       ],
       [
        -84.5120554074014,
        33.79873722313623
       ],
       [
        -84.51390807634807,
        33.79986538813639
       ],
       [
        -84.51362612559413,
        33.800730064489066
       ],
       [
        -84.51235208692609,
        33.799798682149685
       ],
       [
        -84.51163984565585,
        33.80036901833602
       ],
       [
        -84.51328736386736,
        33.80190075455576
       ],
       [
        -84.51295175830576,
        33.80245191277091
       ],
       [
        -84.5156892055512,
        33.80256364529865
       ],
       [
        -84.51570603843204,
        33.80202416063116
       ],
       [
        -84.51450985183786,
        33.801938276673276
       ],
       [
        -84.51469501352702,
        33.8002256004646
       ],
       [
        -84.51654873452873,
        33.80093518539819
       ],
       [
        -84.51664973181373,
        33.80161808793709
       ],
       [
        -84.51836352949353,
        33.80258365709466
       ],
       [
        -84.51844453773253,
        33.80386024291524
       ],
       [
        -84.51699164970564,
        33.80481163705064
       ],
       [
        -84.5161984001964,
        33.80380687812588
       ],
       [
        -84.5127708048368,
        33.80358591454492
       ],
       [
        -84.51218060195261,
        33.803042260753266
       ],
       [
        -84.51093391671591,
        33.80400199313699
       ],
       [
        -84.50984083151683,
        33.80606070665171
       ],
       [
        -84.50919486971488,
        33.805717170820174
       ],
       [
        -84.50790084200084,
        33.80677279305979
       ],
       [
        -84.50855416818817,
        33.80709214797115
       ],
       [
        -84.50736745008945,
        33.80816111140811
       ],
       [
        -84.50809757629557,
        33.808398751485754
       ],
       [
        -84.50955888076288,
        33.807067133226134
       ],
       [
        -84.50982715480116,
        33.80608321992222
       ],
       [
        -84.51171874978475,
        33.807101320044325
       ],
       [
        -84.51106963181763,
        33.8070713023503
       ],
       [
        -84.50974614656215,
        33.808518822261824
       ],
       [
        -84.50983557124157,
        33.80998385249485
       ],
       [
        -84.50708444728045,
        33.80999802751703
       ],
       [
        -84.50778827211028,
        33.808803990354996
       ],
       [
        -84.50604501688902,
        33.808483801618806
       ],
       [
        -84.50569994283194,
        33.80888570518871
       ],
       [
        -84.5043249068789,
        33.80815193933494
       ],
       [
        -84.50340435870835,
        33.80876896971197
       ],
       [
        -84.50367789302189,
        33.809240914567916
       ],
       [
        -84.5056262989783,
        33.81026818676319
       ],
       [
        -84.50538537837137,
        33.81055669015569
       ],
       [
        -84.50193463780063,
        33.810383254590256
       ],
       [
        -84.50184942134142,
        33.81249616671917
       ],
       [
        -84.50394827117027,
        33.81254035943536
       ],
       [
        -84.50637851834051,
        33.81349175357076
       ],
       [
        -84.50638693478093,
        33.8165026950457
       ],
       [
        -84.50257218316219,
        33.81635760952461
       ],
       [
        -84.50073845120644,
        33.81599823102123
       ],
       [
        -84.49936236319836,
        33.818595595378596
       ],
       [
        -84.4979704943645,
        33.82208014935915
       ],
       [
        -84.49932764538164,
        33.82246370878271
       ],
       [
        -84.50058695527895,
        33.823910394869394
       ],
       [
        -84.50367789302189,
        33.82394208021308
       ],
       [
        -84.50494772346973,
        33.82265965761866
       ],
       [
        -84.50835532978333,
        33.826305973616975
       ],
       [
        -84.5107434947515,
        33.82832299589
       ],
       [
        -84.51075927557727,
        33.82772014053514
       ],
       [
        -84.50898761486961,
        33.82625677795178
       ],
       [
        -84.5056767976208,
        33.82266215909316
       ],
       [
        -84.50436172880573,
        33.82147479252979
       ],
       [
        -84.5027363037503,
        33.820604279403284
       ],
       [
        -84.50552950991352,
        33.82154566764067
       ],
       [
        -84.5067541019941,
        33.82158902653203
       ],
       [
        -84.51070772487972,
        33.82105871393772
       ],
       [
        -84.51143995519595,
        33.821688251687256
       ],
       [
        -84.51316006520607,
        33.821724939979944
       ],
       [
        -84.5164551016291,
        33.820565923460926
       ],
       [
        -84.51824043905243,
        33.8202940965651
       ],
       [
        -84.51672653183253,
        33.82175078854979
       ],
       [
        -84.51690117297117,
        33.82445488248588
       ],
       [
        -84.5174755950296,
        33.82452992672093
       ],
       [
        -84.52000578742978,
        33.82616505722006
       ],
       [
        -84.52135557406157,
        33.825714791809794
       ],
       [
        -84.52153442342042,
        33.82357436346137
       ],
       [
        -84.5234133937434,
        33.823591873782874
       ],
       [
        -84.52363748146948,
        33.82469168873869
       ],
       [
        -84.52548489014089,
        33.8253329000359
       ],
       [
        -84.52546910931511,
        33.82476173002473
       ],
       [
        -84.52700300558101,
        33.82461664450365
       ],
       [
        -84.52720710426111,
        33.82177913859414
       ],
       [
        -84.52827073191872,
        33.821774135645136
       ],
       [
        -84.5281834113494,
        33.823570194337194
       ],
       [
        -84.52908081430881,
        33.823857030080035
       ],
       [
        -84.52991825013025,
        33.82282975788476
       ],
       [
        -84.52922073763074,
        33.82239867044567
       ],
       [
        -84.5309397955858,
        33.82182916808417
       ],
       [
        -84.53162573547974,
        33.82121797448097
       ],
       [
        -84.53225696851096,
        33.82154983676484
       ],
       [
        -84.53221593836393,
        33.825845702308705
       ],
       [
        -84.53695965459366,
        33.82585570820671
       ],
       [
        -84.53683446004246,
        33.830457587464586
       ],
       [
        -84.54017052661253,
        33.830585996489
       ],
       [
        -84.54101217065417,
        33.829806370269374
       ],
       [
        -84.54096588023188,
        33.83173917623418
       ],
       [
        -84.53973287171087,
        33.832420411123415
       ],
       [
        -84.53973707993107,
        33.83345518774219
       ],
       [
        -84.54139091047291,
        33.83397299296399
       ],
       [
        -84.54143614884015,
        33.834892701755706
       ],
       [
        -84.53955823057223,
        33.83445327606828
       ],
       [
        -84.53791912880112,
        33.8346016968887
       ],
       [
        -84.53749199445,
        33.835398833429835
       ],
       [
        -84.53883231258631,
        33.836114255137254
       ],
       [
        -84.53990751284951,
        33.83738333653434
       ],
       [
        -84.5368555011435,
        33.83908017007117
       ],
       [
        -84.53710483819084,
        33.83959213851914
       ],
       [
        -84.53827051518851,
        33.839039312654315
       ],
       [
        -84.53741098621099,
        33.84034591616892
       ],
       [
        -84.53753933692734,
        33.84113804976105
       ],
       [
        -84.53602753381753,
        33.841982714317716
       ],
       [
        -84.53555095287895,
        33.84094877152377
       ],
       [
        -84.53485449243449,
        33.84119725132425
       ],
       [
        -84.53538788434588,
        33.842051921778925
       ],
       [
        -84.53449048138648,
        33.84174590806491
       ],
       [
        -84.5339854949615,
        33.842393789960795
       ],
       [
        -84.53320802627802,
        33.841613329916335
       ],
       [
        -84.53235586168586,
        33.842021070260074
       ],
       [
        -84.53274827822028,
        33.8445583992294
       ],
       [
        -84.53345105099505,
        33.844901101236104
       ],
       [
        -84.53442314986314,
        33.84400390571491
       ],
       [
        -84.53478084858085,
        33.84264393741094
       ],
       [
        -84.53579397759597,
        33.842764842011846
       ],
       [
        -84.53740993415593,
        33.842282891257895
       ],
       [
        -84.5388238961459,
        33.841094690869696
       ],
       [
        -84.53948037849838,
        33.84110302911803
       ],
       [
        -84.53912057567058,
        33.84219867494968
       ],
       [
        -84.54307525061125,
        33.8425839020229
       ],
       [
        -84.5428416943897,
        33.844062273453275
       ],
       [
        -84.54196112431113,
        33.84507286915187
       ],
       [
        -84.54201793528394,
        33.84587083951784
       ],
       [
        -84.54516252783452,
        33.845679893630894
       ],
       [
        -84.54676901589902,
        33.84597673527174
       ],
       [
        -84.54967268784269,
        33.84767773793274
       ],
       [
        -84.54949173437373,
        33.85195025638126
       ],
       [
        -84.55320548870749,
        33.85503040531741
       ],
       [
        -84.55627012507412,
        33.853497001448005
       ],
       [
        -84.5569465964726,
        33.85433332775633
       ],
       [
        -84.55892445997046,
        33.854244942323945
       ],
       [
        -84.55893077230077,
        33.85479693436394
       ],
       [
        -84.56009434518835,
        33.856166074741076
       ],
       [
        -84.55965669028669,
        33.85701240694741
       ],
       [
        -84.55780191722991,
        33.85741097521798
       ],
       [
        -84.5557945961906,
        33.85922371040671
       ],
       [
        -84.55076051276652,
        33.85914866617167
       ],
       [
        -84.54986731802731,
        33.85748601945302
       ],
       [
        -84.5474802051142,
        33.85968231406532
       ],
       [
        -84.54935391516192,
        33.86077379077279
       ],
       [
        -84.54937495626295,
        33.86142917709218
       ],
       [
        -84.5457401060581,
        33.86132661663762
       ],
       [
        -84.54427143720544,
        33.863202722513726
       ],
       [
        -84.54437243449043,
        33.8640648973919
       ],
       [
        -84.54633662127262,
        33.865560779143784
       ],
       [
        -84.5486521944422,
        33.86545321574022
       ],
       [
        -84.54872899446099,
        33.86342785521886
       ],
       [
        -84.5465828021548,
        33.862995933954934
       ],
       [
        -84.54720246258046,
        33.86250564495265
       ],
       [
        -84.54974948786149,
        33.86265073047373
       ],
       [
        -84.54977894540295,
        33.86631372296873
       ],
       [
        -84.54331196299796,
        33.866222002237
       ],
       [
        -84.54296583688584,
        33.8675085939556
       ],
       [
        -84.53911952361553,
        33.867039984398986
       ],
       [
        -84.53822422476622,
        33.86845665279166
       ],
       [
        -84.5378055068555,
        33.86825736865637
       ],
       [
        -84.53598439956039,
        33.87077802112902
       ],
       [
        -84.5365724983345,
        33.870629600308604
       ],
       [
        -84.53773501916702,
        33.87197122446623
       ],
       [
        -84.53782444384645,
        33.87267580645081
       ],
       [
        -84.53559934741135,
        33.87282923022023
       ],
       [
        -84.53559198302598,
        33.8732353029143
       ],
       [
        -84.537270010834,
        33.872934292149296
       ],
       [
        -84.53777815342416,
        33.87359217994318
       ],
       [
        -84.53645151200351,
        33.8742950942781
       ],
       [
        -84.53609486534086,
        33.8750913969944
       ],
       [
        -84.5365703942244,
        33.87677572315872
       ],
       [
        -84.53807272883873,
        33.87671818924519
       ],
       [
        -84.53788651509451,
        33.8762279002429
       ],
       [
        -84.53933309079109,
        33.87594106450007
       ],
       [
        -84.53883126053125,
        33.87509806759307
       ],
       [
        -84.54037252118252,
        33.87505887782588
       ],
       [
        -84.54039461433861,
        33.873331192770195
       ],
       [
        -84.54504259355859,
        33.873340364843365
       ],
       [
        -84.54510571686171,
        33.87076467993168
       ],
       [
        -84.54817876966877,
        33.871023999455005
       ],
       [
        -84.54905618358218,
        33.87167521665022
       ],
       [
        -84.55361999839799,
        33.872603263690266
       ],
       [
        -84.55377675460075,
        33.869472251439255
       ],
       [
        -84.55584825099825,
        33.86987665648366
       ],
       [
        -84.5553117029217,
        33.872330602969605
       ],
       [
        -84.5543374999435,
        33.8735138004088
       ],
       [
        -84.55288776808176,
        33.873837324444324
       ],
       [
        -84.5494791097131,
        33.873087715918714
       ],
       [
        -84.54688895017495,
        33.87319361167261
       ],
       [
        -84.54495737709938,
        33.87437430763731
       ],
       [
        -84.54492371133772,
        33.87696833669534
       ],
       [
        -84.54292165057365,
        33.87661813026513
       ],
       [
        -84.54203371610971,
        33.87838166978867
       ],
       [
        -84.54287536015136,
        33.87987421624122
       ],
       [
        -84.54491845106244,
        33.88067135278236
       ],
       [
        -84.544787996236,
        33.882378192217196
       ],
       [
        -84.53937517299318,
        33.88237068779369
       ],
       [
        -84.53914687704687,
        33.879489822992824
       ],
       [
        -84.5384640933181,
        33.87974664104164
       ],
       [
        -84.53601701326701,
        33.879483986218986
       ],
       [
        -84.53645466816867,
        33.880266113913116
       ],
       [
        -84.53645361611362,
        33.88232983037683
       ],
       [
        -84.53867871254872,
        33.88258831607532
       ],
       [
        -84.53935202778203,
        33.88412922436822
       ],
       [
        -84.54009898686898,
        33.8841408979159
       ],
       [
        -84.54019998415399,
        33.88637804994505
       ],
       [
        -84.54094904735105,
        33.8857801975392
       ],
       [
        -84.54474591403391,
        33.88581771965672
       ],
       [
        -84.54658911448512,
        33.88635386902487
       ],
       [
        -84.54498367847567,
        33.88495804625305
       ],
       [
        -84.54505732232933,
        33.88418592445693
       ],
       [
        -84.54633556921756,
        33.88418592445693
       ],
       [
        -84.54633136099736,
        33.88306192858093
       ],
       [
        -84.54742023797624,
        33.88305108885809
       ],
       [
        -84.54895203013203,
        33.88418258915759
       ],
       [
        -84.54891731231531,
        33.887477864900866
       ],
       [
        -84.54845019987219,
        33.888064043759044
       ],
       [
        -84.54604204585804,
        33.88800067307167
       ],
       [
        -84.54573484578285,
        33.88867607118707
       ],
       [
        -84.54469646744647,
        33.888700252107256
       ],
       [
        -84.54463965647365,
        33.89118004716305
       ],
       [
        -84.54590527870128,
        33.89113918974619
       ],
       [
        -84.54479851678651,
        33.89351475669776
       ],
       [
        -84.54246716279116,
        33.895968703183705
       ],
       [
        -84.54165918451119,
        33.89749376880477
       ],
       [
        -84.5452509004589,
        33.897527955622955
       ],
       [
        -84.54549813339614,
        33.89820668903769
       ],
       [
        -84.54547077996477,
        33.90152614570115
       ],
       [
        -84.54875424378224,
        33.901577842840844
       ],
       [
        -84.54956958644759,
        33.902092312763315
       ],
       [
        -84.5479325887866,
        33.9025158957789
       ],
       [
        -84.54619248973049,
        33.90250338840639
       ],
       [
        -84.54618512534512,
        33.902052289171294
       ],
       [
        -84.54130043373843,
        33.902004761155766
       ]
      ],
      [
       [
        -84.52089687805888,
        33.89637310822811
       ],
       [
        -84.52089687805888,
        33.89637310822811
       ],
       [
        -84.52089687805888,
        33.89637310822811
       ],
       [
        -84.52089687805888,
        33.89637310822811
       ]
      ],
      [
       [
        -84.50024293327694,
        33.88851597681898
       ],
       [
        -84.50024293327694,
        33.88851597681898
       ],
       [
        -84.50024293327694,
        33.88851597681898
       ],
       [
        -84.50024293327694,
        33.88851597681898
       ]
      ],
      [
       [
        -84.50379151496752,
        33.83396215324115
       ],
       [
        -84.50379151496752,
        33.83396215324115
       ],
       [
        -84.50379151496752,
        33.83396215324115
       ],
       [
        -84.50379151496752,
        33.83396215324115
       ]
      ],
      [
       [
        -84.53883231258631,
        33.84323595304296
       ],
       [
        -84.53883231258631,
        33.84323595304296
       ],
       [
        -84.53883231258631,
        33.84323595304296
       ],
       [
        -84.53883231258631,
        33.84323595304296
       ]
      ],
      [
       [
        -84.50392723006922,
        33.89247664477965
       ],
       [
        -84.50392723006922,
        33.89247664477965
       ],
       [
        -84.50392723006922,
        33.89247664477965
       ],
       [
        -84.50392723006922,
        33.89247664477965
       ]
      ],
      [
       [
        -84.50401455063854,
        33.83315417697718
       ],
       [
        -84.50401455063854,
        33.83315417697718
       ],
       [
        -84.50401455063854,
        33.83315417697718
       ],
       [
        -84.50401455063854,
        33.83315417697718
       ]
      ],
      [
       [
        -84.52077273556273,
        33.89725029195329
       ],
       [
        -84.52077273556273,
        33.89725029195329
       ],
       [
        -84.52077273556273,
        33.89725029195329
       ],
       [
        -84.52077273556273,
        33.89725029195329
       ]
      ],
      [
       [
        -84.50633222791822,
        33.83589662685563
       ],
       [
        -84.5053738057658,
        33.83537131721032
       ],
       [
        -84.50500348238748,
        33.836319376046376
       ],
       [
        -84.50633222791822,
        33.83589662685563
       ]
      ],
      [
       [
        -84.55158216776216,
        33.85705326436427
       ],
       [
        -84.55153377322978,
        33.856201095384094
       ],
       [
        -84.55041543870944,
        33.85704575994076
       ],
       [
        -84.55158216776216,
        33.85705326436427
       ]
      ],
      [
       [
        -84.53794858634258,
        33.83289735892836
       ],
       [
        -84.53653988462789,
        33.832462102365106
       ],
       [
        -84.53642836679236,
        33.83345518774219
       ],
       [
        -84.53712061901662,
        33.83384041481542
       ],
       [
        -84.53794858634258,
        33.83289735892836
       ]
      ],
      [
       [
        -84.53498073904073,
        33.8739623981694
       ],
       [
        -84.5348366074986,
        33.87322863231564
       ],
       [
        -84.5332459002599,
        33.8732302999653
       ],
       [
        -84.53307336323137,
        33.87398741291442
       ],
       [
        -84.53427165393565,
        33.87461194771495
       ],
       [
        -84.53498073904073,
        33.8739623981694
       ]
      ],
      [
       [
        -84.49283856982056,
        33.8766248008638
       ],
       [
        -84.49044724868725,
        33.87613201038701
       ],
       [
        -84.48857353863954,
        33.87682325117425
       ],
       [
        -84.49091751729551,
        33.878615974566976
       ],
       [
        -84.49283856982056,
        33.8766248008638
       ]
      ],
      [
       [
        -84.50789873789074,
        33.80232517139618
       ],
       [
        -84.50571046338246,
        33.80210003869104
       ],
       [
        -84.50459528502728,
        33.80308311817012
       ],
       [
        -84.50472153163354,
        33.80545201452302
       ],
       [
        -84.50645111013911,
        33.80539364678465
       ],
       [
        -84.50608394292594,
        33.803921112128116
       ],
       [
        -84.50789873789074,
        33.80232517139618
       ]
      ],
      [
       [
        -84.50467103299103,
        33.8067827989578
       ],
       [
        -84.50225025431625,
        33.80677112541013
       ],
       [
        -84.50041231414032,
        33.80584474601975
       ],
       [
        -84.49862171644172,
        33.80692371535472
       ],
       [
        -84.5020472076912,
        33.80884568159669
       ],
       [
        -84.50253956945556,
        33.80801519206219
       ],
       [
        -84.5034253998094,
        33.80839625001125
       ],
       [
        -84.50467103299103,
        33.8067827989578
       ]
      ],
      [
       [
        -84.50549794826195,
        33.884852984323985
       ],
       [
        -84.50441433155834,
        33.88364393831494
       ],
       [
        -84.50297091202691,
        33.88360725002225
       ],
       [
        -84.50174316378116,
        33.8846537001887
       ],
       [
        -84.50246171738172,
        33.885476685299686
       ],
       [
        -84.50112245130045,
        33.885545892760895
       ],
       [
        -84.5021503090863,
        33.886480610399616
       ],
       [
        -84.5011960951541,
        33.886919202262206
       ],
       [
        -84.50110877458478,
        33.88877362869263
       ],
       [
        -84.49973268657669,
        33.88965831684132
       ],
       [
        -84.50198092822292,
        33.88958577408078
       ],
       [
        -84.50199776110377,
        33.888007343670346
       ],
       [
        -84.50118978282379,
        33.88774135354836
       ],
       [
        -84.50544008523408,
        33.887813062484064
       ],
       [
        -84.50548953182152,
        33.8859578022288
       ],
       [
        -84.5043185945486,
        33.88584690352591
       ],
       [
        -84.50435331236531,
        33.88527906881407
       ],
       [
        -84.50549794826195,
        33.884852984323985
       ]
      ],
      [
       [
        -84.50532961945362,
        33.89419515776216
       ],
       [
        -84.50116874172274,
        33.89410176938077
       ],
       [
        -84.50003778254178,
        33.89273012752913
       ],
       [
        -84.49681007764208,
        33.89233072543373
       ],
       [
        -84.49672486118286,
        33.897397045124045
       ],
       [
        -84.49931607277607,
        33.89573273075573
       ],
       [
        -84.5012792075032,
        33.894948101587104
       ],
       [
        -84.50532961945362,
        33.89419515776216
       ]
      ],
      [
       [
        -84.51723467442267,
        33.89277098494599
       ],
       [
        -84.51727465251466,
        33.89151441092141
       ],
       [
        -84.51542829589829,
        33.892023044070044
       ],
       [
        -84.51543250411851,
        33.89134264300564
       ],
       [
        -84.51101808112008,
        33.8911466941697
       ],
       [
        -84.51101597700998,
        33.89065390369291
       ],
       [
        -84.50972405340605,
        33.89063722719623
       ],
       [
        -84.50968828353429,
        33.89438860512361
       ],
       [
        -84.5106204043104,
        33.89441612134312
       ],
       [
        -84.51056148922748,
        33.89169201561102
       ],
       [
        -84.51354406530007,
        33.89201387199687
       ],
       [
        -84.51353354474955,
        33.89344638306139
       ],
       [
        -84.513947002385,
        33.89445280963581
       ],
       [
        -84.51974487777687,
        33.89446531700832
       ],
       [
        -84.51911995707596,
        33.89292440871541
       ],
       [
        -84.5180195074915,
        33.89298277645378
       ],
       [
        -84.51854027474228,
        33.89202888084388
       ],
       [
        -84.51723467442267,
        33.89277098494599
       ]
      ],
      [
       [
        -84.52933330752131,
        33.84470598622499
       ],
       [
        -84.52413089528889,
        33.8446743008813
       ],
       [
        -84.52412247884848,
        33.84560568322068
       ],
       [
        -84.52344916361517,
        33.8456823951054
       ],
       [
        -84.5234176019636,
        33.848022941413944
       ],
       [
        -84.52031193544994,
        33.84802627671328
       ],
       [
        -84.52136925077725,
        33.84668798785499
       ],
       [
        -84.5206791026631,
        33.8459683970234
       ],
       [
        -84.52198891120291,
        33.84459925664626
       ],
       [
        -84.52063596840597,
        33.84454922715623
       ],
       [
        -84.52070224787424,
        33.843412723907726
       ],
       [
        -84.52138082338283,
        33.84345524897425
       ],
       [
        -84.52135557406157,
        33.840938765625765
       ],
       [
        -84.51993003946603,
        33.8409370979761
       ],
       [
        -84.51990058192457,
        33.84186180971681
       ],
       [
        -84.51917992421393,
        33.84228205743306
       ],
       [
        -84.51913363379163,
        33.847324196203196
       ],
       [
        -84.51701058669659,
        33.846503712566715
       ],
       [
        -84.51686750720951,
        33.84802961201262
       ],
       [
        -84.51618682759083,
        33.84802377523878
       ],
       [
        -84.51605006043405,
        33.846261903364905
       ],
       [
        -84.51676650992451,
        33.84292493637994
       ],
       [
        -84.5176092060212,
        33.8420585923776
       ],
       [
        -84.5149475067395,
        33.841339001546004
       ],
       [
        -84.51480968752769,
        33.84594421610322
       ],
       [
        -84.51224898553099,
        33.84509871772172
       ],
       [
        -84.51307169258169,
        33.84408311907412
       ],
       [
        -84.51227002663202,
        33.842910761357764
       ],
       [
        -84.5110307057807,
        33.84374958914059
       ],
       [
        -84.51058358238357,
        33.84458925074825
       ],
       [
        -84.51057832210832,
        33.839672185703186
       ],
       [
        -84.50637115395516,
        33.838559029550034
       ],
       [
        -84.50697082533482,
        33.83829470707771
       ],
       [
        -84.50625753200953,
        33.83731913202213
       ],
       [
        -84.50427651234651,
        33.83616511845212
       ],
       [
        -84.50257954754754,
        33.836170121401125
       ],
       [
        -84.50366632041631,
        33.83564731323032
       ],
       [
        -84.50316659426659,
        33.83519788164488
       ],
       [
        -84.5023743968124,
        33.83616928757629
       ],
       [
        -84.50146962946762,
        33.836006691733694
       ],
       [
        -84.50147804590804,
        33.834347380314384
       ],
       [
        -84.50195673095673,
        33.833119156334156
       ],
       [
        -84.50298669285269,
        33.83311081808582
       ],
       [
        -84.50203773919574,
        33.831467349338354
       ],
       [
        -84.50208928989329,
        33.82929023269723
       ],
       [
        -84.49407157834158,
        33.829244372331374
       ],
       [
        -84.4935203014943,
        33.83003483827384
       ],
       [
        -84.49398004955205,
        33.832582173141176
       ],
       [
        -84.49320784114384,
        33.832069370868375
       ],
       [
        -84.49374228511029,
        33.83496107539208
       ],
       [
        -84.49558338145138,
        33.834971081290085
       ],
       [
        -84.49532457590857,
        33.837150699405704
       ],
       [
        -84.49431775922376,
        33.837112343463346
       ],
       [
        -84.49511311284311,
        33.838728295991295
       ],
       [
        -84.49711622566223,
        33.83823217021517
       ],
       [
        -84.49762121208721,
        33.839938175825175
       ],
       [
        -84.50211033099433,
        33.838990116989116
       ],
       [
        -84.50476256178057,
        33.83869077387378
       ],
       [
        -84.50728223363024,
        33.839311973374976
       ],
       [
        -84.5073926994107,
        33.83979225647926
       ],
       [
        -84.50436067675068,
        33.84159581959482
       ],
       [
        -84.50667624992025,
        33.84316090880791
       ],
       [
        -84.50379151496752,
        33.84432492827593
       ],
       [
        -84.5050645015805,
        33.84547810802111
       ],
       [
        -84.50449639185238,
        33.84612765756666
       ],
       [
        -84.50614917033917,
        33.8462569004159
       ],
       [
        -84.50556633184033,
        33.8470431972342
       ],
       [
        -84.5104604919425,
        33.85206032125932
       ],
       [
        -84.51131791680992,
        33.851594213177215
       ],
       [
        -84.51205961562161,
        33.852362999674
       ],
       [
        -84.51112223457024,
        33.85275072822173
       ],
       [
        -84.51253304039504,
        33.8542240967031
       ],
       [
        -84.51378709001709,
        33.85392975653676
       ],
       [
        -84.5138680982561,
        33.853122614097614
       ],
       [
        -84.51707581410982,
        33.85306508018408
       ],
       [
        -84.51746086625886,
        33.854566798709804
       ],
       [
        -84.51908208309408,
        33.852944175583175
       ],
       [
        -84.52074748624149,
        33.85402564639265
       ],
       [
        -84.52230663182863,
        33.8541131980002
       ],
       [
        -84.52236975513175,
        33.853538692689696
       ],
       [
        -84.52389839112239,
        33.85366960318861
       ],
       [
        -84.52477054476054,
        33.85308425815526
       ],
       [
        -84.52491152013752,
        33.8519711020021
       ],
       [
        -84.52416245694046,
        33.851394095217096
       ],
       [
        -84.52209937698338,
        33.85162923382023
       ],
       [
        -84.52160911932911,
        33.85040684661385
       ],
       [
        -84.51997317372317,
        33.850436864307866
       ],
       [
        -84.52028984229383,
        33.84846403475104
       ],
       [
        -84.52341549785349,
        33.8486333011923
       ],
       [
        -84.52340182113782,
        33.851112262423264
       ],
       [
        -84.52416561310561,
        33.85111893302194
       ],
       [
        -84.52416876927077,
        33.848052125283125
       ],
       [
        -84.52793617841218,
        33.84806963560464
       ],
       [
        -84.5286115977556,
        33.84789870151371
       ],
       [
        -84.5275648029788,
        33.84656124648025
       ],
       [
        -84.52693462200261,
        33.84707571640272
       ],
       [
        -84.52505985989986,
        33.84707821787722
       ],
       [
        -84.52496201878002,
        33.84558984054884
       ],
       [
        -84.5283043976804,
        33.84549978746679
       ],
       [
        -84.52933330752131,
        33.84470598622499
       ]
      ]
     ],
     [
      [
       [
        -84.5143551997452,
        33.89332214316114
       ],
       [
        -84.5143551997452,
        33.89332214316114
       ],
       [
        -84.5143551997452,
        33.89332214316114
       ],
       [
        -84.5143551997452,
        33.89332214316114
       ]
      ]
     ],
     [
      [
       [
        -84.51723467442267,
        33.89277098494599
       ],
       [
        -84.51723467442267,
        33.89277098494599
       ],
       [
        -84.51723467442267,
        33.89277098494599
       ],
       [
        -84.51723467442267,
        33.89277098494599
       ]
      ]
     ]
    ]
   }
  },
  {
   "type": "Feature",
   "properties": {
    "name": "Vinings",
    "geoid": "1379612"
   },
   "geometry": {
    "type": "Polygon",
    "coordinates": [
     [
      [
       -84.45396829181229,
       33.867698706017705
      ],
      [
       -84.4556841936022,
       33.86567501314602
      ],
      [
       -84.4561755033115,
       33.864490981881985
      ],
      [
       -84.45589881283281,
       33.86312267532968
      ],
      [
       -84.45508662633263,
       33.86223131658232
      ],
      [
       -84.45419448364848,
       33.85972900825601
      ],
      [
       -84.45478573858773,
       33.858118058677064
      ],
      [
       -84.45594825942025,
       33.857539384242386
      ],
      [
       -84.459581005515,
       33.8537187988538
      ],
      [
       -84.46015858373858,
       33.852754897345896
      ],
      [
       -84.46017331250931,
       33.85158587492888
      ],
      [
       -84.45911284101685,
       33.849616380671385
      ],
      [
       -84.45871726831727,
       33.848101320948324
      ],
      [
       -84.4587803916204,
       33.84604427508328
      ],
      [
       -84.46048682491482,
       33.84207276739977
      ],
      [
       -84.46410273812873,
       33.84184596704497
      ],
      [
       -84.46479814651815,
       33.84263893446194
      ],
      [
       -84.46636570854571,
       33.84306668660169
      ],
      [
       -84.46709057447657,
       33.84430491647992
      ],
      [
       -84.4699711012091,
       33.8460250971121
      ],
      [
       -84.47341552944953,
       33.8463753035423
      ],
      [
       -84.47506725588126,
       33.84744426697927
      ],
      [
       -84.47746173317974,
       33.847353380072384
      ],
      [
       -84.47951955286155,
       33.84552063308764
      ],
      [
       -84.48132067111067,
       33.844611764018765
      ],
      [
       -84.48252843031042,
       33.84445500495001
      ],
      [
       -84.48431166362366,
       33.845450591801594
      ],
      [
       -84.48532058441859,
       33.84526464886365
      ],
      [
       -84.48717009720009,
       33.84577328201228
      ],
      [
       -84.47979519128519,
       33.86402820909921
      ],
      [
       -84.47604671913471,
       33.8731168997879
      ],
      [
       -84.47323983625583,
       33.88015104608605
      ],
      [
       -84.47056656436857,
       33.87845171107471
      ],
      [
       -84.46663924285924,
       33.877957252948256
      ],
      [
       -84.46453828892028,
       33.87796392354693
      ],
      [
       -84.46418900664301,
       33.88096235764936
      ],
      [
       -84.46074247429247,
       33.88022525649626
      ],
      [
       -84.45720862137262,
       33.878157370908376
      ],
      [
       -84.45648901571701,
       33.877276851883856
      ],
      [
       -84.45602926765926,
       33.87546578434478
      ],
      [
       -84.45651531709332,
       33.871395885330884
      ],
      [
       -84.45560528947328,
       33.86946641466542
      ],
      [
       -84.45396829181229,
       33.867698706017705
      ]
     ]
    ]
   }
  }
 ]
}
