{
 "type": "FeatureCollection",
 "features": [
  {
   "type": "Feature",
   "properties": {
    "name": "Rest of DeKalb County",
    "geoid": "13089",
    "remainder": true
   },
   "geometry": {
    "type": "Polygon",
    "coordinates": [
     [
      [
       -84.0237124933385,
       33.75280764981465
      ],
      [
       -84.02730526134125,
       33.74998932187633
      ],
      [
       -84.04123026201026,
       33.73945477892578
      ],
      [
       -84.04537851508051,
       33.735546641929645
      ],
      [
       -84.04653051536252,
       33.734827884922886
      ],
      [
       -84.04943629141628,
       33.732390614933614
      ],
      [
       -84.05661446303647,
       33.72660803971104
      ],
      [
       -84.05861441969041,
       33.72290835892336
      ],
      [
       -84.06310985092784,
       33.71412734959835
      ],
      [
       -84.06821442204043,
       33.70460840529541
      ],
      [
       -84.06901714004513,
       33.70290823645924
      ],
      [
       -84.07159677903277,
       33.69823214679115
      ],
      [
       -84.07433212216812,
       33.692894000205
      ],
      [
       -84.07811426008026,
       33.685308695691695
      ],
      [
       -84.0837154011774,
       33.675009291344296
      ],
      [
       -84.08560173588573,
       33.67125040899341
      ],
      [
       -84.08971947935947,
       33.66377683700784
      ],
      [
       -84.09511546972146,
       33.653409059024064
      ],
      [
       -84.09941521871922,
       33.645309284588286
      ],
      [
       -84.10001489009889,
       33.64391012651713
      ],
      [
       -84.10433357608757,
       33.63602464506365
      ],
      [
       -84.11012408709409,
       33.62510987798888
      ],
      [
       -84.11579150765951,
       33.61466622194522
      ],
      [
       -84.11695402849203,
       33.61681165324266
      ],
      [
       -84.11689406135406,
       33.61740116740017
      ],
      [
       -84.1155348062268,
       33.61830086439587
      ],
      [
       -84.11576941450342,
       33.619128018631024
      ],
      [
       -84.11788404515805,
       33.62014028197928
      ],
      [
       -84.11907181531181,
       33.622319066270066
      ],
      [
       -84.12264985454385,
       33.623147054330055
      ],
      [
       -84.12350307119107,
       33.62366402572703
      ],
      [
       -84.12373767946768,
       33.62541589170289
      ],
      [
       -84.12642252396053,
       33.6260546015256
      ],
      [
       -84.12801112708912,
       33.62676668793369
      ],
      [
       -84.12873494096495,
       33.62840015078315
      ],
      [
       -84.12848981213781,
       33.63016285648186
      ],
      [
       -84.12921993834394,
       33.631370234841235
      ],
      [
       -84.13182587870787,
       33.63158035869936
      ],
      [
       -84.13436343549344,
       33.63138190838891
      ],
      [
       -84.13640547434947,
       33.63073986326687
      ],
      [
       -84.13891778181377,
       33.63083408547309
      ],
      [
       -84.14119548100147,
       33.632129015440015
      ],
      [
       -84.14136275775476,
       33.63320214800115
      ],
      [
       -84.14088617681618,
       33.63471137095037
      ],
      [
       -84.13851168856368,
       33.63636984854485
      ],
      [
       -84.13807298160698,
       33.63715614536315
      ],
      [
       -84.13871578724378,
       33.63779485518586
      ],
      [
       -84.14117443990044,
       33.63744965170466
      ],
      [
       -84.14266414985416,
       33.63636818089518
      ],
      [
       -84.1438655967236,
       33.63631981905482
      ],
      [
       -84.14590447941448,
       33.6376330931681
      ],
      [
       -84.14896595961596,
       33.63871873310173
      ],
      [
       -84.15058086412087,
       33.63857698287998
      ],
      [
       -84.15142776843777,
       33.63901390709291
      ],
      [
       -84.15389378547978,
       33.644516317171316
      ],
      [
       -84.15412628964629,
       33.645375156750156
      ],
      [
       -84.15545819134219,
       33.64565282041982
      ],
      [
       -84.15663018067018,
       33.644536328967334
      ],
      [
       -84.15861225238825,
       33.6444812965283
      ],
      [
       -84.15849021400221,
       33.642464274255275
      ],
      [
       -84.15979371021172,
       33.6400761999312
      ],
      [
       -84.16077212141012,
       33.63948084899985
      ],
      [
       -84.1608120995021,
       33.63803166143866
      ],
      [
       -84.1619925052705,
       33.63779902431003
      ],
      [
       -84.1666225995546,
       33.6387153978024
      ],
      [
       -84.16953258382858,
       33.63913231021931
      ],
      [
       -84.17115906093906,
       33.64024213107313
      ],
      [
       -84.1731264038864,
       33.640970060153066
      ],
      [
       -84.17294019014219,
       33.64157875228175
      ],
      [
       -84.17158724734524,
       33.64237922412222
      ],
      [
       -84.17234051876252,
       33.64322805780306
      ],
      [
       -84.17183974055774,
       33.64465973504274
      ],
      [
       -84.17017644152044,
       33.64590296786997
      ],
      [
       -84.18414352439153,
       33.646157284444286
      ],
      [
       -84.18744171697972,
       33.64617312711613
      ],
      [
       -84.22395223550623,
       33.6465716953867
      ],
      [
       -84.22423523831523,
       33.630657314608314
      ],
      [
       -84.23178688947888,
       33.630643973410976
      ],
      [
       -84.24151629460029,
       33.630773216260216
      ],
      [
       -84.24545308460509,
       33.63072985736886
      ],
      [
       -84.24540574212774,
       33.63621058800159
      ],
      [
       -84.24547412570612,
       33.646237331628335
      ],
      [
       -84.2457708052308,
       33.6469219018169
      ],
      [
       -84.25392002366402,
       33.64704780936681
      ],
      [
       -84.26688239396039,
       33.647170381617386
      ],
      [
       -84.27019636737437,
       33.64726293617394
      ],
      [
       -84.2816542989463,
       33.647307128890134
      ],
      [
       -84.32945336818136,
       33.64779408259309
      ],
      [
       -84.34122060393861,
       33.64793916811417
      ],
      [
       -84.34987480879681,
       33.64794417106317
      ],
      [
       -84.34990426633827,
       33.65622238401339
      ],
      [
       -84.34964125257525,
       33.68472918743219
      ],
      [
       -84.34922253466453,
       33.687653411124415
      ],
      [
       -84.34922358671959,
       33.68990723965024
      ],
      [
       -84.34957812927213,
       33.69530708927409
      ],
      [
       -84.34947713198713,
       33.70127060448561
      ],
      [
       -84.34950132925333,
       33.71553317826818
      ],
      [
       -84.34926461686662,
       33.73601024853725
      ],
      [
       -84.34914468259068,
       33.756226331633336
      ],
      [
       -84.3492057017837,
       33.764957311468315
      ],
      [
       -84.34907209079209,
       33.765788634827636
      ],
      [
       -84.34887851266251,
       33.782962924929926
      ],
      [
       -84.34857972902773,
       33.784218665129664
      ],
      [
       -84.34856394820194,
       33.784382094797095
      ],
      [
       -84.34855027148627,
       33.784529681792684
      ],
      [
       -84.34853449066048,
       33.78469728058428
      ],
      [
       -84.34842507693507,
       33.78894561811262
      ],
      [
       -84.34842612899013,
       33.78939088057388
      ],
      [
       -84.34842718104518,
       33.78984114598415
      ],
      [
       -84.34880907702907,
       33.790825893112896
      ],
      [
       -84.3486176030096,
       33.804625694112694
      ],
      [
       -84.3482051974292,
       33.805055113902114
      ],
      [
       -84.34819467687868,
       33.805260234811236
      ],
      [
       -84.34822518647519,
       33.80900410831511
      ],
      [
       -84.34842612899013,
       33.809702853525856
      ],
      [
       -84.34822518647519,
       33.81250367114267
      ],
      [
       -84.34842507693507,
       33.817103882750885
      ],
      [
       -84.34832513170512,
       33.820103984502985
      ],
      [
       -84.34848293996293,
       33.82540294132194
      ],
      [
       -84.34852397010997,
       33.83007486186587
      ],
      [
       -84.34835038102638,
       33.83738333653434
      ],
      [
       -84.34845979475179,
       33.839452055947056
      ],
      [
       -84.34845979475179,
       33.839732221091225
      ],
      [
       -84.34800530696931,
       33.84502033818734
      ],
      [
       -84.34822729058529,
       33.848546583409586
      ],
      [
       -84.34825464401665,
       33.85745099881
      ],
      [
       -84.34811682480482,
       33.862288016671016
      ],
      [
       -84.34821782208982,
       33.868702631117635
      ],
      [
       -84.34823570702571,
       33.87242065605166
      ],
      [
       -84.34812418919019,
       33.88210803297103
      ],
      [
       -84.348181000163,
       33.89093907178607
      ],
      [
       -84.34790641379442,
       33.9078331967442
      ],
      [
       -84.34789063296863,
       33.91500992708893
      ],
      [
       -84.34780962472962,
       33.92084503327604
      ],
      [
       -84.3476234109854,
       33.94825785851286
      ],
      [
       -84.3474393013513,
       33.956361802072806
      ],
      [
       -84.34741194791995,
       33.96810872633173
      ],
      [
       -84.34683752586153,
       33.9681103939814
      ],
      [
       -84.34674284090684,
       33.96631767058867
      ],
      [
       -84.3460810982791,
       33.9661308938259
      ],
      [
       -84.34305538794939,
       33.96811372928073
      ],
      [
       -84.34240521792722,
       33.96811372928073
      ],
      [
       -84.33930586374386,
       33.970015683726686
      ],
      [
       -84.33889451021851,
       33.96969466116566
      ],
      [
       -84.33733536463136,
       33.97088036007936
      ],
      [
       -84.32986051348651,
       33.968698240489246
      ],
      [
       -84.32697367442367,
       33.9676642976953
      ],
      [
       -84.3250947041007,
       33.967249052928054
      ],
      [
       -84.32012374397975,
       33.967370791353794
      ],
      [
       -84.31848043398843,
       33.966984730455735
      ],
      [
       -84.31708646104445,
       33.96613172765073
      ],
      [
       -84.31533268527268,
       33.96601665982366
      ],
      [
       -84.3132916984717,
       33.9654037985708
      ],
      [
       -84.31148637200238,
       33.964278135045134
      ],
      [
       -84.30981676063476,
       33.963926260965266
      ],
      [
       -84.30782311631111,
       33.9627413958764
      ],
      [
       -84.30331821657822,
       33.96043086726187
      ],
      [
       -84.30102052834452,
       33.95952866879167
      ],
      [
       -84.29982434175034,
       33.95934272585373
      ],
      [
       -84.29832095508095,
       33.959789655964656
      ],
      [
       -84.2949449104189,
       33.95979215743916
      ],
      [
       -84.29340996209797,
       33.95952533349234
      ],
      [
       -84.29064621347621,
       33.958252082971086
      ],
      [
       -84.287954004598,
       33.95788686769387
      ],
      [
       -84.28427075986076,
       33.95637597709498
      ],
      [
       -84.28049703838904,
       33.956019933890936
      ],
      [
       -84.27719463758064,
       33.957826832305834
      ],
      [
       -84.27709258824059,
       33.95761420697321
      ],
      [
       -84.27683167858768,
       33.95710223852524
      ],
      [
       -84.27532513575314,
       33.954098801473805
      ],
      [
       -84.27147040604241,
       33.95589235869136
      ],
      [
       -84.26586821289021,
       33.94792516240416
      ],
      [
       -84.26990810429011,
       33.945913976904976
      ],
      [
       -84.2704656934677,
       33.94400785333485
      ],
      [
       -84.2691706136986,
       33.941132825307825
      ],
      [
       -84.2681111942612,
       33.94068422754723
      ],
      [
       -84.26928633975434,
       33.94015224730325
      ],
      [
       -84.26720747897147,
       33.93637418698119
      ],
      [
       -84.26533692508892,
       33.93257611486312
      ],
      [
       -84.26492767567368,
       33.93120530683631
      ],
      [
       -84.26486455237055,
       33.9307958988429
      ],
      [
       -84.26352528628928,
       33.92700533114834
      ],
      [
       -84.26142222824022,
       33.922200832455836
      ],
      [
       -84.25982205250605,
       33.91890138758839
      ],
      [
       -84.25901302217102,
       33.91882384187885
      ],
      [
       -84.25900460573061,
       33.91881216833117
      ],
      [
       -84.2587984029404,
       33.918577029728034
      ],
      [
       -84.258285000075,
       33.91788995806496
      ],
      [
       -84.25602202965803,
       33.91440123496024
      ],
      [
       -84.25242084521484,
       33.91160125116825
      ],
      [
       -84.2468680986501,
       33.90956505092405
      ],
      [
       -84.24402334178934,
       33.90750216828517
      ],
      [
       -84.23861051854652,
       33.905301704548705
      ],
      [
       -84.23671997561797,
       33.90420188959289
      ],
      [
       -84.23222033616034,
       33.90200225968126
      ],
      [
       -84.22422050954451,
       33.89210225742926
      ],
      [
       -84.22272027904027,
       33.89210225742926
      ],
      [
       -84.21787451347052,
       33.88645226035526
      ],
      [
       -84.21535904984106,
       33.884146734689736
      ],
      [
       -84.21326861645261,
       33.88279593845894
      ],
      [
       -84.20715828071027,
       33.87745779187279
      ],
      [
       -84.20508678431278,
       33.876802405553406
      ],
      [
       -84.20458811021811,
       33.87447686809187
      ],
      [
       -84.20300792352992,
       33.87259659309159
      ],
      [
       -84.20061134212133,
       33.87150178108478
      ],
      [
       -84.19867766493566,
       33.87176777120678
      ],
      [
       -84.19628844791245,
       33.87098230821331
      ],
      [
       -84.19340266090467,
       33.86781794296895
      ],
      [
       -84.18823601854402,
       33.866581380740385
      ],
      [
       -84.18202678962679,
       33.865417361272364
      ],
      [
       -84.17931459170259,
       33.864281691848696
      ],
      [
       -84.17493909474109,
       33.859633952224954
      ],
      [
       -84.17284234902235,
       33.85865837716938
      ],
      [
       -84.17138946099546,
       33.858533303444304
      ],
      [
       -84.16999548805148,
       33.85749519152619
      ],
      [
       -84.16917172894573,
       33.85743098701399
      ],
      [
       -84.1656746979527,
       33.855736654951656
      ],
      [
       -84.16146858185458,
       33.853917249164255
      ],
      [
       -84.1584071016531,
       33.85360206337707
      ],
      [
       -84.15690792320392,
       33.85233381580482
      ],
      [
       -84.15584955582156,
       33.85043936578237
      ],
      [
       -84.15403476085676,
       33.84810715772216
      ],
      [
       -84.15304162088762,
       33.847875354418356
      ],
      [
       -84.14994542286942,
       33.84587500864201
      ],
      [
       -84.14885023356024,
       33.84313506023806
      ],
      [
       -84.14635791514192,
       33.84115722773223
      ],
      [
       -84.1454278984759,
       33.83990315518216
      ],
      [
       -84.14440424891025,
       33.8391894011244
      ],
      [
       -84.14322384314184,
       33.839310305725306
      ],
      [
       -84.14126596868996,
       33.83894509044809
      ],
      [
       -84.13823605014005,
       33.83704313600214
      ],
      [
       -84.13682314020514,
       33.836696264871264
      ],
      [
       -84.13336924346925,
       33.83345268626769
      ],
      [
       -84.13338292018491,
       33.83130475349576
      ],
      [
       -84.13212045412246,
       33.829355271034274
      ],
      [
       -84.12791644213443,
       33.825305383816385
      ],
      [
       -84.12625735131735,
       33.82304988764089
      ],
      [
       -84.1261026992247,
       33.82286978147678
      ],
      [
       -84.12281607924209,
       33.818904944391946
      ],
      [
       -84.12252781615781,
       33.81806695043395
      ],
      [
       -84.12178611734612,
       33.81806778425879
      ],
      [
       -84.12017752517153,
       33.817073031232034
      ],
      [
       -84.1205972951373,
       33.816803705810706
      ],
      [
       -84.11341491529691,
       33.807504891263896
      ],
      [
       -84.10498900638501,
       33.803138984433986
      ],
      [
       -84.104058989719,
       33.80173982636283
      ],
      [
       -84.10291119765719,
       33.801207012294014
      ],
      [
       -84.10084811770011,
       33.80081678227178
      ],
      [
       -84.09791498821498,
       33.79950600963301
      ],
      [
       -84.09621486725086,
       33.796906143801145
      ],
      [
       -84.09333223640823,
       33.795126761605765
      ],
      [
       -84.09131544687345,
       33.79250605015305
      ],
      [
       -84.08731448151048,
       33.79000624330124
      ],
      [
       -84.07591441296641,
       33.77750720904221
      ],
      [
       -84.07051526643927,
       33.774808951879955
      ],
      [
       -84.0690003071643,
       33.774618005993005
      ],
      [
       -84.05830616756016,
       33.772760244263246
      ],
      [
       -84.0548143968424,
       33.77020707262208
      ],
      [
       -84.05331521839322,
       33.76800911036011
      ],
      [
       -84.05211482357882,
       33.76670834361934
      ],
      [
       -84.04961303666504,
       33.765306684073686
      ],
      [
       -84.04861253231053,
       33.765606861013865
      ],
      [
       -84.0462106906267,
       33.764506212233215
      ],
      [
       -84.04331333101334,
       33.76230741614642
      ],
      [
       -84.04311659671859,
       33.761009984704984
      ],
      [
       -84.04211293619893,
       33.76010778623479
      ],
      [
       -84.04031287000487,
       33.75770803836304
      ],
      [
       -84.03841285858086,
       33.75740786142286
      ],
      [
       -84.03821507223107,
       33.757803928218934
      ],
      [
       -84.03241298861899,
       33.75610792850693
      ],
      [
       -84.03072023204024,
       33.75511234165534
      ],
      [
       -84.02641311865712,
       33.75310782675483
      ],
      [
       -84.0237124933385,
       33.75280764981465
      ]
     ]
    ]
   }
  },
  {
   "type": "Feature",
   "properties": {
    "name": "Avondale Estates",
    "geoid": "1304644"
   },
   "geometry": {
    "type": "Polygon",
    "coordinates": [
     [
      [
       -84.27987737796337,
       33.775998819917824
      ],
      [
       -84.27275180909581,
       33.77835520889821
      ],
      [
       -84.27117583062783,
       33.7791781940092
      ],
      [
       -84.2705403893764,
       33.77856866805567
      ],
      [
       -84.26798179148979,
       33.77945502385403
      ],
      [
       -84.26830161622561,
       33.7798043964594
      ],
      [
       -84.26621328694729,
       33.78124691342192
      ],
      [
       -84.26509284831685,
       33.77950505334405
      ],
      [
       -84.26450474954275,
       33.77986193037293
      ],
      [
       -84.26249848055848,
       33.780030362989365
      ],
      [
       -84.2624385134205,
       33.77496737859838
      ],
      [
       -84.26013977313177,
       33.77445124102624
      ],
      [
       -84.25989885252486,
       33.77592127420828
      ],
      [
       -84.26089409660409,
       33.776148074563075
      ],
      [
       -84.26113922543122,
       33.777769030040034
      ],
      [
       -84.25845438093837,
       33.777930792057795
      ],
      [
       -84.2590309071069,
       33.77413688906389
      ],
      [
       -84.25804828768828,
       33.77380085765586
      ],
      [
       -84.25750963550163,
       33.77545266465167
      ],
      [
       -84.25591787620787,
       33.775535213310214
      ],
      [
       -84.25600098855699,
       33.77379835618136
      ],
      [
       -84.25712563540763,
       33.77348733951834
      ],
      [
       -84.25371592498392,
       33.77101171358672
      ],
      [
       -84.25128988603389,
       33.77102338713439
      ],
      [
       -84.25130145863946,
       33.76994858692359
      ],
      [
       -84.25216624789225,
       33.76961172169072
      ],
      [
       -84.2515792011732,
       33.76864114958415
      ],
      [
       -84.25257444525245,
       33.76750714781015
      ],
      [
       -84.252908998759,
       33.767783143830144
      ],
      [
       -84.2550835965516,
       33.766936811623815
      ],
      [
       -84.25510253354253,
       33.76619387369688
      ],
      [
       -84.2578241999622,
       33.76403593502694
      ],
      [
       -84.2621470941711,
       33.76021701728802
      ],
      [
       -84.2627614943215,
       33.76022035258735
      ],
      [
       -84.26286564777165,
       33.75855437056937
      ],
      [
       -84.26432695223895,
       33.757281953872955
      ],
      [
       -84.26565148954948,
       33.75763716325216
      ],
      [
       -84.26508548393149,
       33.75991016974917
      ],
      [
       -84.26825953402353,
       33.76077567992668
      ],
      [
       -84.26896967118367,
       33.75826336570237
      ],
      [
       -84.27020057559457,
       33.75691507094607
      ],
      [
       -84.27103275114075,
       33.75735533045833
      ],
      [
       -84.27084864150665,
       33.76429608837509
      ],
      [
       -84.2704962030642,
       33.76490561432862
      ],
      [
       -84.2703888934489,
       33.76879707482808
      ],
      [
       -84.2712137046097,
       33.77107091514992
      ],
      [
       -84.27261714604914,
       33.77107508427409
      ],
      [
       -84.27308005027204,
       33.77450710729011
      ],
      [
       -84.27429096563696,
       33.77440788213488
      ],
      [
       -84.27449401226201,
       33.77501907573808
      ],
      [
       -84.27582065368266,
       33.77502824781125
      ],
      [
       -84.27561865911265,
       33.77439537476238
      ],
      [
       -84.27790793090593,
       33.77419775827676
      ],
      [
       -84.27941342168542,
       33.774333671724676
      ],
      [
       -84.27987737796337,
       33.775998819917824
      ]
     ]
    ]
   }
  },
  {
   "type": "Feature",
   "properties": {
    "name": "Belvedere Park",
    "geoid": "1306884"
   },
   "geometry": {
    "type": "Polygon",
    "coordinates": [
     [
      [
       -84.2908966025786,
       33.751003252874256
      ],
      [
       -84.28404351596951,
       33.750969066056065
      ],
      [
       -84.2840614009054,
       33.75193963816264
      ],
      [
       -84.28555952729953,
       33.75232486523587
      ],
      [
       -84.28684408651809,
       33.753698174737174
      ],
      [
       -84.287287001695,
       33.754731283706285
      ],
      [
       -84.28685881528881,
       33.7563980995491
      ],
      [
       -84.28743428940228,
       33.75731780834081
      ],
      [
       -84.28679253582054,
       33.75791732839633
      ],
      [
       -84.28479678738678,
       33.75816664202164
      ],
      [
       -84.28220978401379,
       33.75781393411694
      ],
      [
       -84.28241598680398,
       33.75880618566919
      ],
      [
       -84.28473366408366,
       33.759193914216915
      ],
      [
       -84.28681357692157,
       33.75884787691088
      ],
      [
       -84.28738168664968,
       33.75908218168918
      ],
      [
       -84.28599507809108,
       33.75998604780905
      ],
      [
       -84.28565316019916,
       33.76148192956093
      ],
      [
       -84.28500088606688,
       33.76128764837465
      ],
      [
       -84.28531860669261,
       33.75997103896204
      ],
      [
       -84.28435597631997,
       33.75997103896204
      ],
      [
       -84.28434650782451,
       33.76073982545883
      ],
      [
       -84.2827294992095,
       33.76046466326367
      ],
      [
       -84.28274001976001,
       33.75976174892875
      ],
      [
       -84.2807063973444,
       33.75965501935002
      ],
      [
       -84.27934819427219,
       33.76008777443877
      ],
      [
       -84.27931032029032,
       33.76082737706638
      ],
      [
       -84.27767647879448,
       33.76162784890685
      ],
      [
       -84.27622885104284,
       33.759977709560715
      ],
      [
       -84.27515365077964,
       33.759121371456374
      ],
      [
       -84.26780609829609,
       33.75493473696574
      ],
      [
       -84.26466781807582,
       33.75693341509242
      ],
      [
       -84.26162843103043,
       33.75952577650078
      ],
      [
       -84.25257444525245,
       33.76750714781015
      ],
      [
       -84.2515792011732,
       33.76864114958415
      ],
      [
       -84.25132565590566,
       33.76737123436224
      ],
      [
       -84.25140876825476,
       33.76531001937302
      ],
      [
       -84.2501484063024,
       33.76298198043698
      ],
      [
       -84.24721001654201,
       33.761502775181775
      ],
      [
       -84.24301757715958,
       33.760407129350135
      ],
      [
       -84.24064624507224,
       33.759033819848824
      ],
      [
       -84.2373754059154,
       33.7558310986621
      ],
      [
       -84.23195942650743,
       33.7526633981184
      ],
      [
       -84.23057387000387,
       33.74319281565582
      ],
      [
       -84.23051495492095,
       33.74186786799487
      ],
      [
       -84.23087054952855,
       33.737227632794635
      ],
      [
       -84.24568243260643,
       33.737811310178316
      ],
      [
       -84.25410308124307,
       33.73798974869275
      ],
      [
       -84.26343691366492,
       33.73810398269499
      ],
      [
       -84.28030556436957,
       33.7385183936374
      ],
      [
       -84.29029587914388,
       33.7388660985931
      ],
      [
       -84.29016647637248,
       33.74201295351595
      ],
      [
       -84.2896983118743,
       33.742152202263206
      ],
      [
       -84.29097445465246,
       33.744757904868905
      ],
      [
       -84.28956049266249,
       33.74470370625471
      ],
      [
       -84.29080717789918,
       33.74706426435927
      ],
      [
       -84.2908966025786,
       33.751003252874256
      ]
     ]
    ]
   }
  },
  {
   "type": "Feature",
   "properties": {
    "name": "Brookhaven",
    "geoid": "1310944"
   },
   "geometry": {
    "type": "Polygon",
    "coordinates": [
     [
      [
       -84.34845979475179,
       33.839452055947056
      ],
      [
       -84.34845979475179,
       33.839732221091225
      ],
      [
       -84.34800530696931,
       33.84502033818734
      ],
      [
       -84.34822729058529,
       33.848546583409586
      ],
      [
       -84.34825464401665,
       33.85745099881
      ],
      [
       -84.34811682480482,
       33.862288016671016
      ],
      [
       -84.34821782208982,
       33.868702631117635
      ],
      [
       -84.34823570702571,
       33.87242065605166
      ],
      [
       -84.34812418919019,
       33.88210803297103
      ],
      [
       -84.348181000163,
       33.89093907178607
      ],
      [
       -84.34790641379442,
       33.9078331967442
      ],
      [
       -84.34789063296863,
       33.91500992708893
      ],
      [
       -84.34294597422398,
       33.91650997796498
      ],
      [
       -84.34030636809837,
       33.9170603023553
      ],
      [
       -84.33841582516982,
       33.91664088846389
      ],
      [
       -84.33754051536651,
       33.91756893550394
      ],
      [
       -84.33531226276627,
       33.9186920975551
      ],
      [
       -84.3313375987796,
       33.91989780826481
      ],
      [
       -84.3284412912213,
       33.92014462041562
      ],
      [
       -84.3208444016904,
       33.920202154329154
      ],
      [
       -84.31508650439051,
       33.91964932846433
      ],
      [
       -84.31589448267049,
       33.91779907115807
      ],
      [
       -84.31590395116595,
       33.91665673113573
      ],
      [
       -84.31467515086516,
       33.9149699034969
      ],
      [
       -84.31215653107053,
       33.914099390370396
      ],
      [
       -84.3110403006603,
       33.912449251024256
      ],
      [
       -84.31078675539275,
       33.91060733196633
      ],
      [
       -84.30993669491069,
       33.90865701568002
      ],
      [
       -84.30987883188283,
       33.907513841832845
      ],
      [
       -84.31036698542698,
       33.90553517550218
      ],
      [
       -84.31002506753507,
       33.90405763789664
      ],
      [
       -84.30816398214797,
       33.90128016737517
      ],
      [
       -84.31061947863948,
       33.90053722944823
      ],
      [
       -84.31187563237164,
       33.900497205856205
      ],
      [
       -84.31466989058988,
       33.90284692423793
      ],
      [
       -84.31597864707464,
       33.90290695962596
      ],
      [
       -84.31937678489278,
       33.901802975545976
      ],
      [
       -84.31928946432346,
       33.88581271670772
      ],
      [
       -84.31850883947484,
       33.88580437845938
      ],
      [
       -84.31850042303442,
       33.88218891397992
      ],
      [
       -84.3205877002577,
       33.88087980899081
      ],
      [
       -84.32247719113118,
       33.878792745431745
      ],
      [
       -84.3193588999569,
       33.87913377978878
      ],
      [
       -84.31932944241544,
       33.87765624218324
      ],
      [
       -84.31727267478867,
       33.87777297765998
      ],
      [
       -84.31454574809375,
       33.876643978834984
      ],
      [
       -84.30943381259581,
       33.87679823642924
      ],
      [
       -84.30943591670592,
       33.86290171174871
      ],
      [
       -84.30977362637762,
       33.861359969630975
      ],
      [
       -84.31179252002252,
       33.85864086684787
      ],
      [
       -84.31200187897788,
       33.85681062133762
      ],
      [
       -84.31250265718266,
       33.85549401192502
      ],
      [
       -84.31425748500948,
       33.85336108800009
      ],
      [
       -84.31534004965805,
       33.850762889817894
      ],
      [
       -84.3154947017507,
       33.84814718131418
      ],
      [
       -84.3150580989041,
       33.84458174632475
      ],
      [
       -84.31337901904102,
       33.840991296590296
      ],
      [
       -84.31863298197098,
       33.8401407952598
      ],
      [
       -84.32034467554067,
       33.839668850403854
      ],
      [
       -84.32577538371939,
       33.836959753518755
      ],
      [
       -84.32430881897682,
       33.83472176766477
      ],
      [
       -84.32374491746891,
       33.83301993117893
      ],
      [
       -84.32289485698685,
       33.83167413789714
      ],
      [
       -84.32485483554883,
       33.833004922331924
      ],
      [
       -84.32639714825515,
       33.832989913484916
      ],
      [
       -84.3264266057966,
       33.83237371693272
      ],
      [
       -84.32543451788251,
       33.83136228740929
      ],
      [
       -84.32644449073248,
       33.83162410840711
      ],
      [
       -84.32677694012894,
       33.828978382209385
      ],
      [
       -84.32876532417733,
       33.82792192614493
      ],
      [
       -84.33188571946172,
       33.826824612663614
      ],
      [
       -84.33398141312541,
       33.82477673887174
      ],
      [
       -84.33385095829895,
       33.82644272088972
      ],
      [
       -84.33595191223792,
       33.82591574359475
      ],
      [
       -84.3360487013027,
       33.82478174182074
      ],
      [
       -84.33679355627956,
       33.824779240346246
      ],
      [
       -84.33709339196939,
       33.82604665409366
      ],
      [
       -84.33839057584858,
       33.827448313639316
      ],
      [
       -84.34057148597148,
       33.82656279166579
      ],
      [
       -84.34171717392317,
       33.826566126965126
      ],
      [
       -84.34170034104234,
       33.827779342098346
      ],
      [
       -84.34308484549085,
       33.82701806002506
      ],
      [
       -84.3446019088759,
       33.82774015233115
      ],
      [
       -84.34573918038718,
       33.82688298040198
      ],
      [
       -84.34848293996293,
       33.82540294132194
      ],
      [
       -84.34852397010997,
       33.83007486186587
      ],
      [
       -84.34835038102638,
       33.83738333653434
      ],
      [
       -84.34845979475179,
       33.839452055947056
      ]
     ]
    ]
   }
  },
  {
   "type": "Feature",
   "properties": {
    "name": "Candler-McAfee",
    "geoid": "1312834"
   },
   "geometry": {
    "type": "Polygon",
    "coordinates": [
     [
      [
       -84.29029587914388,
       33.7388660985931
      ],
      [
       -84.28030556436957,
       33.7385183936374
      ],
      [
       -84.26343691366492,
       33.73810398269499
      ],
      [
       -84.25410308124307,
       33.73798974869275
      ],
      [
       -84.24568243260643,
       33.737811310178316
      ],
      [
       -84.23087054952855,
       33.737227632794635
      ],
      [
       -84.23131346470547,
       33.73116405860306
      ],
      [
       -84.23225715808715,
       33.727936322671326
      ],
      [
       -84.23708503872103,
       33.72134827265928
      ],
      [
       -84.2391091926412,
       33.717440969487974
      ],
      [
       -84.2410397136617,
       33.71479440946541
      ],
      [
       -84.25244083426084,
       33.71623275730376
      ],
      [
       -84.25488581020181,
       33.71645205323505
      ],
      [
       -84.2580567041287,
       33.71639035019735
      ],
      [
       -84.26067211298812,
       33.71599595105096
      ],
      [
       -84.2766381004581,
       33.71277571954272
      ],
      [
       -84.2793261011161,
       33.712447192558194
      ],
      [
       -84.28783617443217,
       33.71222622897723
      ],
      [
       -84.29002655305055,
       33.7123462997533
      ],
      [
       -84.29246206049606,
       33.712859935850936
      ],
      [
       -84.29693013830213,
       33.71473520790221
      ],
      [
       -84.29940983205984,
       33.71518880861181
      ],
      [
       -84.30563378974779,
       33.71527886169386
      ],
      [
       -84.30842068358068,
       33.71789707167208
      ],
      [
       -84.30916238239239,
       33.71882511871212
      ],
      [
       -84.3079462067522,
       33.721210691561694
      ],
      [
       -84.30789886427486,
       33.72629118627419
      ],
      [
       -84.30885833848234,
       33.72857086336987
      ],
      [
       -84.30968104553304,
       33.73265910653011
      ],
      [
       -84.30953586193586,
       33.73596188669689
      ],
      [
       -84.30966631676232,
       33.739427262706265
      ],
      [
       -84.30602620628221,
       33.73934638169738
      ],
      [
       -84.30548965820566,
       33.73888194126494
      ],
      [
       -84.30550333492134,
       33.737546153881155
      ],
      [
       -84.30052921863522,
       33.73743608900309
      ],
      [
       -84.30048608437808,
       33.73864596883697
      ],
      [
       -84.29841564003564,
       33.73859427169727
      ],
      [
       -84.29879648396448,
       33.73709088552189
      ],
      [
       -84.29682493279694,
       33.73703918838219
      ],
      [
       -84.2967817985398,
       33.73828992563293
      ],
      [
       -84.29784332208732,
       33.73859427169727
      ],
      [
       -84.29545515711915,
       33.738525064236065
      ],
      [
       -84.29532996256796,
       33.73945561275062
      ],
      [
       -84.29382447178847,
       33.739021190012195
      ],
      [
       -84.29029587914388,
       33.7388660985931
      ]
     ]
    ]
   }
  },
  {
   "type": "Feature",
   "properties": {
    "name": "Chamblee",
    "geoid": "1315172"
   },
   "geometry": {
    "type": "Polygon",
    "coordinates": [
     [
      [
       -84.31508650439051,
       33.91964932846433
      ],
      [
       -84.31302237237837,
       33.91987612881913
      ],
      [
       -84.30573583908784,
       33.91981692725593
      ],
      [
       -84.29948768413368,
       33.9198802979433
      ],
      [
       -84.29442309111309,
       33.918989773020776
      ],
      [
       -84.29277978112178,
       33.91838858531559
      ],
      [
       -84.28966885433286,
       33.91611891411792
      ],
      [
       -84.2896415009015,
       33.911672960103964
      ],
      [
       -84.29085452037651,
       33.911492853939855
      ],
      [
       -84.28983297492097,
       33.91002532223232
      ],
      [
       -84.28951630635031,
       33.903389744204745
      ],
      [
       -84.28965728172729,
       33.897363692130696
      ],
      [
       -84.28804868955268,
       33.89728364494665
      ],
      [
       -84.28799503474504,
       33.89668078959179
      ],
      [
       -84.28660632207632,
       33.89474464832765
      ],
      [
       -84.28581622873223,
       33.89475632187533
      ],
      [
       -84.28636960968961,
       33.89345722278423
      ],
      [
       -84.28643168093768,
       33.8921155986266
      ],
      [
       -84.2854238121978,
       33.88867273588774
      ],
      [
       -84.28489568056168,
       33.88565428998929
      ],
      [
       -84.28204355931555,
       33.88338878791579
      ],
      [
       -84.28067799185798,
       33.88280177523278
      ],
      [
       -84.27687165667966,
       33.88166193668494
      ],
      [
       -84.2751789001009,
       33.880708041075046
      ],
      [
       -84.27301166669366,
       33.878912816207816
      ],
      [
       -84.27708522385522,
       33.8736688918279
      ],
      [
       -84.2782992953853,
       33.872601596040596
      ],
      [
       -84.28437912153112,
       33.86856171472072
      ],
      [
       -84.29054206002606,
       33.86317770776871
      ],
      [
       -84.2918445041805,
       33.861867768954774
      ],
      [
       -84.29285973730573,
       33.860376056327055
      ],
      [
       -84.29424424175424,
       33.85773866837767
      ],
      [
       -84.29604536000336,
       33.85565660776761
      ],
      [
       -84.30204628202029,
       33.850866284097286
      ],
      [
       -84.30380847423247,
       33.84899434734535
      ],
      [
       -84.30683944483745,
       33.84371706997207
      ],
      [
       -84.30843751646151,
       33.84195102897403
      ],
      [
       -84.31034278816078,
       33.84099963483864
      ],
      [
       -84.31317597241598,
       33.84057271652372
      ],
      [
       -84.31337901904102,
       33.840991296590296
      ],
      [
       -84.3150580989041,
       33.84458174632475
      ],
      [
       -84.3154947017507,
       33.84814718131418
      ],
      [
       -84.31534004965805,
       33.850762889817894
      ],
      [
       -84.31425748500948,
       33.85336108800009
      ],
      [
       -84.31250265718266,
       33.85549401192502
      ],
      [
       -84.31200187897788,
       33.85681062133762
      ],
      [
       -84.31179252002252,
       33.85864086684787
      ],
      [
       -84.30977362637762,
       33.861359969630975
      ],
      [
       -84.30943591670592,
       33.86290171174871
      ],
      [
       -84.30943381259581,
       33.87679823642924
      ],
      [
       -84.31454574809375,
       33.876643978834984
      ],
      [
       -84.31727267478867,
       33.87777297765998
      ],
      [
       -84.31932944241544,
       33.87765624218324
      ],
      [
       -84.3193588999569,
       33.87913377978878
      ],
      [
       -84.32247719113118,
       33.878792745431745
      ],
      [
       -84.3205877002577,
       33.88087980899081
      ],
      [
       -84.31850042303442,
       33.88218891397992
      ],
      [
       -84.31850883947484,
       33.88580437845938
      ],
      [
       -84.31928946432346,
       33.88581271670772
      ],
      [
       -84.31937678489278,
       33.901802975545976
      ],
      [
       -84.31597864707464,
       33.90290695962596
      ],
      [
       -84.31466989058988,
       33.90284692423793
      ],
      [
       -84.31187563237164,
       33.900497205856205
      ],
      [
       -84.31061947863948,
       33.90053722944823
      ],
      [
       -84.30816398214797,
       33.90128016737517
      ],
      [
       -84.31002506753507,
       33.90405763789664
      ],
      [
       -84.31036698542698,
       33.90553517550218
      ],
      [
       -84.30987883188283,
       33.907513841832845
      ],
      [
       -84.30993669491069,
       33.90865701568002
      ],
      [
       -84.31078675539275,
       33.91060733196633
      ],
      [
       -84.3110403006603,
       33.912449251024256
      ],
      [
       -84.31215653107053,
       33.914099390370396
      ],
      [
       -84.31467515086516,
       33.9149699034969
      ],
      [
       -84.31590395116595,
       33.91665673113573
      ],
      [
       -84.31589448267049,
       33.91779907115807
      ],
      [
       -84.31508650439051,
       33.91964932846433
      ]
     ]
    ]
   }
  },
  {
   "type": "Feature",
   "properties": {
    "name": "Clarkston",
    "geoid": "1316544"
   },
   "geometry": {
    "type": "Polygon",
    "coordinates": [
     [
      [
       -84.24742884399285,
       33.81789601634302
      ],
      [
       -84.2472805042305,
       33.81818618738519
      ],
      [
       -84.23620972891773,
       33.82397793468094
      ],
      [
       -84.22563447153448,
       33.82924770763071
      ],
      [
       -84.22652240599841,
       33.82610085270785
      ],
      [
       -84.22722833493833,
       33.82468501814002
      ],
      [
       -84.22583225788426,
       33.822874784425785
      ],
      [
       -84.22422892598493,
       33.8228481020311
      ],
      [
       -84.22423734242534,
       33.82240700869401
      ],
      [
       -84.22435096437097,
       33.82007396680897
      ],
      [
       -84.22484227408027,
       33.818653963116965
      ],
      [
       -84.22648663612664,
       33.81885991785092
      ],
      [
       -84.23063173303173,
       33.819063371110374
      ],
      [
       -84.23256856638257,
       33.8184947025737
      ],
      [
       -84.23213932792133,
       33.81776927496828
      ],
      [
       -84.23213827586628,
       33.8152060974291
      ],
      [
       -84.23123771674172,
       33.81519775918076
      ],
      [
       -84.23123666468666,
       33.81312737211837
      ],
      [
       -84.23232448961049,
       33.81311486474587
      ],
      [
       -84.23167747575347,
       33.81193833790534
      ],
      [
       -84.231202998925,
       33.81005305995606
      ],
      [
       -84.23130294415495,
       33.80341164515465
      ],
      [
       -84.2340161941342,
       33.80347501584202
      ],
      [
       -84.23403197495998,
       33.80239938180638
      ],
      [
       -84.23259065953866,
       33.80239020973321
      ],
      [
       -84.23261275269475,
       33.80018724452225
      ],
      [
       -84.2363222988083,
       33.800183075398074
      ],
      [
       -84.23634649607449,
       33.80288383403484
      ],
      [
       -84.23807817869017,
       33.802416892127894
      ],
      [
       -84.24093871637672,
       33.802315999323
      ],
      [
       -84.24465878304078,
       33.803142319733325
      ],
      [
       -84.24616006560007,
       33.80250527756028
      ],
      [
       -84.24948981983982,
       33.802367696462696
      ],
      [
       -84.24964026371227,
       33.80001130748231
      ],
      [
       -84.2488627950288,
       33.79581883621784
      ],
      [
       -84.25117205586805,
       33.79583884801385
      ],
      [
       -84.25136458194258,
       33.796664334599335
      ],
      [
       -84.25392212777413,
       33.79589721575222
      ],
      [
       -84.25567169532569,
       33.79864967152867
      ],
      [
       -84.25775792049392,
       33.7970528969719
      ],
      [
       -84.25781367941168,
       33.79619739269239
      ],
      [
       -84.25916557015357,
       33.796635150730154
      ],
      [
       -84.26077942260342,
       33.795636228579234
      ],
      [
       -84.26130545012946,
       33.79437965455465
      ],
      [
       -84.26213867773068,
       33.79354166059666
      ],
      [
       -84.26392191104391,
       33.7936016959847
      ],
      [
       -84.2623312038052,
       33.795694596317595
      ],
      [
       -84.25976734564334,
       33.797854202637204
      ],
      [
       -84.255313996608,
       33.801296231551234
      ],
      [
       -84.25358336604737,
       33.802316833147835
      ],
      [
       -84.25005372134773,
       33.80321486249387
      ],
      [
       -84.25090693799494,
       33.81051666656367
      ],
      [
       -84.2509648010228,
       33.812391938614944
      ],
      [
       -84.25033988032187,
       33.814917594036594
      ],
      [
       -84.24900482246082,
       33.816763682218685
      ],
      [
       -84.24742884399285,
       33.81789601634302
      ]
     ]
    ]
   }
  },
  {
   "type": "Feature",
   "properties": {
    "name": "Decatur",
    "geoid": "1322052"
   },
   "geometry": {
    "type": "Polygon",
    "coordinates": [
     [
      [
       -84.30907716593316,
       33.78770488675989
      ],
      [
       -84.30047766793767,
       33.78756480418781
      ],
      [
       -84.30058076933277,
       33.7914595999866
      ],
      [
       -84.29963497184097,
       33.792203371738374
      ],
      [
       -84.29871126750527,
       33.792135831926835
      ],
      [
       -84.29577077363477,
       33.79364922400023
      ],
      [
       -84.29550144754144,
       33.79153964717065
      ],
      [
       -84.29585388598389,
       33.790174675917676
      ],
      [
       -84.29516268581469,
       33.78956431613932
      ],
      [
       -84.29584441748841,
       33.7892507980018
      ],
      [
       -84.29576446130446,
       33.787525614420616
      ],
      [
       -84.2932994963175,
       33.787880823799824
      ],
      [
       -84.29257147422148,
       33.78752894971995
      ],
      [
       -84.28361638161839,
       33.78752478059578
      ],
      [
       -84.28248542243742,
       33.784101929652934
      ],
      [
       -84.2803970931591,
       33.7841035973026
      ],
      [
       -84.27933556961158,
       33.78459638777939
      ],
      [
       -84.27934819427219,
       33.78386595722496
      ],
      [
       -84.27805311450311,
       33.78386262192562
      ],
      [
       -84.27801418846619,
       33.78476815569516
      ],
      [
       -84.27627093324493,
       33.78478483219183
      ],
      [
       -84.27716623209423,
       33.78201403226903
      ],
      [
       -84.27890633115032,
       33.7794742018252
      ],
      [
       -84.27951547102548,
       33.780207133854134
      ],
      [
       -84.27951231486031,
       33.779129832168834
      ],
      [
       -84.27800366791567,
       33.77897390692491
      ],
      [
       -84.27754602396803,
       33.77766563576064
      ],
      [
       -84.27987632590832,
       33.77657165757866
      ],
      [
       -84.27987737796337,
       33.775998819917824
      ],
      [
       -84.27941342168542,
       33.774333671724676
      ],
      [
       -84.28099571248372,
       33.77389007691308
      ],
      [
       -84.28102411797012,
       33.77170962497263
      ],
      [
       -84.27993208482609,
       33.77159288949589
      ],
      [
       -84.27904520241721,
       33.7707107028217
      ],
      [
       -84.27636877436477,
       33.76933405802106
      ],
      [
       -84.27534933301934,
       33.76832262849763
      ],
      [
       -84.27530093848694,
       33.766334790093794
      ],
      [
       -84.27657602921003,
       33.76407262331963
      ],
      [
       -84.27726617732418,
       33.7635197974548
      ],
      [
       -84.27553344265344,
       33.76183880658981
      ],
      [
       -84.27622885104284,
       33.759977709560715
      ],
      [
       -84.27767647879448,
       33.76162784890685
      ],
      [
       -84.27931032029032,
       33.76082737706638
      ],
      [
       -84.27934819427219,
       33.76008777443877
      ],
      [
       -84.2807063973444,
       33.75965501935002
      ],
      [
       -84.28274001976001,
       33.75976174892875
      ],
      [
       -84.2827294992095,
       33.76046466326367
      ],
      [
       -84.28434650782451,
       33.76073982545883
      ],
      [
       -84.28435597631997,
       33.75997103896204
      ],
      [
       -84.28531860669261,
       33.75997103896204
      ],
      [
       -84.28500088606688,
       33.76128764837465
      ],
      [
       -84.28565316019916,
       33.76148192956093
      ],
      [
       -84.28599507809108,
       33.75998604780905
      ],
      [
       -84.28738168664968,
       33.75908218168918
      ],
      [
       -84.28681357692157,
       33.75884787691088
      ],
      [
       -84.28473366408366,
       33.759193914216915
      ],
      [
       -84.28241598680398,
       33.75880618566919
      ],
      [
       -84.28220978401379,
       33.75781393411694
      ],
      [
       -84.28479678738678,
       33.75816664202164
      ],
      [
       -84.28679253582054,
       33.75791732839633
      ],
      [
       -84.28743428940228,
       33.75731780834081
      ],
      [
       -84.28685881528881,
       33.7563980995491
      ],
      [
       -84.287287001695,
       33.754731283706285
      ],
      [
       -84.28684408651809,
       33.753698174737174
      ],
      [
       -84.28555952729953,
       33.75232486523587
      ],
      [
       -84.2840614009054,
       33.75193963816264
      ],
      [
       -84.28404351596951,
       33.750969066056065
      ],
      [
       -84.2908966025786,
       33.751003252874256
      ],
      [
       -84.29064936964137,
       33.75314284739785
      ],
      [
       -84.29563400647801,
       33.753564762763766
      ],
      [
       -84.29755926722326,
       33.754346890457896
      ],
      [
       -84.30247341637141,
       33.7547562984513
      ],
      [
       -84.30251023829824,
       33.75355308921609
      ],
      [
       -84.30401152085751,
       33.753552255391256
      ],
      [
       -84.30467115937516,
       33.752380731499734
      ],
      [
       -84.31121915001916,
       33.75242492421592
      ],
      [
       -84.31122651440451,
       33.751772873195875
      ],
      [
       -84.3125194900635,
       33.75175202757503
      ],
      [
       -84.30982833324033,
       33.75414510484811
      ],
      [
       -84.31044273339073,
       33.755304121367125
      ],
      [
       -84.31231118316319,
       33.75529995224296
      ],
      [
       -84.31244058593458,
       33.76542925632426
      ],
      [
       -84.31577034017434,
       33.7650481983752
      ],
      [
       -84.31526324963924,
       33.76592204680105
      ],
      [
       -84.31250791745792,
       33.76612716771017
      ],
      [
       -84.31306866280066,
       33.76746795804296
      ],
      [
       -84.31521275099675,
       33.767959080870085
      ],
      [
       -84.31547050448451,
       33.77321467879768
      ],
      [
       -84.31416806033006,
       33.77315464340965
      ],
      [
       -84.31368832322632,
       33.7739893020683
      ],
      [
       -84.31254684349484,
       33.77367078098178
      ],
      [
       -84.31244795031995,
       33.77260515284416
      ],
      [
       -84.31227751740151,
       33.776959386126386
      ],
      [
       -84.3137787999608,
       33.77754973410874
      ],
      [
       -84.31335166560966,
       33.7794666974017
      ],
      [
       -84.31397343014542,
       33.77947586947487
      ],
      [
       -84.31343898617898,
       33.781171035362036
      ],
      [
       -84.31247845991646,
       33.782191636958636
      ],
      [
       -84.30907716593316,
       33.78770488675989
      ]
     ]
    ]
   }
  },
  {
   "type": "Feature",
   "properties": {
    "name": "Doraville",
    "geoid": "1323536"
   },
   "geometry": {
    "type": "Polygon",
    "coordinates": [
     [
      [
       -84.28966885433286,
       33.91611891411792
      ],
      [
       -84.28966148994749,
       33.918904722887724
      ],
      [
       -84.28652741794741,
       33.918886378741384
      ],
      [
       -84.28720494140094,
       33.919585123952125
      ],
      [
       -84.28783407032206,
       33.921287794262796
      ],
      [
       -84.28760156615556,
       33.922805355460355
      ],
      [
       -84.28626019596419,
       33.92247682847583
      ],
      [
       -84.28588987258587,
       33.92289290706791
      ],
      [
       -84.28340807471807,
       33.92286622467323
      ],
      [
       -84.28187417845217,
       33.92396103668004
      ],
      [
       -84.28319555959756,
       33.92688275889776
      ],
      [
       -84.2748674918055,
       33.92689526627027
      ],
      [
       -84.26492767567368,
       33.93120530683631
      ],
      [
       -84.26486455237055,
       33.9307958988429
      ],
      [
       -84.26352528628928,
       33.92700533114834
      ],
      [
       -84.26142222824022,
       33.922200832455836
      ],
      [
       -84.25982205250605,
       33.91890138758839
      ],
      [
       -84.25901302217102,
       33.91882384187885
      ],
      [
       -84.25900460573061,
       33.91881216833117
      ],
      [
       -84.2587984029404,
       33.918577029728034
      ],
      [
       -84.258285000075,
       33.91788995806496
      ],
      [
       -84.25602202965803,
       33.91440123496024
      ],
      [
       -84.25242084521484,
       33.91160125116825
      ],
      [
       -84.2468680986501,
       33.90956505092405
      ],
      [
       -84.24402334178934,
       33.90750216828517
      ],
      [
       -84.23861051854652,
       33.905301704548705
      ],
      [
       -84.24115017944217,
       33.90348313258613
      ],
      [
       -84.24436105146106,
       33.90181381526882
      ],
      [
       -84.24607169297569,
       33.900358790933794
      ],
      [
       -84.25389687845288,
       33.89572606015706
      ],
      [
       -84.2579031040911,
       33.89418681951382
      ],
      [
       -84.26059741707941,
       33.89411927970228
      ],
      [
       -84.2616642009022,
       33.894461981708986
      ],
      [
       -84.26466676602077,
       33.89651235697536
      ],
      [
       -84.26379671649272,
       33.8972577963768
      ],
      [
       -84.26529379083179,
       33.89790734592235
      ],
      [
       -84.26531693604294,
       33.900352954159956
      ],
      [
       -84.26370308359309,
       33.90012698762999
      ],
      [
       -84.2605385019965,
       33.90059976631077
      ],
      [
       -84.26049115951916,
       33.89881371351672
      ],
      [
       -84.2559105118225,
       33.898830390013394
      ],
      [
       -84.25553703227904,
       33.89900215792916
      ],
      [
       -84.25614301598901,
       33.90062394723095
      ],
      [
       -84.25615143242943,
       33.90215901875002
      ],
      [
       -84.25551599117799,
       33.90212566575667
      ],
      [
       -84.25553492816893,
       33.90412100858401
      ],
      [
       -84.260569011593,
       33.9039875966106
      ],
      [
       -84.26056690748291,
       33.90614720293021
      ],
      [
       -84.26382617403418,
       33.9061346955577
      ],
      [
       -84.26457102901102,
       33.9082918004028
      ],
      [
       -84.26054691843692,
       33.908340162243164
      ],
      [
       -84.26052061706062,
       33.91177718820819
      ],
      [
       -84.26303608069009,
       33.9115754025984
      ],
      [
       -84.26300662314863,
       33.910261294660295
      ],
      [
       -84.26508337982138,
       33.909856889615895
      ],
      [
       -84.26483193866393,
       33.909082266345266
      ],
      [
       -84.26693184054784,
       33.90723284286385
      ],
      [
       -84.2674747009547,
       33.90613302790803
      ],
      [
       -84.26912116711117,
       33.905576032919036
      ],
      [
       -84.26930632880033,
       33.90388003320704
      ],
      [
       -84.27013219201619,
       33.90263930185431
      ],
      [
       -84.27008695364896,
       33.90098415955916
      ],
      [
       -84.27085074561674,
       33.900257064304064
      ],
      [
       -84.2664016048016,
       33.89683588101089
      ],
      [
       -84.26644894727895,
       33.89657406001306
      ],
      [
       -84.27021635642035,
       33.89675416617717
      ],
      [
       -84.27028684410884,
       33.893241262152266
      ],
      [
       -84.27011851530051,
       33.88724772924673
      ],
      [
       -84.2692652986533,
       33.88657066348166
      ],
      [
       -84.26702336933737,
       33.88842508991209
      ],
      [
       -84.26794181339781,
       33.88978922734023
      ],
      [
       -84.26750941877141,
       33.891777065744066
      ],
      [
       -84.26652364318764,
       33.89160112870413
      ],
      [
       -84.26528327028127,
       33.890667244890246
      ],
      [
       -84.26270468334869,
       33.89316204879305
      ],
      [
       -84.26187776807777,
       33.8920513941144
      ],
      [
       -84.26218286404286,
       33.89030286343787
      ],
      [
       -84.26493083183883,
       33.888416751663755
      ],
      [
       -84.26723272829273,
       33.886166258437264
      ],
      [
       -84.27078657025857,
       33.881666939633945
      ],
      [
       -84.27166924444724,
       33.881412623059624
      ],
      [
       -84.27131154572955,
       33.88334876432376
      ],
      [
       -84.27278021458221,
       33.8856667973618
      ],
      [
       -84.2824948909329,
       33.88575101367002
      ],
      [
       -84.28204355931555,
       33.88338878791579
      ],
      [
       -84.28489568056168,
       33.88565428998929
      ],
      [
       -84.2854238121978,
       33.88867273588774
      ],
      [
       -84.28643168093768,
       33.8921155986266
      ],
      [
       -84.28636960968961,
       33.89345722278423
      ],
      [
       -84.28581622873223,
       33.89475632187533
      ],
      [
       -84.28660632207632,
       33.89474464832765
      ],
      [
       -84.28799503474504,
       33.89668078959179
      ],
      [
       -84.28804868955268,
       33.89728364494665
      ],
      [
       -84.28965728172729,
       33.897363692130696
      ],
      [
       -84.28951630635031,
       33.903389744204745
      ],
      [
       -84.28983297492097,
       33.91002532223232
      ],
      [
       -84.29085452037651,
       33.911492853939855
      ],
      [
       -84.2896415009015,
       33.911672960103964
      ],
      [
       -84.28966885433286,
       33.91611891411792
      ]
     ]
    ]
   }
  },
  {
   "type": "Feature",
   "properties": {
    "name": "Druid Hills",
    "geoid": "1324264"
   },
   "geometry": {
    "type": "MultiPolygon",
    "coordinates": [
     [
      [
       [
        -84.34887851266251,
        33.782962924929926
       ],
       [
        -84.34857972902773,
        33.784218665129664
       ],
       [
        -84.34856394820194,
        33.784382094797095
       ],
       [
        -84.34855027148627,
        33.784529681792684
       ],
       [
        -84.34853449066048,
        33.78469728058428
       ],
       [
        -84.34842507693507,
        33.78894561811262
       ],
       [
        -84.34842612899013,
        33.78939088057388
       ],
       [
        -84.34842718104518,
        33.78984114598415
       ],
       [
        -84.34773282471082,
        33.78945174978675
       ],
       [
        -84.34606216128816,
        33.78997038883339
       ],
       [
        -84.34229054392654,
        33.78996621970922
       ],
       [
        -84.34236418778019,
        33.79105436111736
       ],
       [
        -84.34494908704309,
        33.79132785566286
       ],
       [
        -84.34530362959563,
        33.79207162741463
       ],
       [
        -84.34509637475037,
        33.795973093812094
       ],
       [
        -84.34390755254155,
        33.79611901315801
       ],
       [
        -84.34392754158755,
        33.79482324936625
       ],
       [
        -84.3415015026375,
        33.7932173027363
       ],
       [
        -84.33928061442262,
        33.79296798911099
       ],
       [
        -84.33927851031251,
        33.79364922400023
       ],
       [
        -84.34049258184258,
        33.793625876904876
       ],
       [
        -84.34135631904032,
        33.79432212064112
       ],
       [
        -84.3409155079735,
        33.796105671960674
       ],
       [
        -84.34184657669458,
        33.79610900726001
       ],
       [
        -84.3389934033934,
        33.799756990907994
       ],
       [
        -84.33739743587944,
        33.80018140774841
       ],
       [
        -84.33613812598213,
        33.801077769444774
       ],
       [
        -84.33073056301455,
        33.796058143945146
       ],
       [
        -84.33071583424383,
        33.79369425054125
       ],
       [
        -84.3292398010058,
        33.79374511385612
       ],
       [
        -84.32870325292926,
        33.793188952691956
       ],
       [
        -84.32843708300108,
        33.79142041021941
       ],
       [
        -84.32904411876612,
        33.79129783796884
       ],
       [
        -84.32790158697959,
        33.79038313212613
       ],
       [
        -84.32665805790806,
        33.78884389148289
       ],
       [
        -84.32526618907418,
        33.78828022589523
       ],
       [
        -84.32348926809127,
        33.78825938027438
       ],
       [
        -84.31957877946277,
        33.78929832601733
       ],
       [
        -84.31767982009382,
        33.79033560411061
       ],
       [
        -84.31849516275916,
        33.79153464422165
       ],
       [
        -84.31782710780111,
        33.79231593809094
       ],
       [
        -84.31675295959296,
        33.791653881172884
       ],
       [
        -84.31758513513914,
        33.79125281142781
       ],
       [
        -84.31743363921164,
        33.79049903377803
       ],
       [
        -84.31446263574463,
        33.79204327737028
       ],
       [
        -84.31544946338346,
        33.79224172768073
       ],
       [
        -84.31754305293705,
        33.793498301705306
       ],
       [
        -84.31699493225493,
        33.79489495830196
       ],
       [
        -84.31630373208573,
        33.79522265146166
       ],
       [
        -84.31446053163452,
        33.79495165839066
       ],
       [
        -84.30985673872674,
        33.79499501728202
       ],
       [
        -84.30806614102814,
        33.79554117254818
       ],
       [
        -84.3072813079593,
        33.79622907803608
       ],
       [
        -84.30661114889115,
        33.798117691284695
       ],
       [
        -84.30907716593316,
        33.80077509103009
       ],
       [
        -84.30585156514357,
        33.8018031970502
       ],
       [
        -84.30674686399286,
        33.79680358334659
       ],
       [
        -84.30693833801234,
        33.79487161120662
       ],
       [
        -84.30777156561356,
        33.79079837689338
       ],
       [
        -84.30942644821044,
        33.78795003126103
       ],
       [
        -84.30907716593316,
        33.78770488675989
       ],
       [
        -84.31247845991646,
        33.782191636958636
       ],
       [
        -84.31343898617898,
        33.781171035362036
       ],
       [
        -84.31397343014542,
        33.77947586947487
       ],
       [
        -84.31335166560966,
        33.7794666974017
       ],
       [
        -84.3137787999608,
        33.77754973410874
       ],
       [
        -84.31227751740151,
        33.776959386126386
       ],
       [
        -84.31244795031995,
        33.77260515284416
       ],
       [
        -84.31254684349484,
        33.77367078098178
       ],
       [
        -84.31368832322632,
        33.7739893020683
       ],
       [
        -84.31416806033006,
        33.77315464340965
       ],
       [
        -84.31547050448451,
        33.77321467879768
       ],
       [
        -84.31521275099675,
        33.767959080870085
       ],
       [
        -84.31306866280066,
        33.76746795804296
       ],
       [
        -84.31250791745792,
        33.76612716771017
       ],
       [
        -84.31526324963924,
        33.76592204680105
       ],
       [
        -84.31577034017434,
        33.7650481983752
       ],
       [
        -84.31698546375947,
        33.76482223184524
       ],
       [
        -84.31699388019987,
        33.766133004484004
       ],
       [
        -84.31907484509284,
        33.76612883535984
       ],
       [
        -84.31979024252824,
        33.76755801112501
       ],
       [
        -84.32297376111576,
        33.767758962909966
       ],
       [
        -84.3229685008405,
        33.76962673053773
       ],
       [
        -84.32677483601884,
        33.76966675412976
       ],
       [
        -84.32679061684462,
        33.76784067774368
       ],
       [
        -84.32842866656067,
        33.767848182167185
       ],
       [
        -84.32842656245056,
        33.77145864369765
       ],
       [
        -84.3314165029085,
        33.77164792193492
       ],
       [
        -84.3300625080565,
        33.77252510566011
       ],
       [
        -84.33006356011155,
        33.77925323824424
       ],
       [
        -84.33184048109447,
        33.77924906912007
       ],
       [
        -84.33224973050973,
        33.778070874629876
       ],
       [
        -84.33327443213044,
        33.77859535045035
       ],
       [
        -84.33289464025664,
        33.77970600512901
       ],
       [
        -84.33373838840839,
        33.77925073676974
       ],
       [
        -84.34519000765,
        33.779328282479284
       ],
       [
        -84.3474393013513,
        33.780237985372985
       ],
       [
        -84.34724677527677,
        33.78304964271265
       ],
       [
        -84.34887851266251,
        33.782962924929926
       ]
      ]
     ],
     [
      [
       [
        -84.32027103168703,
        33.79834365781466
       ],
       [
        -84.31998802887803,
        33.79799678668379
       ],
       [
        -84.31855197373197,
        33.79889981897882
       ],
       [
        -84.31822688872089,
        33.7984703991894
       ],
       [
        -84.319279995828,
        33.797400601927606
       ],
       [
        -84.32027103168703,
        33.79834365781466
       ]
      ]
     ],
     [
      [
       [
        -84.3225276897737,
        33.80407536972237
       ],
       [
        -84.3222246979187,
        33.804032010831015
       ],
       [
        -84.32265393637994,
        33.80334327151827
       ],
       [
        -84.3226854980315,
        33.801538040753044
       ],
       [
        -84.3210485003705,
        33.80147383624084
       ],
       [
        -84.32103797981998,
        33.79825193708294
       ],
       [
        -84.32250033634233,
        33.79901405298106
       ],
       [
        -84.32403949288349,
        33.798527099278104
       ],
       [
        -84.32674537847738,
        33.80039486690587
       ],
       [
        -84.32788791026391,
        33.80021392691693
       ],
       [
        -84.32771432118032,
        33.80080761019861
       ],
       [
        -84.3267032962753,
        33.80066585997686
       ],
       [
        -84.3241446983887,
        33.79912828698329
       ],
       [
        -84.32288959671159,
        33.799857049888054
       ],
       [
        -84.32294640768441,
        33.803259055210056
       ],
       [
        -84.3225276897737,
        33.80407536972237
       ]
      ]
     ]
    ]
   }
  },
  {
   "type": "Feature",
   "properties": {
    "name": "Dunwoody",
    "geoid": "1324768"
   },
   "geometry": {
    "type": "Polygon",
    "coordinates": [
     [
      [
       -84.27709258824059,
       33.95761420697321
      ],
      [
       -84.27683167858768,
       33.95710223852524
      ],
      [
       -84.27532513575314,
       33.954098801473805
      ],
      [
       -84.27147040604241,
       33.95589235869136
      ],
      [
       -84.26586821289021,
       33.94792516240416
      ],
      [
       -84.26990810429011,
       33.945913976904976
      ],
      [
       -84.2704656934677,
       33.94400785333485
      ],
      [
       -84.2691706136986,
       33.941132825307825
      ],
      [
       -84.2681111942612,
       33.94068422754723
      ],
      [
       -84.26928633975434,
       33.94015224730325
      ],
      [
       -84.26720747897147,
       33.93637418698119
      ],
      [
       -84.26533692508892,
       33.93257611486312
      ],
      [
       -84.26492767567368,
       33.93120530683631
      ],
      [
       -84.2748674918055,
       33.92689526627027
      ],
      [
       -84.28319555959756,
       33.92688275889776
      ],
      [
       -84.28187417845217,
       33.92396103668004
      ],
      [
       -84.28340807471807,
       33.92286622467323
      ],
      [
       -84.28588987258587,
       33.92289290706791
      ],
      [
       -84.28626019596419,
       33.92247682847583
      ],
      [
       -84.28760156615556,
       33.922805355460355
      ],
      [
       -84.28783407032206,
       33.921287794262796
      ],
      [
       -84.28720494140094,
       33.919585123952125
      ],
      [
       -84.28652741794741,
       33.918886378741384
      ],
      [
       -84.28966148994749,
       33.918904722887724
      ],
      [
       -84.28966885433286,
       33.91611891411792
      ],
      [
       -84.29277978112178,
       33.91838858531559
      ],
      [
       -84.29442309111309,
       33.918989773020776
      ],
      [
       -84.29948768413368,
       33.9198802979433
      ],
      [
       -84.30573583908784,
       33.91981692725593
      ],
      [
       -84.31302237237837,
       33.91987612881913
      ],
      [
       -84.31508650439051,
       33.91964932846433
      ],
      [
       -84.3208444016904,
       33.920202154329154
      ],
      [
       -84.3284412912213,
       33.92014462041562
      ],
      [
       -84.3313375987796,
       33.91989780826481
      ],
      [
       -84.33531226276627,
       33.9186920975551
      ],
      [
       -84.33754051536651,
       33.91756893550394
      ],
      [
       -84.33841582516982,
       33.91664088846389
      ],
      [
       -84.34030636809837,
       33.9170603023553
      ],
      [
       -84.34294597422398,
       33.91650997796498
      ],
      [
       -84.34789063296863,
       33.91500992708893
      ],
      [
       -84.34780962472962,
       33.92084503327604
      ],
      [
       -84.3476234109854,
       33.94825785851286
      ],
      [
       -84.3474393013513,
       33.956361802072806
      ],
      [
       -84.34741194791995,
       33.96810872633173
      ],
      [
       -84.34683752586153,
       33.9681103939814
      ],
      [
       -84.34674284090684,
       33.96631767058867
      ],
      [
       -84.3460810982791,
       33.9661308938259
      ],
      [
       -84.34305538794939,
       33.96811372928073
      ],
      [
       -84.34240521792722,
       33.96811372928073
      ],
      [
       -84.33930586374386,
       33.970015683726686
      ],
      [
       -84.33889451021851,
       33.96969466116566
      ],
      [
       -84.33733536463136,
       33.97088036007936
      ],
      [
       -84.32986051348651,
       33.968698240489246
      ],
      [
       -84.32697367442367,
       33.9676642976953
      ],
      [
       -84.3250947041007,
       33.967249052928054
      ],
      [
       -84.32012374397975,
       33.967370791353794
      ],
      [
       -84.31848043398843,
       33.966984730455735
      ],
      [
       -84.31708646104445,
       33.96613172765073
      ],
      [
       -84.31533268527268,
       33.96601665982366
      ],
      [
       -84.3132916984717,
       33.9654037985708
      ],
      [
       -84.31148637200238,
       33.964278135045134
      ],
      [
       -84.30981676063476,
       33.963926260965266
      ],
      [
       -84.30782311631111,
       33.9627413958764
      ],
      [
       -84.30331821657822,
       33.96043086726187
      ],
      [
       -84.30102052834452,
       33.95952866879167
      ],
      [
       -84.29982434175034,
       33.95934272585373
      ],
      [
       -84.29832095508095,
       33.959789655964656
      ],
      [
       -84.2949449104189,
       33.95979215743916
      ],
      [
       -84.29340996209797,
       33.95952533349234
      ],
      [
       -84.29064621347621,
       33.958252082971086
      ],
      [
       -84.287954004598,
       33.95788686769387
      ],
      [
       -84.28427075986076,
       33.95637597709498
      ],
      [
       -84.28049703838904,
       33.956019933890936
      ],
      [
       -84.27719463758064,
       33.957826832305834
      ],
      [
       -84.27709258824059,
       33.95761420697321
      ]
     ]
    ]
   }
  },
  {
   "type": "Feature",
   "properties": {
    "name": "Gresham Park",
    "geoid": "1335240"
   },
   "geometry": {
    "type": "Polygon",
    "coordinates": [
     [
      [
       -84.30563378974779,
       33.71527886169386
      ],
      [
       -84.3047953018713,
       33.71394140666041
      ],
      [
       -84.3043608031348,
       33.71219537745838
      ],
      [
       -84.30344761934961,
       33.7102609038439
      ],
      [
       -84.29942876905076,
       33.70628522703623
      ],
      [
       -84.30052501041502,
       33.70404473970774
      ],
      [
       -84.30088586529786,
       33.70162998298898
      ],
      [
       -84.3005492076812,
       33.700474301769304
      ],
      [
       -84.30278798083198,
       33.69602167715668
      ],
      [
       -84.30382004683804,
       33.694894345981346
      ],
      [
       -84.30463118128318,
       33.69380787222288
      ],
      [
       -84.30500886904687,
       33.69238286558187
      ],
      [
       -84.30624082551283,
       33.68990140287641
      ],
      [
       -84.30782627247628,
       33.68899920440621
      ],
      [
       -84.30945906191707,
       33.688890807177806
      ],
      [
       -84.3108867006227,
       33.68814036482737
      ],
      [
       -84.31246688731089,
       33.688863290958295
      ],
      [
       -84.32151982103382,
       33.688934999894
      ],
      [
       -84.3215135087035,
       33.692874822233826
      ],
      [
       -84.3232230981631,
       33.69637104976205
      ],
      [
       -84.32587953716954,
       33.70021498224598
      ],
      [
       -84.32623197561198,
       33.70218030737931
      ],
      [
       -84.3269094990655,
       33.704058080905085
      ],
      [
       -84.3271925018745,
       33.70609594879895
      ],
      [
       -84.32949019010819,
       33.70841815096115
      ],
      [
       -84.33014562040562,
       33.709621360196365
      ],
      [
       -84.32956909423709,
       33.71096381817882
      ],
      [
       -84.32927031060231,
       33.7131426024696
      ],
      [
       -84.32976267236667,
       33.71506623636124
      ],
      [
       -84.32992574089974,
       33.718439891638894
      ],
      [
       -84.32927662293262,
       33.719186164865164
      ],
      [
       -84.32850441452442,
       33.72112063847964
      ],
      [
       -84.32724405257206,
       33.72277077782578
      ],
      [
       -84.32393218326818,
       33.724581845364845
      ],
      [
       -84.32319995295195,
       33.72284915736016
      ],
      [
       -84.32206583760583,
       33.7216793011183
      ],
      [
       -84.32064766739566,
       33.72086298660599
      ],
      [
       -84.30998508944309,
       33.715898393545395
      ],
      [
       -84.30755484227284,
       33.715319719110724
      ],
      [
       -84.30563378974779,
       33.71527886169386
      ]
     ]
    ]
   }
  },
  {
   "type": "Feature",
   "properties": {
    "name": "Lithonia",
    "geoid": "1346860"
   },
   "geometry": {
    "type": "Polygon",
    "coordinates": [
     [
      [
       -84.10152143293344,
       33.719101948556954
      ],
      [
       -84.09987601883202,
       33.718098023457024
      ],
      [
       -84.09790341560941,
       33.71583335520836
      ],
      [
       -84.09669355229956,
       33.718163061794066
      ],
      [
       -84.0938288063928,
       33.71698486730387
      ],
      [
       -84.09410023659623,
       33.711328199631204
      ],
      [
       -84.09459154630555,
       33.710616947047946
      ],
      [
       -84.09420123388124,
       33.71413485402186
      ],
      [
       -84.09535533827334,
       33.714304120463126
      ],
      [
       -84.09514387520788,
       33.716072662935666
      ],
      [
       -84.09618225354426,
       33.716209410208414
      ],
      [
       -84.097592007314,
       33.715196313035314
      ],
      [
       -84.09719012228412,
       33.71384885210385
      ],
      [
       -84.09713225925626,
       33.712105324376324
      ],
      [
       -84.0976162045802,
       33.71030092743593
      ],
      [
       -84.09882711994511,
       33.708428156859156
      ],
      [
       -84.10072607931407,
       33.706867236770236
      ],
      [
       -84.1026566003346,
       33.706005061892064
      ],
      [
       -84.10172342750343,
       33.70593502060602
      ],
      [
       -84.10085127386527,
       33.704927760206765
      ],
      [
       -84.1009627917008,
       33.70304414990715
      ],
      [
       -84.10285964695964,
       33.70322925902026
      ],
      [
       -84.10415262261863,
       33.702795670106674
      ],
      [
       -84.10408213493014,
       33.70537969326669
      ],
      [
       -84.10750552206952,
       33.7056656951847
      ],
      [
       -84.10897313886714,
       33.706025073688075
      ],
      [
       -84.11112564350364,
       33.70706235178135
      ],
      [
       -84.11244386848387,
       33.70806711070611
      ],
      [
       -84.11373158386758,
       33.70986233557334
      ],
      [
       -84.11445644979845,
       33.712207051006054
      ],
      [
       -84.11794927257127,
       33.7130191963942
      ],
      [
       -84.1176788944229,
       33.718019643922645
      ],
      [
       -84.11556847198847,
       33.71612269242569
      ],
      [
       -84.11438806622006,
       33.716206074909074
      ],
      [
       -84.11401353462153,
       33.71506873783574
      ],
      [
       -84.11296779189979,
       33.71684561855662
      ],
      [
       -84.11306037274437,
       33.7175426961177
      ],
      [
       -84.11420711275112,
       33.71746515040815
      ],
      [
       -84.11420395658595,
       33.71871588765889
      ],
      [
       -84.1107753091713,
       33.71871005088505
      ],
      [
       -84.1078306070806,
       33.71982487468788
      ],
      [
       -84.10561497914098,
       33.720029995596995
      ],
      [
       -84.10368656223056,
       33.71981820408921
      ],
      [
       -84.10152143293344,
       33.719101948556954
      ]
     ]
    ]
   }
  },
  {
   "type": "Feature",
   "properties": {
    "name": "North Decatur",
    "geoid": "1356112"
   },
   "geometry": {
    "type": "Polygon",
    "coordinates": [
     [
      [
       -84.30390631535231,
       33.82009564625465
      ],
      [
       -84.3023440136,
       33.8202940965651
      ],
      [
       -84.30029145419346,
       33.82214518769619
      ],
      [
       -84.29802743172144,
       33.822825588760594
      ],
      [
       -84.29439784179183,
       33.82439067797368
      ],
      [
       -84.29148996162796,
       33.82505023341724
      ],
      [
       -84.2892575008075,
       33.8247608961999
      ],
      [
       -84.28647481519481,
       33.824825100712104
      ],
      [
       -84.28376051316052,
       33.82550883707584
      ],
      [
       -84.28298409653209,
       33.826033312896314
      ],
      [
       -84.2818605017365,
       33.827910252597256
      ],
      [
       -84.28012566295567,
       33.82912513538014
      ],
      [
       -84.28007516431316,
       33.82741162534663
      ],
      [
       -84.27954177240177,
       33.82675790667691
      ],
      [
       -84.2776649061889,
       33.82622175730876
      ],
      [
       -84.27527779327579,
       33.82650275627776
      ],
      [
       -84.27395956829557,
       33.82631264421565
      ],
      [
       -84.2731095078135,
       33.82524117930418
      ],
      [
       -84.27083180862581,
       33.82496601710902
      ],
      [
       -84.26938944114944,
       33.82434898673199
      ],
      [
       -84.26481931400332,
       33.82433064258564
      ],
      [
       -84.26292351079951,
       33.822587114858116
      ],
      [
       -84.2650391935092,
       33.81973960305061
      ],
      [
       -84.26673195008794,
       33.818486364325366
      ],
      [
       -84.26775033937834,
       33.81734819342719
      ],
      [
       -84.26888866294466,
       33.81516690766191
      ],
      [
       -84.27276443375644,
       33.8105716990027
      ],
      [
       -84.27341670788871,
       33.8095535988806
      ],
      [
       -84.27399007789208,
       33.806981249268254
      ],
      [
       -84.27908307639908,
       33.802349352316355
      ],
      [
       -84.28074637543638,
       33.80046324054224
      ],
      [
       -84.2790978051698,
       33.79702204545305
      ],
      [
       -84.27688533339533,
       33.794914136273135
      ],
      [
       -84.27641716889717,
       33.79383016398916
      ],
      [
       -84.2760983962164,
       33.790775029798034
      ],
      [
       -84.27662021552221,
       33.787418884841884
      ],
      [
       -84.27627093324493,
       33.78478483219183
      ],
      [
       -84.27801418846619,
       33.78476815569516
      ],
      [
       -84.27805311450311,
       33.78386262192562
      ],
      [
       -84.27934819427219,
       33.78386595722496
      ],
      [
       -84.27933556961158,
       33.78459638777939
      ],
      [
       -84.2803970931591,
       33.7841035973026
      ],
      [
       -84.28248542243742,
       33.784101929652934
      ],
      [
       -84.28361638161839,
       33.78752478059578
      ],
      [
       -84.29257147422148,
       33.78752894971995
      ],
      [
       -84.2932994963175,
       33.787880823799824
      ],
      [
       -84.29576446130446,
       33.787525614420616
      ],
      [
       -84.29584441748841,
       33.7892507980018
      ],
      [
       -84.29516268581469,
       33.78956431613932
      ],
      [
       -84.29585388598389,
       33.790174675917676
      ],
      [
       -84.29550144754144,
       33.79153964717065
      ],
      [
       -84.29577077363477,
       33.79364922400023
      ],
      [
       -84.29871126750527,
       33.792135831926835
      ],
      [
       -84.29963497184097,
       33.792203371738374
      ],
      [
       -84.30058076933277,
       33.7914595999866
      ],
      [
       -84.30047766793767,
       33.78756480418781
      ],
      [
       -84.30907716593316,
       33.78770488675989
      ],
      [
       -84.30942644821044,
       33.78795003126103
      ],
      [
       -84.30777156561356,
       33.79079837689338
      ],
      [
       -84.30693833801234,
       33.79487161120662
      ],
      [
       -84.30674686399286,
       33.79680358334659
      ],
      [
       -84.30585156514357,
       33.8018031970502
      ],
      [
       -84.3055348965729,
       33.8033857965848
      ],
      [
       -84.30467957581557,
       33.80497006376907
      ],
      [
       -84.30642388309188,
       33.8048058002768
      ],
      [
       -84.30869947816947,
       33.80633837032137
      ],
      [
       -84.31002611959012,
       33.80767415770516
      ],
      [
       -84.30731181755581,
       33.813696874479874
      ],
      [
       -84.30390631535231,
       33.82009564625465
      ]
     ]
    ]
   }
  },
  {
   "type": "Feature",
   "properties": {
    "name": "North Druid Hills",
    "geoid": "1356168"
   },
   "geometry": {
    "type": "MultiPolygon",
    "coordinates": [
     [
      [
       [
        -84.34848293996293,
        33.82540294132194
       ],
       [
        -84.34573918038718,
        33.82688298040198
       ],
       [
        -84.3446019088759,
        33.82774015233115
       ],
       [
        -84.34308484549085,
        33.82701806002506
       ],
       [
        -84.34170034104234,
        33.827779342098346
       ],
       [
        -84.34171717392317,
        33.826566126965126
       ],
       [
        -84.34057148597148,
        33.82656279166579
       ],
       [
        -84.33839057584858,
        33.827448313639316
       ],
       [
        -84.33709339196939,
        33.82604665409366
       ],
       [
        -84.33679355627956,
        33.824779240346246
       ],
       [
        -84.3360487013027,
        33.82478174182074
       ],
       [
        -84.33595191223792,
        33.82591574359475
       ],
       [
        -84.33385095829895,
        33.82644272088972
       ],
       [
        -84.33398141312541,
        33.82477673887174
       ],
       [
        -84.33188571946172,
        33.826824612663614
       ],
       [
        -84.32876532417733,
        33.82792192614493
       ],
       [
        -84.32677694012894,
        33.828978382209385
       ],
       [
        -84.32644449073248,
        33.83162410840711
       ],
       [
        -84.32543451788251,
        33.83136228740929
       ],
       [
        -84.3264266057966,
        33.83237371693272
       ],
       [
        -84.32639714825515,
        33.832989913484916
       ],
       [
        -84.32485483554883,
        33.833004922331924
       ],
       [
        -84.32289485698685,
        33.83167413789714
       ],
       [
        -84.32374491746891,
        33.83301993117893
       ],
       [
        -84.32430881897682,
        33.83472176766477
       ],
       [
        -84.32577538371939,
        33.836959753518755
       ],
       [
        -84.32034467554067,
        33.839668850403854
       ],
       [
        -84.31863298197098,
        33.8401407952598
       ],
       [
        -84.31337901904102,
        33.840991296590296
       ],
       [
        -84.31317597241598,
        33.84057271652372
       ],
       [
        -84.31250265718266,
        33.839139371634374
       ],
       [
        -84.31097717735717,
        33.83483766931667
       ],
       [
        -84.31018603195803,
        33.833577759992764
       ],
       [
        -84.30984516612116,
        33.83169414969315
       ],
       [
        -84.30844172468173,
        33.82896670866171
       ],
       [
        -84.30706037639837,
        33.82464165924866
       ],
       [
        -84.30612615151215,
        33.822366985101986
       ],
       [
        -84.30442287438288,
        33.821141262596264
       ],
       [
        -84.30390631535231,
        33.82009564625465
       ],
       [
        -84.30731181755581,
        33.813696874479874
       ],
       [
        -84.31002611959012,
        33.80767415770516
       ],
       [
        -84.30869947816947,
        33.80633837032137
       ],
       [
        -84.30642388309188,
        33.8048058002768
       ],
       [
        -84.30467957581557,
        33.80497006376907
       ],
       [
        -84.3055348965729,
        33.8033857965848
       ],
       [
        -84.30585156514357,
        33.8018031970502
       ],
       [
        -84.30907716593316,
        33.80077509103009
       ],
       [
        -84.31130752264352,
        33.80001130748231
       ],
       [
        -84.31341268480269,
        33.800544955375955
       ],
       [
        -84.3134694957755,
        33.803208191895195
       ],
       [
        -84.31163576381977,
        33.80344416432317
       ],
       [
        -84.31562094835695,
        33.80344166284866
       ],
       [
        -84.31573562235762,
        33.80424630381331
       ],
       [
        -84.3180333105913,
        33.80424797146297
       ],
       [
        -84.3180532996373,
        33.805127656662656
       ],
       [
        -84.32177967863167,
        33.80548286604187
       ],
       [
        -84.3222246979187,
        33.804032010831015
       ],
       [
        -84.3225276897737,
        33.80407536972237
       ],
       [
        -84.3220469006149,
        33.80550121018821
       ],
       [
        -84.32527460551461,
        33.80584724749425
       ],
       [
        -84.32503684107284,
        33.803393301008306
       ],
       [
        -84.3277343102263,
        33.80353004828105
       ],
       [
        -84.32852545562545,
        33.80453313955614
       ],
       [
        -84.32844760355161,
        33.80647428376928
       ],
       [
        -84.3296764038524,
        33.808491306042306
       ],
       [
        -84.32967009152209,
        33.80982792725093
       ],
       [
        -84.3311576973657,
        33.80961863721764
       ],
       [
        -84.33026345057145,
        33.80766498563199
       ],
       [
        -84.33281468407269,
        33.80726224823725
       ],
       [
        -84.3338698952899,
        33.806721095920096
       ],
       [
        -84.33510816408617,
        33.8050792948223
       ],
       [
        -84.33379625143625,
        33.803870248813254
       ],
       [
        -84.33810020865421,
        33.80294303559804
       ],
       [
        -84.3383221922702,
        33.80378603250504
       ],
       [
        -84.33773304144104,
        33.80448727919028
       ],
       [
        -84.34748138355339,
        33.80467739125239
       ],
       [
        -84.34806001383201,
        33.80505011095311
       ],
       [
        -84.34819467687868,
        33.805260234811236
       ],
       [
        -84.34822518647519,
        33.80900410831511
       ],
       [
        -84.34842612899013,
        33.809702853525856
       ],
       [
        -84.34822518647519,
        33.81250367114267
       ],
       [
        -84.34842507693507,
        33.817103882750885
       ],
       [
        -84.34832513170512,
        33.820103984502985
       ],
       [
        -84.34848293996293,
        33.82540294132194
       ]
      ]
     ],
     [
      [
       [
        -84.3389934033934,
        33.799756990907994
       ],
       [
        -84.33842108544509,
        33.80049492588593
       ],
       [
        -84.33845580326181,
        33.8020841960192
       ],
       [
        -84.33751737015537,
        33.80155471724972
       ],
       [
        -84.3359434957975,
        33.802118382837385
       ],
       [
        -84.33613812598213,
        33.801077769444774
       ],
       [
        -84.33739743587944,
        33.80018140774841
       ],
       [
        -84.3389934033934,
        33.799756990907994
       ]
      ]
     ],
     [
      [
       [
        -84.3482051974292,
        33.805055113902114
       ],
       [
        -84.34806001383201,
        33.80505011095311
       ],
       [
        -84.3486176030096,
        33.804625694112694
       ],
       [
        -84.3482051974292,
        33.805055113902114
       ]
      ]
     ]
    ]
   }
  },
  {
   "type": "Feature",
   "properties": {
    "name": "Panthersville",
    "geoid": "1359080"
   },
   "geometry": {
    "type": "Polygon",
    "coordinates": [
     [
      [
       -84.30563378974779,
       33.71527886169386
      ],
      [
       -84.29940983205984,
       33.71518880861181
      ],
      [
       -84.29693013830213,
       33.71473520790221
      ],
      [
       -84.29246206049606,
       33.712859935850936
      ],
      [
       -84.29002655305055,
       33.7123462997533
      ],
      [
       -84.28783617443217,
       33.71222622897723
      ],
      [
       -84.2793261011161,
       33.712447192558194
      ],
      [
       -84.2766381004581,
       33.71277571954272
      ],
      [
       -84.26067211298812,
       33.71599595105096
      ],
      [
       -84.2580567041287,
       33.71639035019735
      ],
      [
       -84.25488581020181,
       33.71645205323505
      ],
      [
       -84.25244083426084,
       33.71623275730376
      ],
      [
       -84.2410397136617,
       33.71479440946541
      ],
      [
       -84.24463142960943,
       33.711448270407274
      ],
      [
       -84.24622213684813,
       33.70954464831165
      ],
      [
       -84.25218834104834,
       33.701867623066626
      ],
      [
       -84.2542167031887,
       33.70028085440786
      ],
      [
       -84.25623138861339,
       33.69942868542769
      ],
      [
       -84.25896041941841,
       33.698935061126065
      ],
      [
       -84.27078972642373,
       33.69913017613718
      ],
      [
       -84.2750032069072,
       33.699096823143826
      ],
      [
       -84.27752603492203,
       33.69891088020588
      ],
      [
       -84.2812681947422,
       33.69806288034988
      ],
      [
       -84.2826505950806,
       33.697560083975084
      ],
      [
       -84.29988746505346,
       33.69042004192304
      ],
      [
       -84.30186217238617,
       33.692623840958845
      ],
      [
       -84.30325824944025,
       33.69457499106999
      ],
      [
       -84.30382004683804,
       33.694894345981346
      ],
      [
       -84.30278798083198,
       33.69602167715668
      ],
      [
       -84.3005492076812,
       33.700474301769304
      ],
      [
       -84.30088586529786,
       33.70162998298898
      ],
      [
       -84.30052501041502,
       33.70404473970774
      ],
      [
       -84.29942876905076,
       33.70628522703623
      ],
      [
       -84.30344761934961,
       33.7102609038439
      ],
      [
       -84.3043608031348,
       33.71219537745838
      ],
      [
       -84.3047953018713,
       33.71394140666041
      ],
      [
       -84.30563378974779,
       33.71527886169386
      ]
     ]
    ]
   }
  },
  {
   "type": "Feature",
   "properties": {
    "name": "Pine Lake",
    "geoid": "1361040"
   },
   "geometry": {
    "type": "Polygon",
    "coordinates": [
     [
      [
       -84.21180731198531,
       33.79325565867866
      ],
      [
       -84.2096484950185,
       33.792496044255046
      ],
      [
       -84.20856487831487,
       33.79249104130604
      ],
      [
       -84.2085533057093,
       33.79515677929978
      ],
      [
       -84.2092402976583,
       33.795727115486116
      ],
      [
       -84.2085291084431,
       33.796298285497286
      ],
      [
       -84.20708042863643,
       33.796301620796626
      ],
      [
       -84.20708674096674,
       33.79572961696062
      ],
      [
       -84.20160343003543,
       33.79575796700497
      ],
      [
       -84.20300055914456,
       33.79292296256997
      ],
      [
       -84.20353815927616,
       33.79233178076278
      ],
      [
       -84.20357077298277,
       33.78796087098387
      ],
      [
       -84.20195481642281,
       33.78791667826768
      ],
      [
       -84.20206107398307,
       33.78639077882178
      ],
      [
       -84.20356761681762,
       33.78636993320094
      ],
      [
       -84.20357287709288,
       33.785571962834965
      ],
      [
       -84.20549498167298,
       33.78554361279061
      ],
      [
       -84.20549603372804,
       33.78633824785725
      ],
      [
       -84.20685423680024,
       33.78644664508565
      ],
      [
       -84.20686054913055,
       33.78322474592775
      ],
      [
       -84.20857645092045,
       33.78322974887675
      ],
      [
       -84.2085448892689,
       33.78547774062874
      ],
      [
       -84.20961693336693,
       33.7857478998749
      ],
      [
       -84.20928343191544,
       33.786983628278634
      ],
      [
       -84.20858907558107,
       33.786865225152226
      ],
      [
       -84.20857013859013,
       33.791859002082006
      ],
      [
       -84.21181152020552,
       33.792565251716255
      ],
      [
       -84.21180731198531,
       33.79325565867866
      ]
     ]
    ]
   }
  },
  {
   "type": "Feature",
   "properties": {
    "name": "Redan",
    "geoid": "1363952"
   },
   "geometry": {
    "type": "Polygon",
    "coordinates": [
     [
      [
       -84.1319942075162,
       33.74487880946981
      ],
      [
       -84.1293304041244,
       33.74438018221918
      ],
      [
       -84.12771023934424,
       33.74362473691974
      ],
      [
       -84.12815946685147,
       33.742578286753286
      ],
      [
       -84.12796483666683,
       33.74144762027862
      ],
      [
       -84.13032354409354,
       33.74146012765113
      ],
      [
       -84.13097055795056,
       33.74060378954679
      ],
      [
       -84.13201314450714,
       33.740273594912594
      ],
      [
       -84.13199105135105,
       33.735797623204625
      ],
      [
       -84.13323037220238,
       33.73152677240577
      ],
      [
       -84.13193844859845,
       33.72904280822581
      ],
      [
       -84.13111994976795,
       33.722634864377866
      ],
      [
       -84.13113047031847,
       33.72009836923337
      ],
      [
       -84.12999951113751,
       33.718427384266384
      ],
      [
       -84.12996689743089,
       33.716392851671856
      ],
      [
       -84.13517246582846,
       33.71652876511977
      ],
      [
       -84.14551627110028,
       33.717510176949176
      ],
      [
       -84.15086281487481,
       33.71859581688282
      ],
      [
       -84.15783373164973,
       33.72084964540865
      ],
      [
       -84.1617116065716,
       33.721941955940956
      ],
      [
       -84.1616327024427,
       33.722462262637265
      ],
      [
       -84.15996098696499,
       33.722463930286935
      ],
      [
       -84.16012510755311,
       33.72645795124095
      ],
      [
       -84.16049332682132,
       33.728167292150296
      ],
      [
       -84.16422917431117,
       33.72741017920118
      ],
      [
       -84.16532646773047,
       33.72615110370211
      ],
      [
       -84.16708865994266,
       33.72602936527637
      ],
      [
       -84.16675305438105,
       33.72795216534317
      ],
      [
       -84.16736009014609,
       33.730466981041985
      ],
      [
       -84.1697450989491,
       33.73028604105304
      ],
      [
       -84.1704583922744,
       33.72728427165127
      ],
      [
       -84.17224583380784,
       33.72730678492179
      ],
      [
       -84.17226897901898,
       33.723823064766066
      ],
      [
       -84.17443305626105,
       33.72413991820292
      ],
      [
       -84.17763551183951,
       33.72427833312533
      ],
      [
       -84.18149865799066,
       33.72541567019867
      ],
      [
       -84.18444651624651,
       33.72704413009913
      ],
      [
       -84.18708822648223,
       33.727476051363055
      ],
      [
       -84.18942694486294,
       33.72839992927893
      ],
      [
       -84.19187086874886,
       33.730006709733715
      ],
      [
       -84.19445997623197,
       33.73120491601992
      ],
      [
       -84.19405703914704,
       33.7329842982153
      ],
      [
       -84.1944178940299,
       33.73854590985691
      ],
      [
       -84.19619271090271,
       33.74161938819439
      ],
      [
       -84.19600018482818,
       33.7448096020086
      ],
      [
       -84.19689548367748,
       33.747199343982345
      ],
      [
       -84.1974194070934,
       33.749705821432826
      ],
      [
       -84.19719742347742,
       33.75292521911622
      ],
      [
       -84.19724687006487,
       33.75630971411672
      ],
      [
       -84.19664614663014,
       33.76182963451664
      ],
      [
       -84.1932701019681,
       33.76040963082463
      ],
      [
       -84.19167413445413,
       33.75997937721038
      ],
      [
       -84.17568815793815,
       33.75977258865159
      ],
      [
       -84.17080451838652,
       33.7598442975873
      ],
      [
       -84.16980611814212,
       33.759625001656005
      ],
      [
       -84.16960517562717,
       33.76029206152306
      ],
      [
       -84.16775987106587,
       33.7602411982082
      ],
      [
       -84.16680460507861,
       33.76099414203314
      ],
      [
       -84.1648057004797,
       33.760964124339125
      ],
      [
       -84.16429545377946,
       33.761687884294886
      ],
      [
       -84.16347169467369,
       33.75862107655608
      ],
      [
       -84.16150750789151,
       33.75597618418318
      ],
      [
       -84.16020611579212,
       33.755028125347124
      ],
      [
       -84.14931629394829,
       33.74929641343942
      ],
      [
       -84.14618643016843,
       33.747719650678654
      ],
      [
       -84.1428714046994,
       33.74669071083371
      ],
      [
       -84.13980466422267,
       33.74659231950332
      ],
      [
       -84.13773421988022,
       33.74529738953639
      ],
      [
       -84.13610563865964,
       33.744932174259176
      ],
      [
       -84.1319942075162,
       33.74487880946981
      ]
     ]
    ]
   }
  },
  {
   "type": "Feature",
   "properties": {
    "name": "Scottdale",
    "geoid": "1369392"
   },
   "geometry": {
    "type": "Polygon",
    "coordinates": [
     [
      [
       -84.27399007789208,
       33.806981249268254
      ],
      [
       -84.27001646596047,
       33.809266763137764
      ],
      [
       -84.26784502433303,
       33.81009558502259
      ],
      [
       -84.26236276545677,
       33.810967765798765
      ],
      [
       -84.26002615118615,
       33.811760733215735
      ],
      [
       -84.25174332176132,
       33.81598238834939
      ],
      [
       -84.25172017655018,
       33.81577726744027
      ],
      [
       -84.24742884399285,
       33.81789601634302
      ],
      [
       -84.24900482246082,
       33.816763682218685
      ],
      [
       -84.25033988032187,
       33.814917594036594
      ],
      [
       -84.2509648010228,
       33.812391938614944
      ],
      [
       -84.25090693799494,
       33.81051666656367
      ],
      [
       -84.25005372134773,
       33.80321486249387
      ],
      [
       -84.25358336604737,
       33.802316833147835
      ],
      [
       -84.255313996608,
       33.801296231551234
      ],
      [
       -84.25976734564334,
       33.797854202637204
      ],
      [
       -84.2623312038052,
       33.795694596317595
      ],
      [
       -84.26392191104391,
       33.7936016959847
      ],
      [
       -84.26213867773068,
       33.79354166059666
      ],
      [
       -84.26130545012946,
       33.79437965455465
      ],
      [
       -84.26077942260342,
       33.795636228579234
      ],
      [
       -84.25916557015357,
       33.796635150730154
      ],
      [
       -84.25781367941168,
       33.79619739269239
      ],
      [
       -84.25775792049392,
       33.7970528969719
      ],
      [
       -84.25567169532569,
       33.79864967152867
      ],
      [
       -84.25392212777413,
       33.79589721575222
      ],
      [
       -84.25136458194258,
       33.796664334599335
      ],
      [
       -84.25117205586805,
       33.79583884801385
      ],
      [
       -84.2488627950288,
       33.79581883621784
      ],
      [
       -84.2474583015343,
       33.79164637674938
      ],
      [
       -84.24530264073265,
       33.78307799275699
      ],
      [
       -84.24608747380147,
       33.783239754774755
      ],
      [
       -84.2493783020043,
       33.783087164830164
      ],
      [
       -84.25308048373249,
       33.78191063798964
      ],
      [
       -84.25679213395614,
       33.78051981816682
      ],
      [
       -84.260224989591,
       33.77989695101596
      ],
      [
       -84.26249848055848,
       33.780030362989365
      ],
      [
       -84.26450474954275,
       33.77986193037293
      ],
      [
       -84.26509284831685,
       33.77950505334405
      ],
      [
       -84.26621328694729,
       33.78124691342192
      ],
      [
       -84.26830161622561,
       33.7798043964594
      ],
      [
       -84.26798179148979,
       33.77945502385403
      ],
      [
       -84.2705403893764,
       33.77856866805567
      ],
      [
       -84.27117583062783,
       33.7791781940092
      ],
      [
       -84.27275180909581,
       33.77835520889821
      ],
      [
       -84.27987737796337,
       33.775998819917824
      ],
      [
       -84.27987632590832,
       33.77657165757866
      ],
      [
       -84.27754602396803,
       33.77766563576064
      ],
      [
       -84.27800366791567,
       33.77897390692491
      ],
      [
       -84.27951231486031,
       33.779129832168834
      ],
      [
       -84.27951547102548,
       33.780207133854134
      ],
      [
       -84.27890633115032,
       33.7794742018252
      ],
      [
       -84.27716623209423,
       33.78201403226903
      ],
      [
       -84.27627093324493,
       33.78478483219183
      ],
      [
       -84.27662021552221,
       33.787418884841884
      ],
      [
       -84.2760983962164,
       33.790775029798034
      ],
      [
       -84.27641716889717,
       33.79383016398916
      ],
      [
       -84.27688533339533,
       33.794914136273135
      ],
      [
       -84.2790978051698,
       33.79702204545305
      ],
      [
       -84.28074637543638,
       33.80046324054224
      ],
      [
       -84.27908307639908,
       33.802349352316355
      ],
      [
       -84.27399007789208,
       33.806981249268254
      ]
     ]
    ]
   }
  },
  {
   "type": "Feature",
   "properties": {
    "name": "Stone Mountain",
    "geoid": "1373816"
   },
   "geometry": {
    "type": "Polygon",
    "coordinates": [
     [
      [
       -84.1865664071764,
       33.80353338358039
      ],
      [
       -84.18432763402564,
       33.80352337768238
      ],
      [
       -84.1836942968843,
       33.80206084892385
      ],
      [
       -84.18172274571674,
       33.80147216859117
      ],
      [
       -84.18230348010547,
       33.800539118602124
      ],
      [
       -84.18119145791546,
       33.79988873523174
      ],
      [
       -84.18109466885066,
       33.79899737648438
      ],
      [
       -84.1788075011675,
       33.798994875009875
      ],
      [
       -84.17881591760792,
       33.797197148668154
      ],
      [
       -84.17948818078618,
       33.79733222829123
      ],
      [
       -84.18050867418667,
       33.795776311151315
      ],
      [
       -84.1813945045405,
       33.79577964645065
      ],
      [
       -84.18135137028337,
       33.794863272958274
      ],
      [
       -84.179443994474,
       33.795965589388594
      ],
      [
       -84.17868756689157,
       33.79710125881226
      ],
      [
       -84.17797637767637,
       33.796716865563866
      ],
      [
       -84.17718523227722,
       33.797784995175995
      ],
      [
       -84.1764003992084,
       33.79743979169479
      ],
      [
       -84.17606058542658,
       33.79968361432262
      ],
      [
       -84.17715787884588,
       33.79900488090788
      ],
      [
       -84.17863917235917,
       33.79899320736021
      ],
      [
       -84.17899476696677,
       33.80119033579734
      ],
      [
       -84.17876226280026,
       33.80244190687291
      ],
      [
       -84.17885484364484,
       33.80454814840315
      ],
      [
       -84.17946819174018,
       33.804809135576136
      ],
      [
       -84.17946398351998,
       33.80668607527708
      ],
      [
       -84.18149234566035,
       33.806988753691755
      ],
      [
       -84.18149234566035,
       33.80764580766081
      ],
      [
       -84.18247917329917,
       33.80764414001114
      ],
      [
       -84.18246444452845,
       33.80877564031064
      ],
      [
       -84.18305359535759,
       33.80930178378079
      ],
      [
       -84.1806791071051,
       33.810212320499325
      ],
      [
       -84.18009311244111,
       33.80894740822641
      ],
      [
       -84.17902106834306,
       33.810836021475026
      ],
      [
       -84.17776491461092,
       33.812190153005155
      ],
      [
       -84.17519369206369,
       33.81380026875927
      ],
      [
       -84.17144942813343,
       33.814959285278285
      ],
      [
       -84.17047522515523,
       33.815612170123174
      ],
      [
       -84.17023114838315,
       33.8147033010543
      ],
      [
       -84.16587248430248,
       33.81397703962404
      ],
      [
       -84.16466156893757,
       33.81417965905866
      ],
      [
       -84.16458161275361,
       33.81958784693085
      ],
      [
       -84.16326233571833,
       33.819578674857674
      ],
      [
       -84.16325812749812,
       33.82062679267379
      ],
      [
       -84.16159588051588,
       33.820436680611685
      ],
      [
       -84.161740012058,
       33.81957200425901
      ],
      [
       -84.16183574906775,
       33.81267126993427
      ],
      [
       -84.164246007192,
       33.812719631774634
      ],
      [
       -84.16197777649978,
       33.810441622328625
      ],
      [
       -84.16108247765048,
       33.8085972017962
      ],
      [
       -84.16078053785054,
       33.80597065356966
      ],
      [
       -84.16096885570485,
       33.80482080912381
      ],
      [
       -84.1618915079855,
       33.802611173314176
      ],
      [
       -84.1639125057405,
       33.80046407436708
      ],
      [
       -84.16590615006415,
       33.79925336070836
      ],
      [
       -84.16400613864013,
       33.799150800253805
      ],
      [
       -84.16330546997547,
       33.796500904931904
      ],
      [
       -84.16461843468043,
       33.79614986467687
      ],
      [
       -84.16505503752704,
       33.79671102879003
      ],
      [
       -84.16662154749955,
       33.796194891217894
      ],
      [
       -84.16658051735251,
       33.798114355985355
      ],
      [
       -84.16791031493831,
       33.79855711697212
      ],
      [
       -84.17054992106392,
       33.79824026353526
      ],
      [
       -84.17247833797434,
       33.79839201965502
      ],
      [
       -84.17314323676723,
       33.79711626765927
      ],
      [
       -84.17246571331371,
       33.797113766184765
      ],
      [
       -84.17248675441475,
       33.79572378018678
      ],
      [
       -84.17488333582334,
       33.79573712138412
      ],
      [
       -84.17489070020869,
       33.79492080687181
      ],
      [
       -84.17250674346074,
       33.79491830539731
      ],
      [
       -84.17248885852486,
       33.7956995992666
      ],
      [
       -84.16810284101284,
       33.7955861990892
      ],
      [
       -84.16788296150696,
       33.79266781217081
      ],
      [
       -84.16664995298595,
       33.79267531659432
      ],
      [
       -84.1655673883374,
       33.79082005633906
      ],
      [
       -84.1678734930115,
       33.79082505928806
      ],
      [
       -84.1678734930115,
       33.78994037113937
      ],
      [
       -84.16883191516392,
       33.79028140549641
      ],
      [
       -84.16893501655902,
       33.792079131838136
      ],
      [
       -84.17023640865841,
       33.79201993027493
      ],
      [
       -84.17024798126398,
       33.790534888245894
      ],
      [
       -84.17176083642883,
       33.790684142891145
      ],
      [
       -84.17584807030607,
       33.79053405442106
      ],
      [
       -84.17933352869353,
       33.790214699509704
      ],
      [
       -84.17934825746426,
       33.79114024507525
      ],
      [
       -84.18069488793088,
       33.79144876026376
      ],
      [
       -84.18035612620413,
       33.792425169144174
      ],
      [
       -84.18252546372146,
       33.792395985274986
      ],
      [
       -84.18252651577652,
       33.79459227988728
      ],
      [
       -84.18410775451976,
       33.795777978800984
      ],
      [
       -84.18518926711327,
       33.795777978800984
      ],
      [
       -84.18581103164902,
       33.79645087544188
      ],
      [
       -84.18520083971885,
       33.7967693965284
      ],
      [
       -84.18652537702937,
       33.79961273921174
      ],
      [
       -84.1865074920935,
       33.80234434936735
      ],
      [
       -84.18579419876819,
       33.802316833147835
      ],
      [
       -84.18578578232778,
       33.80347084671785
      ],
      [
       -84.1865664071764,
       33.80353338358039
      ]
     ]
    ]
   }
  },
  {
   "type": "Feature",
   "properties": {
    "name": "Stonecrest",
    "geoid": "1373784"
   },
   "geometry": {
    "type": "Polygon",
    "coordinates": [
     [
      [
       -84.18149865799066,
       33.72541567019867
      ],
      [
       -84.17763551183951,
       33.72427833312533
      ],
      [
       -84.17443305626105,
       33.72413991820292
      ],
      [
       -84.17226897901898,
       33.723823064766066
      ],
      [
       -84.17224583380784,
       33.72730678492179
      ],
      [
       -84.1704583922744,
       33.72728427165127
      ],
      [
       -84.1697450989491,
       33.73028604105304
      ],
      [
       -84.16736009014609,
       33.730466981041985
      ],
      [
       -84.16675305438105,
       33.72795216534317
      ],
      [
       -84.16708865994266,
       33.72602936527637
      ],
      [
       -84.16532646773047,
       33.72615110370211
      ],
      [
       -84.16422917431117,
       33.72741017920118
      ],
      [
       -84.16049332682132,
       33.728167292150296
      ],
      [
       -84.16012510755311,
       33.72645795124095
      ],
      [
       -84.15996098696499,
       33.722463930286935
      ],
      [
       -84.1616327024427,
       33.722462262637265
      ],
      [
       -84.1617116065716,
       33.721941955940956
      ],
      [
       -84.15783373164973,
       33.72084964540865
      ],
      [
       -84.15086281487481,
       33.71859581688282
      ],
      [
       -84.14551627110028,
       33.717510176949176
      ],
      [
       -84.13517246582846,
       33.71652876511977
      ],
      [
       -84.12996689743089,
       33.716392851671856
      ],
      [
       -84.12999951113751,
       33.718427384266384
      ],
      [
       -84.13113047031847,
       33.72009836923337
      ],
      [
       -84.13111994976795,
       33.722634864377866
      ],
      [
       -84.13193844859845,
       33.72904280822581
      ],
      [
       -84.13323037220238,
       33.73152677240577
      ],
      [
       -84.13199105135105,
       33.735797623204625
      ],
      [
       -84.13201314450714,
       33.740273594912594
      ],
      [
       -84.13097055795056,
       33.74060378954679
      ],
      [
       -84.13032354409354,
       33.74146012765113
      ],
      [
       -84.12796483666683,
       33.74144762027862
      ],
      [
       -84.12815946685147,
       33.742578286753286
      ],
      [
       -84.12771023934424,
       33.74362473691974
      ],
      [
       -84.1293304041244,
       33.74438018221918
      ],
      [
       -84.1319942075162,
       33.74487880946981
      ],
      [
       -84.13115571963972,
       33.745881900744905
      ],
      [
       -84.12179348173149,
       33.74267417660918
      ],
      [
       -84.12313064370264,
       33.74399829044529
      ],
      [
       -84.12298966832567,
       33.74612787907088
      ],
      [
       -84.12159885154685,
       33.74693168621069
      ],
      [
       -84.12049103757704,
       33.74979087156587
      ],
      [
       -84.11943582635982,
       33.751081632408635
      ],
      [
       -84.1181197054897,
       33.752003842674846
      ],
      [
       -84.1167615024175,
       33.75446112446013
      ],
      [
       -84.11682462572062,
       33.75541585389485
      ],
      [
       -84.1121577095097,
       33.75709100798601
      ],
      [
       -84.11144652029452,
       33.75773221928322
      ],
      [
       -84.10817252497253,
       33.75807575511476
      ],
      [
       -84.10808625645825,
       33.75598368860669
      ],
      [
       -84.10746449192249,
       33.75500477825178
      ],
      [
       -84.10619466147466,
       33.754412762619765
      ],
      [
       -84.10613469433669,
       33.7529443970874
      ],
      [
       -84.10653237114637,
       33.75209806488107
      ],
      [
       -84.1065691930732,
       33.75004768961469
      ],
      [
       -84.10490378992579,
       33.74739696046796
      ],
      [
       -84.10361607454207,
       33.744320980655985
      ],
      [
       -84.10273550446351,
       33.742935163782164
      ],
      [
       -84.10275864967466,
       33.739088729823735
      ],
      [
       -84.10203378374378,
       33.74010516229617
      ],
      [
       -84.09981605169405,
       33.74114494186394
      ],
      [
       -84.09745313604714,
       33.741285024436024
      ],
      [
       -84.09503446148246,
       33.74258328970229
      ],
      [
       -84.09358367756568,
       33.74370978705279
      ],
      [
       -84.08981100814901,
       33.74266667218568
      ],
      [
       -84.08780894738494,
       33.74410585384886
      ],
      [
       -84.08580057429057,
       33.74640721039021
      ],
      [
       -84.085808990731,
       33.74680160953661
      ],
      [
       -84.08389845875645,
       33.74805401443702
      ],
      [
       -84.08346501207501,
       33.74789558771859
      ],
      [
       -84.08354812442413,
       33.74320865832766
      ],
      [
       -84.08539342898543,
       33.73872017924718
      ],
      [
       -84.08591735240135,
       33.73787384704085
      ],
      [
       -84.08874422432622,
       33.734546052129055
      ],
      [
       -84.09324386378387,
       33.728644239955244
      ],
      [
       -84.09309552402152,
       33.72301675615176
      ],
      [
       -84.0941602037342,
       33.722463930286935
      ],
      [
       -84.10082918070918,
       33.72012838692739
      ],
      [
       -84.10152143293344,
       33.719101948556954
      ],
      [
       -84.10368656223056,
       33.71981820408921
      ],
      [
       -84.10561497914098,
       33.720029995596995
      ],
      [
       -84.1078306070806,
       33.71982487468788
      ],
      [
       -84.1107753091713,
       33.71871005088505
      ],
      [
       -84.11420395658595,
       33.71871588765889
      ],
      [
       -84.11420711275112,
       33.71746515040815
      ],
      [
       -84.11306037274437,
       33.7175426961177
      ],
      [
       -84.11296779189979,
       33.71684561855662
      ],
      [
       -84.11401353462153,
       33.71506873783574
      ],
      [
       -84.11438806622006,
       33.716206074909074
      ],
      [
       -84.11556847198847,
       33.71612269242569
      ],
      [
       -84.1176788944229,
       33.718019643922645
      ],
      [
       -84.11794927257127,
       33.7130191963942
      ],
      [
       -84.11445644979845,
       33.712207051006054
      ],
      [
       -84.11373158386758,
       33.70986233557334
      ],
      [
       -84.11244386848387,
       33.70806711070611
      ],
      [
       -84.11112564350364,
       33.70706235178135
      ],
      [
       -84.10897313886714,
       33.706025073688075
      ],
      [
       -84.10839556064356,
       33.703991374918374
      ],
      [
       -84.10835558255158,
       33.701604134419135
      ],
      [
       -84.10326047993448,
       33.702506332889335
      ],
      [
       -84.0993058049938,
       33.70257470652571
      ],
      [
       -84.09171312368312,
       33.70136816199116
      ],
      [
       -84.08859588456389,
       33.70043511200211
      ],
      [
       -84.08605411955811,
       33.69924941308842
      ],
      [
       -84.07433212216812,
       33.692894000205
      ],
      [
       -84.07811426008026,
       33.685308695691695
      ],
      [
       -84.0837154011774,
       33.675009291344296
      ],
      [
       -84.08560173588573,
       33.67125040899341
      ],
      [
       -84.08971947935947,
       33.66377683700784
      ],
      [
       -84.09511546972146,
       33.653409059024064
      ],
      [
       -84.09941521871922,
       33.645309284588286
      ],
      [
       -84.10001489009889,
       33.64391012651713
      ],
      [
       -84.10433357608757,
       33.63602464506365
      ],
      [
       -84.11012408709409,
       33.62510987798888
      ],
      [
       -84.11579150765951,
       33.61466622194522
      ],
      [
       -84.11695402849203,
       33.61681165324266
      ],
      [
       -84.11689406135406,
       33.61740116740017
      ],
      [
       -84.1155348062268,
       33.61830086439587
      ],
      [
       -84.11576941450342,
       33.619128018631024
      ],
      [
       -84.11788404515805,
       33.62014028197928
      ],
      [
       -84.11907181531181,
       33.622319066270066
      ],
      [
       -84.12264985454385,
       33.623147054330055
      ],
      [
       -84.12350307119107,
       33.62366402572703
      ],
      [
       -84.12373767946768,
       33.62541589170289
      ],
      [
       -84.12642252396053,
       33.6260546015256
      ],
      [
       -84.12801112708912,
       33.62676668793369
      ],
      [
       -84.12873494096495,
       33.62840015078315
      ],
      [
       -84.12848981213781,
       33.63016285648186
      ],
      [
       -84.12921993834394,
       33.631370234841235
      ],
      [
       -84.13182587870787,
       33.63158035869936
      ],
      [
       -84.13436343549344,
       33.63138190838891
      ],
      [
       -84.13640547434947,
       33.63073986326687
      ],
      [
       -84.13891778181377,
       33.63083408547309
      ],
      [
       -84.14119548100147,
       33.632129015440015
      ],
      [
       -84.14136275775476,
       33.63320214800115
      ],
      [
       -84.14088617681618,
       33.63471137095037
      ],
      [
       -84.13851168856368,
       33.63636984854485
      ],
      [
       -84.13807298160698,
       33.63715614536315
      ],
      [
       -84.13871578724378,
       33.63779485518586
      ],
      [
       -84.14117443990044,
       33.63744965170466
      ],
      [
       -84.14266414985416,
       33.63636818089518
      ],
      [
       -84.1438655967236,
       33.63631981905482
      ],
      [
       -84.14590447941448,
       33.6376330931681
      ],
      [
       -84.14896595961596,
       33.63871873310173
      ],
      [
       -84.15058086412087,
       33.63857698287998
      ],
      [
       -84.15142776843777,
       33.63901390709291
      ],
      [
       -84.15389378547978,
       33.644516317171316
      ],
      [
       -84.15412628964629,
       33.645375156750156
      ],
      [
       -84.15545819134219,
       33.64565282041982
      ],
      [
       -84.15663018067018,
       33.644536328967334
      ],
      [
       -84.15861225238825,
       33.6444812965283
      ],
      [
       -84.15849021400221,
       33.642464274255275
      ],
      [
       -84.15979371021172,
       33.6400761999312
      ],
      [
       -84.16077212141012,
       33.63948084899985
      ],
      [
       -84.1608120995021,
       33.63803166143866
      ],
      [
       -84.1619925052705,
       33.63779902431003
      ],
      [
       -84.1666225995546,
       33.6387153978024
      ],
      [
       -84.16953258382858,
       33.63913231021931
      ],
      [
       -84.17115906093906,
       33.64024213107313
      ],
      [
       -84.1731264038864,
       33.640970060153066
      ],
      [
       -84.17294019014219,
       33.64157875228175
      ],
      [
       -84.17158724734524,
       33.64237922412222
      ],
      [
       -84.17234051876252,
       33.64322805780306
      ],
      [
       -84.17183974055774,
       33.64465973504274
      ],
      [
       -84.17017644152044,
       33.64590296786997
      ],
      [
       -84.18414352439153,
       33.646157284444286
      ],
      [
       -84.18744171697972,
       33.64617312711613
      ],
      [
       -84.18751641288841,
       33.64715870806971
      ],
      [
       -84.18700406207806,
       33.65166302982203
      ],
      [
       -84.18874836935437,
       33.65543692101992
      ],
      [
       -84.1888135967676,
       33.65726466505567
      ],
      [
       -84.18983935044335,
       33.65919163424664
      ],
      [
       -84.19166256184856,
       33.660574949645955
      ],
      [
       -84.19336373486773,
       33.66353586163086
      ],
      [
       -84.19645256850056,
       33.6648332930723
      ],
      [
       -84.19756038247039,
       33.66589892120992
      ],
      [
       -84.19793701817902,
       33.66842624428125
      ],
      [
       -84.19752776876376,
       33.66940015168716
      ],
      [
       -84.19574032723033,
       33.671831584902584
      ],
      [
       -84.1955214997795,
       33.67263205674306
      ],
      [
       -84.19597809167209,
       33.67567301591202
      ],
      [
       -84.19545732442133,
       33.680199850934855
      ],
      [
       -84.19634736299537,
       33.6820325979196
      ],
      [
       -84.19709221797221,
       33.68286809040309
      ],
      [
       -84.20060608184608,
       33.68529702214403
      ],
      [
       -84.20175387390788,
       33.686380994428
      ],
      [
       -84.19989278852078,
       33.687114760281766
      ],
      [
       -84.19954561035361,
       33.68772762153463
      ],
      [
       -84.20158449304449,
       33.68811701773202
      ],
      [
       -84.20039882700083,
       33.69026411667912
      ],
      [
       -84.19852511695312,
       33.69152569365269
      ],
      [
       -84.2009785093345,
       33.6922753021783
      ],
      [
       -84.20093853124253,
       33.6932833964024
      ],
      [
       -84.19975602136402,
       33.69529041277742
      ],
      [
       -84.19851144023744,
       33.69655782652483
      ],
      [
       -84.19606962046161,
       33.69802702588203
      ],
      [
       -84.19439159265359,
       33.697679320926326
      ],
      [
       -84.19223277568678,
       33.699055131902135
      ],
      [
       -84.19375299523699,
       33.70014660860961
      ],
      [
       -84.1957035053035,
       33.7003584001174
      ],
      [
       -84.19794648667448,
       33.70000068926369
      ],
      [
       -84.19867135260534,
       33.700350895693894
      ],
      [
       -84.19893752253353,
       33.70199102914203
      ],
      [
       -84.19860717724718,
       33.703340991548
      ],
      [
       -84.19705855221055,
       33.70472514077214
      ],
      [
       -84.19447365294765,
       33.70357863162563
      ],
      [
       -84.1907662109442,
       33.70268560522861
      ],
      [
       -84.18836436926037,
       33.702637243388246
      ],
      [
       -84.18349335436935,
       33.70292074383175
      ],
      [
       -84.18181848272648,
       33.70545473750174
      ],
      [
       -84.18360697631498,
       33.706982304597304
      ],
      [
       -84.18526396302197,
       33.7079311972582
      ],
      [
       -84.18480947523948,
       33.70880171038471
      ],
      [
       -84.18505565612166,
       33.710400152591156
      ],
      [
       -84.18488837936837,
       33.71434914700415
      ],
      [
       -84.1839246969407,
       33.71712411605112
      ],
      [
       -84.18226981434381,
       33.71939795637296
      ],
      [
       -84.18156914567915,
       33.721152323823326
      ],
      [
       -84.18186266903867,
       33.7241073990344
      ],
      [
       -84.18149865799066,
       33.72541567019867
      ]
     ]
    ]
   }
  },
  {
   "type": "Feature",
   "properties": {
    "name": "Tucker",
    "geoid": "1377652"
   },
   "geometry": {
    "type": "Polygon",
    "coordinates": [
     [
      [
       -84.21787451347052,
       33.88645226035526
      ],
      [
       -84.21535904984106,
       33.884146734689736
      ],
      [
       -84.21326861645261,
       33.88279593845894
      ],
      [
       -84.20715828071027,
       33.87745779187279
      ],
      [
       -84.20508678431278,
       33.876802405553406
      ],
      [
       -84.20458811021811,
       33.87447686809187
      ],
      [
       -84.20300792352992,
       33.87259659309159
      ],
      [
       -84.20061134212133,
       33.87150178108478
      ],
      [
       -84.19867766493566,
       33.87176777120678
      ],
      [
       -84.19628844791245,
       33.87098230821331
      ],
      [
       -84.19340266090467,
       33.86781794296895
      ],
      [
       -84.18823601854402,
       33.866581380740385
      ],
      [
       -84.18202678962679,
       33.865417361272364
      ],
      [
       -84.17931459170259,
       33.864281691848696
      ],
      [
       -84.17493909474109,
       33.859633952224954
      ],
      [
       -84.17284234902235,
       33.85865837716938
      ],
      [
       -84.17138946099546,
       33.858533303444304
      ],
      [
       -84.16999548805148,
       33.85749519152619
      ],
      [
       -84.16917172894573,
       33.85743098701399
      ],
      [
       -84.1656746979527,
       33.855736654951656
      ],
      [
       -84.16146858185458,
       33.853917249164255
      ],
      [
       -84.1584071016531,
       33.85360206337707
      ],
      [
       -84.15690792320392,
       33.85233381580482
      ],
      [
       -84.15584955582156,
       33.85043936578237
      ],
      [
       -84.15403476085676,
       33.84810715772216
      ],
      [
       -84.15304162088762,
       33.847875354418356
      ],
      [
       -84.14994542286942,
       33.84587500864201
      ],
      [
       -84.14885023356024,
       33.84313506023806
      ],
      [
       -84.14635791514192,
       33.84115722773223
      ],
      [
       -84.1454278984759,
       33.83990315518216
      ],
      [
       -84.14440424891025,
       33.8391894011244
      ],
      [
       -84.14322384314184,
       33.839310305725306
      ],
      [
       -84.14126596868996,
       33.83894509044809
      ],
      [
       -84.13823605014005,
       33.83704313600214
      ],
      [
       -84.13682314020514,
       33.836696264871264
      ],
      [
       -84.13336924346925,
       33.83345268626769
      ],
      [
       -84.13338292018491,
       33.83130475349576
      ],
      [
       -84.13212045412246,
       33.829355271034274
      ],
      [
       -84.12791644213443,
       33.825305383816385
      ],
      [
       -84.12625735131735,
       33.82304988764089
      ],
      [
       -84.1261026992247,
       33.82286978147678
      ],
      [
       -84.12718736798337,
       33.82291897714198
      ],
      [
       -84.13008051937652,
       33.822006772773776
      ],
      [
       -84.1315754896055,
       33.820927803438806
      ],
      [
       -84.13282533100733,
       33.82161904422605
      ],
      [
       -84.13776788564188,
       33.82315661721962
      ],
      [
       -84.139670001176,
       33.82354517959218
      ],
      [
       -84.14467252294853,
       33.82379365939266
      ],
      [
       -84.14804646350046,
       33.82240117192018
      ],
      [
       -84.14958351593151,
       33.82244786611087
      ],
      [
       -84.1520547932488,
       33.823735291654295
      ],
      [
       -84.15599158325358,
       33.82342010586711
      ],
      [
       -84.15849337016736,
       33.82282725641026
      ],
      [
       -84.16831956435357,
       33.81967373088873
      ],
      [
       -84.17177556519957,
       33.81817618148718
      ],
      [
       -84.1742215931956,
       33.81672532627633
      ],
      [
       -84.17771125980326,
       33.81405958828259
      ],
      [
       -84.18036033442434,
       33.81495261467962
      ],
      [
       -84.18221826364626,
       33.81618083865984
      ],
      [
       -84.18300625288025,
       33.81495428232928
      ],
      [
       -84.18791408969808,
       33.81568137758438
      ],
      [
       -84.18789199654199,
       33.81978296194196
      ],
      [
       -84.18911132834732,
       33.81978462959163
      ],
      [
       -84.18907135025535,
       33.8206393000463
      ],
      [
       -84.18984881893881,
       33.82062512502413
      ],
      [
       -84.19079566848566,
       33.8221677009667
      ],
      [
       -84.19270725251525,
       33.82349264862765
      ],
      [
       -84.19183404682205,
       33.824395680922684
      ],
      [
       -84.1950322941803,
       33.82534290593391
      ],
      [
       -84.19872711152311,
       33.82549883117783
      ],
      [
       -84.20046826263426,
       33.82518864833965
      ],
      [
       -84.20272176455576,
       33.82416971439272
      ],
      [
       -84.209679004615,
       33.81952697771798
      ],
      [
       -84.211114007706,
       33.818675642562646
      ],
      [
       -84.21329176166375,
       33.817822639757644
      ],
      [
       -84.21667201454602,
       33.817468264203264
      ],
      [
       -84.22643929364929,
       33.81861894247395
      ],
      [
       -84.22648663612664,
       33.81885991785092
      ],
      [
       -84.22484227408027,
       33.818653963116965
      ],
      [
       -84.22275604891205,
       33.818422993637995
      ],
      [
       -84.22310743529944,
       33.822097659680665
      ],
      [
       -84.22423734242534,
       33.82240700869401
      ],
      [
       -84.22422892598493,
       33.8228481020311
      ],
      [
       -84.22583225788426,
       33.822874784425785
      ],
      [
       -84.22722833493833,
       33.82468501814002
      ],
      [
       -84.22652240599841,
       33.82610085270785
      ],
      [
       -84.22563447153448,
       33.82924770763071
      ],
      [
       -84.23620972891773,
       33.82397793468094
      ],
      [
       -84.2472805042305,
       33.81818618738519
      ],
      [
       -84.24742884399285,
       33.81789601634302
      ],
      [
       -84.25172017655018,
       33.81577726744027
      ],
      [
       -84.25174332176132,
       33.81598238834939
      ],
      [
       -84.25269648363849,
       33.82329836744137
      ],
      [
       -84.25267544253744,
       33.82563391080091
      ],
      [
       -84.25391265927865,
       33.82581901991402
      ],
      [
       -84.2540105003985,
       33.826546115169116
      ],
      [
       -84.25574954739955,
       33.82609084680985
      ],
      [
       -84.25822818910218,
       33.827825202464204
      ],
      [
       -84.25917293453894,
       33.83014907227607
      ],
      [
       -84.2582060959461,
       33.83228283002583
      ],
      [
       -84.2570583038843,
       33.8340963990394
      ],
      [
       -84.25682685177286,
       33.83571818834119
      ],
      [
       -84.25999248542449,
       33.83587077828578
      ],
      [
       -84.26134858438658,
       33.83629602895103
      ],
      [
       -84.26223546679546,
       33.83610424923925
      ],
      [
       -84.26315285880085,
       33.8408211963242
      ],
      [
       -84.26065528010727,
       33.84106800847501
      ],
      [
       -84.2585943042603,
       33.84320927064827
      ],
      [
       -84.25595048991448,
       33.84514374426275
      ],
      [
       -84.25748017796018,
       33.8451745957816
      ],
      [
       -84.25816927401927,
       33.84563736856437
      ],
      [
       -84.25801988220188,
       33.84820137992838
      ],
      [
       -84.25604622692423,
       33.848193875504876
      ],
      [
       -84.25853538917738,
       33.85087795764496
      ],
      [
       -84.25899408518008,
       33.852352993775995
      ],
      [
       -84.25424510867511,
       33.852294626037626
      ],
      [
       -84.25196635743235,
       33.85149832332132
      ],
      [
       -84.25238823150823,
       33.848892620715624
      ],
      [
       -84.25357915782716,
       33.849773139740144
      ],
      [
       -84.25472063755863,
       33.84866415271115
      ],
      [
       -84.25406205109606,
       33.84753765536066
      ],
      [
       -84.2542693059413,
       33.846254398941404
      ],
      [
       -84.25358441810242,
       33.846482033121035
      ],
      [
       -84.25067758999359,
       33.846437840404846
      ],
      [
       -84.25068705848906,
       33.84711073704574
      ],
      [
       -84.2497381048321,
       33.847129915016914
      ],
      [
       -84.24981385279585,
       33.84642616685717
      ],
      [
       -84.24727419190019,
       33.84641115801016
      ],
      [
       -84.24664821914422,
       33.851193977256976
      ],
      [
       -84.24903954027754,
       33.85136741282241
      ],
      [
       -84.24914684989285,
       33.85256311763412
      ],
      [
       -84.25156868062268,
       33.85206282273383
      ],
      [
       -84.251958993047,
       33.853085925804926
      ],
      [
       -84.25168756284356,
       33.85474940634841
      ],
      [
       -84.24982752951153,
       33.854750240173246
      ],
      [
       -84.24862818675219,
       33.85535226170327
      ],
      [
       -84.24671870683271,
       33.85575916822217
      ],
      [
       -84.24886595119395,
       33.86467525717026
      ],
      [
       -84.24951717327117,
       33.86780877089577
      ],
      [
       -84.2497338966119,
       33.869945863944864
      ],
      [
       -84.24921944169144,
       33.86936385421085
      ],
      [
       -84.24618426286627,
       33.870738831361834
      ],
      [
       -84.24427583500183,
       33.870452829443835
      ],
      [
       -84.24219907832908,
       33.86918541569642
      ],
      [
       -84.24129431098432,
       33.86918208039708
      ],
      [
       -84.24101762050562,
       33.867866304809304
      ],
      [
       -84.2397256969017,
       33.86756279256979
      ],
      [
       -84.23598143297143,
       33.86868011784712
      ],
      [
       -84.23311563500964,
       33.869050336073336
      ],
      [
       -84.23276214451214,
       33.869492263235266
      ],
      [
       -84.23019302607503,
       33.870714650441656
      ],
      [
       -84.22948183685983,
       33.869869152060154
      ],
      [
       -84.22806261459462,
       33.87030274097374
      ],
      [
       -84.22638669089669,
       33.870000062559065
      ],
      [
       -84.22592273461873,
       33.87072465633966
      ],
      [
       -84.22387648754248,
       33.8720471025261
      ],
      [
       -84.22223528166128,
       33.8722021939452
      ],
      [
       -84.22049518260518,
       33.87040696907797
      ],
      [
       -84.22046467300868,
       33.86918041274741
      ],
      [
       -84.21728431058631,
       33.86914622592923
      ],
      [
       -84.21654155971956,
       33.87166521075221
      ],
      [
       -84.21740950513751,
       33.871460923667925
      ],
      [
       -84.21959672759073,
       33.87179528742629
      ],
      [
       -84.22082026761626,
       33.87287925971026
      ],
      [
       -84.21783874359875,
       33.872490697337696
      ],
      [
       -84.21672251318851,
       33.87208712611813
      ],
      [
       -84.21796078198479,
       33.874522728457734
      ],
      [
       -84.21836266701466,
       33.87839501098601
      ],
      [
       -84.21918221790021,
       33.88101238713939
      ],
      [
       -84.223887008093,
       33.8803003007313
      ],
      [
       -84.22780065288666,
       33.88022525649626
      ],
      [
       -84.22770070765671,
       33.885578411929416
      ],
      [
       -84.2234746025126,
       33.88557174133074
      ],
      [
       -84.2204751935592,
       33.884063352206354
      ],
      [
       -84.21787451347052,
       33.88645226035526
      ]
     ]
    ]
   }
  }
 ]
}
