{
 "type": "FeatureCollection",
 "features": [
  {
   "type": "Feature",
   "properties": {
    "name": "Rest of Fairfax County",
    "geoid": "51059",
    "remainder": true
   },
   "geometry": {
    "type": "MultiPolygon",
    "coordinates": [
     [
      [
       [
        -77.13449095084395,
        38.798603136341136
       ],
       [
        -77.12158584430284,
        38.8004242955423
       ],
       [
        -77.11681105898406,
        38.801536953454956
       ],
       [
        -77.11300962198062,
        38.802986681264684
       ],
       [
        -77.11228698459499,
        38.80205564839365
       ],
       [
        -77.10926197071296,
        38.802804238092236
       ],
       [
        -77.1053546972617,
        38.80337529340329
       ],
       [
        -77.10191674773075,
        38.803516011904016
       ],
       [
        -77.09840679471479,
        38.803330296208294
       ],
       [
        -77.07770102146102,
        38.80083663347463
       ],
       [
        -77.07422403389603,
        38.800329392367395
       ],
       [
        -77.07149657658458,
        38.7996347993028
       ],
       [
        -77.06898686475186,
        38.79876921689722
       ],
       [
        -77.0630313957814,
        38.796423635841634
       ],
       [
        -77.06361436375636,
        38.79535024820825
       ],
       [
        -77.06014778633379,
        38.79416968543769
       ],
       [
        -77.05652418926319,
        38.7924647008127
       ],
       [
        -77.05268458173758,
        38.79076380684181
       ],
       [
        -77.0510258990469,
        38.789763232851236
       ],
       [
        -77.04136181684282,
        38.785414867552866
       ],
       [
        -77.04136441937843,
        38.76567418904219
       ],
       [
        -77.04151363141963,
        38.761037841695845
       ],
       [
        -77.04204107863508,
        38.74616176902977
       ],
       [
        -77.04228224693425,
        38.74128489122289
       ],
       [
        -77.0434212900163,
        38.73946291389092
       ],
       [
        -77.04158997246397,
        38.736817078825084
       ],
       [
        -77.04183981588181,
        38.73641292220093
       ],
       [
        -77.0416055876776,
        38.73366236639037
       ],
       [
        -77.04166978355579,
        38.72689887891688
       ],
       [
        -77.04146938831438,
        38.72584676268477
       ],
       [
        -77.04226836674437,
        38.723726985734984
       ],
       [
        -77.04267783234583,
        38.72105824300625
       ],
       [
        -77.04333800887701,
        38.71846804083604
       ],
       [
        -77.0454425926676,
        38.71576575474376
       ],
       [
        -77.04619559296859,
        38.714431383379384
       ],
       [
        -77.04831492446093,
        38.7128073937054
       ],
       [
        -77.05189601345002,
        38.71108686459487
       ],
       [
        -77.05354515351016,
        38.7098023992104
       ],
       [
        -77.0565077065377,
        38.71021637340438
       ],
       [
        -77.06179172132272,
        38.70980976238776
       ],
       [
        -77.07183403870104,
        38.71008465434266
       ],
       [
        -77.073156994299,
        38.71081115450916
       ],
       [
        -77.07418326083827,
        38.71198680849481
       ],
       [
        -77.07418586337387,
        38.71282375632176
       ],
       [
        -77.07509328078729,
        38.71260367913168
       ],
       [
        -77.0779231044991,
        38.71345780770581
       ],
       [
        -77.07981428037029,
        38.712672402120404
       ],
       [
        -77.0807963038043,
        38.711143315621314
       ],
       [
        -77.08083013676713,
        38.71038327209127
       ],
       [
        -77.07992792442492,
        38.709063627081626
       ],
       [
        -77.08161436749536,
        38.70792560711361
       ],
       [
        -77.08413969454169,
        38.706834220602225
       ],
       [
        -77.0863908878379,
        38.70622716753517
       ],
       [
        -77.08896132550133,
        38.70508423878224
       ],
       [
        -77.091012991068,
        38.70362387527188
       ],
       [
        -77.09329801732702,
        38.702719022587026
       ],
       [
        -77.0958701900142,
        38.70064015217815
       ],
       [
        -77.0985455966136,
        38.69893434942235
       ],
       [
        -77.10101974045975,
        38.69807285767086
       ],
       [
        -77.10237913155613,
        38.698188214116215
       ],
       [
        -77.10408032232833,
        38.69742898871699
       ],
       [
        -77.10867466517867,
        38.694523806181806
       ],
       [
        -77.12263206361506,
        38.685256020274025
       ],
       [
        -77.12731836272336,
        38.678602162330165
       ],
       [
        -77.12957476109077,
        38.676762186120186
       ],
       [
        -77.1301638016488,
        38.67595632726433
       ],
       [
        -77.13243928527729,
        38.67414334937135
       ],
       [
        -77.13304480856081,
        38.67012469079269
       ],
       [
        -77.13473211914312,
        38.66000604883405
       ],
       [
        -77.13589805509305,
        38.65277377240177
       ],
       [
        -77.13642116474917,
        38.650235930603934
       ],
       [
        -77.13629277299277,
        38.64723093610894
       ],
       [
        -77.13527865161966,
        38.64623690716491
       ],
       [
        -77.13339701837901,
        38.64524860513661
       ],
       [
        -77.13281231538032,
        38.64421694217494
       ],
       [
        -77.13350719238619,
        38.64252504764305
       ],
       [
        -77.13305608621509,
        38.64127085309885
       ],
       [
        -77.13152926532827,
        38.63877800849601
       ],
       [
        -77.13109203934704,
        38.63688403565204
       ],
       [
        -77.12968233256234,
        38.63470371702172
       ],
       [
        -77.16636507188007,
        38.62510622439422
       ],
       [
        -77.17314901468401,
        38.62424718703519
       ],
       [
        -77.17473135633035,
        38.62428318479119
       ],
       [
        -77.18020709123809,
        38.62326215753016
       ],
       [
        -77.1826100991111,
        38.62179197644998
       ],
       [
        -77.18528724073424,
        38.62167907439708
       ],
       [
        -77.18930382068082,
        38.62065968339768
       ],
       [
        -77.1903483049693,
        38.619640292398294
       ],
       [
        -77.19164783774684,
        38.61916823091623
       ],
       [
        -77.19358065418766,
        38.61943330530131
       ],
       [
        -77.1969813007083,
        38.619539662307666
       ],
       [
        -77.20026396561497,
        38.61888515765316
       ],
       [
        -77.2017343982304,
        38.61775859151659
       ],
       [
        -77.20369584256284,
        38.61817174757975
       ],
       [
        -77.22733640846441,
        38.60457032272833
       ],
       [
        -77.22928137007138,
        38.618400006078005
       ],
       [
        -77.23014627940329,
        38.62508495299296
       ],
       [
        -77.22886756691057,
        38.62752789161589
       ],
       [
        -77.22176958481059,
        38.639029992788
       ],
       [
        -77.22069213507113,
        38.641225855903855
       ],
       [
        -77.22023669134069,
        38.644741364029365
       ],
       [
        -77.22059323871824,
        38.646981406209406
       ],
       [
        -77.22148157087057,
        38.649192813810814
       ],
       [
        -77.22368331599031,
        38.652063634851636
       ],
       [
        -77.23846224816525,
        38.66548670718471
       ],
       [
        -77.23949458728758,
        38.66653391463192
       ],
       [
        -77.24360138846839,
        38.67093464030264
       ],
       [
        -77.24575628794729,
        38.67227310232111
       ],
       [
        -77.24970086440887,
        38.673730193308195
       ],
       [
        -77.25044518959119,
        38.67424316133116
       ],
       [
        -77.25183060604361,
        38.677334059562064
       ],
       [
        -77.25478014639314,
        38.68117763814564
       ],
       [
        -77.25565286333186,
        38.68212421550222
       ],
       [
        -77.25868134726134,
        38.68435116758917
       ],
       [
        -77.26195793958495,
        38.685977611655616
       ],
       [
        -77.26512782794883,
        38.68709926900727
       ],
       [
        -77.267772004121,
        38.689180593808594
       ],
       [
        -77.26926065448565,
        38.68966983603784
       ],
       [
        -77.27199418438019,
        38.691595715983716
       ],
       [
        -77.27410570826571,
        38.693614862842864
       ],
       [
        -77.27524301632401,
        38.69421700712501
       ],
       [
        -77.28114209702309,
        38.69584508745309
       ],
       [
        -77.28206165960266,
        38.69626887921688
       ],
       [
        -77.28688242305043,
        38.69924278474079
       ],
       [
        -77.29035333803233,
        38.700655696663695
       ],
       [
        -77.29416258264258,
        38.70278529118329
       ],
       [
        -77.29751898605798,
        38.703776865734866
       ],
       [
        -77.29926702247103,
        38.704657992626
       ],
       [
        -77.30127270990872,
        38.7070632972313
       ],
       [
        -77.3020604106844,
        38.70762208058008
       ],
       [
        -77.30422485279385,
        38.708081870099875
       ],
       [
        -77.30622793769594,
        38.70773334637135
       ],
       [
        -77.30905168882468,
        38.706461971079975
       ],
       [
        -77.31127425422925,
        38.70439619076419
       ],
       [
        -77.31275075942776,
        38.70225923306724
       ],
       [
        -77.31411622310722,
        38.701458282996285
       ],
       [
        -77.31608374002273,
        38.70117193720994
       ],
       [
        -77.3200474017454,
        38.70127665795466
       ],
       [
        -77.32537826217126,
        38.70168817775618
       ],
       [
        -77.32640886626986,
        38.70227805007605
       ],
       [
        -77.32704041490942,
        38.7033678003258
       ],
       [
        -77.32682787450187,
        38.70426283544084
       ],
       [
        -77.32486209261009,
        38.70674340808141
       ],
       [
        -77.32352091926292,
        38.70805732617533
       ],
       [
        -77.32036317606517,
        38.70949969080769
       ],
       [
        -77.32023304928505,
        38.71084224348024
       ],
       [
        -77.32072492851393,
        38.71171682532483
       ],
       [
        -77.32244607205907,
        38.712458051846056
       ],
       [
        -77.3255214016294,
        38.712570953898954
       ],
       [
        -77.32888301011602,
        38.71140102682903
       ],
       [
        -77.33127213779913,
        38.71121694739495
       ],
       [
        -77.33249793206794,
        38.71179372962173
       ],
       [
        -77.33296378594079,
        38.71279103108903
       ],
       [
        -77.3321969054499,
        38.71756400628201
       ],
       [
        -77.33278074093674,
        38.71844267878068
       ],
       [
        -77.33537807146807,
        38.719453070341075
       ],
       [
        -77.33819922006121,
        38.71985477257277
       ],
       [
        -77.3414654022424,
        38.7199824009804
       ],
       [
        -77.34469601643701,
        38.72113023851824
       ],
       [
        -77.3476897998918,
        38.721105694593696
       ],
       [
        -77.35114856970758,
        38.72162766205567
       ],
       [
        -77.352344001061,
        38.72222571568372
       ],
       [
        -77.355761997819,
        38.72537306494107
       ],
       [
        -77.3566780903511,
        38.72544260606061
       ],
       [
        -77.35781626592126,
        38.7248420980401
       ],
       [
        -77.35981935082334,
        38.72305120967921
       ],
       [
        -77.36142685031385,
        38.72043891797692
       ],
       [
        -77.36332583379183,
        38.71550313475114
       ],
       [
        -77.36471732282732,
        38.714783997762
       ],
       [
        -77.36709083529684,
        38.71408285965086
       ],
       [
        -77.36786118583518,
        38.71326391070191
       ],
       [
        -77.36849013193913,
        38.71085206105006
       ],
       [
        -77.3703067017897,
        38.71027527882328
       ],
       [
        -77.37338723643124,
        38.71161374084174
       ],
       [
        -77.3758396924807,
        38.71386114619915
       ],
       [
        -77.37861833299233,
        38.717311203859204
       ],
       [
        -77.38010438082138,
        38.720272837420836
       ],
       [
        -77.38053466670766,
        38.72276486389286
       ],
       [
        -77.38027007558807,
        38.72473574103374
       ],
       [
        -77.37973742330142,
        38.726079111837116
       ],
       [
        -77.37778812413512,
        38.72865376952177
       ],
       [
        -77.37744111938812,
        38.7295578040758
       ],
       [
        -77.37781588451489,
        38.733245937803936
       ],
       [
        -77.37833465661166,
        38.73472020953821
       ],
       [
        -77.37949972504973,
        38.736453010611015
       ],
       [
        -77.38059973009773,
        38.73754194272995
       ],
       [
        -77.38576229322129,
        38.741415792153795
       ],
       [
        -77.3872414009554,
        38.74184203831004
       ],
       [
        -77.38970773719474,
        38.74300869285669
       ],
       [
        -77.3898127061307,
        38.74409271619072
       ],
       [
        -77.38806033215833,
        38.747056804144805
       ],
       [
        -77.38796837590037,
        38.74815719009519
       ],
       [
        -77.38846893024792,
        38.749053861471864
       ],
       [
        -77.39130309151909,
        38.74912585698386
       ],
       [
        -77.3937781028771,
        38.74974272762073
       ],
       [
        -77.39555563469364,
        38.74973127378927
       ],
       [
        -77.39749539122938,
        38.74918885305686
       ],
       [
        -77.40135668655168,
        38.75224866231667
       ],
       [
        -77.4021999080869,
        38.75239101707902
       ],
       [
        -77.40399479014079,
        38.75169724214524
       ],
       [
        -77.40513209819909,
        38.7493892951073
       ],
       [
        -77.4044805967866,
        38.74761804188604
       ],
       [
        -77.40375015179416,
        38.746565925653925
       ],
       [
        -77.40452657491558,
        38.74584678866479
       ],
       [
        -77.40687926710027,
        38.74603495875296
       ],
       [
        -77.40843992094992,
        38.74503683915484
       ],
       [
        -77.41081603595504,
        38.74465886271686
       ],
       [
        -77.41181714465014,
        38.7450302941083
       ],
       [
        -77.41162976208676,
        38.747505139833144
       ],
       [
        -77.41061564071364,
        38.74931566333367
       ],
       [
        -77.40684109657809,
        38.752481011469015
       ],
       [
        -77.40668234190635,
        38.75395937385738
       ],
       [
        -77.41430863873364,
        38.75765977954778
       ],
       [
        -77.41594476611577,
        38.758188292056296
       ],
       [
        -77.41718617559818,
        38.76126119140919
       ],
       [
        -77.41534791795091,
        38.76219467867268
       ],
       [
        -77.41366407741607,
        38.76190178783979
       ],
       [
        -77.41278008282308,
        38.762742826320824
       ],
       [
        -77.41280871071471,
        38.76532811970612
       ],
       [
        -77.41410477344478,
        38.766466139674144
       ],
       [
        -77.41523427389627,
        38.766613403221406
       ],
       [
        -77.41581463933564,
        38.76755834431635
       ],
       [
        -77.41533837532037,
        38.76948667865468
       ],
       [
        -77.41483782097282,
        38.77008473228273
       ],
       [
        -77.41283213353513,
        38.77117039187839
       ],
       [
        -77.41262913575814,
        38.77171199447999
       ],
       [
        -77.41352007044607,
        38.77268066136866
       ],
       [
        -77.41548411731412,
        38.773494701532705
       ],
       [
        -77.41763988430488,
        38.77470962579763
       ],
       [
        -77.41959872610173,
        38.77532731456532
       ],
       [
        -77.42028926554826,
        38.775944185202185
       ],
       [
        -77.42140315078615,
        38.77603581585382
       ],
       [
        -77.4220373019613,
        38.77714111058911
       ],
       [
        -77.42496688953788,
        38.77821286196086
       ],
       [
        -77.43015894806494,
        38.78118431309232
       ],
       [
        -77.4329401911122,
        38.77974194845995
       ],
       [
        -77.43355005195505,
        38.7806917983398
       ],
       [
        -77.4332603029913,
        38.78527414905215
       ],
       [
        -77.43299484435984,
        38.78694968096768
       ],
       [
        -77.43430305225606,
        38.78857285251085
       ],
       [
        -77.4354846034196,
        38.78943761678562
       ],
       [
        -77.43664967185767,
        38.79094297749098
       ],
       [
        -77.43638768327368,
        38.792599692397694
       ],
       [
        -77.43782428292629,
        38.79494772784573
       ],
       [
        -77.43939274438274,
        38.79897620399421
       ],
       [
        -77.4415701991702,
        38.801356964674966
       ],
       [
        -77.44298424351425,
        38.80357737171537
       ],
       [
        -77.44730879017379,
        38.80389726086526
       ],
       [
        -77.44893537492537,
        38.80316994256794
       ],
       [
        -77.45058625000925,
        38.80222663773464
       ],
       [
        -77.45003798250897,
        38.80038420713221
       ],
       [
        -77.45194217105816,
        38.796639622377626
       ],
       [
        -77.45289556660056,
        38.7961511982792
       ],
       [
        -77.45571758270557,
        38.79612501809302
       ],
       [
        -77.4565929021799,
        38.7958623981004
       ],
       [
        -77.45733462482663,
        38.796839246297246
       ],
       [
        -77.45861767487867,
        38.797654104592105
       ],
       [
        -77.45965695409595,
        38.79758210908011
       ],
       [
        -77.46051405582105,
        38.79639091060891
       ],
       [
        -77.46236966370566,
        38.79549178483978
       ],
       [
        -77.4645367083507,
        38.79634182275982
       ],
       [
        -77.46619712606513,
        38.7966208053688
       ],
       [
        -77.4704167037887,
        38.795710225768225
       ],
       [
        -77.47189494401094,
        38.79635491285291
       ],
       [
        -77.47443501875901,
        38.796614260322265
       ],
       [
        -77.47577272205872,
        38.79750602291402
       ],
       [
        -77.4759123914694,
        38.798873937641936
       ],
       [
        -77.47683108653709,
        38.79936563426364
       ],
       [
        -77.47970775588975,
        38.79902529184329
       ],
       [
        -77.48032542433943,
        38.798137619905624
       ],
       [
        -77.48042865825165,
        38.79656926312727
       ],
       [
        -77.48329665248565,
        38.797155862923866
       ],
       [
        -77.48495533517634,
        38.79709613937414
       ],
       [
        -77.48696883022083,
        38.79654717359517
       ],
       [
        -77.49037207927708,
        38.79739721151521
       ],
       [
        -77.49275686940086,
        38.7976631040311
       ],
       [
        -77.49435742879642,
        38.79879212456012
       ],
       [
        -77.49399480883581,
        38.800754820392825
       ],
       [
        -77.4916291039731,
        38.803285299013304
       ],
       [
        -77.48973532556633,
        38.805861592959594
       ],
       [
        -77.48922783112383,
        38.80850497363298
       ],
       [
        -77.48938918833119,
        38.80912020800821
       ],
       [
        -77.491033990832,
        38.811217077295076
       ],
       [
        -77.49352721993922,
        38.812259375957375
       ],
       [
        -77.4972098078168,
        38.813259131817134
       ],
       [
        -77.49967527654428,
        38.81353975068775
       ],
       [
        -77.50130966890266,
        38.8140019946
       ],
       [
        -77.50505905519405,
        38.81619867584668
       ],
       [
        -77.50557522475522,
        38.818769242877245
       ],
       [
        -77.50640196356495,
        38.82076466394267
       ],
       [
        -77.50344114556114,
        38.82477595934396
       ],
       [
        -77.50393996488496,
        38.82563908735709
       ],
       [
        -77.50915978379179,
        38.82805911831712
       ],
       [
        -77.51166429055328,
        38.82965365528165
       ],
       [
        -77.51237998784399,
        38.8305625986206
       ],
       [
        -77.511162001182,
        38.832154681192684
       ],
       [
        -77.5104731967592,
        38.833820395538396
       ],
       [
        -77.51099196885596,
        38.83563337343138
       ],
       [
        -77.51049661957961,
        38.83652186349986
       ],
       [
        -77.50802768080467,
        38.83680002797803
       ],
       [
        -77.50755141678941,
        38.83751834683635
       ],
       [
        -77.50871822025121,
        38.839104702492705
       ],
       [
        -77.50829660948361,
        38.840335171243176
       ],
       [
        -77.50969764114964,
        38.8414780999961
       ],
       [
        -77.51121058184658,
        38.841367652335656
       ],
       [
        -77.51195664205264,
        38.8407965970246
       ],
       [
        -77.51496083564983,
        38.84004800732601
       ],
       [
        -77.52195124627825,
        38.83731135973936
       ],
       [
        -77.52356395083994,
        38.83693665582466
       ],
       [
        -77.52762737642738,
        38.83743980627781
       ],
       [
        -77.5296157136277,
        38.837011105729104
       ],
       [
        -77.53246202006501,
        38.83863018661819
       ],
       [
        -77.534911006067,
        38.839350141738144
       ],
       [
        -77.53612031761031,
        38.84068614936415
       ],
       [
        -77.53702426497627,
        38.842477855855854
       ],
       [
        -77.5363823061943,
        38.84447818570619
       ],
       [
        -77.53495785170784,
        38.84678695087495
       ],
       [
        -77.53599105834205,
        38.847367823755825
       ],
       [
        -77.49682116250015,
        38.88715434357234
       ],
       [
        -77.46565059358859,
        38.91878000847801
       ],
       [
        -77.42927842351942,
        38.955630256788254
       ],
       [
        -77.42241640464741,
        38.962578641826646
       ],
       [
        -77.4135244080054,
        38.971573172041175
       ],
       [
        -77.41305508408509,
        38.97205014230814
       ],
       [
        -77.40856831270631,
        38.97659076834877
       ],
       [
        -77.40095502855702,
        38.98429183373983
       ],
       [
        -77.37110307768408,
        39.01448004279804
       ],
       [
        -77.32831825989025,
        39.057678168126166
       ],
       [
        -77.32687992521393,
        39.05737627785428
       ],
       [
        -77.32390262448462,
        39.05558375323175
       ],
       [
        -77.32301429233229,
        39.05544630725431
       ],
       [
        -77.32017058843059,
        39.053558061326065
       ],
       [
        -77.31852665344165,
        39.05358915029715
       ],
       [
        -77.31694517930718,
        39.052690024528026
       ],
       [
        -77.3129312018962,
        39.05179826193626
       ],
       [
        -77.30825878297779,
        39.05219996416796
       ],
       [
        -77.30696879283079,
        39.05208624398424
       ],
       [
        -77.30466207877508,
        39.05137037951838
       ],
       [
        -77.29977191437791,
        39.048915987063985
       ],
       [
        -77.29514113602913,
        39.04738117364917
       ],
       [
        -77.29306604764204,
        39.046468957786956
       ],
       [
        -77.29038803850703,
        39.04493987128787
       ],
       [
        -77.28771523444324,
        39.04293136012936
       ],
       [
        -77.28607303447804,
        39.041348276996274
       ],
       [
        -77.27921535316536,
        39.03711526814327
       ],
       [
        -77.27763734907835,
        39.03583325715126
       ],
       [
        -77.27503741601141,
        39.03428371738172
       ],
       [
        -77.27319135075734,
        39.033872197580195
       ],
       [
        -77.26807563327463,
        39.03222611837412
       ],
       [
        -77.26033742741643,
        39.03118872849673
       ],
       [
        -77.25904917229317,
        39.03050722552523
       ],
       [
        -77.25615341767941,
        39.03012434030234
       ],
       [
        -77.25437762088661,
        39.02956719321519
       ],
       [
        -77.25174819241619,
        39.028152645030644
       ],
       [
        -77.25050938546939,
        39.0272257028137
       ],
       [
        -77.24909100356601,
        39.026874724692725
       ],
       [
        -77.2477932058122,
        39.02612940751741
       ],
       [
        -77.2463167006137,
        39.02468131596932
       ],
       [
        -77.24509264136864,
        39.02214592856393
       ],
       [
        -77.24491566894767,
        39.02122225887026
       ],
       [
        -77.24484106292707,
        39.02033867758668
       ],
       [
        -77.24530778431179,
        39.01777710999511
       ],
       [
        -77.24652403595003,
        39.01597394967195
       ],
       [
        -77.24686757064957,
        39.0148662005442
       ],
       [
        -77.24790771737872,
        39.013883625431625
       ],
       [
        -77.25066987516487,
        39.01228990659791
       ],
       [
        -77.25143415312016,
        39.01161413054213
       ],
       [
        -77.2532593980894,
        39.0091581018261
       ],
       [
        -77.2544019112189,
        39.006351913119914
       ],
       [
        -77.25532407633408,
        39.004876005124004
       ],
       [
        -77.2557586997797,
        39.001991275859275
       ],
       [
        -77.25502478473979,
        39.0008777998158
       ],
       [
        -77.25472462563363,
        38.9993478951859
       ],
       [
        -77.25363329570429,
        38.997827808125805
       ],
       [
        -77.25297225166125,
        38.99552067921868
       ],
       [
        -77.25033935314335,
        38.99481708671509
       ],
       [
        -77.24854273606573,
        38.99246577874378
       ],
       [
        -77.24771079218479,
        38.989483691911694
       ],
       [
        -77.24532166450166,
        38.984016941784944
       ],
       [
        -77.24506661601262,
        38.982782382380385
       ],
       [
        -77.24154972290172,
        38.98161490970291
       ],
       [
        -77.23990231786532,
        38.980709238887236
       ],
       [
        -77.23620931984532,
        38.97692211133011
       ],
       [
        -77.23487508659309,
        38.975976352104354
       ],
       [
        -77.23213288157989,
        38.979344596682594
       ],
       [
        -77.23094005276205,
        38.97928323687124
       ],
       [
        -77.23022088542389,
        38.979752025830024
       ],
       [
        -77.22878081572381,
        38.978745724923726
       ],
       [
        -77.22758278183478,
        38.976702852270854
       ],
       [
        -77.22638301292201,
        38.97410528692329
       ],
       [
        -77.2239531121811,
        38.97221867725668
       ],
       [
        -77.22116579655079,
        38.97134409541209
       ],
       [
        -77.21910025079426,
        38.971590352788354
       ],
       [
        -77.21485985278585,
        38.97055623543424
       ],
       [
        -77.21364793870694,
        38.969796191904194
       ],
       [
        -77.21151993209592,
        38.96934376556177
       ],
       [
        -77.21025596730497,
        38.9700539031119
       ],
       [
        -77.2081696012636,
        38.970251890769894
       ],
       [
        -77.20619340922941,
        38.96958920480721
       ],
       [
        -77.2045702945253,
        38.96842336839137
       ],
       [
        -77.20069164896564,
        38.96726080449881
       ],
       [
        -77.19777420655521,
        38.96673965516766
       ],
       [
        -77.19471188966288,
        38.967672324300324
       ],
       [
        -77.19435707730908,
        38.96819183736984
       ],
       [
        -77.19122015439615,
        38.9680593001773
       ],
       [
        -77.18967511576011,
        38.96757005794806
       ],
       [
        -77.18416988544888,
        38.967849858687856
       ],
       [
        -77.1831627041707,
        38.96864671810472
       ],
       [
        -77.18120039232639,
        38.96876534707335
       ],
       [
        -77.17981410836211,
        38.968327647085644
       ],
       [
        -77.17774075499875,
        38.96798730466531
       ],
       [
        -77.17526227359328,
        38.968118205596205
       ],
       [
        -77.1722841053521,
        38.967452247110245
       ],
       [
        -77.17100973041873,
        38.96649012526812
       ],
       [
        -77.16914024234424,
        38.96627495686296
       ],
       [
        -77.16839157960258,
        38.96706363497164
       ],
       [
        -77.16554874321274,
        38.967763954951955
       ],
       [
        -77.16278918796219,
        38.967241987489984
       ],
       [
        -77.16068807421908,
        38.96619068938869
       ],
       [
        -77.15886976934478,
        38.9658528013608
       ],
       [
        -77.15727528253228,
        38.96605406154206
       ],
       [
        -77.14997256763156,
        38.9653971024951
       ],
       [
        -77.14754526942627,
        38.9645756991537
       ],
       [
        -77.14508066821067,
        38.96314560648361
       ],
       [
        -77.14254666604566,
        38.960521042819046
       ],
       [
        -77.14089579096179,
        38.95840372026172
       ],
       [
        -77.13946613140413,
        38.95741623636424
       ],
       [
        -77.13801131400231,
        38.95582006313806
       ],
       [
        -77.13637518662019,
        38.95474094858895
       ],
       [
        -77.13525262626362,
        38.953512934230936
       ],
       [
        -77.13293463455364,
        38.94923738257538
       ],
       [
        -77.13173573315274,
        38.94751276281076
       ],
       [
        -77.12997208152608,
        38.94423205823006
       ],
       [
        -77.12913927013327,
        38.94225381791182
       ],
       [
        -77.12819975478075,
        38.940873631221635
       ],
       [
        -77.12449808164209,
        38.93844787334587
       ],
       [
        -77.11979182976083,
        38.9343744000024
       ],
       [
        -77.14216843087144,
        38.916830402738405
       ],
       [
        -77.15709831011131,
        38.90516876605677
       ],
       [
        -77.1722762977453,
        38.89324532751333
       ],
       [
        -77.18881974905875,
        38.89626586649387
       ],
       [
        -77.19143182729182,
        38.89779904364705
       ],
       [
        -77.19052527739028,
        38.898779982497985
       ],
       [
        -77.19146392523092,
        38.89988282284082
       ],
       [
        -77.19275565040165,
        38.89977401144201
       ],
       [
        -77.19479690582591,
        38.8989836970717
       ],
       [
        -77.19484201644302,
        38.89797085111885
       ],
       [
        -77.19376803675104,
        38.89696209582009
       ],
       [
        -77.18985382320483,
        38.8943948013128
       ],
       [
        -77.19069097215697,
        38.892822353880355
       ],
       [
        -77.19146566025466,
        38.89358566993367
       ],
       [
        -77.19226984375584,
        38.89278308360108
       ],
       [
        -77.1909599008359,
        38.89231511277311
       ],
       [
        -77.19426338602739,
        38.88609404603205
       ],
       [
        -77.18975405934006,
        38.87813608756409
       ],
       [
        -77.18756098933899,
        38.87878813782614
       ],
       [
        -77.17932222913323,
        38.879188203796204
       ],
       [
        -77.17902814261014,
        38.87941973481774
       ],
       [
        -77.1732427059657,
        38.87860405839206
       ],
       [
        -77.15839784288885,
        38.87317576041376
       ],
       [
        -77.1575017031297,
        38.87351773909574
       ],
       [
        -77.15827118615618,
        38.874376776454774
       ],
       [
        -77.15590634880535,
        38.872625976503976
       ],
       [
        -77.15371067626867,
        38.872715152763156
       ],
       [
        -77.1514403977114,
        38.87343183535984
       ],
       [
        -77.14978865511566,
        38.873362294240295
       ],
       [
        -77.14970103641704,
        38.87567024127824
       ],
       [
        -77.14712973124173,
        38.8736060972241
       ],
       [
        -77.13184937720737,
        38.86172683774484
       ],
       [
        -77.12444516341816,
        38.85601219398019
       ],
       [
        -77.11718495659896,
        38.85017073993874
       ],
       [
        -77.1133653018463,
        38.84738173197973
       ],
       [
        -77.11018326831626,
        38.84479480233281
       ],
       [
        -77.1105988065008,
        38.84351933638734
       ],
       [
        -77.12129522782723,
        38.840233723021726
       ],
       [
        -77.12164396759796,
        38.8413561985042
       ],
       [
        -77.12447205628605,
        38.84079414263214
       ],
       [
        -77.12464208861209,
        38.84137583364384
       ],
       [
        -77.12579327686028,
        38.84068533123333
       ],
       [
        -77.12511661760362,
        38.8395514019194
       ],
       [
        -77.12590605340306,
        38.83934605108405
       ],
       [
        -77.12469760937161,
        38.83759525113325
       ],
       [
        -77.12791174084074,
        38.836938292086295
       ],
       [
        -77.13138786089387,
        38.83333115330915
       ],
       [
        -77.13527431406031,
        38.83216040810841
       ],
       [
        -77.13490995907596,
        38.83081294665095
       ],
       [
        -77.14087236814137,
        38.82690473573274
       ],
       [
        -77.14187521186021,
        38.825437827175826
       ],
       [
        -77.14215802072903,
        38.82381301937102
       ],
       [
        -77.13851273586174,
        38.823884196752196
       ],
       [
        -77.13718978026378,
        38.8215017998098
       ],
       [
        -77.13955808766208,
        38.8195751017331
       ],
       [
        -77.13841123697324,
        38.81873979016779
       ],
       [
        -77.13974633773734,
        38.81710271040071
       ],
       [
        -77.14104934056235,
        38.81754204665005
       ],
       [
        -77.14373602481602,
        38.81419507347307
       ],
       [
        -77.1438461988232,
        38.81042430853231
       ],
       [
        -77.1443588983369,
        38.810357221805226
       ],
       [
        -77.14320597506497,
        38.80562433502234
       ],
       [
        -77.14234974085174,
        38.805760144738144
       ],
       [
        -77.13986171681572,
        38.80020176395976
       ],
       [
        -77.13774238532339,
        38.800757274785276
       ],
       [
        -77.13756194285494,
        38.79816870887671
       ],
       [
        -77.13449095084395,
        38.798603136341136
       ]
      ],
      [
       [
        -77.27052028171728,
        38.84090213590014
       ],
       [
        -77.26997721928822,
        38.84333934760735
       ],
       [
        -77.27174434096234,
        38.84848784484585
       ],
       [
        -77.27097225540025,
        38.851303851121855
       ],
       [
        -77.26938123863523,
        38.8517300972781
       ],
       [
        -77.26900560599661,
        38.85230197071997
       ],
       [
        -77.26924417176018,
        38.853709973857974
       ],
       [
        -77.26884164625365,
        38.8544152026232
       ],
       [
        -77.26980892198593,
        38.855593311001314
       ],
       [
        -77.2686239007749,
        38.85993267686068
       ],
       [
        -77.26888241931142,
        38.862694686502685
       ],
       [
        -77.26993991627792,
        38.86504026755827
       ],
       [
        -77.27059662276162,
        38.8660752030432
       ],
       [
        -77.27414995137094,
        38.86631000658801
       ],
       [
        -77.29165894339295,
        38.86749793253593
       ],
       [
        -77.2906986077556,
        38.87099707804508
       ],
       [
        -77.29186801375302,
        38.87109198121998
       ],
       [
        -77.29248741722641,
        38.87169167110967
       ],
       [
        -77.29740707702707,
        38.87044238535039
       ],
       [
        -77.30053532482133,
        38.869881965739964
       ],
       [
        -77.30313872793573,
        38.86920782594583
       ],
       [
        -77.30475403503303,
        38.863382734520734
       ],
       [
        -77.30757605113806,
        38.86317492929293
       ],
       [
        -77.30962684919285,
        38.865580233898235
       ],
       [
        -77.31188064502464,
        38.866731343959344
       ],
       [
        -77.31426803768403,
        38.867002963390966
       ],
       [
        -77.31724186836587,
        38.866900697038695
       ],
       [
        -77.32878758381058,
        38.86484800681601
       ],
       [
        -77.32881274165474,
        38.86389324815125
       ],
       [
        -77.33249099197299,
        38.857880804768804
       ],
       [
        -77.33485235927635,
        38.85373697217497
       ],
       [
        -77.334821996361,
        38.85149202121002
       ],
       [
        -77.33155841671541,
        38.85174564176364
       ],
       [
        -77.33046101420301,
        38.848878911376914
       ],
       [
        -77.33053909027109,
        38.84780797813598
       ],
       [
        -77.33124697995498,
        38.847332644130645
       ],
       [
        -77.32588922666123,
        38.846988211056214
       ],
       [
        -77.32269157791758,
        38.84319617471417
       ],
       [
        -77.31875480906281,
        38.84201397568198
       ],
       [
        -77.31868887816088,
        38.8346507983188
       ],
       [
        -77.31622427694528,
        38.83640814331614
       ],
       [
        -77.31410581296481,
        38.835823997912
       ],
       [
        -77.31273514421414,
        38.83630587696388
       ],
       [
        -77.31192315310615,
        38.835707823335824
       ],
       [
        -77.31198821649622,
        38.83676893900694
       ],
       [
        -77.31036076423277,
        38.83664785564586
       ],
       [
        -77.30804884510584,
        38.836880204798206
       ],
       [
        -77.30785886000686,
        38.83574218483019
       ],
       [
        -77.30396199669799,
        38.83608089098889
       ],
       [
        -77.30306672445073,
        38.83282227594027
       ],
       [
        -77.30132562813263,
        38.8331028948109
       ],
       [
        -77.30228422874623,
        38.83533966446767
       ],
       [
        -77.30023776825077,
        38.83504022858823
       ],
       [
        -77.29716157116857,
        38.83498377756178
       ],
       [
        -77.29673475532975,
        38.83731381413182
       ],
       [
        -77.29062833929434,
        38.83651695471496
       ],
       [
        -77.28839623125923,
        38.83652186349986
       ],
       [
        -77.28829473237073,
        38.836234699582704
       ],
       [
        -77.2872571881772,
        38.8361217975298
       ],
       [
        -77.28734740941141,
        38.838631004749004
       ],
       [
        -77.28647035491335,
        38.8386170965251
       ],
       [
        -77.28637406109605,
        38.841716994195
       ],
       [
        -77.27853522386123,
        38.840676331794334
       ],
       [
        -77.27859768471568,
        38.841977159795164
       ],
       [
        -77.27052028171728,
        38.84090213590014
       ]
      ]
     ],
     [
      [
       [
        -77.31647672289873,
        38.84614635444436
       ],
       [
        -77.31467923830924,
        38.84617008023808
       ],
       [
        -77.31498807253408,
        38.84545667016467
       ],
       [
        -77.3120741001711,
        38.845518029976034
       ],
       [
        -77.31177914613615,
        38.846598780786785
       ],
       [
        -77.3106054025794,
        38.84683522059322
       ],
       [
        -77.30844703305303,
        38.84616271706072
       ],
       [
        -77.30818330944531,
        38.84666995816796
       ],
       [
        -77.3066053053583,
        38.846259256497255
       ],
       [
        -77.3087654099084,
        38.842840287808286
       ],
       [
        -77.316488000553,
        38.84500506195306
       ],
       [
        -77.31647672289873,
        38.84614635444436
       ]
      ]
     ]
    ]
   }
  },
  {
   "type": "Feature",
   "properties": {
    "name": "Annandale",
    "geoid": "5101912"
   },
   "geometry": {
    "type": "Polygon",
    "coordinates": [
     [
      [
       -77.21793084479684,
       38.834253186741186
      ],
      [
       -77.2183403103983,
       38.83721318404118
      ],
      [
       -77.21955395950096,
       38.842237325395324
      ],
      [
       -77.21985064855964,
       38.84541085483885
      ],
      [
       -77.21971184666084,
       38.854173854031856
      ],
      [
       -77.21997036519737,
       38.86585430772231
      ],
      [
       -77.21249501543501,
       38.86597866360666
      ],
      [
       -77.21286284046684,
       38.86370425993226
      ],
      [
       -77.2125167032317,
       38.860156026574025
      ],
      [
       -77.21260692446593,
       38.858870743058745
      ],
      [
       -77.21181228359528,
       38.857503646461645
      ],
      [
       -77.2102151942472,
       38.8566756980737
      ],
      [
       -77.20811581552782,
       38.856327174345175
      ],
      [
       -77.20677117213317,
       38.854727728595726
      ],
      [
       -77.20491643176044,
       38.85380978581779
      ],
      [
       -77.20206318522818,
       38.853435081903086
      ],
      [
       -77.19996814406814,
       38.853920233478235
      ],
      [
       -77.19888028418629,
       38.85544113866914
      ],
      [
       -77.19657530515431,
       38.854527286545284
      ],
      [
       -77.19719557613958,
       38.85343671816472
      ],
      [
       -77.19641481545881,
       38.852508139686144
      ],
      [
       -77.19518468363069,
       38.852163706611705
      ],
      [
       -77.1948853920364,
       38.851334121962125
      ],
      [
       -77.19266022409623,
       38.84967577079377
      ],
      [
       -77.19203301301602,
       38.849823034341036
      ],
      [
       -77.19044112873912,
       38.849121896229896
      ],
      [
       -77.18923875729075,
       38.84754699440499
      ],
      [
       -77.18695286351986,
       38.84766562337362
      ],
      [
       -77.18543558526359,
       38.84697021217821
      ],
      [
       -77.18394693489894,
       38.84765498767299
      ],
      [
       -77.18184929120329,
       38.84704220769021
      ],
      [
       -77.17926237081437,
       38.846724772932774
      ],
      [
       -77.17660257942858,
       38.84671822788623
      ],
      [
       -77.17470359595059,
       38.84647360677161
      ],
      [
       -77.17455178137378,
       38.84489297803098
      ],
      [
       -77.17350382703783,
       38.842346136794134
      ],
      [
       -77.17222077698578,
       38.84064687908488
      ],
      [
       -77.17119711298211,
       38.83752407375208
      ],
      [
       -77.17046406545407,
       38.837659065337064
      ],
      [
       -77.16374171599271,
       38.83804767747568
      ],
      [
       -77.16253934454434,
       38.83796913691714
      ],
      [
       -77.15853577727577,
       38.83649322892123
      ],
      [
       -77.15778798204599,
       38.83642368780169
      ],
      [
       -77.15768301311002,
       38.8361037986518
      ],
      [
       -77.16490157935958,
       38.83157380831181
      ],
      [
       -77.17076509207209,
       38.82774986486787
      ],
      [
       -77.17416834112834,
       38.82526683783484
      ],
      [
       -77.16349100506301,
       38.822639001647005
      ],
      [
       -77.1653925910766,
       38.817852936360936
      ],
      [
       -77.16743905157205,
       38.817137071895075
      ],
      [
       -77.16983338432638,
       38.81491502859303
      ],
      [
       -77.17060807242407,
       38.813452210690215
      ],
      [
       -77.17214703847704,
       38.812059752037754
      ],
      [
       -77.17343008852909,
       38.81190676157476
      ],
      [
       -77.18613393231693,
       38.81187076381877
      ],
      [
       -77.19461819838119,
       38.811735772233774
      ],
      [
       -77.19995773392573,
       38.81152714887515
      ],
      [
       -77.21738691485591,
       38.811393793551794
      ],
      [
       -77.21758470756171,
       38.811389702897706
      ],
      [
       -77.22073984822384,
       38.81561534857335
      ],
      [
       -77.22181816547517,
       38.818306180834185
      ],
      [
       -77.22210184185585,
       38.821697333075335
      ],
      [
       -77.22116232650333,
       38.82483159223959
      ],
      [
       -77.21926768058468,
       38.82847472877273
      ],
      [
       -77.21829606729307,
       38.83110338309138
      ],
      [
       -77.21793084479684,
       38.834253186741186
      ]
     ]
    ]
   }
  },
  {
   "type": "Feature",
   "properties": {
    "name": "Bailey's Crossroads",
    "geoid": "5104088"
   },
   "geometry": {
    "type": "Polygon",
    "coordinates": [
     [
      [
       -77.14200794117595,
       38.85724511712312
      ],
      [
       -77.13991116499217,
       38.856099733977736
      ],
      [
       -77.13820303412504,
       38.859845136863136
      ],
      [
       -77.13736762019663,
       38.86107315122115
      ],
      [
       -77.13650878344778,
       38.86156402971203
      ],
      [
       -77.13184937720737,
       38.86172683774484
      ],
      [
       -77.12444516341816,
       38.85601219398019
      ],
      [
       -77.11718495659896,
       38.85017073993874
      ],
      [
       -77.1133653018463,
       38.84738173197973
      ],
      [
       -77.11018326831626,
       38.84479480233281
      ],
      [
       -77.1105988065008,
       38.84351933638734
      ],
      [
       -77.12129522782723,
       38.840233723021726
      ],
      [
       -77.12164396759796,
       38.8413561985042
      ],
      [
       -77.12447205628605,
       38.84079414263214
      ],
      [
       -77.12464208861209,
       38.84137583364384
      ],
      [
       -77.12579327686028,
       38.84068533123333
      ],
      [
       -77.12511661760362,
       38.8395514019194
      ],
      [
       -77.12590605340306,
       38.83934605108405
      ],
      [
       -77.12469760937161,
       38.83759525113325
      ],
      [
       -77.12791174084074,
       38.836938292086295
      ],
      [
       -77.13138786089387,
       38.83333115330915
      ],
      [
       -77.13527431406031,
       38.83216040810841
      ],
      [
       -77.135296001857,
       38.83289508958309
      ],
      [
       -77.13624505984006,
       38.834867602985604
      ],
      [
       -77.13627802529102,
       38.8369342014322
      ],
      [
       -77.1371438021348,
       38.83779569318369
      ],
      [
       -77.1388822959173,
       38.83823339317139
      ],
      [
       -77.13772590259791,
       38.83936486809287
      ],
      [
       -77.13997883091783,
       38.84022472358272
      ],
      [
       -77.14149697668597,
       38.83992365144165
      ],
      [
       -77.14172773484273,
       38.840934861132865
      ],
      [
       -77.14252758078459,
       38.84118111850912
      ],
      [
       -77.14440140641841,
       38.840850593658594
      ],
      [
       -77.14540425013725,
       38.84116639215439
      ],
      [
       -77.14509715093615,
       38.842592394170396
      ],
      [
       -77.14344540834041,
       38.842685661083664
      ],
      [
       -77.14185005401606,
       38.84374186796987
      ],
      [
       -77.14059302932003,
       38.84546321521122
      ],
      [
       -77.14126535101735,
       38.847110112548116
      ],
      [
       -77.14279911199911,
       38.849241343329346
      ],
      [
       -77.1447406035586,
       38.849486782574786
      ],
      [
       -77.14460266917168,
       38.85053235376036
      ],
      [
       -77.1470638003398,
       38.85122612869413
      ],
      [
       -77.14751056895157,
       38.852045077643076
      ],
      [
       -77.14632468022869,
       38.85340481106281
      ],
      [
       -77.14535827200827,
       38.852948294066294
      ],
      [
       -77.14200794117595,
       38.85724511712312
      ]
     ]
    ]
   }
  },
  {
   "type": "Feature",
   "properties": {
    "name": "Belle Haven",
    "geoid": "5105928"
   },
   "geometry": {
    "type": "Polygon",
    "coordinates": [
     [
      [
       -77.07850867500967,
       38.78131194149994
      ],
      [
       -77.07627483195083,
       38.782908932856934
      ],
      [
       -77.07012937788137,
       38.78537232475033
      ],
      [
       -77.06555325278025,
       38.788707025965024
      ],
      [
       -77.05652418926319,
       38.7924647008127
      ],
      [
       -77.05268458173758,
       38.79076380684181
      ],
      [
       -77.0510258990469,
       38.789763232851236
      ],
      [
       -77.04136181684282,
       38.785414867552866
      ],
      [
       -77.04136441937843,
       38.76567418904219
      ],
      [
       -77.04151363141963,
       38.761037841695845
      ],
      [
       -77.04716200118901,
       38.76098793571594
      ],
      [
       -77.04961532475032,
       38.762930996409
      ],
      [
       -77.04918417135217,
       38.76445599225399
      ],
      [
       -77.05077692314093,
       38.76460571019371
      ],
      [
       -77.049768006839,
       38.76576991034791
      ],
      [
       -77.05073007750008,
       38.76659213182013
      ],
      [
       -77.05232803436003,
       38.767306360024364
      ],
      [
       -77.05227685115985,
       38.768189941307945
      ],
      [
       -77.05367614780215,
       38.76842801737602
      ],
      [
       -77.05339073639773,
       38.765944990342994
      ],
      [
       -77.05409862608163,
       38.765774001002
      ],
      [
       -77.05381408218908,
       38.764762791310794
      ],
      [
       -77.05538341115741,
       38.764590983838985
      ],
      [
       -77.05695100510201,
       38.76389639077439
      ],
      [
       -77.059746995851,
       38.76360431807232
      ],
      [
       -77.06068390866791,
       38.765994896322894
      ],
      [
       -77.05976694862395,
       38.767898686736686
      ],
      [
       -77.06012262848962,
       38.76910706595507
      ],
      [
       -77.0618697973908,
       38.77134383561184
      ],
      [
       -77.06240765474865,
       38.77280910790711
      ],
      [
       -77.06259677233578,
       38.77505405887206
      ],
      [
       -77.06428061287062,
       38.77507205775006
      ],
      [
       -77.06523661094862,
       38.7747128983209
      ],
      [
       -77.06612667812468,
       38.77294491762292
      ],
      [
       -77.06674868413369,
       38.77249903632704
      ],
      [
       -77.07463957208057,
       38.770326080874085
      ],
      [
       -77.07556173719574,
       38.770403803301804
      ],
      [
       -77.08120923945324,
       38.772307593715595
      ],
      [
       -77.07990883916383,
       38.77816295598096
      ],
      [
       -77.07923738497838,
       38.780185375363374
      ],
      [
       -77.07850867500967,
       38.78131194149994
      ]
     ]
    ]
   }
  },
  {
   "type": "Feature",
   "properties": {
    "name": "Braddock",
    "geoid": "5109072"
   },
   "geometry": {
    "type": "Polygon",
    "coordinates": [
     [
      [
       -77.39338164995365,
       38.84125475028275
      ],
      [
       -77.38473602668202,
       38.84320271976072
      ],
      [
       -77.37379323198523,
       38.845469760257764
      ],
      [
       -77.36886402955403,
       38.846562783030784
      ],
      [
       -77.35896918919319,
       38.84831603737404
      ],
      [
       -77.35424471956271,
       38.84901390296191
      ],
      [
       -77.34395342627843,
       38.850402270960274
      ],
      [
       -77.33801096998597,
       38.851141043089044
      ],
      [
       -77.33798667965368,
       38.84838476036276
      ],
      [
       -77.34086334900634,
       38.84357987806788
      ],
      [
       -77.34190783329483,
       38.84085959309759
      ],
      [
       -77.34342858159859,
       38.83874881558682
      ],
      [
       -77.34497709028209,
       38.83571273212073
      ],
      [
       -77.34476541738641,
       38.833686222084225
      ],
      [
       -77.34198157180357,
       38.834177100575104
      ],
      [
       -77.33773683623583,
       38.83362240788041
      ],
      [
       -77.334749992876,
       38.83187978923779
      ],
      [
       -77.32991534923835,
       38.83110092869893
      ],
      [
       -77.32567581874181,
       38.829920365928366
      ],
      [
       -77.3216496961647,
       38.82958002350802
      ],
      [
       -77.32043084199084,
       38.82925277118077
      ],
      [
       -77.31641165950866,
       38.827361252729254
      ],
      [
       -77.31718981765381,
       38.823144606492605
      ],
      [
       -77.3177111922862,
       38.8220973990454
      ],
      [
       -77.31961885088285,
       38.81946874472675
      ],
      [
       -77.32134433198733,
       38.81580188239988
      ],
      [
       -77.32408393446494,
       38.81265126061926
      ],
      [
       -77.32785414104114,
       38.81367637853438
      ],
      [
       -77.33114634857834,
       38.813939816657815
      ],
      [
       -77.33332467087767,
       38.81433415571216
      ],
      [
       -77.33846814874015,
       38.81649565733366
      ],
      [
       -77.34035064949265,
       38.818635069423074
      ],
      [
       -77.34090759211159,
       38.82080475235276
      ],
      [
       -77.3417083055653,
       38.821621246909245
      ],
      [
       -77.34484783101382,
       38.82197222503022
      ],
      [
       -77.3497536106246,
       38.819890082098084
      ],
      [
       -77.35244202990202,
       38.819644642852644
      ],
      [
       -77.35363138867238,
       38.8188036043716
      ],
      [
       -77.35489882351082,
       38.81862197932998
      ],
      [
       -77.35641002918403,
       38.81793065878866
      ],
      [
       -77.3602236113536,
       38.81706180385981
      ],
      [
       -77.36187969150869,
       38.81687772442572
      ],
      [
       -77.36623980615481,
       38.814658953646955
      ],
      [
       -77.36989376614076,
       38.813808915726916
      ],
      [
       -77.37602881006781,
       38.81312495836296
      ],
      [
       -77.37709671717671,
       38.81459595757396
      ],
      [
       -77.38058931995532,
       38.81722706628507
      ],
      [
       -77.38114366003866,
       38.81825463859264
      ],
      [
       -77.3814576993347,
       38.821307902805906
      ],
      [
       -77.38282923559723,
       38.823354866112865
      ],
      [
       -77.38428665553465,
       38.82509093970894
      ],
      [
       -77.38449572589472,
       38.82728107590908
      ],
      [
       -77.38640164946764,
       38.827566603564605
      ],
      [
       -77.38551765487465,
       38.82872098614899
      ],
      [
       -77.38417127645627,
       38.8280353925234
      ],
      [
       -77.38287434621435,
       38.827938034956034
      ],
      [
       -77.38179776398677,
       38.82903596651397
      ],
      [
       -77.38244232530432,
       38.829684744252745
      ],
      [
       -77.3859063001913,
       38.83084076309876
      ],
      [
       -77.38680764502165,
       38.83141918158718
      ],
      [
       -77.38706876609376,
       38.833542231060235
      ],
      [
       -77.3875511026921,
       38.83422864281664
      ],
      [
       -77.38989425224625,
       38.83628705995506
      ],
      [
       -77.39101334255534,
       38.83686384218184
      ],
      [
       -77.39438189113689,
       38.83683438947239
      ],
      [
       -77.39381974344674,
       38.83890835109635
      ],
      [
       -77.3931881948072,
       38.83967493967294
      ],
      [
       -77.39338164995365,
       38.84125475028275
      ]
     ]
    ]
   }
  },
  {
   "type": "Feature",
   "properties": {
    "name": "Bull Run",
    "geoid": "5111224"
   },
   "geometry": {
    "type": "Polygon",
    "coordinates": [
     [
      [
       -77.49682116250015,
       38.88715434357234
      ],
      [
       -77.49376318316718,
       38.88561625763426
      ],
      [
       -77.48049025159425,
       38.87923974603775
      ],
      [
       -77.4788307013917,
       38.87837989054789
      ],
      [
       -77.47737501647802,
       38.87840034381834
      ],
      [
       -77.47691003011703,
       38.87751103561904
      ],
      [
       -77.47264273924074,
       38.87549434315235
      ],
      [
       -77.46808916944816,
       38.872598160056164
      ],
      [
       -77.4646356047036,
       38.8693010928591
      ],
      [
       -77.46380279331079,
       38.867650104868105
      ],
      [
       -77.46803278117677,
       38.8654116989497
      ],
      [
       -77.46850123758523,
       38.864793192051195
      ],
      [
       -77.46995779001078,
       38.86437676346476
      ],
      [
       -77.47149675606376,
       38.862904946122946
      ],
      [
       -77.4752123093923,
       38.86285994892795
      ],
      [
       -77.47678163836063,
       38.86248360875161
      ],
      [
       -77.47854615749915,
       38.86248115435915
      ],
      [
       -77.47958803925204,
       38.86151330560131
      ],
      [
       -77.47826768618968,
       38.85922172117972
      ],
      [
       -77.47783826781527,
       38.85222588455389
      ],
      [
       -77.47742012709513,
       38.85021164647965
      ],
      [
       -77.47618305517206,
       38.84785788411588
      ],
      [
       -77.47484274933674,
       38.84596227501028
      ],
      [
       -77.47313722100522,
       38.84649324191124
      ],
      [
       -77.47261931642032,
       38.847853793461795
      ],
      [
       -77.47184636334636,
       38.848238314946315
      ],
      [
       -77.47022671868972,
       38.84802232841033
      ],
      [
       -77.46690501574902,
       38.84638197611998
      ],
      [
       -77.46557859010359,
       38.845424763062766
      ],
      [
       -77.46352692453692,
       38.84223896165696
      ],
      [
       -77.46389821961621,
       38.841590183918186
      ],
      [
       -77.46499909217609,
       38.84128665738466
      ],
      [
       -77.46460524178823,
       38.84071069328869
      ],
      [
       -77.4629691144061,
       38.83998092059892
      ],
      [
       -77.46344364339764,
       38.8392036963217
      ],
      [
       -77.4648333974094,
       38.838942712590715
      ],
      [
       -77.46372731977831,
       38.83709128254928
      ],
      [
       -77.46414199045098,
       38.835908265386266
      ],
      [
       -77.46600367091867,
       38.83433009103809
      ],
      [
       -77.46578592543992,
       38.83383184936985
      ],
      [
       -77.46369695686296,
       38.83327797480597
      ],
      [
       -77.46301422502323,
       38.83252038566839
      ],
      [
       -77.46307495085395,
       38.831504267192265
      ],
      [
       -77.46223086180686,
       38.83060023263823
      ],
      [
       -77.46040214679014,
       38.8302378006858
      ],
      [
       -77.45823163209764,
       38.82841500522301
      ],
      [
       -77.4579921988222,
       38.82706427124227
      ],
      [
       -77.45832966093866,
       38.82618805313606
      ],
      [
       -77.45745607648807,
       38.82566690380491
      ],
      [
       -77.45945308880708,
       38.82400937076737
      ],
      [
       -77.4628172998293,
       38.821649881487886
      ],
      [
       -77.46486202530102,
       38.82041859460659
      ],
      [
       -77.46329703389203,
       38.81940983930784
      ],
      [
       -77.4597306926047,
       38.8185368937249
      ],
      [
       -77.45593272564872,
       38.81182494849295
      ],
      [
       -77.45386197482097,
       38.81115080869881
      ],
      [
       -77.45187797517997,
       38.81115080869881
      ],
      [
       -77.44874625733826,
       38.80975262313063
      ],
      [
       -77.44948364242563,
       38.80521281522082
      ],
      [
       -77.44893537492537,
       38.80316994256794
      ],
      [
       -77.45058625000925,
       38.80222663773464
      ],
      [
       -77.45003798250897,
       38.80038420713221
      ],
      [
       -77.45194217105816,
       38.796639622377626
      ],
      [
       -77.45289556660056,
       38.7961511982792
      ],
      [
       -77.45571758270557,
       38.79612501809302
      ],
      [
       -77.4565929021799,
       38.7958623981004
      ],
      [
       -77.45733462482663,
       38.796839246297246
      ],
      [
       -77.45861767487867,
       38.797654104592105
      ],
      [
       -77.45965695409595,
       38.79758210908011
      ],
      [
       -77.46051405582105,
       38.79639091060891
      ],
      [
       -77.46236966370566,
       38.79549178483978
      ],
      [
       -77.4645367083507,
       38.79634182275982
      ],
      [
       -77.46619712606513,
       38.7966208053688
      ],
      [
       -77.4704167037887,
       38.795710225768225
      ],
      [
       -77.47189494401094,
       38.79635491285291
      ],
      [
       -77.47443501875901,
       38.796614260322265
      ],
      [
       -77.47577272205872,
       38.79750602291402
      ],
      [
       -77.4759123914694,
       38.798873937641936
      ],
      [
       -77.47683108653709,
       38.79936563426364
      ],
      [
       -77.47970775588975,
       38.79902529184329
      ],
      [
       -77.48032542433943,
       38.798137619905624
      ],
      [
       -77.48042865825165,
       38.79656926312727
      ],
      [
       -77.48329665248565,
       38.797155862923866
      ],
      [
       -77.48495533517634,
       38.79709613937414
      ],
      [
       -77.48696883022083,
       38.79654717359517
      ],
      [
       -77.49037207927708,
       38.79739721151521
      ],
      [
       -77.49275686940086,
       38.7976631040311
      ],
      [
       -77.49435742879642,
       38.79879212456012
      ],
      [
       -77.49399480883581,
       38.800754820392825
      ],
      [
       -77.4916291039731,
       38.803285299013304
      ],
      [
       -77.48973532556633,
       38.805861592959594
      ],
      [
       -77.48922783112383,
       38.80850497363298
      ],
      [
       -77.48938918833119,
       38.80912020800821
      ],
      [
       -77.491033990832,
       38.811217077295076
      ],
      [
       -77.49352721993922,
       38.812259375957375
      ],
      [
       -77.4972098078168,
       38.813259131817134
      ],
      [
       -77.49967527654428,
       38.81353975068775
      ],
      [
       -77.50130966890266,
       38.8140019946
      ],
      [
       -77.50505905519405,
       38.81619867584668
      ],
      [
       -77.50557522475522,
       38.818769242877245
      ],
      [
       -77.50640196356495,
       38.82076466394267
      ],
      [
       -77.50344114556114,
       38.82477595934396
      ],
      [
       -77.50393996488496,
       38.82563908735709
      ],
      [
       -77.50915978379179,
       38.82805911831712
      ],
      [
       -77.51166429055328,
       38.82965365528165
      ],
      [
       -77.51237998784399,
       38.8305625986206
      ],
      [
       -77.511162001182,
       38.832154681192684
      ],
      [
       -77.5104731967592,
       38.833820395538396
      ],
      [
       -77.51099196885596,
       38.83563337343138
      ],
      [
       -77.51049661957961,
       38.83652186349986
      ],
      [
       -77.50802768080467,
       38.83680002797803
      ],
      [
       -77.50755141678941,
       38.83751834683635
      ],
      [
       -77.50871822025121,
       38.839104702492705
      ],
      [
       -77.50829660948361,
       38.840335171243176
      ],
      [
       -77.50969764114964,
       38.8414780999961
      ],
      [
       -77.51121058184658,
       38.841367652335656
      ],
      [
       -77.51195664205264,
       38.8407965970246
      ],
      [
       -77.51496083564983,
       38.84004800732601
      ],
      [
       -77.52195124627825,
       38.83731135973936
      ],
      [
       -77.52356395083994,
       38.83693665582466
      ],
      [
       -77.52762737642738,
       38.83743980627781
      ],
      [
       -77.5296157136277,
       38.837011105729104
      ],
      [
       -77.53246202006501,
       38.83863018661819
      ],
      [
       -77.534911006067,
       38.839350141738144
      ],
      [
       -77.53612031761031,
       38.84068614936415
      ],
      [
       -77.53702426497627,
       38.842477855855854
      ],
      [
       -77.5363823061943,
       38.84447818570619
      ],
      [
       -77.53495785170784,
       38.84678695087495
      ],
      [
       -77.53599105834205,
       38.847367823755825
      ],
      [
       -77.49682116250015,
       38.88715434357234
      ]
     ]
    ]
   }
  },
  {
   "type": "Feature",
   "properties": {
    "name": "Burke",
    "geoid": "5111464"
   },
   "geometry": {
    "type": "Polygon",
    "coordinates": [
     [
      [
       -77.30126576981377,
       38.797519931137934
      ],
      [
       -77.2991741987012,
       38.79819407093207
      ],
      [
       -77.29548033316934,
       38.79898193090993
      ],
      [
       -77.28787225409125,
       38.80005777293577
      ],
      [
       -77.28563667600868,
       38.80096917066717
      ],
      [
       -77.28266111030311,
       38.804155790203794
      ],
      [
       -77.28191765263266,
       38.80518172624973
      ],
      [
       -77.28005683967685,
       38.80663963536764
      ],
      [
       -77.27723482357182,
       38.810784286092286
      ],
      [
       -77.27528205435806,
       38.81305378098178
      ],
      [
       -77.27492637449238,
       38.81526273419073
      ],
      [
       -77.27402502966203,
       38.81727697226497
      ],
      [
       -77.2705489096089,
       38.81538381755182
      ],
      [
       -77.26787523803324,
       38.812811614259616
      ],
      [
       -77.26609857372857,
       38.81146088027888
      ],
      [
       -77.26368515571316,
       38.81084564590365
      ],
      [
       -77.26144784260684,
       38.810685292263294
      ],
      [
       -77.25649695237895,
       38.81071474497275
      ],
      [
       -77.25639111593111,
       38.81020504947305
      ],
      [
       -77.25391176701376,
       38.80638601481402
      ],
      [
       -77.24882901498202,
       38.79908337913138
      ],
      [
       -77.2477906032766,
       38.79593193921994
      ],
      [
       -77.24605904958905,
       38.7939267005847
      ],
      [
       -77.24875267393767,
       38.79053063955864
      ],
      [
       -77.25422927635728,
       38.78419094384895
      ],
      [
       -77.25379118286418,
       38.78383096628897
      ],
      [
       -77.25416161043161,
       38.7817250975631
      ],
      [
       -77.25342943041542,
       38.78092414749215
      ],
      [
       -77.25188005422005,
       38.78066234563035
      ],
      [
       -77.249438008313,
       38.77896390605191
      ],
      [
       -77.24994116519616,
       38.77808932420733
      ],
      [
       -77.24937207741108,
       38.77734727955528
      ],
      [
       -77.2476596089846,
       38.777154200682205
      ],
      [
       -77.24662032976732,
       38.775577662595666
      ],
      [
       -77.24556283280083,
       38.775030333078334
      ],
      [
       -77.24435612379312,
       38.77506796709597
      ],
      [
       -77.24407331492432,
       38.77423429179229
      ],
      [
       -77.2425916046546,
       38.773362982470985
      ],
      [
       -77.2408001926482,
       38.77082514067314
      ],
      [
       -77.239026998391,
       38.76990392537193
      ],
      [
       -77.23907818159118,
       38.769103793431796
      ],
      [
       -77.24010618315418,
       38.768689001107
      ],
      [
       -77.24053993908794,
       38.76733008581809
      ],
      [
       -77.23879884276984,
       38.76614706865507
      ],
      [
       -77.23649212871413,
       38.76607261875062
      ],
      [
       -77.23562461684662,
       38.76568318848119
      ],
      [
       -77.23450205649006,
       38.76588526679327
      ],
      [
       -77.23426435823836,
       38.765139949617954
      ],
      [
       -77.23482390339291,
       38.76368776741577
      ],
      [
       -77.2339242935863,
       38.76265528632329
      ],
      [
       -77.23226561089561,
       38.76313961976762
      ],
      [
       -77.23130961281761,
       38.76296781229581
      ],
      [
       -77.23161584450685,
       38.76047496769297
      ],
      [
       -77.2301913900204,
       38.76026961685762
      ],
      [
       -77.22945573995673,
       38.76100102580903
      ],
      [
       -77.22764958024858,
       38.76137327533128
      ],
      [
       -77.22684886679487,
       38.75933285707086
      ],
      [
       -77.22729476789476,
       38.75809011635812
      ],
      [
       -77.22697378850378,
       38.75752560609361
      ],
      [
       -77.22991031617532,
       38.75691937115737
      ],
      [
       -77.23324936935337,
       38.75711326816127
      ],
      [
       -77.23617722190622,
       38.756043971181974
      ],
      [
       -77.23875806971206,
       38.753789202647205
      ],
      [
       -77.24401432411733,
       38.749660914538914
      ],
      [
       -77.24730913419013,
       38.74684409013209
      ],
      [
       -77.24956726758127,
       38.74567416306216
      ],
      [
       -77.25079826692127,
       38.745336275034276
      ],
      [
       -77.25444008174108,
       38.74539272606073
      ],
      [
       -77.25671990292891,
       38.746259944727946
      ],
      [
       -77.25958702965103,
       38.74854171157971
      ],
      [
       -77.26664423869323,
       38.75141907766708
      ],
      [
       -77.26851372676772,
       38.7517945997126
      ],
      [
       -77.27122296632997,
       38.75166778943579
      ],
      [
       -77.2730057032177,
       38.752220027738026
      ],
      [
       -77.27610619063219,
       38.75430380693181
      ],
      [
       -77.27920928058228,
       38.758165384393386
      ],
      [
       -77.28159840826541,
       38.76023607349408
      ],
      [
       -77.28411506019306,
       38.76447399113199
      ],
      [
       -77.28706807059007,
       38.76778005776806
      ],
      [
       -77.2902101985742,
       38.77090695375495
      ],
      [
       -77.29426841909041,
       38.77441918935719
      ],
      [
       -77.297256997474,
       38.77634588743389
      ],
      [
       -77.29491471543172,
       38.77727773843574
      ],
      [
       -77.29362385777286,
       38.778338854106856
      ],
      [
       -77.29249782736882,
       38.77868983222783
      ],
      [
       -77.28926981570982,
       38.77873892007692
      ],
      [
       -77.28743416059817,
       38.7792207991288
      ],
      [
       -77.2825760941401,
       38.78230678857479
      ],
      [
       -77.27972631765532,
       38.783739335637335
      ],
      [
       -77.2780658999409,
       38.785801843429844
      ],
      [
       -77.27564293929494,
       38.78985486350287
      ],
      [
       -77.27344292919892,
       38.792485972213974
      ],
      [
       -77.27335704552405,
       38.795120353448354
      ],
      [
       -77.27270467659967,
       38.79663716798517
      ],
      [
       -77.2771446023376,
       38.79842314756115
      ],
      [
       -77.27928475411476,
       38.798517232605235
      ],
      [
       -77.2996816931437,
       38.797430754878754
      ],
      [
       -77.30126576981377,
       38.797519931137934
      ]
     ]
    ]
   }
  },
  {
   "type": "Feature",
   "properties": {
    "name": "Burke Centre",
    "geoid": "5111470"
   },
   "geometry": {
    "type": "Polygon",
    "coordinates": [
     [
      [
       -77.30126576981377,
       38.797519931137934
      ],
      [
       -77.2996816931437,
       38.797430754878754
      ],
      [
       -77.27928475411476,
       38.798517232605235
      ],
      [
       -77.2771446023376,
       38.79842314756115
      ],
      [
       -77.27270467659967,
       38.79663716798517
      ],
      [
       -77.27335704552405,
       38.795120353448354
      ],
      [
       -77.27344292919892,
       38.792485972213974
      ],
      [
       -77.27564293929494,
       38.78985486350287
      ],
      [
       -77.2780658999409,
       38.785801843429844
      ],
      [
       -77.27972631765532,
       38.783739335637335
      ],
      [
       -77.2825760941401,
       38.78230678857479
      ],
      [
       -77.28743416059817,
       38.7792207991288
      ],
      [
       -77.28926981570982,
       38.77873892007692
      ],
      [
       -77.29249782736882,
       38.77868983222783
      ],
      [
       -77.29362385777286,
       38.778338854106856
      ],
      [
       -77.29491471543172,
       38.77727773843574
      ],
      [
       -77.297256997474,
       38.77634588743389
      ],
      [
       -77.30082680880881,
       38.77846893690694
      ],
      [
       -77.30552265054764,
       38.780447995356
      ],
      [
       -77.30947676963977,
       38.782562045390044
      ],
      [
       -77.31254342409143,
       38.78524060568861
      ],
      [
       -77.31396267350667,
       38.78572821165621
      ],
      [
       -77.31825859227459,
       38.7865847946228
      ],
      [
       -77.32342462544563,
       38.78706176488976
      ],
      [
       -77.32665957719958,
       38.78823005569806
      ],
      [
       -77.32580334298635,
       38.79432267590068
      ],
      [
       -77.32541383015783,
       38.798188344016346
      ],
      [
       -77.32552487167688,
       38.80070491441292
      ],
      [
       -77.32351571419171,
       38.80072864020664
      ],
      [
       -77.31865764773364,
       38.80043165871966
      ],
      [
       -77.31210966815766,
       38.800473383391385
      ],
      [
       -77.30979774903075,
       38.80025903311704
      ],
      [
       -77.3082370951811,
       38.79984096826897
      ],
      [
       -77.30231719419719,
       38.797765370383374
      ],
      [
       -77.30126576981377,
       38.797519931137934
      ]
     ]
    ]
   }
  },
  {
   "type": "Feature",
   "properties": {
    "name": "Centreville",
    "geoid": "5114440"
   },
   "geometry": {
    "type": "Polygon",
    "coordinates": [
     [
      [
       -77.46380279331079,
       38.867650104868105
      ],
      [
       -77.46317558223058,
       38.86832997157797
      ],
      [
       -77.46160278321479,
       38.86879466988267
      ],
      [
       -77.4606597978148,
       38.86970361322162
      ],
      [
       -77.45902887550388,
       38.870385934323934
      ],
      [
       -77.45538098810098,
       38.87088581225381
      ],
      [
       -77.45260581763682,
       38.87214327932128
      ],
      [
       -77.4483766972827,
       38.870565923103925
      ],
      [
       -77.4477971993552,
       38.87127687878488
      ],
      [
       -77.44534387579387,
       38.873111946209946
      ],
      [
       -77.43918107148707,
       38.86429495038295
      ],
      [
       -77.4339065993326,
       38.856643790971795
      ],
      [
       -77.43297315656315,
       38.85463118915919
      ],
      [
       -77.43279965418965,
       38.85152474644275
      ],
      [
       -77.4307662063722,
       38.85253677426478
      ],
      [
       -77.43013812778013,
       38.8534179011559
      ],
      [
       -77.42981801590102,
       38.85531514652315
      ],
      [
       -77.4291188013358,
       38.85593528968329
      ],
      [
       -77.4290173024473,
       38.85750773711574
      ],
      [
       -77.42765097125597,
       38.8571223975004
      ],
      [
       -77.42791122481623,
       38.855500044088046
      ],
      [
       -77.42736122229222,
       38.85495107830908
      ],
      [
       -77.42616926098626,
       38.855774936042934
      ],
      [
       -77.42443076720376,
       38.85556631268432
      ],
      [
       -77.42358841318041,
       38.85640980555781
      ],
      [
       -77.42168682716682,
       38.856458893406895
      ],
      [
       -77.422085015114,
       38.85749301076101
      ],
      [
       -77.41910077428977,
       38.85777772028572
      ],
      [
       -77.41998737141837,
       38.85999321854122
      ],
      [
       -77.41915108997809,
       38.859738779856784
      ],
      [
       -77.41693372964473,
       38.8600013998494
      ],
      [
       -77.41455674712775,
       38.85984186433986
      ],
      [
       -77.41344806696107,
       38.86019775124575
      ],
      [
       -77.41197763434563,
       38.859414800052804
      ],
      [
       -77.40953472092671,
       38.85898282698083
      ],
      [
       -77.40858566294366,
       38.858446133164136
      ],
      [
       -77.4052656950267,
       38.86021411386211
      ],
      [
       -77.40191276165876,
       38.84863510839311
      ],
      [
       -77.40196567988268,
       38.84768280412081
      ],
      [
       -77.40305267225267,
       38.843624875262876
      ],
      [
       -77.40457168553269,
       38.84128829364629
      ],
      [
       -77.40483193909294,
       38.840111003399
      ],
      [
       -77.4059649095919,
       38.833984839832844
      ],
      [
       -77.40561877235677,
       38.83256211034011
      ],
      [
       -77.4033805917386,
       38.82991382088182
      ],
      [
       -77.40651577962778,
       38.82963074761875
      ],
      [
       -77.40817793236593,
       38.82977719303519
      ],
      [
       -77.41113528032228,
       38.83047833114633
      ],
      [
       -77.41278008282308,
       38.830393245541245
      ],
      [
       -77.41281998836898,
       38.82759932879733
      ],
      [
       -77.4133214102284,
       38.82004634508434
      ],
      [
       -77.4132736970757,
       38.817718762906765
      ],
      [
       -77.41542339148339,
       38.81426706898507
      ],
      [
       -77.4157330932201,
       38.81302596453396
      ],
      [
       -77.41851520377921,
       38.81005860405661
      ],
      [
       -77.41940874100274,
       38.807939645237646
      ],
      [
       -77.41997002118102,
       38.80578223427023
      ],
      [
       -77.42011316063916,
       38.80388580703381
      ],
      [
       -77.42143091116591,
       38.8021390977371
      ],
      [
       -77.42545703374303,
       38.8048512013992
      ],
      [
       -77.42720593766794,
       38.8056046998827
      ],
      [
       -77.42841871925872,
       38.80567015034815
      ],
      [
       -77.43139862252362,
       38.80481438551239
      ],
      [
       -77.43538917711417,
       38.80505000718801
      ],
      [
       -77.43903793202892,
       38.80663472658273
      ],
      [
       -77.4398932987303,
       38.80760175720976
      ],
      [
       -77.44330001783402,
       38.80870787007587
      ],
      [
       -77.44501682381983,
       38.80946464108264
      ],
      [
       -77.44587219052119,
       38.808923856611855
      ],
      [
       -77.44707195943396,
       38.8090343042723
      ],
      [
       -77.44874625733826,
       38.80975262313063
      ],
      [
       -77.45187797517997,
       38.81115080869881
      ],
      [
       -77.45386197482097,
       38.81115080869881
      ],
      [
       -77.45593272564872,
       38.81182494849295
      ],
      [
       -77.4597306926047,
       38.8185368937249
      ],
      [
       -77.46329703389203,
       38.81940983930784
      ],
      [
       -77.46486202530102,
       38.82041859460659
      ],
      [
       -77.4628172998293,
       38.821649881487886
      ],
      [
       -77.45945308880708,
       38.82400937076737
      ],
      [
       -77.45745607648807,
       38.82566690380491
      ],
      [
       -77.45832966093866,
       38.82618805313606
      ],
      [
       -77.4579921988222,
       38.82706427124227
      ],
      [
       -77.45823163209764,
       38.82841500522301
      ],
      [
       -77.46040214679014,
       38.8302378006858
      ],
      [
       -77.46223086180686,
       38.83060023263823
      ],
      [
       -77.46307495085395,
       38.831504267192265
      ],
      [
       -77.46301422502323,
       38.83252038566839
      ],
      [
       -77.46369695686296,
       38.83327797480597
      ],
      [
       -77.46578592543992,
       38.83383184936985
      ],
      [
       -77.46600367091867,
       38.83433009103809
      ],
      [
       -77.46414199045098,
       38.835908265386266
      ],
      [
       -77.46372731977831,
       38.83709128254928
      ],
      [
       -77.4648333974094,
       38.838942712590715
      ],
      [
       -77.46344364339764,
       38.8392036963217
      ],
      [
       -77.4629691144061,
       38.83998092059892
      ],
      [
       -77.46460524178823,
       38.84071069328869
      ],
      [
       -77.46499909217609,
       38.84128665738466
      ],
      [
       -77.46389821961621,
       38.841590183918186
      ],
      [
       -77.46352692453692,
       38.84223896165696
      ],
      [
       -77.46557859010359,
       38.845424763062766
      ],
      [
       -77.46690501574902,
       38.84638197611998
      ],
      [
       -77.47022671868972,
       38.84802232841033
      ],
      [
       -77.47184636334636,
       38.848238314946315
      ],
      [
       -77.47261931642032,
       38.847853793461795
      ],
      [
       -77.47313722100522,
       38.84649324191124
      ],
      [
       -77.47484274933674,
       38.84596227501028
      ],
      [
       -77.47618305517206,
       38.84785788411588
      ],
      [
       -77.47742012709513,
       38.85021164647965
      ],
      [
       -77.47783826781527,
       38.85222588455389
      ],
      [
       -77.47826768618968,
       38.85922172117972
      ],
      [
       -77.47958803925204,
       38.86151330560131
      ],
      [
       -77.47854615749915,
       38.86248115435915
      ],
      [
       -77.47678163836063,
       38.86248360875161
      ],
      [
       -77.4752123093923,
       38.86285994892795
      ],
      [
       -77.47149675606376,
       38.862904946122946
      ],
      [
       -77.46995779001078,
       38.86437676346476
      ],
      [
       -77.46850123758523,
       38.864793192051195
      ],
      [
       -77.46803278117677,
       38.8654116989497
      ],
      [
       -77.46380279331079,
       38.867650104868105
      ]
     ]
    ]
   }
  },
  {
   "type": "Feature",
   "properties": {
    "name": "Chantilly",
    "geoid": "5114744"
   },
   "geometry": {
    "type": "Polygon",
    "coordinates": [
     [
      [
       -77.49682116250015,
       38.88715434357234
      ],
      [
       -77.46565059358859,
       38.91878000847801
      ],
      [
       -77.46054962380762,
       38.917404730572734
      ],
      [
       -77.45659984227484,
       38.91728282908083
      ],
      [
       -77.45670307618707,
       38.91668477545278
      ],
      [
       -77.44715177052576,
       38.91475071419872
      ],
      [
       -77.44729924754324,
       38.90818521438322
      ],
      [
       -77.4473192003162,
       38.900958664866664
      ],
      [
       -77.44569001302901,
       38.90073040636841
      ],
      [
       -77.44326271482372,
       38.899567024345025
      ],
      [
       -77.44323061688462,
       38.90020598451399
      ],
      [
       -77.44091089015089,
       38.89928722360523
      ],
      [
       -77.43875078560079,
       38.89977892022692
      ],
      [
       -77.43779912508212,
       38.900534054972056
      ],
      [
       -77.43638768327368,
       38.902579382017386
      ],
      [
       -77.43554879929779,
       38.90228812744613
      ],
      [
       -77.43688043001443,
       38.900201893859894
      ],
      [
       -77.43647269943669,
       38.89811075148875
      ],
      [
       -77.43501094193994,
       38.898065754293754
      ],
      [
       -77.4347237955118,
       38.90039906338706
      ],
      [
       -77.42975468753468,
       38.900359793107796
      ],
      [
       -77.42968962414463,
       38.90578072790873
      ],
      [
       -77.42859395665596,
       38.90631823985624
      ],
      [
       -77.42548826417027,
       38.90645323144123
      ],
      [
       -77.4231026065346,
       38.905881357999355
      ],
      [
       -77.42154195268495,
       38.91093413393214
      ],
      [
       -77.4205980997731,
       38.9104677993658
      ],
      [
       -77.4171428000048,
       38.90375421787222
      ],
      [
       -77.413788999125,
       38.89091038215838
      ],
      [
       -77.4130975921666,
       38.89148061933862
      ],
      [
       -77.4128572913793,
       38.892586732204734
      ],
      [
       -77.40987478557878,
       38.89320523910324
      ],
      [
       -77.40848676659077,
       38.8950353977434
      ],
      [
       -77.40697816345316,
       38.895613816231815
      ],
      [
       -77.40556325159724,
       38.89497894671695
      ],
      [
       -77.40303358699158,
       38.89521784091584
      ],
      [
       -77.40025668150368,
       38.894874225972224
      ],
      [
       -77.40178957497358,
       38.89026978572779
      ],
      [
       -77.39900572939072,
       38.889013136791135
      ],
      [
       -77.40374321169921,
       38.8887137009117
      ],
      [
       -77.40473304274005,
       38.88373292049092
      ],
      [
       -77.4058503980254,
       38.88417389300189
      ],
      [
       -77.40853014218413,
       38.879958064896066
      ],
      [
       -77.40892399257199,
       38.87893131071931
      ],
      [
       -77.40868802934403,
       38.87634029041829
      ],
      [
       -77.40755332382132,
       38.86815325532125
      ],
      [
       -77.4052656950267,
       38.86021411386211
      ],
      [
       -77.40858566294366,
       38.858446133164136
      ],
      [
       -77.40953472092671,
       38.85898282698083
      ],
      [
       -77.41197763434563,
       38.859414800052804
      ],
      [
       -77.41344806696107,
       38.86019775124575
      ],
      [
       -77.41455674712775,
       38.85984186433986
      ],
      [
       -77.41693372964473,
       38.8600013998494
      ],
      [
       -77.41915108997809,
       38.859738779856784
      ],
      [
       -77.41998737141837,
       38.85999321854122
      ],
      [
       -77.41910077428977,
       38.85777772028572
      ],
      [
       -77.422085015114,
       38.85749301076101
      ],
      [
       -77.42168682716682,
       38.856458893406895
      ],
      [
       -77.42358841318041,
       38.85640980555781
      ],
      [
       -77.42443076720376,
       38.85556631268432
      ],
      [
       -77.42616926098626,
       38.855774936042934
      ],
      [
       -77.42736122229222,
       38.85495107830908
      ],
      [
       -77.42791122481623,
       38.855500044088046
      ],
      [
       -77.42765097125597,
       38.8571223975004
      ],
      [
       -77.4290173024473,
       38.85750773711574
      ],
      [
       -77.4291188013358,
       38.85593528968329
      ],
      [
       -77.42981801590102,
       38.85531514652315
      ],
      [
       -77.43013812778013,
       38.8534179011559
      ],
      [
       -77.4307662063722,
       38.85253677426478
      ],
      [
       -77.43279965418965,
       38.85152474644275
      ],
      [
       -77.43297315656315,
       38.85463118915919
      ],
      [
       -77.4339065993326,
       38.856643790971795
      ],
      [
       -77.43918107148707,
       38.86429495038295
      ],
      [
       -77.44534387579387,
       38.873111946209946
      ],
      [
       -77.4477971993552,
       38.87127687878488
      ],
      [
       -77.4483766972827,
       38.870565923103925
      ],
      [
       -77.45260581763682,
       38.87214327932128
      ],
      [
       -77.45538098810098,
       38.87088581225381
      ],
      [
       -77.45902887550388,
       38.870385934323934
      ],
      [
       -77.4606597978148,
       38.86970361322162
      ],
      [
       -77.46160278321479,
       38.86879466988267
      ],
      [
       -77.46317558223058,
       38.86832997157797
      ],
      [
       -77.46380279331079,
       38.867650104868105
      ],
      [
       -77.4646356047036,
       38.8693010928591
      ],
      [
       -77.46808916944816,
       38.872598160056164
      ],
      [
       -77.47264273924074,
       38.87549434315235
      ],
      [
       -77.47691003011703,
       38.87751103561904
      ],
      [
       -77.47737501647802,
       38.87840034381834
      ],
      [
       -77.4788307013917,
       38.87837989054789
      ],
      [
       -77.48049025159425,
       38.87923974603775
      ],
      [
       -77.49376318316718,
       38.88561625763426
      ],
      [
       -77.49682116250015,
       38.88715434357234
      ]
     ]
    ]
   }
  },
  {
   "type": "Feature",
   "properties": {
    "name": "Clifton",
    "geoid": "5117376"
   },
   "geometry": {
    "type": "Polygon",
    "coordinates": [
     [
      [
       -77.38722925578925,
       38.78410176758977
      ],
      [
       -77.3848861062351,
       38.7851727008307
      ],
      [
       -77.38023277257777,
       38.77894427091227
      ],
      [
       -77.38293767458067,
       38.777695803283805
      ],
      [
       -77.38818091630792,
       38.775278226716225
      ],
      [
       -77.39290104837904,
       38.78150829289629
      ],
      [
       -77.38722925578925,
       38.78410176758977
      ]
     ]
    ]
   }
  },
  {
   "type": "Feature",
   "properties": {
    "name": "Crosspointe",
    "geoid": "5120436"
   },
   "geometry": {
    "type": "Polygon",
    "coordinates": [
     [
      [
       -77.27977316329616,
       38.73537798671599
      ],
      [
       -77.27618166416467,
       38.73615275660076
      ],
      [
       -77.27432258623259,
       38.73548188932989
      ],
      [
       -77.27367021730822,
       38.73412215591016
      ],
      [
       -77.27299442556343,
       38.73371063610864
      ],
      [
       -77.27039188996089,
       38.733782631620635
      ],
      [
       -77.26908715211215,
       38.734331597399596
      ],
      [
       -77.2659536992467,
       38.73462367010167
      ],
      [
       -77.26415187709787,
       38.73513991064791
      ],
      [
       -77.2639402042022,
       38.73568805829606
      ],
      [
       -77.2624263959934,
       38.73573714614515
      ],
      [
       -77.26147473547474,
       38.73646201005001
      ],
      [
       -77.26102276179176,
       38.73746585656386
      ],
      [
       -77.25960524740024,
       38.73801236795037
      ],
      [
       -77.25518267189968,
       38.7380180948661
      ],
      [
       -77.25362115053815,
       38.73670663116463
      ],
      [
       -77.25227563963163,
       38.73649800780601
      ],
      [
       -77.25191128464728,
       38.735541612879615
      ],
      [
       -77.25027602477702,
       38.733466014994015
      ],
      [
       -77.24941892305192,
       38.73162685691486
      ],
      [
       -77.24998627581327,
       38.72931072856873
      ],
      [
       -77.2507037081277,
       38.72808925925726
      ],
      [
       -77.25252374802575,
       38.72539924512725
      ],
      [
       -77.25285687258287,
       38.724428941976946
      ],
      [
       -77.25235978828279,
       38.723330192288195
      ],
      [
       -77.25056924378825,
       38.720667994605996
      ],
      [
       -77.25027862731262,
       38.71912172735973
      ],
      [
       -77.25056317120517,
       38.717784901602904
      ],
      [
       -77.25496405890905,
       38.711743823641825
      ],
      [
       -77.25597037267538,
       38.709475965013965
      ],
      [
       -77.25690728549229,
       38.708096596454595
      ],
      [
       -77.26105312470712,
       38.70871510335311
      ],
      [
       -77.26208372880573,
       38.71141084439885
      ],
      [
       -77.26394974683275,
       38.714684185802184
      ],
      [
       -77.26494478294478,
       38.7160970977251
      ],
      [
       -77.26664076864577,
       38.717433105351105
      ],
      [
       -77.2684209029979,
       38.71817187747988
      ],
      [
       -77.27137478090678,
       38.71901700661501
      ],
      [
       -77.27394261603462,
       38.719503794451796
      ],
      [
       -77.27650698111498,
       38.7197295985576
      ],
      [
       -77.2787442942213,
       38.720700719838725
      ],
      [
       -77.27989461495761,
       38.722201171759174
      ],
      [
       -77.28084887801188,
       38.7244903017883
      ],
      [
       -77.2811846051046,
       38.72665098527899
      ],
      [
       -77.28103192301592,
       38.728226705234704
      ],
      [
       -77.27958925078025,
       38.732327995026
      ],
      [
       -77.27929429674529,
       38.73368691031491
      ],
      [
       -77.27977316329616,
       38.73537798671599
      ]
     ]
    ]
   }
  },
  {
   "type": "Feature",
   "properties": {
    "name": "Difficult Run",
    "geoid": "5122472"
   },
   "geometry": {
    "type": "Polygon",
    "coordinates": [
     [
      [
       -77.37355466622166,
       38.92495525989326
      ],
      [
       -77.37196017940917,
       38.92435393374193
      ],
      [
       -77.37037263269163,
       38.92220715847516
      ],
      [
       -77.36318095930996,
       38.91198215951016
      ],
      [
       -77.36065302972803,
       38.90824084727885
      ],
      [
       -77.36070594795194,
       38.9090237984718
      ],
      [
       -77.35869332041932,
       38.911234387942386
      ],
      [
       -77.35700600983701,
       38.91113293972094
      ],
      [
       -77.35591641493141,
       38.91032462647263
      ],
      [
       -77.35534732714632,
       38.9093035992116
      ],
      [
       -77.35288966602566,
       38.908769359787364
      ],
      [
       -77.35227026255227,
       38.90891007828808
      ],
      [
       -77.35079896242496,
       38.9102919012399
      ],
      [
       -77.34668175110176,
       38.911957615585614
      ],
      [
       -77.34387361518661,
       38.91274711182511
      ],
      [
       -77.34191564090165,
       38.91240676940477
      ],
      [
       -77.3382851037361,
       38.91298273350073
      ],
      [
       -77.32893072326873,
       38.915823283701286
      ],
      [
       -77.32794783232283,
       38.91651705863506
      ],
      [
       -77.32721391728292,
       38.918091142329146
      ],
      [
       -77.32492021590521,
       38.919328156126156
      ],
      [
       -77.32560815281616,
       38.91975112975913
      ],
      [
       -77.32747156830757,
       38.922281608379606
      ],
      [
       -77.32900099172998,
       38.923529257877256
      ],
      [
       -77.32438235854735,
       38.92693513647314
      ],
      [
       -77.32284426000626,
       38.92725093496894
      ],
      [
       -77.32100686987087,
       38.92636980807781
      ],
      [
       -77.32155860741861,
       38.93253687818488
      ],
      [
       -77.32094614404015,
       38.93350227255027
      ],
      [
       -77.32003612409112,
       38.933247833865835
      ],
      [
       -77.31987823693123,
       38.93386634076434
      ],
      [
       -77.31896127688728,
       38.93364708170508
      ],
      [
       -77.31751600211601,
       38.93428276935077
      ],
      [
       -77.31582435397435,
       38.93362335591136
      ],
      [
       -77.31258593217294,
       38.93384834188634
      ],
      [
       -77.31206976261176,
       38.93295821555622
      ],
      [
       -77.30993741844142,
       38.93729921767722
      ],
      [
       -77.31265099556299,
       38.9426187042567
      ],
      [
       -77.30950366250767,
       38.94251725603526
      ],
      [
       -77.30688464417965,
       38.93989923741724
      ],
      [
       -77.3048642090402,
       38.935019087087085
      ],
      [
       -77.30507241188842,
       38.93366917123717
      ],
      [
       -77.30483037607738,
       38.93140213074013
      ],
      [
       -77.30510277480377,
       38.929937676575676
      ],
      [
       -77.30794214114614,
       38.93038683039483
      ],
      [
       -77.31055161684361,
       38.92995731171531
      ],
      [
       -77.30943686409387,
       38.92832677699478
      ],
      [
       -77.31006060512661,
       38.92738265403065
      ],
      [
       -77.30961904158605,
       38.92645162115962
      ],
      [
       -77.31012133095733,
       38.92512297671098
      ],
      [
       -77.31276897717697,
       38.92330018124818
      ],
      [
       -77.31373191534992,
       38.92210325586126
      ],
      [
       -77.31392710552011,
       38.9209635996316
      ],
      [
       -77.31644896251896,
       38.9206747994528
      ],
      [
       -77.31721757803358,
       38.91953923387724
      ],
      [
       -77.31638736917637,
       38.918358671106674
      ],
      [
       -77.31619217900618,
       38.91696866684667
      ],
      [
       -77.3193343069903,
       38.91645079003879
      ],
      [
       -77.31792807025307,
       38.91410602711403
      ],
      [
       -77.3180313041653,
       38.91197316007116
      ],
      [
       -77.31859258434358,
       38.91066578702379
      ],
      [
       -77.31851971334672,
       38.90778105775906
      ],
      [
       -77.3197377000087,
       38.9060278034158
      ],
      [
       -77.31977934057834,
       38.905213763251766
      ],
      [
       -77.31855788386888,
       38.90399393020193
      ],
      [
       -77.31881466738167,
       38.90337215078015
      ],
      [
       -77.31654265380065,
       38.9030089006969
      ],
      [
       -77.31720803540304,
       38.900678045996045
      ],
      [
       -77.31947310888911,
       38.898985333333336
      ],
      [
       -77.32039440649241,
       38.89786694850495
      ],
      [
       -77.32062082708983,
       38.89673629171429
      ],
      [
       -77.31996065055866,
       38.89675838124638
      ],
      [
       -77.32017839603739,
       38.89565717716518
      ],
      [
       -77.32172777223278,
       38.89481532055332
      ],
      [
       -77.3258311033661,
       38.89218093931894
      ],
      [
       -77.32585973125774,
       38.89156570494371
      ],
      [
       -77.32841802375502,
       38.890934107952106
      ],
      [
       -77.32935493657193,
       38.89037123394923
      ],
      [
       -77.33016606016805,
       38.88895914015714
      ],
      [
       -77.32968112103411,
       38.888100102798106
      ],
      [
       -77.33121574952774,
       38.88663237611038
      ],
      [
       -77.33055557299657,
       38.88615376958177
      ],
      [
       -77.33192537423537,
       38.885441995769995
      ],
      [
       -77.33407767117868,
       38.88257526538327
      ],
      [
       -77.33536419127819,
       38.88018714152514
      ],
      [
       -77.33751735573335,
       38.87961526808327
      ],
      [
       -77.33823218551218,
       38.87892885632686
      ],
      [
       -77.33857658772358,
       38.87745294833095
      ],
      [
       -77.33777413924614,
       38.87573323735124
      ],
      [
       -77.3378418051718,
       38.87469012055812
      ],
      [
       -77.33878826061925,
       38.87511309419109
      ],
      [
       -77.34055017722217,
       38.876794353022355
      ],
      [
       -77.34230515373015,
       38.877799017667016
      ],
      [
       -77.34324206654706,
       38.877979006447006
      ],
      [
       -77.34667914856615,
       38.87656282200082
      ],
      [
       -77.35344487362087,
       38.87523663194463
      ],
      [
       -77.36051683036483,
       38.87732122926923
      ],
      [
       -77.36701015669315,
       38.87948273089073
      ],
      [
       -77.36864541656341,
       38.87941728042528
      ],
      [
       -77.36903232685633,
       38.88067065683866
      ],
      [
       -77.36984865552365,
       38.88164505064305
      ],
      [
       -77.3729317927008,
       38.883660924978926
      ],
      [
       -77.37463732103232,
       38.88444223991024
      ],
      [
       -77.3760105923186,
       38.88576188491989
      ],
      [
       -77.3773908036998,
       38.88889123529923
      ],
      [
       -77.38019026449626,
       38.89283708023508
      ],
      [
       -77.38047827843627,
       38.89377302189102
      ],
      [
       -77.38032212630013,
       38.895671903519904
      ],
      [
       -77.3811289123369,
       38.89784404084204
      ],
      [
       -77.38112023721824,
       38.89938867182667
      ],
      [
       -77.38189926287527,
       38.901434817002816
      ],
      [
       -77.38275029201729,
       38.90464761672562
      ],
      [
       -77.38255336682336,
       38.90554592436393
      ],
      [
       -77.38099097794998,
       38.90772297047097
      ],
      [
       -77.38071077161678,
       38.90987629078429
      ],
      [
       -77.3794736996937,
       38.912059881937886
      ],
      [
       -77.37911975485176,
       38.91375668525468
      ],
      [
       -77.37756430607331,
       38.916500696018694
      ],
      [
       -77.37576074890075,
       38.9187391019371
      ],
      [
       -77.37381925734125,
       38.92348998759799
      ],
      [
       -77.37355466622166,
       38.92495525989326
      ]
     ]
    ]
   }
  },
  {
   "type": "Feature",
   "properties": {
    "name": "Dranesville",
    "geoid": "5123392"
   },
   "geometry": {
    "type": "Polygon",
    "coordinates": [
     [
      [
       -77.37110307768408,
       39.01448004279804
      ],
      [
       -77.3677484092924,
       39.01281923723724
      ],
      [
       -77.35929363863164,
       39.00822788708589
      ],
      [
       -77.3499782961983,
       39.00300166741967
      ],
      [
       -77.34378512897612,
       38.999905860403864
      ],
      [
       -77.3414654022424,
       38.99832523166323
      ],
      [
       -77.34647007820608,
       38.990956327384325
      ],
      [
       -77.34941094343694,
       38.987254285432286
      ],
      [
       -77.35291222133422,
       38.98775661775462
      ],
      [
       -77.3549821046501,
       38.98776725345525
      ],
      [
       -77.35660695437795,
       38.98684276563077
      ],
      [
       -77.36013512514312,
       38.98771325682126
      ],
      [
       -77.35945412832713,
       38.986046724344725
      ],
      [
       -77.36081785698286,
       38.98204606464407
      ],
      [
       -77.36259018372819,
       38.9787899039879
      ],
      [
       -77.36271163538963,
       38.97779505691306
      ],
      [
       -77.36519792440193,
       38.97899770921571
      ],
      [
       -77.36602726574726,
       38.98025763067563
      ],
      [
       -77.3668167015467,
       38.98042371123171
      ],
      [
       -77.36672734782435,
       38.981726175494174
      ],
      [
       -77.37350782058081,
       38.98443500663301
      ],
      [
       -77.37900784582085,
       38.98649506003306
      ],
      [
       -77.38320226570026,
       38.98830231101031
      ],
      [
       -77.38402987202187,
       38.98913025939826
      ],
      [
       -77.38522356835156,
       38.987475998884
      ],
      [
       -77.38482885045185,
       38.98686076450876
      ],
      [
       -77.38551678736279,
       38.98578164995965
      ],
      [
       -77.38625937752137,
       38.98582337463137
      ],
      [
       -77.3869022038152,
       38.98498560867361
      ],
      [
       -77.38798659364959,
       38.98214833099633
      ],
      [
       -77.38948391913291,
       38.98133510896311
      ],
      [
       -77.40095502855702,
       38.98429183373983
      ],
      [
       -77.37110307768408,
       39.01448004279804
      ]
     ]
    ]
   }
  },
  {
   "type": "Feature",
   "properties": {
    "name": "Dunn Loring",
    "geoid": "5123984"
   },
   "geometry": {
    "type": "Polygon",
    "coordinates": [
     [
      [
       -77.24757893038093,
       38.87969626303426
      ],
      [
       -77.24696039441939,
       38.87990406826207
      ],
      [
       -77.24228624047724,
       38.888208096066094
      ],
      [
       -77.24716425970826,
       38.889841085179086
      ],
      [
       -77.24480462742862,
       38.892589186597185
      ],
      [
       -77.24536157004756,
       38.8929777987358
      ],
      [
       -77.24412883568384,
       38.89370266264066
      ],
      [
       -77.24211273810374,
       38.89698663974464
      ],
      [
       -77.24281715774016,
       38.89742188533989
      ],
      [
       -77.24188978755379,
       38.90448808121608
      ],
      [
       -77.24239294443694,
       38.9044529015909
      ],
      [
       -77.24421385184685,
       38.9060138951919
      ],
      [
       -77.24479681982181,
       38.90583963332763
      ],
      [
       -77.2433957881558,
       38.90920378725179
      ],
      [
       -77.24203119198819,
       38.9096913932194
      ],
      [
       -77.23934971280572,
       38.90921605921406
      ],
      [
       -77.23415678676679,
       38.90646304901105
      ],
      [
       -77.23175030884632,
       38.904997776715774
      ],
      [
       -77.2291737985998,
       38.904304001782
      ],
      [
       -77.22688616980517,
       38.90339914909715
      ],
      [
       -77.22529341801642,
       38.906742031620034
      ],
      [
       -77.22234214264314,
       38.90589526622327
      ],
      [
       -77.22269695499695,
       38.9045928019608
      ],
      [
       -77.21940387994788,
       38.903988203286204
      ],
      [
       -77.21826136681837,
       38.90401683786484
      ],
      [
       -77.21591040965741,
       38.90349568853369
      ],
      [
       -77.21490322837923,
       38.900576597774595
      ],
      [
       -77.21466466261566,
       38.898582812970815
      ],
      [
       -77.21486505785705,
       38.89616932705733
      ],
      [
       -77.21538296244196,
       38.894500340188344
      ],
      [
       -77.21861878170778,
       38.888352905220906
      ],
      [
       -77.21942296520896,
       38.88714370787171
      ],
      [
       -77.22487701232001,
       38.88498875129675
      ],
      [
       -77.22839217040718,
       38.88346620984421
      ],
      [
       -77.23612083363483,
       38.881020816828816
      ],
      [
       -77.23935318285318,
       38.88027877217677
      ],
      [
       -77.24757893038093,
       38.87969626303426
      ]
     ]
    ]
   }
  },
  {
   "type": "Feature",
   "properties": {
    "name": "Fair Lakes",
    "geoid": "5126701"
   },
   "geometry": {
    "type": "Polygon",
    "coordinates": [
     [
      [
       -77.4052656950267,
       38.86021411386211
      ],
      [
       -77.40391584656085,
       38.86108378692179
      ],
      [
       -77.4024566915997,
       38.86157711980512
      ],
      [
       -77.400784996231,
       38.861697385035384
      ],
      [
       -77.39299387214886,
       38.8636788978769
      ],
      [
       -77.38710086403286,
       38.863795890583894
      ],
      [
       -77.38535543015543,
       38.86405196552997
      ],
      [
       -77.38217339662539,
       38.86495436382236
      ],
      [
       -77.38226188283588,
       38.865321704559705
      ],
      [
       -77.38064917827418,
       38.86561459539259
      ],
      [
       -77.37956565595165,
       38.865344612222614
      ],
      [
       -77.37892716721717,
       38.86420168346969
      ],
      [
       -77.37100504884305,
       38.8604840970321
      ],
      [
       -77.37167303298104,
       38.85651370817171
      ],
      [
       -77.3723627049157,
       38.85393986861787
      ],
      [
       -77.37379323198523,
       38.845469760257764
      ],
      [
       -77.38473602668202,
       38.84320271976072
      ],
      [
       -77.39338164995365,
       38.84125475028275
      ],
      [
       -77.39872205301005,
       38.84026072133872
      ],
      [
       -77.40483193909294,
       38.840111003399
      ],
      [
       -77.40457168553269,
       38.84128829364629
      ],
      [
       -77.40305267225267,
       38.843624875262876
      ],
      [
       -77.40196567988268,
       38.84768280412081
      ],
      [
       -77.40191276165876,
       38.84863510839311
      ],
      [
       -77.4052656950267,
       38.86021411386211
      ]
     ]
    ]
   }
  },
  {
   "type": "Feature",
   "properties": {
    "name": "Fair Oaks",
    "geoid": "5126875"
   },
   "geometry": {
    "type": "Polygon",
    "coordinates": [
     [
      [
       -77.3773908036998,
       38.88889123529923
      ],
      [
       -77.3760105923186,
       38.88576188491989
      ],
      [
       -77.37463732103232,
       38.88444223991024
      ],
      [
       -77.3729317927008,
       38.883660924978926
      ],
      [
       -77.36984865552365,
       38.88164505064305
      ],
      [
       -77.36903232685633,
       38.88067065683866
      ],
      [
       -77.36864541656341,
       38.87941728042528
      ],
      [
       -77.36701015669315,
       38.87948273089073
      ],
      [
       -77.36051683036483,
       38.87732122926923
      ],
      [
       -77.35344487362087,
       38.87523663194463
      ],
      [
       -77.34667914856615,
       38.87656282200082
      ],
      [
       -77.34324206654706,
       38.877979006447006
      ],
      [
       -77.34230515373015,
       38.877799017667016
      ],
      [
       -77.34055017722217,
       38.876794353022355
      ],
      [
       -77.33878826061925,
       38.87511309419109
      ],
      [
       -77.3378418051718,
       38.87469012055812
      ],
      [
       -77.3370862023352,
       38.874430773088775
      ],
      [
       -77.33677997064596,
       38.87292704864505
      ],
      [
       -77.33543792978693,
       38.87132678476478
      ],
      [
       -77.33546395514296,
       38.8687733984814
      ],
      [
       -77.33288137231337,
       38.86779736841537
      ],
      [
       -77.33160092479693,
       38.86581830996631
      ],
      [
       -77.33142395237596,
       38.86490282158082
      ],
      [
       -77.32836597304298,
       38.86543787913588
      ],
      [
       -77.32878758381058,
       38.86484800681601
      ],
      [
       -77.32881274165474,
       38.86389324815125
      ],
      [
       -77.33249099197299,
       38.857880804768804
      ],
      [
       -77.33485235927635,
       38.85373697217497
      ],
      [
       -77.334821996361,
       38.85149202121002
      ],
      [
       -77.33801096998597,
       38.851141043089044
      ],
      [
       -77.34395342627843,
       38.850402270960274
      ],
      [
       -77.35424471956271,
       38.84901390296191
      ],
      [
       -77.35896918919319,
       38.84831603737404
      ],
      [
       -77.36886402955403,
       38.846562783030784
      ],
      [
       -77.37379323198523,
       38.845469760257764
      ],
      [
       -77.3723627049157,
       38.85393986861787
      ],
      [
       -77.37167303298104,
       38.85651370817171
      ],
      [
       -77.37100504884305,
       38.8604840970321
      ],
      [
       -77.37892716721717,
       38.86420168346969
      ],
      [
       -77.37956565595165,
       38.865344612222614
      ],
      [
       -77.38064917827418,
       38.86561459539259
      ],
      [
       -77.38226188283588,
       38.865321704559705
      ],
      [
       -77.38373491798691,
       38.871033893931894
      ],
      [
       -77.38412616583916,
       38.87340892769693
      ],
      [
       -77.38356315063714,
       38.875533613431614
      ],
      [
       -77.38254816175215,
       38.87711506030306
      ],
      [
       -77.38234516397516,
       38.87862123913924
      ],
      [
       -77.38284832085832,
       38.87972898826699
      ],
      [
       -77.38426583524983,
       38.88082937421738
      ],
      [
       -77.38599999147299,
       38.88150105961906
      ],
      [
       -77.38285005588206,
       38.886629103587104
      ],
      [
       -77.38222371231372,
       38.88709871067671
      ],
      [
       -77.3773908036998,
       38.88889123529923
      ]
     ]
    ]
   }
  },
  {
   "type": "Feature",
   "properties": {
    "name": "Fairfax Station",
    "geoid": "5126592"
   },
   "geometry": {
    "type": "Polygon",
    "coordinates": [
     [
      [
       -77.37602881006781,
       38.81312495836296
      ],
      [
       -77.36989376614076,
       38.813808915726916
      ],
      [
       -77.36623980615481,
       38.814658953646955
      ],
      [
       -77.36187969150869,
       38.81687772442572
      ],
      [
       -77.3602236113536,
       38.81706180385981
      ],
      [
       -77.35641002918403,
       38.81793065878866
      ],
      [
       -77.35489882351082,
       38.81862197932998
      ],
      [
       -77.35363138867238,
       38.8188036043716
      ],
      [
       -77.35244202990202,
       38.819644642852644
      ],
      [
       -77.3497536106246,
       38.819890082098084
      ],
      [
       -77.34484783101382,
       38.82197222503022
      ],
      [
       -77.3417083055653,
       38.821621246909245
      ],
      [
       -77.34090759211159,
       38.82080475235276
      ],
      [
       -77.34035064949265,
       38.818635069423074
      ],
      [
       -77.33846814874015,
       38.81649565733366
      ],
      [
       -77.33332467087767,
       38.81433415571216
      ],
      [
       -77.33114634857834,
       38.813939816657815
      ],
      [
       -77.32785414104114,
       38.81367637853438
      ],
      [
       -77.32408393446494,
       38.81265126061926
      ],
      [
       -77.32134433198733,
       38.81580188239988
      ],
      [
       -77.31250178352178,
       38.811027270945274
      ],
      [
       -77.30798638425138,
       38.8088854044634
      ],
      [
       -77.30548621504921,
       38.80844115942916
      ],
      [
       -77.29782695277095,
       38.80675662807463
      ],
      [
       -77.29706701237501,
       38.8060693981874
      ],
      [
       -77.29721535690436,
       38.80429814496615
      ],
      [
       -77.29548033316934,
       38.79898193090993
      ],
      [
       -77.2991741987012,
       38.79819407093207
      ],
      [
       -77.30126576981377,
       38.797519931137934
      ],
      [
       -77.30231719419719,
       38.797765370383374
      ],
      [
       -77.3082370951811,
       38.79984096826897
      ],
      [
       -77.30979774903075,
       38.80025903311704
      ],
      [
       -77.31210966815766,
       38.800473383391385
      ],
      [
       -77.31865764773364,
       38.80043165871966
      ],
      [
       -77.32351571419171,
       38.80072864020664
      ],
      [
       -77.32552487167688,
       38.80070491441292
      ],
      [
       -77.32541383015783,
       38.798188344016346
      ],
      [
       -77.32580334298635,
       38.79432267590068
      ],
      [
       -77.32665957719958,
       38.78823005569806
      ],
      [
       -77.32342462544563,
       38.78706176488976
      ],
      [
       -77.31825859227459,
       38.7865847946228
      ],
      [
       -77.31396267350667,
       38.78572821165621
      ],
      [
       -77.31254342409143,
       38.78524060568861
      ],
      [
       -77.30947676963977,
       38.782562045390044
      ],
      [
       -77.30552265054764,
       38.780447995356
      ],
      [
       -77.30082680880881,
       38.77846893690694
      ],
      [
       -77.297256997474,
       38.77634588743389
      ],
      [
       -77.30005125319926,
       38.77535676727477
      ],
      [
       -77.31343435877936,
       38.76701183292983
      ],
      [
       -77.31570723987224,
       38.76627796958597
      ],
      [
       -77.31886238053438,
       38.76407883394683
      ],
      [
       -77.32192903498603,
       38.76400683843484
      ],
      [
       -77.32596817024117,
       38.764262095250096
      ],
      [
       -77.32866005956606,
       38.7629899018279
      ],
      [
       -77.32867307224407,
       38.76344805508606
      ],
      [
       -77.33087741989942,
       38.76475379187179
      ],
      [
       -77.33568690569291,
       38.76821121270921
      ],
      [
       -77.33719637634238,
       38.76873318017118
      ],
      [
       -77.34065080859881,
       38.769169243897245
      ],
      [
       -77.34160593916494,
       38.77003400817201
      ],
      [
       -77.3432732969743,
       38.77061815357615
      ],
      [
       -77.34687607376007,
       38.76924287567088
      ],
      [
       -77.34779216629217,
       38.77026962984763
      ],
      [
       -77.3499488007948,
       38.77058706460507
      ],
      [
       -77.35039817194217,
       38.77132910925711
      ],
      [
       -77.35184778427278,
       38.77204497372298
      ],
      [
       -77.35311435159934,
       38.7713781971062
      ],
      [
       -77.35513391922692,
       38.77210306101106
      ],
      [
       -77.35234313354913,
       38.77277801893602
      ],
      [
       -77.35049967083067,
       38.775279044847046
      ],
      [
       -77.34637291687692,
       38.778793734841734
      ],
      [
       -77.34362637430438,
       38.7806378017058
      ],
      [
       -77.33990301336901,
       38.78254813716614
      ],
      [
       -77.33949962035062,
       38.783197733035735
      ],
      [
       -77.34148535501535,
       38.78334826910627
      ],
      [
       -77.34392306336306,
       38.78265694856495
      ],
      [
       -77.34548718726019,
       38.78265285791086
      ],
      [
       -77.34733585504985,
       38.78416312740113
      ],
      [
       -77.34986898970298,
       38.7853755972736
      ],
      [
       -77.34985857956057,
       38.78593683501484
      ],
      [
       -77.35441561940061,
       38.787735086553084
      ],
      [
       -77.35814418540718,
       38.7861200963181
      ],
      [
       -77.36091675333576,
       38.788063975141974
      ],
      [
       -77.36240887374787,
       38.78993422219222
      ],
      [
       -77.36282701446801,
       38.791190871128876
      ],
      [
       -77.36485265467866,
       38.793106115374115
      ],
      [
       -77.36608278650678,
       38.79486100597901
      ],
      [
       -77.36703010946611,
       38.79702005320805
      ],
      [
       -77.36886576457776,
       38.80053801572602
      ],
      [
       -77.3701652973553,
       38.801919020547025
      ],
      [
       -77.37091482760883,
       38.804479770007774
      ],
      [
       -77.37358329411329,
       38.80956772556573
      ],
      [
       -77.37602881006781,
       38.81312495836296
      ]
     ]
    ]
   }
  },
  {
   "type": "Feature",
   "properties": {
    "name": "Floris",
    "geoid": "5128528"
   },
   "geometry": {
    "type": "Polygon",
    "coordinates": [
     [
      [
       -77.4291083911934,
       38.947942281490285
      ],
      [
       -77.42622998681699,
       38.946502371250375
      ],
      [
       -77.42140141576242,
       38.94367327488128
      ],
      [
       -77.4176234015794,
       38.941941291939294
      ],
      [
       -77.41348016490016,
       38.94208364670165
      ],
      [
       -77.41014978684079,
       38.94152486335286
      ],
      [
       -77.40853187720788,
       38.94169503456303
      ],
      [
       -77.40220424564625,
       38.94355464591265
      ],
      [
       -77.39664436208736,
       38.94579223370023
      ],
      [
       -77.39461525182925,
       38.94580696005496
      ],
      [
       -77.39325933078032,
       38.945230995958994
      ],
      [
       -77.38853139110239,
       38.94231272333072
      ],
      [
       -77.38440463714863,
       38.939936871434874
      ],
      [
       -77.39082075492075,
       38.930666631134635
      ],
      [
       -77.3962721994962,
       38.92234378632179
      ],
      [
       -77.39690288062388,
       38.92100368804169
      ],
      [
       -77.39853987551787,
       38.922612951360954
      ],
      [
       -77.40009879434379,
       38.925171246429244
      ],
      [
       -77.4029503058523,
       38.92538477857278
      ],
      [
       -77.40472523513323,
       38.925058344376346
      ],
      [
       -77.41086114657215,
       38.922630950238954
      ],
      [
       -77.41400587709188,
       38.92229960725761
      ],
      [
       -77.41486037628137,
       38.92244932519733
      ],
      [
       -77.4167957952578,
       38.92365688628489
      ],
      [
       -77.42196443096442,
       38.92699813254613
      ],
      [
       -77.42615104323704,
       38.929828865176866
      ],
      [
       -77.42759198044898,
       38.93046291656092
      ],
      [
       -77.4293964051334,
       38.930547184035184
      ],
      [
       -77.4291083911934,
       38.947942281490285
      ]
     ]
    ]
   }
  },
  {
   "type": "Feature",
   "properties": {
    "name": "Fort Belvoir",
    "geoid": "5129008"
   },
   "geometry": {
    "type": "Polygon",
    "coordinates": [
     [
      [
       -77.16324983676384,
       38.74004215051015
      ],
      [
       -77.16229991126892,
       38.74079973964774
      ],
      [
       -77.15847591895692,
       38.74247036277836
      ],
      [
       -77.15653789744489,
       38.742774707442706
      ],
      [
       -77.15071862783763,
       38.74404117394918
      ],
      [
       -77.14731624629324,
       38.74589996716797
      ],
      [
       -77.14283294496194,
       38.74863170596971
      ],
      [
       -77.13300143296743,
       38.74141497402297
      ],
      [
       -77.13291468178068,
       38.74114826337627
      ],
      [
       -77.13219204439504,
       38.73993824789625
      ],
      [
       -77.12760117159218,
       38.74101408992209
      ],
      [
       -77.12652632438832,
       38.73750103618904
      ],
      [
       -77.12496393551494,
       38.737897829635834
      ],
      [
       -77.12439398021797,
       38.73614539342339
      ],
      [
       -77.12278908326309,
       38.73620102631903
      ],
      [
       -77.12085192926293,
       38.73010676985477
      ],
      [
       -77.12155895143495,
       38.729930871728875
      ],
      [
       -77.12220524777625,
       38.73150168289968
      ],
      [
       -77.12289318468719,
       38.731335602343606
      ],
      [
       -77.12235966488866,
       38.7297287934168
      ],
      [
       -77.12692277731178,
       38.72849914279715
      ],
      [
       -77.12814510153311,
       38.73054692423493
      ],
      [
       -77.12950883018883,
       38.73019267359067
      ],
      [
       -77.13011782351983,
       38.72842305663106
      ],
      [
       -77.12987492019693,
       38.727769370107374
      ],
      [
       -77.13114322254722,
       38.72743311834112
      ],
      [
       -77.13626067505368,
       38.72333182854983
      ],
      [
       -77.13797314348014,
       38.71966332996133
      ],
      [
       -77.13793931051731,
       38.718999825867826
      ],
      [
       -77.13960840335041,
       38.715907291375295
      ],
      [
       -77.14105107558608,
       38.71512515831316
      ],
      [
       -77.1402677123697,
       38.71407386021186
      ],
      [
       -77.13921802301002,
       38.71371224639025
      ],
      [
       -77.13757061797362,
       38.713829239097244
      ],
      [
       -77.13708134128034,
       38.71175691373492
      ],
      [
       -77.13613401832102,
       38.7121487983968
      ],
      [
       -77.13432005100606,
       38.71165382925183
      ],
      [
       -77.13177910874612,
       38.71180109279909
      ],
      [
       -77.13003193984494,
       38.7123696937177
      ],
      [
       -77.12887467901368,
       38.71078088366888
      ],
      [
       -77.12758035130736,
       38.709858032106034
      ],
      [
       -77.12566662012762,
       38.709134804462806
      ],
      [
       -77.1282040923401,
       38.705413945501945
      ],
      [
       -77.12809305082105,
       38.705214321582325
      ],
      [
       -77.12989574048174,
       38.70270920501721
      ],
      [
       -77.12905338645838,
       38.70205388223189
      ],
      [
       -77.12785361754561,
       38.70202933830734
      ],
      [
       -77.12686378650479,
       38.698621005319005
      ],
      [
       -77.12557813391713,
       38.69833465953266
      ],
      [
       -77.12459958053059,
       38.69587863081663
      ],
      [
       -77.12362883475083,
       38.69435199871
      ],
      [
       -77.12301637137237,
       38.69154335561136
      ],
      [
       -77.12179231212731,
       38.68785685814486
      ],
      [
       -77.12263206361506,
       38.685256020274025
      ],
      [
       -77.12731836272336,
       38.678602162330165
      ],
      [
       -77.12957476109077,
       38.676762186120186
      ],
      [
       -77.1301638016488,
       38.67595632726433
      ],
      [
       -77.13243928527729,
       38.67414334937135
      ],
      [
       -77.13539576572177,
       38.673218861546864
      ],
      [
       -77.13722881829781,
       38.6729406970687
      ],
      [
       -77.14024775959676,
       38.67385782171582
      ],
      [
       -77.14126795355295,
       38.67446978356779
      ],
      [
       -77.14321812023113,
       38.674094261522264
      ],
      [
       -77.14455582353082,
       38.67576897530698
      ],
      [
       -77.14616419053318,
       38.67709516536317
      ],
      [
       -77.1474003949444,
       38.677172069660074
      ],
      [
       -77.14829132963233,
       38.677887934125934
      ],
      [
       -77.14969236129836,
       38.67785193636994
      ],
      [
       -77.1526176113156,
       38.67923866810667
      ],
      [
       -77.15412534694134,
       38.679060315588316
      ],
      [
       -77.1536326002006,
       38.681145731043735
      ],
      [
       -77.15382085027585,
       38.681644790842796
      ],
      [
       -77.15666281915382,
       38.68265272801073
      ],
      [
       -77.15739239663439,
       38.68409263825064
      ],
      [
       -77.15633576717977,
       38.684632604590604
      ],
      [
       -77.15461982870583,
       38.68649467033267
      ],
      [
       -77.15388591366592,
       38.68801802991603
      ],
      [
       -77.15407242871743,
       38.68961665753466
      ],
      [
       -77.15497897861898,
       38.69026788966589
      ],
      [
       -77.15484017672017,
       38.690982936000935
      ],
      [
       -77.15604168065668,
       38.69153681056481
      ],
      [
       -77.15638521535621,
       38.68937203642004
      ],
      [
       -77.15720588158288,
       38.69032434069234
      ],
      [
       -77.15732126066126,
       38.691994963822964
      ],
      [
       -77.15834839471239,
       38.692934996133
      ],
      [
       -77.15920202639003,
       38.69289736211537
      ],
      [
       -77.15953515094715,
       38.695629919047924
      ],
      [
       -77.16144974963875,
       38.69908733988534
      ],
      [
       -77.1616275895716,
       38.701210389358394
      ],
      [
       -77.15990384349084,
       38.7041982031062
      ],
      [
       -77.1605032941913,
       38.70481016495817
      ],
      [
       -77.159929001335,
       38.70580173950974
      ],
      [
       -77.16142806184206,
       38.70693403256203
      ],
      [
       -77.16186181777582,
       38.70681785798586
      ],
      [
       -77.16303469382069,
       38.70815713813514
      ],
      [
       -77.15727007746108,
       38.70876173680974
      ],
      [
       -77.157408011848,
       38.70986375902176
      ],
      [
       -77.15855486253686,
       38.709888302946304
      ],
      [
       -77.15861211832012,
       38.71264704006504
      ],
      [
       -77.1599984022844,
       38.71295383912184
      ],
      [
       -77.1605779002119,
       38.710999324597324
      ],
      [
       -77.16234762442163,
       38.709979933597936
      ],
      [
       -77.16303469382069,
       38.70815713813514
      ],
      [
       -77.1688903989264,
       38.70774970898771
      ],
      [
       -77.16906910637111,
       38.70909307979108
      ],
      [
       -77.16841066486367,
       38.710028203316206
      ],
      [
       -77.16687777139377,
       38.710759612267616
      ],
      [
       -77.1676273016473,
       38.71122594683395
      ],
      [
       -77.16803416471316,
       38.71300538136338
      ],
      [
       -77.16747722209422,
       38.71395932189732
      ],
      [
       -77.16847399323,
       38.71534196297996
      ],
      [
       -77.16957486578987,
       38.71589829193629
      ],
      [
       -77.16886784361785,
       38.71780371861172
      ],
      [
       -77.16781208167508,
       38.719142998761
      ],
      [
       -77.17297811484612,
       38.721705384483386
      ],
      [
       -77.17391502766303,
       38.72197536765337
      ],
      [
       -77.17322275319275,
       38.723924973392975
      ],
      [
       -77.17318805271805,
       38.724967272055274
      ],
      [
       -77.1723908093118,
       38.72604393221194
      ],
      [
       -77.17250011580711,
       38.72689233387034
      ],
      [
       -77.17174711550612,
       38.72918473642274
      ],
      [
       -77.16992620809621,
       38.72996768761569
      ],
      [
       -77.16914631492732,
       38.73117606683407
      ],
      [
       -77.1675926011726,
       38.73202283223083
      ],
      [
       -77.17080933517734,
       38.73356091816892
      ],
      [
       -77.16885916849917,
       38.73588768221568
      ],
      [
       -77.16830135836835,
       38.73721223601024
      ],
      [
       -77.1672056908797,
       38.73827416981217
      ],
      [
       -77.1648287083627,
       38.73909393689194
      ],
      [
       -77.16324983676384,
       38.74004215051015
      ]
     ]
    ]
   }
  },
  {
   "type": "Feature",
   "properties": {
    "name": "Fort Hunt",
    "geoid": "5129136"
   },
   "geometry": {
    "type": "Polygon",
    "coordinates": [
     [
      [
       -77.08142004483705,
       38.730456929844934
      ],
      [
       -77.07990276658077,
       38.73089462983263
      ],
      [
       -77.07981081032281,
       38.73197865316666
      ],
      [
       -77.07842365884666,
       38.73262661277462
      ],
      [
       -77.07772010672211,
       38.73173485018285
      ],
      [
       -77.0768551973902,
       38.73207028381829
      ],
      [
       -77.0748312922033,
       38.732152915030916
      ],
      [
       -77.07457537620238,
       38.732750150528155
      ],
      [
       -77.07289413820314,
       38.733560100038105
      ],
      [
       -77.07254106087306,
       38.73428578207378
      ],
      [
       -77.07029333762434,
       38.73498119326919
      ],
      [
       -77.06917684985085,
       38.73667308780109
      ],
      [
       -77.0731674044414,
       38.73792891860692
      ],
      [
       -77.07688122274622,
       38.74324267827068
      ],
      [
       -77.07158593030694,
       38.745117834105834
      ],
      [
       -77.07241613916413,
       38.74633275837076
      ],
      [
       -77.0739420925391,
       38.74675164134964
      ],
      [
       -77.07493626113926,
       38.74846398915199
      ],
      [
       -77.07487640282041,
       38.74898432035232
      ],
      [
       -77.0720222887763,
       38.75424408338208
      ],
      [
       -77.07126495091595,
       38.753902922830925
      ],
      [
       -77.06986131671432,
       38.75599488333288
      ],
      [
       -77.0701770910341,
       38.756980730968735
      ],
      [
       -77.0711808022648,
       38.757810315618315
      ],
      [
       -77.07012590783391,
       38.760091264339266
      ],
      [
       -77.06961407583208,
       38.761589261867265
      ],
      [
       -77.0683960891701,
       38.76314861920662
      ],
      [
       -77.06675302169302,
       38.761978692136694
      ],
      [
       -77.06595577828678,
       38.76062386750187
      ],
      [
       -77.06112633972035,
       38.75990227612028
      ],
      [
       -77.0593809058429,
       38.76030234209034
      ],
      [
       -77.059746995851,
       38.76360431807232
      ],
      [
       -77.05695100510201,
       38.76389639077439
      ],
      [
       -77.05538341115741,
       38.764590983838985
      ],
      [
       -77.05381408218908,
       38.764762791310794
      ],
      [
       -77.05409862608163,
       38.765774001002
      ],
      [
       -77.05339073639773,
       38.765944990342994
      ],
      [
       -77.05367614780215,
       38.76842801737602
      ],
      [
       -77.05227685115985,
       38.768189941307945
      ],
      [
       -77.05232803436003,
       38.767306360024364
      ],
      [
       -77.05073007750008,
       38.76659213182013
      ],
      [
       -77.049768006839,
       38.76576991034791
      ],
      [
       -77.05077692314093,
       38.76460571019371
      ],
      [
       -77.04918417135217,
       38.76445599225399
      ],
      [
       -77.04961532475032,
       38.762930996409
      ],
      [
       -77.04716200118901,
       38.76098793571594
      ],
      [
       -77.04151363141963,
       38.761037841695845
      ],
      [
       -77.04204107863508,
       38.74616176902977
      ],
      [
       -77.04228224693425,
       38.74128489122289
      ],
      [
       -77.0434212900163,
       38.73946291389092
      ],
      [
       -77.04158997246397,
       38.736817078825084
      ],
      [
       -77.04183981588181,
       38.73641292220093
      ],
      [
       -77.0416055876776,
       38.73366236639037
      ],
      [
       -77.04166978355579,
       38.72689887891688
      ],
      [
       -77.04146938831438,
       38.72584676268477
      ],
      [
       -77.04226836674437,
       38.723726985734984
      ],
      [
       -77.04267783234583,
       38.72105824300625
      ],
      [
       -77.04333800887701,
       38.71846804083604
      ],
      [
       -77.0454425926676,
       38.71576575474376
      ],
      [
       -77.04619559296859,
       38.714431383379384
      ],
      [
       -77.04831492446093,
       38.7128073937054
      ],
      [
       -77.05189601345002,
       38.71108686459487
      ],
      [
       -77.05354515351016,
       38.7098023992104
      ],
      [
       -77.0565077065377,
       38.71021637340438
      ],
      [
       -77.06179172132272,
       38.70980976238776
      ],
      [
       -77.07183403870104,
       38.71008465434266
      ],
      [
       -77.073156994299,
       38.71081115450916
      ],
      [
       -77.07418326083827,
       38.71198680849481
      ],
      [
       -77.07418586337387,
       38.71282375632176
      ],
      [
       -77.07334611188611,
       38.713857055545056
      ],
      [
       -77.07284816007416,
       38.715578402786406
      ],
      [
       -77.0754611058191,
       38.71800661505462
      ],
      [
       -77.07923478244278,
       38.72096415796216
      ],
      [
       -77.07987587371288,
       38.721932824850825
      ],
      [
       -77.08057422076622,
       38.72409596273396
      ],
      [
       -77.08126302518903,
       38.727163953301954
      ],
      [
       -77.08218779283979,
       38.72865131512932
      ],
      [
       -77.08205506352407,
       38.73005604574405
      ],
      [
       -77.08142004483705,
       38.730456929844934
      ]
     ]
    ]
   }
  },
  {
   "type": "Feature",
   "properties": {
    "name": "Franconia",
    "geoid": "5129552"
   },
   "geometry": {
    "type": "Polygon",
    "coordinates": [
     [
      [
       -77.15308173016473,
       38.793404733122735
      ],
      [
       -77.15154796918297,
       38.794758739626744
      ],
      [
       -77.14823060380161,
       38.79628782612583
      ],
      [
       -77.14557341495141,
       38.79676888704689
      ],
      [
       -77.13458984719685,
       38.79831024550825
      ],
      [
       -77.1359796012086,
       38.79521607475407
      ],
      [
       -77.13697723985624,
       38.79369680582481
      ],
      [
       -77.13708481132781,
       38.79255060454861
      ],
      [
       -77.13607242497842,
       38.78407067861868
      ],
      [
       -77.1406311998422,
       38.78323127639928
      ],
      [
       -77.14035793360394,
       38.78137493757294
      ],
      [
       -77.14137899507199,
       38.78118676748477
      ],
      [
       -77.1411118014168,
       38.778976996145
      ],
      [
       -77.13997362584662,
       38.77826276794077
      ],
      [
       -77.14051582076382,
       38.77689894386695
      ],
      [
       -77.14376118266019,
       38.778135957663956
      ],
      [
       -77.14564281590081,
       38.77508269345069
      ],
      [
       -77.14884827225127,
       38.776250984258986
      ],
      [
       -77.14950671375871,
       38.775306861294865
      ],
      [
       -77.14857413850113,
       38.77441100804901
      ],
      [
       -77.14880402914604,
       38.77309136303936
      ],
      [
       -77.14945726558227,
       38.77211778736579
      ],
      [
       -77.14831041489342,
       38.77135610757411
      ],
      [
       -77.14766238352838,
       38.77019517994318
      ],
      [
       -77.14678099147099,
       38.77041362087162
      ],
      [
       -77.14579636550137,
       38.76943922706723
      ],
      [
       -77.14537215219815,
       38.76796086467887
      ],
      [
       -77.14435716331316,
       38.76796495533296
      ],
      [
       -77.14334998203498,
       38.76720327554128
      ],
      [
       -77.14886128492928,
       38.76415982889783
      ],
      [
       -77.15137706934507,
       38.76375894479695
      ],
      [
       -77.15233393493493,
       38.76393238853039
      ],
      [
       -77.1557475941336,
       38.7654172959653
      ],
      [
       -77.1568423941104,
       38.763115075843075
      ],
      [
       -77.15877607806308,
       38.76085130786931
      ],
      [
       -77.15539538431538,
       38.7586039025119
      ],
      [
       -77.15889058962959,
       38.7526110942691
      ],
      [
       -77.15930612781413,
       38.75287371426172
      ],
      [
       -77.164650000918,
       38.754484613842614
      ],
      [
       -77.16749023477223,
       38.74903013567814
      ],
      [
       -77.1673817957888,
       38.74769576431377
      ],
      [
       -77.16498312547513,
       38.741756952704954
      ],
      [
       -77.17519894522694,
       38.73976398603199
      ],
      [
       -77.1769678019248,
       38.73932874043674
      ],
      [
       -77.18505388004188,
       38.74044712526513
      ],
      [
       -77.18416034281834,
       38.74318131845932
      ],
      [
       -77.18235765315765,
       38.74733905927706
      ],
      [
       -77.18083516983017,
       38.75011497714298
      ],
      [
       -77.17346565651566,
       38.76202368933169
      ],
      [
       -77.17172542770943,
       38.76413610310411
      ],
      [
       -77.16918622047322,
       38.76572818567619
      ],
      [
       -77.16445134070034,
       38.76768760898561
      ],
      [
       -77.16093791763691,
       38.76987365453166
      ],
      [
       -77.15867457917457,
       38.77239267932068
      ],
      [
       -77.15751298078398,
       38.77466462860263
      ],
      [
       -77.1570211015551,
       38.776628142566146
      ],
      [
       -77.15480807878107,
       38.78989086125886
      ],
      [
       -77.15444459130859,
       38.791221141969146
      ],
      [
       -77.15308173016473,
       38.793404733122735
      ]
     ]
    ]
   }
  },
  {
   "type": "Feature",
   "properties": {
    "name": "Franklin Farm",
    "geoid": "5129628"
   },
   "geometry": {
    "type": "Polygon",
    "coordinates": [
     [
      [
       -77.4167957952578,
       38.92365688628489
      ],
      [
       -77.41486037628137,
       38.92244932519733
      ],
      [
       -77.41400587709188,
       38.92229960725761
      ],
      [
       -77.41086114657215,
       38.922630950238954
      ],
      [
       -77.40472523513323,
       38.925058344376346
      ],
      [
       -77.4029503058523,
       38.92538477857278
      ],
      [
       -77.40009879434379,
       38.925171246429244
      ],
      [
       -77.39853987551787,
       38.922612951360954
      ],
      [
       -77.39690288062388,
       38.92100368804169
      ],
      [
       -77.3962721994962,
       38.92234378632179
      ],
      [
       -77.39082075492075,
       38.930666631134635
      ],
      [
       -77.38440463714863,
       38.939936871434874
      ],
      [
       -77.38343736141636,
       38.93924064210864
      ],
      [
       -77.37855934218534,
       38.93352518021318
      ],
      [
       -77.37504938916939,
       38.92865566558367
      ],
      [
       -77.37257437781138,
       38.92704803852604
      ],
      [
       -77.37355466622166,
       38.92495525989326
      ],
      [
       -77.37381925734125,
       38.92348998759799
      ],
      [
       -77.37576074890075,
       38.9187391019371
      ],
      [
       -77.37756430607331,
       38.916500696018694
      ],
      [
       -77.37911975485176,
       38.91375668525468
      ],
      [
       -77.3794736996937,
       38.912059881937886
      ],
      [
       -77.38071077161678,
       38.90987629078429
      ],
      [
       -77.38099097794998,
       38.90772297047097
      ],
      [
       -77.38255336682336,
       38.90554592436393
      ],
      [
       -77.38275029201729,
       38.90464761672562
      ],
      [
       -77.38189926287527,
       38.901434817002816
      ],
      [
       -77.38112023721824,
       38.89938867182667
      ],
      [
       -77.38541615598615,
       38.89935267407068
      ],
      [
       -77.39548276369676,
       38.894079002817
      ],
      [
       -77.39647432976133,
       38.89422381197181
      ],
      [
       -77.39766542355542,
       38.895467370815375
      ],
      [
       -77.39963380798281,
       38.89670274835075
      ],
      [
       -77.40025668150368,
       38.894874225972224
      ],
      [
       -77.40303358699158,
       38.89521784091584
      ],
      [
       -77.40556325159724,
       38.89497894671695
      ],
      [
       -77.40697816345316,
       38.895613816231815
      ],
      [
       -77.40848676659077,
       38.8950353977434
      ],
      [
       -77.40987478557878,
       38.89320523910324
      ],
      [
       -77.4128572913793,
       38.892586732204734
      ],
      [
       -77.4130975921666,
       38.89148061933862
      ],
      [
       -77.413788999125,
       38.89091038215838
      ],
      [
       -77.4171428000048,
       38.90375421787222
      ],
      [
       -77.4205980997731,
       38.9104677993658
      ],
      [
       -77.42154195268495,
       38.91093413393214
      ],
      [
       -77.42004722973722,
       38.91564983996784
      ],
      [
       -77.4167957952578,
       38.92365688628489
      ]
     ]
    ]
   }
  },
  {
   "type": "Feature",
   "properties": {
    "name": "George Mason",
    "geoid": "5130618"
   },
   "geometry": {
    "type": "Polygon",
    "coordinates": [
     [
      [
       -77.33801096998597,
       38.851141043089044
      ],
      [
       -77.334821996361,
       38.85149202121002
      ],
      [
       -77.33155841671541,
       38.85174564176364
      ],
      [
       -77.33046101420301,
       38.848878911376914
      ],
      [
       -77.33053909027109,
       38.84780797813598
      ],
      [
       -77.33124697995498,
       38.847332644130645
      ],
      [
       -77.32588922666123,
       38.846988211056214
      ],
      [
       -77.32269157791758,
       38.84319617471417
      ],
      [
       -77.31875480906281,
       38.84201397568198
      ],
      [
       -77.31868887816088,
       38.8346507983188
      ],
      [
       -77.31622427694528,
       38.83640814331614
      ],
      [
       -77.31410581296481,
       38.835823997912
      ],
      [
       -77.31273514421414,
       38.83630587696388
      ],
      [
       -77.31192315310615,
       38.835707823335824
      ],
      [
       -77.31198821649622,
       38.83676893900694
      ],
      [
       -77.31036076423277,
       38.83664785564586
      ],
      [
       -77.30804884510584,
       38.836880204798206
      ],
      [
       -77.30785886000686,
       38.83574218483019
      ],
      [
       -77.30396199669799,
       38.83608089098889
      ],
      [
       -77.30306672445073,
       38.83282227594027
      ],
      [
       -77.30132562813263,
       38.8331028948109
      ],
      [
       -77.30228422874623,
       38.83533966446767
      ],
      [
       -77.30023776825077,
       38.83504022858823
      ],
      [
       -77.29716157116857,
       38.83498377756178
      ],
      [
       -77.29673475532975,
       38.83731381413182
      ],
      [
       -77.29062833929434,
       38.83651695471496
      ],
      [
       -77.28839623125923,
       38.83652186349986
      ],
      [
       -77.28829473237073,
       38.836234699582704
      ],
      [
       -77.28833377040478,
       38.83445771944572
      ],
      [
       -77.28882217958618,
       38.83361586283387
      ],
      [
       -77.28827217706218,
       38.82636476939277
      ],
      [
       -77.29407496394397,
       38.82652185050985
      ],
      [
       -77.29917333118934,
       38.826265775563776
      ],
      [
       -77.30085283416483,
       38.82588207221007
      ],
      [
       -77.30313092032893,
       38.82487986195786
      ],
      [
       -77.30773567332167,
       38.82392837581638
      ],
      [
       -77.31136968053468,
       38.824686783084786
      ],
      [
       -77.31374232549233,
       38.82621914210714
      ],
      [
       -77.31641165950866,
       38.827361252729254
      ],
      [
       -77.32043084199084,
       38.82925277118077
      ],
      [
       -77.3216496961647,
       38.82958002350802
      ],
      [
       -77.32567581874181,
       38.829920365928366
      ],
      [
       -77.32991534923835,
       38.83110092869893
      ],
      [
       -77.334749992876,
       38.83187978923779
      ],
      [
       -77.33773683623583,
       38.83362240788041
      ],
      [
       -77.34198157180357,
       38.834177100575104
      ],
      [
       -77.34476541738641,
       38.833686222084225
      ],
      [
       -77.34497709028209,
       38.83571273212073
      ],
      [
       -77.34342858159859,
       38.83874881558682
      ],
      [
       -77.34190783329483,
       38.84085959309759
      ],
      [
       -77.34086334900634,
       38.84357987806788
      ],
      [
       -77.33798667965368,
       38.84838476036276
      ],
      [
       -77.33801096998597,
       38.851141043089044
      ]
     ]
    ]
   }
  },
  {
   "type": "Feature",
   "properties": {
    "name": "Great Falls",
    "geoid": "5132496"
   },
   "geometry": {
    "type": "Polygon",
    "coordinates": [
     [
      [
       -77.32831825989025,
       39.057678168126166
      ],
      [
       -77.32687992521393,
       39.05737627785428
      ],
      [
       -77.32390262448462,
       39.05558375323175
      ],
      [
       -77.32301429233229,
       39.05544630725431
      ],
      [
       -77.32017058843059,
       39.053558061326065
      ],
      [
       -77.31852665344165,
       39.05358915029715
      ],
      [
       -77.31694517930718,
       39.052690024528026
      ],
      [
       -77.3129312018962,
       39.05179826193626
      ],
      [
       -77.30825878297779,
       39.05219996416796
      ],
      [
       -77.30696879283079,
       39.05208624398424
      ],
      [
       -77.30466207877508,
       39.05137037951838
      ],
      [
       -77.29977191437791,
       39.048915987063985
      ],
      [
       -77.29514113602913,
       39.04738117364917
      ],
      [
       -77.29306604764204,
       39.046468957786956
      ],
      [
       -77.29038803850703,
       39.04493987128787
      ],
      [
       -77.28771523444324,
       39.04293136012936
      ],
      [
       -77.28607303447804,
       39.041348276996274
      ],
      [
       -77.27921535316536,
       39.03711526814327
      ],
      [
       -77.27763734907835,
       39.03583325715126
      ],
      [
       -77.27503741601141,
       39.03428371738172
      ],
      [
       -77.27319135075734,
       39.033872197580195
      ],
      [
       -77.26807563327463,
       39.03222611837412
      ],
      [
       -77.26033742741643,
       39.03118872849673
      ],
      [
       -77.25904917229317,
       39.03050722552523
      ],
      [
       -77.25615341767941,
       39.03012434030234
      ],
      [
       -77.25437762088661,
       39.02956719321519
      ],
      [
       -77.25174819241619,
       39.028152645030644
      ],
      [
       -77.25050938546939,
       39.0272257028137
      ],
      [
       -77.24909100356601,
       39.026874724692725
      ],
      [
       -77.2477932058122,
       39.02612940751741
      ],
      [
       -77.2463167006137,
       39.02468131596932
      ],
      [
       -77.24509264136864,
       39.02214592856393
      ],
      [
       -77.24491566894767,
       39.02122225887026
      ],
      [
       -77.24484106292707,
       39.02033867758668
      ],
      [
       -77.24530778431179,
       39.01777710999511
      ],
      [
       -77.24652403595003,
       39.01597394967195
      ],
      [
       -77.24686757064957,
       39.0148662005442
      ],
      [
       -77.24790771737872,
       39.013883625431625
      ],
      [
       -77.25066987516487,
       39.01228990659791
      ],
      [
       -77.25143415312016,
       39.01161413054213
      ],
      [
       -77.2532593980894,
       39.0091581018261
      ],
      [
       -77.2544019112189,
       39.006351913119914
      ],
      [
       -77.25532407633408,
       39.004876005124004
      ],
      [
       -77.2557586997797,
       39.001991275859275
      ],
      [
       -77.25502478473979,
       39.0008777998158
      ],
      [
       -77.25472462563363,
       38.9993478951859
      ],
      [
       -77.25363329570429,
       38.997827808125805
      ],
      [
       -77.25297225166125,
       38.99552067921868
      ],
      [
       -77.25033935314335,
       38.99481708671509
      ],
      [
       -77.24854273606573,
       38.99246577874378
      ],
      [
       -77.24771079218479,
       38.989483691911694
      ],
      [
       -77.24532166450166,
       38.984016941784944
      ],
      [
       -77.24506661601262,
       38.982782382380385
      ],
      [
       -77.24154972290172,
       38.98161490970291
      ],
      [
       -77.23990231786532,
       38.980709238887236
      ],
      [
       -77.23620931984532,
       38.97692211133011
      ],
      [
       -77.23487508659309,
       38.975976352104354
      ],
      [
       -77.23505986662087,
       38.974902964470964
      ],
      [
       -77.23711673725873,
       38.97446362822163
      ],
      [
       -77.23799032170932,
       38.975708005196005
      ],
      [
       -77.2390616988657,
       38.97650895526696
      ],
      [
       -77.23962384655584,
       38.97630605882406
      ],
      [
       -77.24146123669124,
       38.97721336590136
      ],
      [
       -77.24355714536314,
       38.97711600833401
      ],
      [
       -77.24536764263064,
       38.975652372300374
      ],
      [
       -77.24829376015975,
       38.97586835883636
      ],
      [
       -77.24933737693638,
       38.976368236766234
      ],
      [
       -77.24908926854226,
       38.97802986045786
      ],
      [
       -77.25103076010176,
       38.97798404513205
      ],
      [
       -77.25430214735415,
       38.97581272594073
      ],
      [
       -77.25568322624723,
       38.97404310898111
      ],
      [
       -77.25742258754158,
       38.974790062418066
      ],
      [
       -77.2590804027204,
       38.97444971999772
      ],
      [
       -77.26093601060501,
       38.97311289424089
      ],
      [
       -77.26295991579191,
       38.97323234134034
      ],
      [
       -77.26398184477185,
       38.97165007633808
      ],
      [
       -77.26627120859021,
       38.97072067972868
      ],
      [
       -77.2676757103037,
       38.97079022084822
      ],
      [
       -77.26944196446597,
       38.97147008755809
      ],
      [
       -77.27124205159105,
       38.971686892224895
      ],
      [
       -77.27341516881917,
       38.970828672996674
      ],
      [
       -77.27438157703958,
       38.97162962306762
      ],
      [
       -77.2740553925774,
       38.97341314825115
      ],
      [
       -77.274810995414,
       38.973823031791035
      ],
      [
       -77.27694594211994,
       38.97236266828067
      ],
      [
       -77.27749334210834,
       38.97074685991486
      ],
      [
       -77.2802338120978,
       38.9711411989692
      ],
      [
       -77.27938712051512,
       38.96980682760483
      ],
      [
       -77.27986425204224,
       38.968808708006705
      ],
      [
       -77.28120802792503,
       38.968477365025365
      ],
      [
       -77.28274525895426,
       38.96878989099789
      ],
      [
       -77.28364313373713,
       38.96847409250209
      ],
      [
       -77.28374463262563,
       38.96762814523615
      ],
      [
       -77.28523068045467,
       38.9679373986854
      ],
      [
       -77.28562106079507,
       38.96701127459927
      ],
      [
       -77.28729535869935,
       38.966576847134846
      ],
      [
       -77.28779938309438,
       38.96607533294333
      ],
      [
       -77.29359175983376,
       38.96824665213465
      ],
      [
       -77.30375726389727,
       38.974017746925746
      ],
      [
       -77.30567793517193,
       38.97481787886588
      ],
      [
       -77.31304831599832,
       38.976937655815654
      ],
      [
       -77.31514075462276,
       38.977777876165874
      ],
      [
       -77.31862381477082,
       38.97989110806911
      ],
      [
       -77.32035276592276,
       38.98166972446772
      ],
      [
       -77.32305333036633,
       38.985419218007216
      ],
      [
       -77.32495491637991,
       38.98699902861703
      ],
      [
       -77.32954578918279,
       38.98966286256086
      ],
      [
       -77.3323920956201,
       38.99187181576982
      ],
      [
       -77.3414654022424,
       38.99832523166323
      ],
      [
       -77.34378512897612,
       38.999905860403864
      ],
      [
       -77.3499782961983,
       39.00300166741967
      ],
      [
       -77.35929363863164,
       39.00822788708589
      ],
      [
       -77.3677484092924,
       39.01281923723724
      ],
      [
       -77.37110307768408,
       39.01448004279804
      ],
      [
       -77.32831825989025,
       39.057678168126166
      ]
     ]
    ]
   }
  },
  {
   "type": "Feature",
   "properties": {
    "name": "Great Falls Crossing",
    "geoid": "5132498"
   },
   "geometry": {
    "type": "Polygon",
    "coordinates": [
     [
      [
       -77.3323920956201,
       38.99187181576982
      ],
      [
       -77.32954578918279,
       38.98966286256086
      ],
      [
       -77.32495491637991,
       38.98699902861703
      ],
      [
       -77.32305333036633,
       38.985419218007216
      ],
      [
       -77.32035276592276,
       38.98166972446772
      ],
      [
       -77.31862381477082,
       38.97989110806911
      ],
      [
       -77.31514075462276,
       38.977777876165874
      ],
      [
       -77.31722191559291,
       38.97559592127392
      ],
      [
       -77.3197056020696,
       38.9747147943828
      ],
      [
       -77.32766762598962,
       38.97433190915991
      ],
      [
       -77.33043498884699,
       38.974004656832655
      ],
      [
       -77.33150723351524,
       38.977538163836165
      ],
      [
       -77.3303733955044,
       38.978466742314744
      ],
      [
       -77.33050178726079,
       38.97998682937483
      ],
      [
       -77.332012992934,
       38.979932832740836
      ],
      [
       -77.33108735777135,
       38.985784104352106
      ],
      [
       -77.33105786236786,
       38.98755863009663
      ],
      [
       -77.33183775553675,
       38.987596264114266
      ],
      [
       -77.33177442717043,
       38.988765373053376
      ],
      [
       -77.33248925694926,
       38.98879973454773
      ],
      [
       -77.3323920956201,
       38.99187181576982
      ]
     ]
    ]
   }
  },
  {
   "type": "Feature",
   "properties": {
    "name": "Greenbriar",
    "geoid": "5132592"
   },
   "geometry": {
    "type": "Polygon",
    "coordinates": [
     [
      [
       -77.40473304274005,
       38.88373292049092
      ],
      [
       -77.38356315063714,
       38.875533613431614
      ],
      [
       -77.38412616583916,
       38.87340892769693
      ],
      [
       -77.38373491798691,
       38.871033893931894
      ],
      [
       -77.38226188283588,
       38.865321704559705
      ],
      [
       -77.38217339662539,
       38.86495436382236
      ],
      [
       -77.38535543015543,
       38.86405196552997
      ],
      [
       -77.38710086403286,
       38.863795890583894
      ],
      [
       -77.39299387214886,
       38.8636788978769
      ],
      [
       -77.400784996231,
       38.861697385035384
      ],
      [
       -77.4024566915997,
       38.86157711980512
      ],
      [
       -77.40391584656085,
       38.86108378692179
      ],
      [
       -77.4052656950267,
       38.86021411386211
      ],
      [
       -77.40755332382132,
       38.86815325532125
      ],
      [
       -77.40868802934403,
       38.87634029041829
      ],
      [
       -77.40892399257199,
       38.87893131071931
      ],
      [
       -77.40853014218413,
       38.879958064896066
      ],
      [
       -77.4058503980254,
       38.88417389300189
      ],
      [
       -77.40473304274005,
       38.88373292049092
      ]
     ]
    ]
   }
  },
  {
   "type": "Feature",
   "properties": {
    "name": "Groveton",
    "geoid": "5133584"
   },
   "geometry": {
    "type": "Polygon",
    "coordinates": [
     [
      [
       -77.12150776823476,
       38.76713128002928
      ],
      [
       -77.115717994031,
       38.768778995496994
      ],
      [
       -77.10446636510936,
       38.77118511823312
      ],
      [
       -77.10192629036129,
       38.771654725322726
      ],
      [
       -77.0901315990106,
       38.774220383568384
      ],
      [
       -77.07897105883507,
       38.78150092971893
      ],
      [
       -77.07850867500967,
       38.78131194149994
      ],
      [
       -77.07923738497838,
       38.780185375363374
      ],
      [
       -77.07990883916383,
       38.77816295598096
      ],
      [
       -77.08120923945324,
       38.772307593715595
      ],
      [
       -77.07556173719574,
       38.770403803301804
      ],
      [
       -77.07463957208057,
       38.770326080874085
      ],
      [
       -77.06674868413369,
       38.77249903632704
      ],
      [
       -77.06612667812468,
       38.77294491762292
      ],
      [
       -77.06523661094862,
       38.7747128983209
      ],
      [
       -77.06428061287062,
       38.77507205775006
      ],
      [
       -77.06259677233578,
       38.77505405887206
      ],
      [
       -77.06240765474865,
       38.77280910790711
      ],
      [
       -77.0618697973908,
       38.77134383561184
      ],
      [
       -77.06012262848962,
       38.76910706595507
      ],
      [
       -77.05976694862395,
       38.767898686736686
      ],
      [
       -77.06068390866791,
       38.765994896322894
      ],
      [
       -77.059746995851,
       38.76360431807232
      ],
      [
       -77.0593809058429,
       38.76030234209034
      ],
      [
       -77.06112633972035,
       38.75990227612028
      ],
      [
       -77.06595577828678,
       38.76062386750187
      ],
      [
       -77.06675302169302,
       38.761978692136694
      ],
      [
       -77.0683960891701,
       38.76314861920662
      ],
      [
       -77.06961407583208,
       38.761589261867265
      ],
      [
       -77.07012590783391,
       38.760091264339266
      ],
      [
       -77.07238837878438,
       38.76110492842293
      ],
      [
       -77.07297394929495,
       38.76068604544405
      ],
      [
       -77.07529627856428,
       38.762112865590865
      ],
      [
       -77.07872468546469,
       38.764524715242715
      ],
      [
       -77.08128384547385,
       38.76499514046314
      ],
      [
       -77.08388291102891,
       38.765868904176905
      ],
      [
       -77.08416138233838,
       38.7642530958111
      ],
      [
       -77.08377880960481,
       38.75909968978769
      ],
      [
       -77.09106764431564,
       38.759867914625914
      ],
      [
       -77.09138515365916,
       38.75783567767368
      ],
      [
       -77.09240708263908,
       38.75377774881575
      ],
      [
       -77.09255976472777,
       38.75380392900193
      ],
      [
       -77.09386103252903,
       38.74780703010503
      ],
      [
       -77.09604542741143,
       38.747363603201606
      ],
      [
       -77.11183414340015,
       38.74418271058071
      ],
      [
       -77.11387713384813,
       38.74370001339801
      ],
      [
       -77.12760117159218,
       38.74101408992209
      ],
      [
       -77.13219204439504,
       38.73993824789625
      ],
      [
       -77.13291468178068,
       38.74114826337627
      ],
      [
       -77.13193005581105,
       38.742926879774885
      ],
      [
       -77.12883303844404,
       38.74557598736399
      ],
      [
       -77.1262521906382,
       38.74591632978433
      ],
      [
       -77.12476874534475,
       38.747547682635684
      ],
      [
       -77.12203087789088,
       38.74923466838267
      ],
      [
       -77.122553987547,
       38.75018697265497
      ],
      [
       -77.1221878975389,
       38.7523901989482
      ],
      [
       -77.12101935905336,
       38.75449934019734
      ],
      [
       -77.12296865821966,
       38.75524302111102
      ],
      [
       -77.12294176535177,
       38.755872163710166
      ],
      [
       -77.123942006535,
       38.75635895154695
      ],
      [
       -77.12371211589011,
       38.757339890397894
      ],
      [
       -77.12295477802978,
       38.757924853932856
      ],
      [
       -77.12238308770908,
       38.760240164148165
      ],
      [
       -77.12015618474518,
       38.76225603848404
      ],
      [
       -77.1201796075656,
       38.764878965886965
      ],
      [
       -77.12081896381197,
       38.76666903611704
      ],
      [
       -77.12150776823476,
       38.76713128002928
      ]
     ]
    ]
   }
  },
  {
   "type": "Feature",
   "properties": {
    "name": "Hayfield",
    "geoid": "5135912"
   },
   "geometry": {
    "type": "Polygon",
    "coordinates": [
     [
      [
       -77.12390557103657,
       38.76602680342481
      ],
      [
       -77.12150776823476,
       38.76713128002928
      ],
      [
       -77.12081896381197,
       38.76666903611704
      ],
      [
       -77.1201796075656,
       38.764878965886965
      ],
      [
       -77.12015618474518,
       38.76225603848404
      ],
      [
       -77.12238308770908,
       38.760240164148165
      ],
      [
       -77.12295477802978,
       38.757924853932856
      ],
      [
       -77.12371211589011,
       38.757339890397894
      ],
      [
       -77.123942006535,
       38.75635895154695
      ],
      [
       -77.12294176535177,
       38.755872163710166
      ],
      [
       -77.12296865821966,
       38.75524302111102
      ],
      [
       -77.12101935905336,
       38.75449934019734
      ],
      [
       -77.1221878975389,
       38.7523901989482
      ],
      [
       -77.122553987547,
       38.75018697265497
      ],
      [
       -77.12203087789088,
       38.74923466838267
      ],
      [
       -77.12476874534475,
       38.747547682635684
      ],
      [
       -77.1262521906382,
       38.74591632978433
      ],
      [
       -77.12883303844404,
       38.74557598736399
      ],
      [
       -77.13193005581105,
       38.742926879774885
      ],
      [
       -77.13291468178068,
       38.74114826337627
      ],
      [
       -77.13300143296743,
       38.74141497402297
      ],
      [
       -77.14283294496194,
       38.74863170596971
      ],
      [
       -77.14731624629324,
       38.74589996716797
      ],
      [
       -77.14751924407024,
       38.7463573022953
      ],
      [
       -77.146230988947,
       38.75084393170194
      ],
      [
       -77.14433721054021,
       38.75397164581965
      ],
      [
       -77.1428875982096,
       38.7557928050208
      ],
      [
       -77.14098774721975,
       38.75685473882274
      ],
      [
       -77.13838087405787,
       38.75897533390334
      ],
      [
       -77.13516674258874,
       38.75969774341574
      ],
      [
       -77.13424023991423,
       38.7601198989179
      ],
      [
       -77.12967365744366,
       38.763052079770084
      ],
      [
       -77.12569177797178,
       38.765233216531215
      ],
      [
       -77.12390557103657,
       38.76602680342481
      ]
     ]
    ]
   }
  },
  {
   "type": "Feature",
   "properties": {
    "name": "Herndon",
    "geoid": "5136648"
   },
   "geometry": {
    "type": "Polygon",
    "coordinates": [
     [
      [
       -77.4135244080054,
       38.971573172041175
      ],
      [
       -77.41305508408509,
       38.97205014230814
      ],
      [
       -77.40906886705386,
       38.97673394124194
      ],
      [
       -77.40856831270631,
       38.97659076834877
      ],
      [
       -77.40095502855702,
       38.98429183373983
      ],
      [
       -77.38948391913291,
       38.98133510896311
      ],
      [
       -77.38798659364959,
       38.98214833099633
      ],
      [
       -77.3869022038152,
       38.98498560867361
      ],
      [
       -77.38625937752137,
       38.98582337463137
      ],
      [
       -77.38551678736279,
       38.98578164995965
      ],
      [
       -77.38482885045185,
       38.98686076450876
      ],
      [
       -77.38522356835156,
       38.987475998884
      ],
      [
       -77.38402987202187,
       38.98913025939826
      ],
      [
       -77.38320226570026,
       38.98830231101031
      ],
      [
       -77.37900784582085,
       38.98649506003306
      ],
      [
       -77.37350782058081,
       38.98443500663301
      ],
      [
       -77.36672734782435,
       38.981726175494174
      ],
      [
       -77.3668167015467,
       38.98042371123171
      ],
      [
       -77.36734328125029,
       38.970509601977604
      ],
      [
       -77.36525865023265,
       38.969892731340735
      ],
      [
       -77.36516062139162,
       38.966141601539604
      ],
      [
       -77.36991371891372,
       38.95905822491623
      ],
      [
       -77.37374725385625,
       38.95375919160719
      ],
      [
       -77.3811158996589,
       38.95328713012513
      ],
      [
       -77.38565125170226,
       38.95340003217803
      ],
      [
       -77.388678000608,
       38.95381973328773
      ],
      [
       -77.39737914463915,
       38.955276006144004
      ],
      [
       -77.40212009699509,
       38.95667173731974
      ],
      [
       -77.40337625417925,
       38.957610133368135
      ],
      [
       -77.40039808593808,
       38.96088674729475
      ],
      [
       -77.4135244080054,
       38.971573172041175
      ]
     ]
    ]
   }
  },
  {
   "type": "Feature",
   "properties": {
    "name": "Huntington",
    "geoid": "5139064"
   },
   "geometry": {
    "type": "Polygon",
    "coordinates": [
     [
      [
       -77.07770102146102,
       38.80083663347463
      ],
      [
       -77.07422403389603,
       38.800329392367395
      ],
      [
       -77.07149657658458,
       38.7996347993028
      ],
      [
       -77.06898686475186,
       38.79876921689722
      ],
      [
       -77.0630313957814,
       38.796423635841634
      ],
      [
       -77.06361436375636,
       38.79535024820825
      ],
      [
       -77.06014778633379,
       38.79416968543769
      ],
      [
       -77.05652418926319,
       38.7924647008127
      ],
      [
       -77.06555325278025,
       38.788707025965024
      ],
      [
       -77.07012937788137,
       38.78537232475033
      ],
      [
       -77.07627483195083,
       38.782908932856934
      ],
      [
       -77.07850867500967,
       38.78131194149994
      ],
      [
       -77.07897105883507,
       38.78150092971893
      ],
      [
       -77.07865181446782,
       38.78249577679378
      ],
      [
       -77.08346910786811,
       38.78480290570091
      ],
      [
       -77.08610374140974,
       38.78697504302304
      ],
      [
       -77.0874882903503,
       38.78702331274131
      ],
      [
       -77.08733127070226,
       38.78861375905176
      ],
      [
       -77.08612976676577,
       38.78953415622216
      ],
      [
       -77.08456998042799,
       38.792260986238986
      ],
      [
       -77.08030876213476,
       38.798387967935966
      ],
      [
       -77.07770102146102,
       38.80083663347463
      ]
     ]
    ]
   }
  },
  {
   "type": "Feature",
   "properties": {
    "name": "Hutchison",
    "geoid": "5139259"
   },
   "geometry": {
    "type": "Polygon",
    "coordinates": [
     [
      [
       -77.42241640464741,
       38.962578641826646
      ],
      [
       -77.4135244080054,
       38.971573172041175
      ],
      [
       -77.40039808593808,
       38.96088674729475
      ],
      [
       -77.40337625417925,
       38.957610133368135
      ],
      [
       -77.40409021644622,
       38.95689835955636
      ],
      [
       -77.41717229540829,
       38.961552705780704
      ],
      [
       -77.42044802022002,
       38.96232093061893
      ],
      [
       -77.42241640464741,
       38.962578641826646
      ]
     ]
    ]
   }
  },
  {
   "type": "Feature",
   "properties": {
    "name": "Hybla Valley",
    "geoid": "5139304"
   },
   "geometry": {
    "type": "Polygon",
    "coordinates": [
     [
      [
       -77.09604542741143,
       38.747363603201606
      ],
      [
       -77.09386103252903,
       38.74780703010503
      ],
      [
       -77.09255976472777,
       38.75380392900193
      ],
      [
       -77.09240708263908,
       38.75377774881575
      ],
      [
       -77.09138515365916,
       38.75783567767368
      ],
      [
       -77.09106764431564,
       38.759867914625914
      ],
      [
       -77.08377880960481,
       38.75909968978769
      ],
      [
       -77.08416138233838,
       38.7642530958111
      ],
      [
       -77.08388291102891,
       38.765868904176905
      ],
      [
       -77.08128384547385,
       38.76499514046314
      ],
      [
       -77.07872468546469,
       38.764524715242715
      ],
      [
       -77.07529627856428,
       38.762112865590865
      ],
      [
       -77.07297394929495,
       38.76068604544405
      ],
      [
       -77.07238837878438,
       38.76110492842293
      ],
      [
       -77.07012590783391,
       38.760091264339266
      ],
      [
       -77.0711808022648,
       38.757810315618315
      ],
      [
       -77.0701770910341,
       38.756980730968735
      ],
      [
       -77.06986131671432,
       38.75599488333288
      ],
      [
       -77.07126495091595,
       38.753902922830925
      ],
      [
       -77.0720222887763,
       38.75424408338208
      ],
      [
       -77.07487640282041,
       38.74898432035232
      ],
      [
       -77.07493626113926,
       38.74846398915199
      ],
      [
       -77.0739420925391,
       38.74675164134964
      ],
      [
       -77.07241613916413,
       38.74633275837076
      ],
      [
       -77.07158593030694,
       38.745117834105834
      ],
      [
       -77.07688122274622,
       38.74324267827068
      ],
      [
       -77.0731674044414,
       38.73792891860692
      ],
      [
       -77.06917684985085,
       38.73667308780109
      ],
      [
       -77.07029333762434,
       38.73498119326919
      ],
      [
       -77.07254106087306,
       38.73428578207378
      ],
      [
       -77.07289413820314,
       38.733560100038105
      ],
      [
       -77.07457537620238,
       38.732750150528155
      ],
      [
       -77.0748312922033,
       38.732152915030916
      ],
      [
       -77.0768551973902,
       38.73207028381829
      ],
      [
       -77.07772010672211,
       38.73173485018285
      ],
      [
       -77.07842365884666,
       38.73262661277462
      ],
      [
       -77.07981081032281,
       38.73197865316666
      ],
      [
       -77.07990276658077,
       38.73089462983263
      ],
      [
       -77.08142004483705,
       38.730456929844934
      ],
      [
       -77.08058116086116,
       38.73127260627061
      ],
      [
       -77.08170805877705,
       38.73352328415129
      ],
      [
       -77.08226326637227,
       38.733610006018004
      ],
      [
       -77.0834187921798,
       38.73496237626038
      ],
      [
       -77.084379995329,
       38.73479875009675
      ],
      [
       -77.08578362953062,
       38.73612003136803
      ],
      [
       -77.0868177036767,
       38.73633929042729
      ],
      [
       -77.08790643107044,
       38.73772193150993
      ],
      [
       -77.08772598860199,
       38.73899985184785
      ],
      [
       -77.0885561974592,
       38.739449005667005
      ],
      [
       -77.08967528776829,
       38.7400216972397
      ],
      [
       -77.09367364996565,
       38.74047821423621
      ],
      [
       -77.09565938463038,
       38.740911823569824
      ],
      [
       -77.09617815672716,
       38.74174795326596
      ],
      [
       -77.09515275769976,
       38.743860367038366
      ],
      [
       -77.0956055988946,
       38.746642011820015
      ],
      [
       -77.09604542741143,
       38.747363603201606
      ]
     ]
    ]
   }
  },
  {
   "type": "Feature",
   "properties": {
    "name": "Idylwood",
    "geoid": "5139448"
   },
   "geometry": {
    "type": "Polygon",
    "coordinates": [
     [
      [
       -77.21942296520896,
       38.88714370787171
      ],
      [
       -77.21861878170778,
       38.888352905220906
      ],
      [
       -77.21538296244196,
       38.894500340188344
      ],
      [
       -77.21486505785705,
       38.89616932705733
      ],
      [
       -77.21466466261566,
       38.898582812970815
      ],
      [
       -77.21490322837923,
       38.900576597774595
      ],
      [
       -77.21591040965741,
       38.90349568853369
      ],
      [
       -77.21682042960643,
       38.906575132933135
      ],
      [
       -77.21737476968977,
       38.9101290932071
      ],
      [
       -77.21468288036488,
       38.908681001659005
      ],
      [
       -77.21278996946997,
       38.90784978074778
      ],
      [
       -77.20800564152064,
       38.9067223964804
      ],
      [
       -77.20627061778562,
       38.90569236978037
      ],
      [
       -77.20355877568778,
       38.90304326219126
      ],
      [
       -77.19718863604463,
       38.89894033613834
      ],
      [
       -77.19417142976943,
       38.90057577964378
      ],
      [
       -77.19171637118437,
       38.90127119083919
      ],
      [
       -77.18855776047477,
       38.901433998872
      ],
      [
       -77.18574702202402,
       38.90093739346539
      ],
      [
       -77.18318005440806,
       38.90006362975163
      ],
      [
       -77.18567935609836,
       38.89862699203499
      ],
      [
       -77.18881974905875,
       38.89626586649387
      ],
      [
       -77.19143182729182,
       38.89779904364705
      ],
      [
       -77.19052527739028,
       38.898779982497985
      ],
      [
       -77.19146392523092,
       38.89988282284082
      ],
      [
       -77.19275565040165,
       38.89977401144201
      ],
      [
       -77.19479690582591,
       38.8989836970717
      ],
      [
       -77.19484201644302,
       38.89797085111885
      ],
      [
       -77.19376803675104,
       38.89696209582009
      ],
      [
       -77.18985382320483,
       38.8943948013128
      ],
      [
       -77.19069097215697,
       38.892822353880355
      ],
      [
       -77.19146566025466,
       38.89358566993367
      ],
      [
       -77.19226984375584,
       38.89278308360108
      ],
      [
       -77.1909599008359,
       38.89231511277311
      ],
      [
       -77.19426338602739,
       38.88609404603205
      ],
      [
       -77.18975405934006,
       38.87813608756409
      ],
      [
       -77.18971935886536,
       38.8780100954181
      ],
      [
       -77.19976080873181,
       38.87580196033996
      ],
      [
       -77.21072095366596,
       38.87501082783883
      ],
      [
       -77.21218271116271,
       38.87500101026901
      ],
      [
       -77.21758731009731,
       38.875711147819146
      ],
      [
       -77.22043361653462,
       38.875787233985236
      ],
      [
       -77.22132021366322,
       38.8799956989137
      ],
      [
       -77.22129679084279,
       38.882662805380804
      ],
      [
       -77.22083527452928,
       38.88433506477307
      ],
      [
       -77.21942296520896,
       38.88714370787171
      ]
     ]
    ]
   }
  },
  {
   "type": "Feature",
   "properties": {
    "name": "Kings Park",
    "geoid": "5142664"
   },
   "geometry": {
    "type": "Polygon",
    "coordinates": [
     [
      [
       -77.25649695237895,
       38.81071474497275
      ],
      [
       -77.24764139123539,
       38.81055684572485
      ],
      [
       -77.24059372482373,
       38.810898006276005
      ],
      [
       -77.23508068690569,
       38.810928277116275
      ],
      [
       -77.230265996041,
       38.811136082344085
      ],
      [
       -77.2304074004754,
       38.80988925097725
      ],
      [
       -77.231496995381,
       38.808999942777945
      ],
      [
       -77.23195417413517,
       38.80803373028173
      ],
      [
       -77.23316522070222,
       38.80688098395898
      ],
      [
       -77.23318864352264,
       38.805669332217334
      ],
      [
       -77.23190212342313,
       38.803839173577174
      ],
      [
       -77.2306902093442,
       38.80271015304815
      ],
      [
       -77.22912435042335,
       38.801824935502935
      ],
      [
       -77.22915037577937,
       38.79967161518962
      ],
      [
       -77.23006993835894,
       38.797882363090366
      ],
      [
       -77.22904367181967,
       38.79571186202986
      ],
      [
       -77.22841385820385,
       38.79559486932287
      ],
      [
       -77.22403032073733,
       38.79625837341637
      ],
      [
       -77.22123693252394,
       38.7955376001656
      ],
      [
       -77.21900395697696,
       38.79371316844117
      ],
      [
       -77.21878187393888,
       38.792764136692135
      ],
      [
       -77.22743790735291,
       38.79244915632716
      ],
      [
       -77.22879643093744,
       38.79253506006306
      ],
      [
       -77.23063121853721,
       38.793146203784204
      ],
      [
       -77.23656066215166,
       38.7958803969784
      ],
      [
       -77.23873985196285,
       38.79619210482011
      ],
      [
       -77.2477906032766,
       38.79593193921994
      ],
      [
       -77.24882901498202,
       38.79908337913138
      ],
      [
       -77.25391176701376,
       38.80638601481402
      ],
      [
       -77.25639111593111,
       38.81020504947305
      ],
      [
       -77.25649695237895,
       38.81071474497275
      ]
     ]
    ]
   }
  },
  {
   "type": "Feature",
   "properties": {
    "name": "Kings Park West",
    "geoid": "5142680"
   },
   "geometry": {
    "type": "Polygon",
    "coordinates": [
     [
      [
       -77.31641165950866,
       38.827361252729254
      ],
      [
       -77.31374232549233,
       38.82621914210714
      ],
      [
       -77.31136968053468,
       38.824686783084786
      ],
      [
       -77.30773567332167,
       38.82392837581638
      ],
      [
       -77.30313092032893,
       38.82487986195786
      ],
      [
       -77.30085283416483,
       38.82588207221007
      ],
      [
       -77.29917333118934,
       38.826265775563776
      ],
      [
       -77.29407496394397,
       38.82652185050985
      ],
      [
       -77.28827217706218,
       38.82636476939277
      ],
      [
       -77.28500165732166,
       38.82594588641389
      ],
      [
       -77.28307578097578,
       38.82496085690886
      ],
      [
       -77.28063720511621,
       38.82274863117663
      ],
      [
       -77.2773476001146,
       38.820148611436615
      ],
      [
       -77.27542779635179,
       38.81829309074109
      ],
      [
       -77.27402502966203,
       38.81727697226497
      ],
      [
       -77.27492637449238,
       38.81526273419073
      ],
      [
       -77.27528205435806,
       38.81305378098178
      ],
      [
       -77.27723482357182,
       38.810784286092286
      ],
      [
       -77.28005683967685,
       38.80663963536764
      ],
      [
       -77.28191765263266,
       38.80518172624973
      ],
      [
       -77.28266111030311,
       38.804155790203794
      ],
      [
       -77.28563667600868,
       38.80096917066717
      ],
      [
       -77.28787225409125,
       38.80005777293577
      ],
      [
       -77.29548033316934,
       38.79898193090993
      ],
      [
       -77.29721535690436,
       38.80429814496615
      ],
      [
       -77.29706701237501,
       38.8060693981874
      ],
      [
       -77.29782695277095,
       38.80675662807463
      ],
      [
       -77.30548621504921,
       38.80844115942916
      ],
      [
       -77.30798638425138,
       38.8088854044634
      ],
      [
       -77.31250178352178,
       38.811027270945274
      ],
      [
       -77.32134433198733,
       38.81580188239988
      ],
      [
       -77.31961885088285,
       38.81946874472675
      ],
      [
       -77.3177111922862,
       38.8220973990454
      ],
      [
       -77.31718981765381,
       38.823144606492605
      ],
      [
       -77.31641165950866,
       38.827361252729254
      ]
     ]
    ]
   }
  },
  {
   "type": "Feature",
   "properties": {
    "name": "Kingstowne",
    "geoid": "5142746"
   },
   "geometry": {
    "type": "Polygon",
    "coordinates": [
     [
      [
       -77.13607242497842,
       38.78407067861868
      ],
      [
       -77.13555191785792,
       38.78205234989035
      ],
      [
       -77.13549119202719,
       38.77922570791371
      ],
      [
       -77.13434607636208,
       38.779353336321336
      ],
      [
       -77.13069211637611,
       38.77898272306072
      ],
      [
       -77.13086301621402,
       38.780892240390244
      ],
      [
       -77.12986624507825,
       38.78090369422169
      ],
      [
       -77.12970315284716,
       38.77955132397933
      ],
      [
       -77.12779115669116,
       38.780196011064014
      ],
      [
       -77.1278753053423,
       38.781025595713594
      ],
      [
       -77.12196928454829,
       38.78111395384195
      ],
      [
       -77.12237701512602,
       38.77989084826885
      ],
      [
       -77.12608562835963,
       38.770452891150896
      ],
      [
       -77.12743894687294,
       38.771067307395306
      ],
      [
       -77.129199995964,
       38.77117693692494
      ],
      [
       -77.13052728912129,
       38.7727182953863
      ],
      [
       -77.13136704060904,
       38.77217178399979
      ],
      [
       -77.12980985680686,
       38.770626334884334
      ],
      [
       -77.12862396808397,
       38.77006673340473
      ],
      [
       -77.12618018715318,
       38.769422046320045
      ],
      [
       -77.12470021190721,
       38.76817276056076
      ],
      [
       -77.12390557103657,
       38.76602680342481
      ],
      [
       -77.12569177797178,
       38.765233216531215
      ],
      [
       -77.12967365744366,
       38.763052079770084
      ],
      [
       -77.13424023991423,
       38.7601198989179
      ],
      [
       -77.13516674258874,
       38.75969774341574
      ],
      [
       -77.13838087405787,
       38.75897533390334
      ],
      [
       -77.14098774721975,
       38.75685473882274
      ],
      [
       -77.1428875982096,
       38.7557928050208
      ],
      [
       -77.14433721054021,
       38.75397164581965
      ],
      [
       -77.146230988947,
       38.75084393170194
      ],
      [
       -77.14751924407024,
       38.7463573022953
      ],
      [
       -77.14731624629324,
       38.74589996716797
      ],
      [
       -77.15071862783763,
       38.74404117394918
      ],
      [
       -77.15653789744489,
       38.742774707442706
      ],
      [
       -77.15847591895692,
       38.74247036277836
      ],
      [
       -77.16229991126892,
       38.74079973964774
      ],
      [
       -77.16324983676384,
       38.74004215051015
      ],
      [
       -77.16498312547513,
       38.741756952704954
      ],
      [
       -77.1673817957888,
       38.74769576431377
      ],
      [
       -77.16749023477223,
       38.74903013567814
      ],
      [
       -77.164650000918,
       38.754484613842614
      ],
      [
       -77.15930612781413,
       38.75287371426172
      ],
      [
       -77.15889058962959,
       38.7526110942691
      ],
      [
       -77.15539538431538,
       38.7586039025119
      ],
      [
       -77.15877607806308,
       38.76085130786931
      ],
      [
       -77.1568423941104,
       38.763115075843075
      ],
      [
       -77.1557475941336,
       38.7654172959653
      ],
      [
       -77.15233393493493,
       38.76393238853039
      ],
      [
       -77.15137706934507,
       38.76375894479695
      ],
      [
       -77.14886128492928,
       38.76415982889783
      ],
      [
       -77.14334998203498,
       38.76720327554128
      ],
      [
       -77.14435716331316,
       38.76796495533296
      ],
      [
       -77.14537215219815,
       38.76796086467887
      ],
      [
       -77.14579636550137,
       38.76943922706723
      ],
      [
       -77.14678099147099,
       38.77041362087162
      ],
      [
       -77.14766238352838,
       38.77019517994318
      ],
      [
       -77.14831041489342,
       38.77135610757411
      ],
      [
       -77.14945726558227,
       38.77211778736579
      ],
      [
       -77.14880402914604,
       38.77309136303936
      ],
      [
       -77.14857413850113,
       38.77441100804901
      ],
      [
       -77.14950671375871,
       38.775306861294865
      ],
      [
       -77.14884827225127,
       38.776250984258986
      ],
      [
       -77.14564281590081,
       38.77508269345069
      ],
      [
       -77.14376118266019,
       38.778135957663956
      ],
      [
       -77.14051582076382,
       38.77689894386695
      ],
      [
       -77.13997362584662,
       38.77826276794077
      ],
      [
       -77.1411118014168,
       38.778976996145
      ],
      [
       -77.14137899507199,
       38.78118676748477
      ],
      [
       -77.14035793360394,
       38.78137493757294
      ],
      [
       -77.1406311998422,
       38.78323127639928
      ],
      [
       -77.13607242497842,
       38.78407067861868
      ]
     ]
    ]
   }
  },
  {
   "type": "Feature",
   "properties": {
    "name": "Lake Barcroft",
    "geoid": "5143352"
   },
   "geometry": {
    "type": "Polygon",
    "coordinates": [
     [
      [
       -77.17470359595059,
       38.84647360677161
      ],
      [
       -77.17458734936035,
       38.848243223731224
      ],
      [
       -77.1741319056299,
       38.84898526838327
      ],
      [
       -77.17006587750687,
       38.8516491023271
      ],
      [
       -77.16890688165188,
       38.85821214775015
      ],
      [
       -77.16599984938385,
       38.86025992918793
      ],
      [
       -77.16149572776773,
       38.86527098044898
      ],
      [
       -77.15586210570011,
       38.87200910586711
      ],
      [
       -77.1526124062444,
       38.86804198952999
      ],
      [
       -77.14621363870964,
       38.859842682470685
      ],
      [
       -77.14509975347175,
       38.859007370905374
      ],
      [
       -77.14200794117595,
       38.85724511712312
      ],
      [
       -77.14535827200827,
       38.852948294066294
      ],
      [
       -77.14632468022869,
       38.85340481106281
      ],
      [
       -77.14751056895157,
       38.852045077643076
      ],
      [
       -77.1470638003398,
       38.85122612869413
      ],
      [
       -77.14460266917168,
       38.85053235376036
      ],
      [
       -77.1447406035586,
       38.849486782574786
      ],
      [
       -77.14279911199911,
       38.849241343329346
      ],
      [
       -77.14126535101735,
       38.847110112548116
      ],
      [
       -77.14059302932003,
       38.84546321521122
      ],
      [
       -77.14185005401606,
       38.84374186796987
      ],
      [
       -77.14344540834041,
       38.842685661083664
      ],
      [
       -77.14509715093615,
       38.842592394170396
      ],
      [
       -77.14636198323899,
       38.84249994538795
      ],
      [
       -77.1481880957201,
       38.84185198577999
      ],
      [
       -77.1569196026666,
       38.83665603695404
      ],
      [
       -77.15778798204599,
       38.83642368780169
      ],
      [
       -77.15853577727577,
       38.83649322892123
      ],
      [
       -77.16253934454434,
       38.83796913691714
      ],
      [
       -77.16374171599271,
       38.83804767747568
      ],
      [
       -77.17046406545407,
       38.837659065337064
      ],
      [
       -77.17119711298211,
       38.83752407375208
      ],
      [
       -77.17222077698578,
       38.84064687908488
      ],
      [
       -77.17350382703783,
       38.842346136794134
      ],
      [
       -77.17455178137378,
       38.84489297803098
      ],
      [
       -77.17470359595059,
       38.84647360677161
      ]
     ]
    ]
   }
  },
  {
   "type": "Feature",
   "properties": {
    "name": "Laurel Hill",
    "geoid": "5144430"
   },
   "geometry": {
    "type": "Polygon",
    "coordinates": [
     [
      [
       -77.26105312470712,
       38.70871510335311
      ],
      [
       -77.25690728549229,
       38.708096596454595
      ],
      [
       -77.25597037267538,
       38.709475965013965
      ],
      [
       -77.25496405890905,
       38.711743823641825
      ],
      [
       -77.25056317120517,
       38.717784901602904
      ],
      [
       -77.25027862731262,
       38.71912172735973
      ],
      [
       -77.25056924378825,
       38.720667994605996
      ],
      [
       -77.25235978828279,
       38.723330192288195
      ],
      [
       -77.25285687258287,
       38.724428941976946
      ],
      [
       -77.25252374802575,
       38.72539924512725
      ],
      [
       -77.2507037081277,
       38.72808925925726
      ],
      [
       -77.24791378996179,
       38.72772028225828
      ],
      [
       -77.24297417738818,
       38.725382064380064
      ],
      [
       -77.24080106016007,
       38.7228884016464
      ],
      [
       -77.23935925543626,
       38.723448821256824
      ],
      [
       -77.2381751017371,
       38.723439003687005
      ],
      [
       -77.23603061240061,
       38.722479336237335
      ],
      [
       -77.23259873545274,
       38.72241224951025
      ],
      [
       -77.23202097254897,
       38.72178474317275
      ],
      [
       -77.23056789017089,
       38.72172092896893
      ],
      [
       -77.22936378369879,
       38.72226416783217
      ],
      [
       -77.22859343316043,
       38.72133640748441
      ],
      [
       -77.22706487724987,
       38.72187801008601
      ],
      [
       -77.22659989088889,
       38.720834893292896
      ],
      [
       -77.22566211056011,
       38.7209527041307
      ],
      [
       -77.22457425067824,
       38.72044628115428
      ],
      [
       -77.22246012425713,
       38.720680266568266
      ],
      [
       -77.22086997500398,
       38.720402102090105
      ],
      [
       -77.22035640797841,
       38.71978277706078
      ],
      [
       -77.2209228932279,
       38.7186283944764
      ],
      [
       -77.22034426281226,
       38.71823978233778
      ],
      [
       -77.21860837156537,
       38.718417316725315
      ],
      [
       -77.21777035510135,
       38.71783235319035
      ],
      [
       -77.21672760583661,
       38.71833386738187
      ],
      [
       -77.21735568442868,
       38.720856982824984
      ],
      [
       -77.2164578096458,
       38.72100997328798
      ],
      [
       -77.21481213963314,
       38.72061072544873
      ],
      [
       -77.21400014852514,
       38.71985231818032
      ],
      [
       -77.2140521992372,
       38.718926194094195
      ],
      [
       -77.21338074505175,
       38.717793082911086
      ],
      [
       -77.21770702673503,
       38.71479217907018
      ],
      [
       -77.2195825873926,
       38.71316818939619
      ],
      [
       -77.22190925422126,
       38.71029000517801
      ],
      [
       -77.22324261996162,
       38.707567265815264
      ],
      [
       -77.2240841064731,
       38.70517586943387
      ],
      [
       -77.2281778949759,
       38.704591724029726
      ],
      [
       -77.23625876802177,
       38.70550475802276
      ],
      [
       -77.23808314547915,
       38.7051096008376
      ],
      [
       -77.24064057046456,
       38.70263393698194
      ],
      [
       -77.24220642938543,
       38.7020996975577
      ],
      [
       -77.24117322275123,
       38.700762871800876
      ],
      [
       -77.23973228553929,
       38.699879290517295
      ],
      [
       -77.2369336922547,
       38.69513004111804
      ],
      [
       -77.23652075660576,
       38.69405174469975
      ],
      [
       -77.23769016260316,
       38.69143536234336
      ],
      [
       -77.23732667513067,
       38.690069083877084
      ],
      [
       -77.23763030428431,
       38.68616823613624
      ],
      [
       -77.23733188020188,
       38.68502694364494
      ],
      [
       -77.23653984186684,
       38.68420881282682
      ],
      [
       -77.23420276489577,
       38.680317782655784
      ],
      [
       -77.23412295380395,
       38.678981775029776
      ],
      [
       -77.23461483303284,
       38.678212732060736
      ],
      [
       -77.23617895692996,
       38.67723588386389
      ],
      [
       -77.23914584751685,
       38.67621894725695
      ],
      [
       -77.24033607379907,
       38.67495738953539
      ],
      [
       -77.2399908040758,
       38.674046809934815
      ],
      [
       -77.24575628794729,
       38.67227310232111
      ],
      [
       -77.24970086440887,
       38.673730193308195
      ],
      [
       -77.25044518959119,
       38.67424316133116
      ],
      [
       -77.25183060604361,
       38.677334059562064
      ],
      [
       -77.25478014639314,
       38.68117763814564
      ],
      [
       -77.25413818761119,
       38.68151470804271
      ],
      [
       -77.25552794162294,
       38.683071610989614
      ],
      [
       -77.25791533428233,
       38.684701327579326
      ],
      [
       -77.25749025346725,
       38.68838618878419
      ],
      [
       -77.25653165285365,
       38.69042088012888
      ],
      [
       -77.25612912734712,
       38.692213404751406
      ],
      [
       -77.25621761355761,
       38.69797386384187
      ],
      [
       -77.25658196854197,
       38.6995684008064
      ],
      [
       -77.25929207561607,
       38.70404684890485
      ],
      [
       -77.26105312470712,
       38.70871510335311
      ]
     ]
    ]
   }
  },
  {
   "type": "Feature",
   "properties": {
    "name": "Lincolnia",
    "geoid": "5145784"
   },
   "geometry": {
    "type": "Polygon",
    "coordinates": [
     [
      [
       -77.17214703847704,
       38.812059752037754
      ],
      [
       -77.17060807242407,
       38.813452210690215
      ],
      [
       -77.16983338432638,
       38.81491502859303
      ],
      [
       -77.16743905157205,
       38.817137071895075
      ],
      [
       -77.1653925910766,
       38.817852936360936
      ],
      [
       -77.16349100506301,
       38.822639001647005
      ],
      [
       -77.17416834112834,
       38.82526683783484
      ],
      [
       -77.17076509207209,
       38.82774986486787
      ],
      [
       -77.16490157935958,
       38.83157380831181
      ],
      [
       -77.15768301311002,
       38.8361037986518
      ],
      [
       -77.15778798204599,
       38.83642368780169
      ],
      [
       -77.1569196026666,
       38.83665603695404
      ],
      [
       -77.1481880957201,
       38.84185198577999
      ],
      [
       -77.14636198323899,
       38.84249994538795
      ],
      [
       -77.14509715093615,
       38.842592394170396
      ],
      [
       -77.14540425013725,
       38.84116639215439
      ],
      [
       -77.14440140641841,
       38.840850593658594
      ],
      [
       -77.14252758078459,
       38.84118111850912
      ],
      [
       -77.14172773484273,
       38.840934861132865
      ],
      [
       -77.14149697668597,
       38.83992365144165
      ],
      [
       -77.13997883091783,
       38.84022472358272
      ],
      [
       -77.13772590259791,
       38.83936486809287
      ],
      [
       -77.1388822959173,
       38.83823339317139
      ],
      [
       -77.1371438021348,
       38.83779569318369
      ],
      [
       -77.13627802529102,
       38.8369342014322
      ],
      [
       -77.13624505984006,
       38.834867602985604
      ],
      [
       -77.135296001857,
       38.83289508958309
      ],
      [
       -77.13527431406031,
       38.83216040810841
      ],
      [
       -77.13490995907596,
       38.83081294665095
      ],
      [
       -77.14087236814137,
       38.82690473573274
      ],
      [
       -77.14187521186021,
       38.825437827175826
      ],
      [
       -77.14215802072903,
       38.82381301937102
      ],
      [
       -77.13851273586174,
       38.823884196752196
      ],
      [
       -77.13718978026378,
       38.8215017998098
      ],
      [
       -77.13955808766208,
       38.8195751017331
      ],
      [
       -77.13841123697324,
       38.81873979016779
      ],
      [
       -77.13974633773734,
       38.81710271040071
      ],
      [
       -77.14104934056235,
       38.81754204665005
      ],
      [
       -77.14373602481602,
       38.81419507347307
      ],
      [
       -77.1438461988232,
       38.81042430853231
      ],
      [
       -77.1443588983369,
       38.810357221805226
      ],
      [
       -77.14320597506497,
       38.80562433502234
      ],
      [
       -77.14234974085174,
       38.805760144738144
      ],
      [
       -77.13986171681572,
       38.80020176395976
      ],
      [
       -77.13774238532339,
       38.800757274785276
      ],
      [
       -77.13756194285494,
       38.79816870887671
      ],
      [
       -77.13449095084395,
       38.798603136341136
      ],
      [
       -77.13458984719685,
       38.79831024550825
      ],
      [
       -77.14557341495141,
       38.79676888704689
      ],
      [
       -77.14823060380161,
       38.79628782612583
      ],
      [
       -77.15154796918297,
       38.794758739626744
      ],
      [
       -77.15308173016473,
       38.793404733122735
      ],
      [
       -77.1608581065451,
       38.79143221972022
      ],
      [
       -77.16754402050802,
       38.79021974984775
      ],
      [
       -77.17042502742002,
       38.78993176779977
      ],
      [
       -77.17243331739331,
       38.79000703583504
      ],
      [
       -77.17509137375538,
       38.79054618404419
      ],
      [
       -77.17343529360029,
       38.792625054453055
      ],
      [
       -77.17431321561021,
       38.79277231800032
      ],
      [
       -77.17124222359922,
       38.79548605792406
      ],
      [
       -77.16636593939194,
       38.80015594863395
      ],
      [
       -77.16390914578315,
       38.80221191137991
      ],
      [
       -77.1707833098213,
       38.80613566678367
      ],
      [
       -77.17161612121411,
       38.80639337799138
      ],
      [
       -77.1713281072741,
       38.810812102540105
      ],
      [
       -77.17214703847704,
       38.812059752037754
      ]
     ]
    ]
   }
  },
  {
   "type": "Feature",
   "properties": {
    "name": "Long Branch",
    "geoid": "5146760"
   },
   "geometry": {
    "type": "Polygon",
    "coordinates": [
     [
      [
       -77.28829473237073,
       38.836234699582704
      ],
      [
       -77.2872571881772,
       38.8361217975298
      ],
      [
       -77.28734740941141,
       38.838631004749004
      ],
      [
       -77.28647035491335,
       38.8386170965251
      ],
      [
       -77.28637406109605,
       38.841716994195
      ],
      [
       -77.27853522386123,
       38.840676331794334
      ],
      [
       -77.27859768471568,
       38.841977159795164
      ],
      [
       -77.27052028171728,
       38.84090213590014
      ],
      [
       -77.26273002514702,
       38.83990810695611
      ],
      [
       -77.2550456050246,
       38.83902207128007
      ],
      [
       -77.2513821024081,
       38.838446925314926
      ],
      [
       -77.25417635813336,
       38.83252038566839
      ],
      [
       -77.25618638313038,
       38.830327795075796
      ],
      [
       -77.25895114345214,
       38.8254410996991
      ],
      [
       -77.2598255954146,
       38.82311760817561
      ],
      [
       -77.26161613990914,
       38.821013375711374
      ],
      [
       -77.2647200973711,
       38.81785620888421
      ],
      [
       -77.26562664727264,
       38.81493384560185
      ],
      [
       -77.26565007009307,
       38.812274920442924
      ],
      [
       -77.26609857372857,
       38.81146088027888
      ],
      [
       -77.26787523803324,
       38.812811614259616
      ],
      [
       -77.2705489096089,
       38.81538381755182
      ],
      [
       -77.27402502966203,
       38.81727697226497
      ],
      [
       -77.27542779635179,
       38.81829309074109
      ],
      [
       -77.2773476001146,
       38.820148611436615
      ],
      [
       -77.28063720511621,
       38.82274863117663
      ],
      [
       -77.28307578097578,
       38.82496085690886
      ],
      [
       -77.28500165732166,
       38.82594588641389
      ],
      [
       -77.28827217706218,
       38.82636476939277
      ],
      [
       -77.28882217958618,
       38.83361586283387
      ],
      [
       -77.28833377040478,
       38.83445771944572
      ],
      [
       -77.28829473237073,
       38.836234699582704
      ]
     ]
    ]
   }
  },
  {
   "type": "Feature",
   "properties": {
    "name": "Lorton",
    "geoid": "5147064"
   },
   "geometry": {
    "type": "Polygon",
    "coordinates": [
     [
      [
       -77.24575628794729,
       38.67227310232111
      ],
      [
       -77.2399908040758,
       38.674046809934815
      ],
      [
       -77.24033607379907,
       38.67495738953539
      ],
      [
       -77.23914584751685,
       38.67621894725695
      ],
      [
       -77.23617895692996,
       38.67723588386389
      ],
      [
       -77.23461483303284,
       38.678212732060736
      ],
      [
       -77.23412295380395,
       38.678981775029776
      ],
      [
       -77.23420276489577,
       38.680317782655784
      ],
      [
       -77.23653984186684,
       38.68420881282682
      ],
      [
       -77.23733188020188,
       38.68502694364494
      ],
      [
       -77.23763030428431,
       38.68616823613624
      ],
      [
       -77.23732667513067,
       38.690069083877084
      ],
      [
       -77.23769016260316,
       38.69143536234336
      ],
      [
       -77.23652075660576,
       38.69405174469975
      ],
      [
       -77.2369336922547,
       38.69513004111804
      ],
      [
       -77.23973228553929,
       38.699879290517295
      ],
      [
       -77.24117322275123,
       38.700762871800876
      ],
      [
       -77.24220642938543,
       38.7020996975577
      ],
      [
       -77.24064057046456,
       38.70263393698194
      ],
      [
       -77.23808314547915,
       38.7051096008376
      ],
      [
       -77.23625876802177,
       38.70550475802276
      ],
      [
       -77.2281778949759,
       38.704591724029726
      ],
      [
       -77.2240841064731,
       38.70517586943387
      ],
      [
       -77.22324261996162,
       38.707567265815264
      ],
      [
       -77.22190925422126,
       38.71029000517801
      ],
      [
       -77.2195825873926,
       38.71316818939619
      ],
      [
       -77.21770702673503,
       38.71479217907018
      ],
      [
       -77.21338074505175,
       38.717793082911086
      ],
      [
       -77.21125273844073,
       38.71925181015981
      ],
      [
       -77.20850185830886,
       38.72128731963532
      ],
      [
       -77.20824594230794,
       38.72046918881719
      ],
      [
       -77.20669743362443,
       38.721500851778856
      ],
      [
       -77.20408275285575,
       38.72283440501241
      ],
      [
       -77.20318227553727,
       38.72202772802573
      ],
      [
       -77.20157304102304,
       38.72257178501979
      ],
      [
       -77.2006690936571,
       38.72210217793018
      ],
      [
       -77.1999933019123,
       38.722760773238775
      ],
      [
       -77.19921861381461,
       38.7224687005367
      ],
      [
       -77.19705417170518,
       38.72032028900829
      ],
      [
       -77.19541197173997,
       38.7202892000372
      ],
      [
       -77.19455313499114,
       38.72077680600481
      ],
      [
       -77.1923002066712,
       38.72071462806263
      ],
      [
       -77.19231235183736,
       38.720344014802016
      ],
      [
       -77.19045414141713,
       38.72039801143601
      ],
      [
       -77.19116636866036,
       38.71970996341796
      ],
      [
       -77.1885620980341,
       38.71817515000315
      ],
      [
       -77.1876355953596,
       38.7166836975217
      ],
      [
       -77.18857424320025,
       38.716043919221924
      ],
      [
       -77.18840421087421,
       38.71361816134616
      ],
      [
       -77.18554402424702,
       38.712084984192984
      ],
      [
       -77.18277492636592,
       38.710248280506285
      ],
      [
       -77.18003705891206,
       38.70750917852718
      ],
      [
       -77.18540782488382,
       38.707464181332185
      ],
      [
       -77.19296385324985,
       38.70938187996988
      ],
      [
       -77.19426078349179,
       38.70640633818434
      ],
      [
       -77.19694313018613,
       38.70266420782221
      ],
      [
       -77.19739597138097,
       38.70151964280765
      ],
      [
       -77.19528965256666,
       38.70191807251607
      ],
      [
       -77.19526015716316,
       38.70030062788863
      ],
      [
       -77.19772562589063,
       38.69907506792307
      ],
      [
       -77.19813595900396,
       38.700924861702866
      ],
      [
       -77.2009440949191,
       38.69943259109059
      ],
      [
       -77.20138305592405,
       38.69820375860176
      ],
      [
       -77.20067603375203,
       38.69684320705121
      ],
      [
       -77.20244142040242,
       38.69547201980002
      ],
      [
       -77.2054620967251,
       38.692678921186925
      ],
      [
       -77.20546903682003,
       38.69148608645409
      ],
      [
       -77.20660634487834,
       38.68974264968065
      ],
      [
       -77.20670524123125,
       38.68865862634663
      ],
      [
       -77.20824507479607,
       38.68748133609934
      ],
      [
       -77.21201788390789,
       38.68527729167529
      ],
      [
       -77.21520859255659,
       38.68424235619036
      ],
      [
       -77.21743202547303,
       38.683174695472694
      ],
      [
       -77.21913928882829,
       38.68164560897361
      ],
      [
       -77.2200362960993,
       38.68039468695269
      ],
      [
       -77.22166027831528,
       38.67953728585529
      ],
      [
       -77.22438426557926,
       38.67862261560062
      ],
      [
       -77.22506092483593,
       38.677757033195036
      ],
      [
       -77.22594491942893,
       38.67467513440314
      ],
      [
       -77.2282125954506,
       38.67203420812221
      ],
      [
       -77.230121989071,
       38.67035703994504
      ],
      [
       -77.23949458728758,
       38.66653391463192
      ],
      [
       -77.24360138846839,
       38.67093464030264
      ],
      [
       -77.24575628794729,
       38.67227310232111
      ]
     ]
    ]
   }
  },
  {
   "type": "Feature",
   "properties": {
    "name": "Mantua",
    "geoid": "5149144"
   },
   "geometry": {
    "type": "Polygon",
    "coordinates": [
     [
      [
       -77.26993991627792,
       38.86504026755827
      ],
      [
       -77.25967811839712,
       38.86515071521872
      ],
      [
       -77.24019727190027,
       38.865518874086874
      ],
      [
       -77.24194704333705,
       38.86138076840877
      ],
      [
       -77.24292472921172,
       38.859670056868055
      ],
      [
       -77.24723973324073,
       38.85317000751801
      ],
      [
       -77.24741236810237,
       38.85180863783664
      ],
      [
       -77.24712869172168,
       38.84772616505417
      ],
      [
       -77.246832002663,
       38.845590843618844
      ],
      [
       -77.24570163469963,
       38.8425113992194
      ],
      [
       -77.24583436401537,
       38.84023208676009
      ],
      [
       -77.2456946946047,
       38.83770160813961
      ],
      [
       -77.2513821024081,
       38.838446925314926
      ],
      [
       -77.2550456050246,
       38.83902207128007
      ],
      [
       -77.26273002514702,
       38.83990810695611
      ],
      [
       -77.27052028171728,
       38.84090213590014
      ],
      [
       -77.26997721928822,
       38.84333934760735
      ],
      [
       -77.27174434096234,
       38.84848784484585
      ],
      [
       -77.27097225540025,
       38.851303851121855
      ],
      [
       -77.26938123863523,
       38.8517300972781
      ],
      [
       -77.26900560599661,
       38.85230197071997
      ],
      [
       -77.26924417176018,
       38.853709973857974
      ],
      [
       -77.26884164625365,
       38.8544152026232
      ],
      [
       -77.26980892198593,
       38.855593311001314
      ],
      [
       -77.2686239007749,
       38.85993267686068
      ],
      [
       -77.26888241931142,
       38.862694686502685
      ],
      [
       -77.26993991627792,
       38.86504026755827
      ]
     ]
    ]
   }
  },
  {
   "type": "Feature",
   "properties": {
    "name": "Mason Neck",
    "geoid": "5149998"
   },
   "geometry": {
    "type": "Polygon",
    "coordinates": [
     [
      [
       -77.23949458728758,
       38.66653391463192
      ],
      [
       -77.230121989071,
       38.67035703994504
      ],
      [
       -77.2282125954506,
       38.67203420812221
      ],
      [
       -77.22594491942893,
       38.67467513440314
      ],
      [
       -77.22506092483593,
       38.677757033195036
      ],
      [
       -77.22438426557926,
       38.67862261560062
      ],
      [
       -77.22166027831528,
       38.67953728585529
      ],
      [
       -77.2200362960993,
       38.68039468695269
      ],
      [
       -77.21913928882829,
       38.68164560897361
      ],
      [
       -77.21743202547303,
       38.683174695472694
      ],
      [
       -77.21520859255659,
       38.68424235619036
      ],
      [
       -77.21201788390789,
       38.68527729167529
      ],
      [
       -77.20824507479607,
       38.68748133609934
      ],
      [
       -77.20670524123125,
       38.68865862634663
      ],
      [
       -77.20660634487834,
       38.68974264968065
      ],
      [
       -77.20546903682003,
       38.69148608645409
      ],
      [
       -77.2054620967251,
       38.692678921186925
      ],
      [
       -77.20244142040242,
       38.69547201980002
      ],
      [
       -77.20067603375203,
       38.69684320705121
      ],
      [
       -77.20138305592405,
       38.69820375860176
      ],
      [
       -77.20074456718957,
       38.69786096178896
      ],
      [
       -77.20030126862527,
       38.69643414164214
      ],
      [
       -77.19942161159162,
       38.69555137848938
      ],
      [
       -77.2001668042858,
       38.69420882581683
      ],
      [
       -77.20093628731229,
       38.69367704078504
      ],
      [
       -77.20062485055185,
       38.69194669410469
      ],
      [
       -77.20201113451614,
       38.691276644964645
      ],
      [
       -77.20052335166335,
       38.690357884055885
      ],
      [
       -77.20015812916714,
       38.68920922838723
      ],
      [
       -77.19843178055078,
       38.68927386072186
      ],
      [
       -77.19485416160916,
       38.687793862071864
      ],
      [
       -77.19347395022795,
       38.688621810459814
      ],
      [
       -77.18993623683224,
       38.68559063577864
      ],
      [
       -77.18747423815223,
       38.68518320663121
      ],
      [
       -77.18629008445309,
       38.68372938816739
      ],
      [
       -77.18522477987977,
       38.68308879173679
      ],
      [
       -77.16683526331227,
       38.68069575909376
      ],
      [
       -77.13473211914312,
       38.66000604883405
      ],
      [
       -77.13589805509305,
       38.65277377240177
      ],
      [
       -77.13642116474917,
       38.650235930603934
      ],
      [
       -77.13629277299277,
       38.64723093610894
      ],
      [
       -77.13527865161966,
       38.64623690716491
      ],
      [
       -77.13339701837901,
       38.64524860513661
      ],
      [
       -77.13281231538032,
       38.64421694217494
      ],
      [
       -77.13350719238619,
       38.64252504764305
      ],
      [
       -77.13305608621509,
       38.64127085309885
      ],
      [
       -77.13152926532827,
       38.63877800849601
      ],
      [
       -77.13109203934704,
       38.63688403565204
      ],
      [
       -77.12968233256234,
       38.63470371702172
      ],
      [
       -77.16636507188007,
       38.62510622439422
      ],
      [
       -77.17314901468401,
       38.62424718703519
      ],
      [
       -77.17473135633035,
       38.62428318479119
      ],
      [
       -77.18020709123809,
       38.62326215753016
      ],
      [
       -77.1826100991111,
       38.62179197644998
      ],
      [
       -77.18528724073424,
       38.62167907439708
      ],
      [
       -77.18930382068082,
       38.62065968339768
      ],
      [
       -77.1903483049693,
       38.619640292398294
      ],
      [
       -77.19164783774684,
       38.61916823091623
      ],
      [
       -77.19358065418766,
       38.61943330530131
      ],
      [
       -77.1969813007083,
       38.619539662307666
      ],
      [
       -77.20026396561497,
       38.61888515765316
      ],
      [
       -77.2017343982304,
       38.61775859151659
      ],
      [
       -77.20369584256284,
       38.61817174757975
      ],
      [
       -77.22733640846441,
       38.60457032272833
      ],
      [
       -77.22928137007138,
       38.618400006078005
      ],
      [
       -77.23014627940329,
       38.62508495299296
      ],
      [
       -77.22886756691057,
       38.62752789161589
      ],
      [
       -77.22176958481059,
       38.639029992788
      ],
      [
       -77.22069213507113,
       38.641225855903855
      ],
      [
       -77.22023669134069,
       38.644741364029365
      ],
      [
       -77.22059323871824,
       38.646981406209406
      ],
      [
       -77.22148157087057,
       38.649192813810814
      ],
      [
       -77.22368331599031,
       38.652063634851636
      ],
      [
       -77.23846224816525,
       38.66548670718471
      ],
      [
       -77.23949458728758,
       38.66653391463192
      ]
     ]
    ]
   }
  },
  {
   "type": "Feature",
   "properties": {
    "name": "McLean",
    "geoid": "5148376"
   },
   "geometry": {
    "type": "Polygon",
    "coordinates": [
     [
      [
       -77.23487508659309,
       38.975976352104354
      ],
      [
       -77.23213288157989,
       38.979344596682594
      ],
      [
       -77.23094005276205,
       38.97928323687124
      ],
      [
       -77.23022088542389,
       38.979752025830024
      ],
      [
       -77.22878081572381,
       38.978745724923726
      ],
      [
       -77.22758278183478,
       38.976702852270854
      ],
      [
       -77.22638301292201,
       38.97410528692329
      ],
      [
       -77.2239531121811,
       38.97221867725668
      ],
      [
       -77.22116579655079,
       38.97134409541209
      ],
      [
       -77.21910025079426,
       38.971590352788354
      ],
      [
       -77.21485985278585,
       38.97055623543424
      ],
      [
       -77.21364793870694,
       38.969796191904194
      ],
      [
       -77.21151993209592,
       38.96934376556177
      ],
      [
       -77.21025596730497,
       38.9700539031119
      ],
      [
       -77.2081696012636,
       38.970251890769894
      ],
      [
       -77.20619340922941,
       38.96958920480721
      ],
      [
       -77.2045702945253,
       38.96842336839137
      ],
      [
       -77.20069164896564,
       38.96726080449881
      ],
      [
       -77.19777420655521,
       38.96673965516766
      ],
      [
       -77.19471188966288,
       38.967672324300324
      ],
      [
       -77.19435707730908,
       38.96819183736984
      ],
      [
       -77.19122015439615,
       38.9680593001773
      ],
      [
       -77.18967511576011,
       38.96757005794806
      ],
      [
       -77.18416988544888,
       38.967849858687856
      ],
      [
       -77.1831627041707,
       38.96864671810472
      ],
      [
       -77.18120039232639,
       38.96876534707335
      ],
      [
       -77.17981410836211,
       38.968327647085644
      ],
      [
       -77.17774075499875,
       38.96798730466531
      ],
      [
       -77.17526227359328,
       38.968118205596205
      ],
      [
       -77.1722841053521,
       38.967452247110245
      ],
      [
       -77.17100973041873,
       38.96649012526812
      ],
      [
       -77.16914024234424,
       38.96627495686296
      ],
      [
       -77.16839157960258,
       38.96706363497164
      ],
      [
       -77.16554874321274,
       38.967763954951955
      ],
      [
       -77.16278918796219,
       38.967241987489984
      ],
      [
       -77.16068807421908,
       38.96619068938869
      ],
      [
       -77.15886976934478,
       38.9658528013608
      ],
      [
       -77.15727528253228,
       38.96605406154206
      ],
      [
       -77.14997256763156,
       38.9653971024951
      ],
      [
       -77.14754526942627,
       38.9645756991537
      ],
      [
       -77.14508066821067,
       38.96314560648361
      ],
      [
       -77.14254666604566,
       38.960521042819046
      ],
      [
       -77.14089579096179,
       38.95840372026172
      ],
      [
       -77.13946613140413,
       38.95741623636424
      ],
      [
       -77.13801131400231,
       38.95582006313806
      ],
      [
       -77.13637518662019,
       38.95474094858895
      ],
      [
       -77.13525262626362,
       38.953512934230936
      ],
      [
       -77.13293463455364,
       38.94923738257538
      ],
      [
       -77.13173573315274,
       38.94751276281076
      ],
      [
       -77.12997208152608,
       38.94423205823006
      ],
      [
       -77.12913927013327,
       38.94225381791182
      ],
      [
       -77.12819975478075,
       38.940873631221635
      ],
      [
       -77.12449808164209,
       38.93844787334587
      ],
      [
       -77.11979182976083,
       38.9343744000024
      ],
      [
       -77.14216843087144,
       38.916830402738405
      ],
      [
       -77.15709831011131,
       38.90516876605677
      ],
      [
       -77.1722762977453,
       38.89324532751333
      ],
      [
       -77.18881974905875,
       38.89626586649387
      ],
      [
       -77.18567935609836,
       38.89862699203499
      ],
      [
       -77.18318005440806,
       38.90006362975163
      ],
      [
       -77.18574702202402,
       38.90093739346539
      ],
      [
       -77.18773882927182,
       38.902806004254
      ],
      [
       -77.18780215763816,
       38.90456334925135
      ],
      [
       -77.18684702707203,
       38.9088209020289
      ],
      [
       -77.18703093958794,
       38.91108876065676
      ],
      [
       -77.18799301024902,
       38.91268002509803
      ],
      [
       -77.19186384820185,
       38.91677804236604
      ],
      [
       -77.19624391562091,
       38.92347280685081
      ],
      [
       -77.19813509149209,
       38.92616527537328
      ],
      [
       -77.19938257355757,
       38.92720021085821
      ],
      [
       -77.2018332945833,
       38.928433952131954
      ],
      [
       -77.21435322585522,
       38.932977032565034
      ],
      [
       -77.21657058618858,
       38.93366998936799
      ],
      [
       -77.2197291968982,
       38.93427131551932
      ],
      [
       -77.22431573214173,
       38.934437396075396
      ],
      [
       -77.23186915797216,
       38.93394733571534
      ],
      [
       -77.23503384126484,
       38.93415268655069
      ],
      [
       -77.23986414734314,
       38.93482600821401
      ],
      [
       -77.24339405313205,
       38.93490618503419
      ],
      [
       -77.24693176652777,
       38.93427376991177
      ],
      [
       -77.25342422534422,
       38.94099062392863
      ],
      [
       -77.26157102929203,
       38.949192385380385
      ],
      [
       -77.26277426825227,
       38.95019377750178
      ],
      [
       -77.27377605375605,
       38.957242792630794
      ],
      [
       -77.27467306102706,
       38.95801838064638
      ],
      [
       -77.28313824183024,
       38.96417072439873
      ],
      [
       -77.28431111787512,
       38.96483177409977
      ],
      [
       -77.28779938309438,
       38.96607533294333
      ],
      [
       -77.28729535869935,
       38.966576847134846
      ],
      [
       -77.28562106079507,
       38.96701127459927
      ],
      [
       -77.28523068045467,
       38.9679373986854
      ],
      [
       -77.28374463262563,
       38.96762814523615
      ],
      [
       -77.28364313373713,
       38.96847409250209
      ],
      [
       -77.28274525895426,
       38.96878989099789
      ],
      [
       -77.28120802792503,
       38.968477365025365
      ],
      [
       -77.27986425204224,
       38.968808708006705
      ],
      [
       -77.27938712051512,
       38.96980682760483
      ],
      [
       -77.2802338120978,
       38.9711411989692
      ],
      [
       -77.27749334210834,
       38.97074685991486
      ],
      [
       -77.27694594211994,
       38.97236266828067
      ],
      [
       -77.274810995414,
       38.973823031791035
      ],
      [
       -77.2740553925774,
       38.97341314825115
      ],
      [
       -77.27438157703958,
       38.97162962306762
      ],
      [
       -77.27341516881917,
       38.970828672996674
      ],
      [
       -77.27124205159105,
       38.971686892224895
      ],
      [
       -77.26944196446597,
       38.97147008755809
      ],
      [
       -77.2676757103037,
       38.97079022084822
      ],
      [
       -77.26627120859021,
       38.97072067972868
      ],
      [
       -77.26398184477185,
       38.97165007633808
      ],
      [
       -77.26295991579191,
       38.97323234134034
      ],
      [
       -77.26093601060501,
       38.97311289424089
      ],
      [
       -77.2590804027204,
       38.97444971999772
      ],
      [
       -77.25742258754158,
       38.974790062418066
      ],
      [
       -77.25568322624723,
       38.97404310898111
      ],
      [
       -77.25430214735415,
       38.97581272594073
      ],
      [
       -77.25103076010176,
       38.97798404513205
      ],
      [
       -77.24908926854226,
       38.97802986045786
      ],
      [
       -77.24933737693638,
       38.976368236766234
      ],
      [
       -77.24829376015975,
       38.97586835883636
      ],
      [
       -77.24536764263064,
       38.975652372300374
      ],
      [
       -77.24355714536314,
       38.97711600833401
      ],
      [
       -77.24146123669124,
       38.97721336590136
      ],
      [
       -77.23962384655584,
       38.97630605882406
      ],
      [
       -77.2390616988657,
       38.97650895526696
      ],
      [
       -77.23799032170932,
       38.975708005196005
      ],
      [
       -77.23711673725873,
       38.97446362822163
      ],
      [
       -77.23505986662087,
       38.974902964470964
      ],
      [
       -77.23487508659309,
       38.975976352104354
      ]
     ]
    ]
   }
  },
  {
   "type": "Feature",
   "properties": {
    "name": "McNair",
    "geoid": "5148450"
   },
   "geometry": {
    "type": "Polygon",
    "coordinates": [
     [
      [
       -77.42927842351942,
       38.955630256788254
      ],
      [
       -77.42241640464741,
       38.962578641826646
      ],
      [
       -77.42044802022002,
       38.96232093061893
      ],
      [
       -77.41717229540829,
       38.961552705780704
      ],
      [
       -77.40409021644622,
       38.95689835955636
      ],
      [
       -77.40337625417925,
       38.957610133368135
      ],
      [
       -77.40212009699509,
       38.95667173731974
      ],
      [
       -77.39737914463915,
       38.955276006144004
      ],
      [
       -77.388678000608,
       38.95381973328773
      ],
      [
       -77.3896418062928,
       38.95128270962071
      ],
      [
       -77.39166397645597,
       38.94874486782287
      ],
      [
       -77.39325933078032,
       38.945230995958994
      ],
      [
       -77.39461525182925,
       38.94580696005496
      ],
      [
       -77.39664436208736,
       38.94579223370023
      ],
      [
       -77.40220424564625,
       38.94355464591265
      ],
      [
       -77.40853187720788,
       38.94169503456303
      ],
      [
       -77.41014978684079,
       38.94152486335286
      ],
      [
       -77.41348016490016,
       38.94208364670165
      ],
      [
       -77.4176234015794,
       38.941941291939294
      ],
      [
       -77.42140141576242,
       38.94367327488128
      ],
      [
       -77.42622998681699,
       38.946502371250375
      ],
      [
       -77.4291083911934,
       38.947942281490285
      ],
      [
       -77.4291908048208,
       38.948817681465684
      ],
      [
       -77.42911966884766,
       38.95553862613663
      ],
      [
       -77.42927842351942,
       38.955630256788254
      ]
     ]
    ]
   }
  },
  {
   "type": "Feature",
   "properties": {
    "name": "Merrifield",
    "geoid": "5151192"
   },
   "geometry": {
    "type": "Polygon",
    "coordinates": [
     [
      [
       -77.25385798127797,
       38.87937637388438
      ],
      [
       -77.25058485900186,
       38.87849361073161
      ],
      [
       -77.24757893038093,
       38.87969626303426
      ],
      [
       -77.23935318285318,
       38.88027877217677
      ],
      [
       -77.23612083363483,
       38.881020816828816
      ],
      [
       -77.22839217040718,
       38.88346620984421
      ],
      [
       -77.22487701232001,
       38.88498875129675
      ],
      [
       -77.21942296520896,
       38.88714370787171
      ],
      [
       -77.22083527452928,
       38.88433506477307
      ],
      [
       -77.22129679084279,
       38.882662805380804
      ],
      [
       -77.22132021366322,
       38.8799956989137
      ],
      [
       -77.22043361653462,
       38.875787233985236
      ],
      [
       -77.22005711638411,
       38.87363473180273
      ],
      [
       -77.21997036519737,
       38.86585430772231
      ],
      [
       -77.22772678880479,
       38.865663683241685
      ],
      [
       -77.23143973959773,
       38.86568740903541
      ],
      [
       -77.24019727190027,
       38.865518874086874
      ],
      [
       -77.25967811839712,
       38.86515071521872
      ],
      [
       -77.26993991627792,
       38.86504026755827
      ],
      [
       -77.27059662276162,
       38.8660752030432
      ],
      [
       -77.27414995137094,
       38.86631000658801
      ],
      [
       -77.27142336157137,
       38.868465781293786
      ],
      [
       -77.2692033987024,
       38.87053892478693
      ],
      [
       -77.26819361488862,
       38.87106661916462
      ],
      [
       -77.26309524764325,
       38.872264362682365
      ],
      [
       -77.26472096488297,
       38.87555733922534
      ],
      [
       -77.26673619495119,
       38.87769675131475
      ],
      [
       -77.267222001597,
       38.878595877083875
      ],
      [
       -77.25385798127797,
       38.87937637388438
      ]
     ]
    ]
   }
  },
  {
   "type": "Feature",
   "properties": {
    "name": "Mount Vernon",
    "geoid": "5154144"
   },
   "geometry": {
    "type": "Polygon",
    "coordinates": [
     [
      [
       -77.1402677123697,
       38.71407386021186
      ],
      [
       -77.13893608165309,
       38.71471200225
      ],
      [
       -77.13567336951937,
       38.71549577157377
      ],
      [
       -77.1324843958944,
       38.71694795377596
      ],
      [
       -77.1069353038843,
       38.72952017005817
      ],
      [
       -77.09368492761993,
       38.736645271353275
      ],
      [
       -77.0885561974592,
       38.739449005667005
      ],
      [
       -77.08772598860199,
       38.73899985184785
      ],
      [
       -77.08790643107044,
       38.73772193150993
      ],
      [
       -77.0868177036767,
       38.73633929042729
      ],
      [
       -77.08578362953062,
       38.73612003136803
      ],
      [
       -77.084379995329,
       38.73479875009675
      ],
      [
       -77.0834187921798,
       38.73496237626038
      ],
      [
       -77.08226326637227,
       38.733610006018004
      ],
      [
       -77.08170805877705,
       38.73352328415129
      ],
      [
       -77.08058116086116,
       38.73127260627061
      ],
      [
       -77.08142004483705,
       38.730456929844934
      ],
      [
       -77.08205506352407,
       38.73005604574405
      ],
      [
       -77.08218779283979,
       38.72865131512932
      ],
      [
       -77.08126302518903,
       38.727163953301954
      ],
      [
       -77.08057422076622,
       38.72409596273396
      ],
      [
       -77.07987587371288,
       38.721932824850825
      ],
      [
       -77.07923478244278,
       38.72096415796216
      ],
      [
       -77.0754611058191,
       38.71800661505462
      ],
      [
       -77.07284816007416,
       38.715578402786406
      ],
      [
       -77.07334611188611,
       38.713857055545056
      ],
      [
       -77.07418586337387,
       38.71282375632176
      ],
      [
       -77.07509328078729,
       38.71260367913168
      ],
      [
       -77.0779231044991,
       38.71345780770581
      ],
      [
       -77.07981428037029,
       38.712672402120404
      ],
      [
       -77.0807963038043,
       38.711143315621314
      ],
      [
       -77.08083013676713,
       38.71038327209127
      ],
      [
       -77.07992792442492,
       38.709063627081626
      ],
      [
       -77.08161436749536,
       38.70792560711361
      ],
      [
       -77.08413969454169,
       38.706834220602225
      ],
      [
       -77.0863908878379,
       38.70622716753517
      ],
      [
       -77.08896132550133,
       38.70508423878224
      ],
      [
       -77.091012991068,
       38.70362387527188
      ],
      [
       -77.09329801732702,
       38.702719022587026
      ],
      [
       -77.0958701900142,
       38.70064015217815
      ],
      [
       -77.0985455966136,
       38.69893434942235
      ],
      [
       -77.10101974045975,
       38.69807285767086
      ],
      [
       -77.10237913155613,
       38.698188214116215
      ],
      [
       -77.10408032232833,
       38.69742898871699
      ],
      [
       -77.10867466517867,
       38.694523806181806
      ],
      [
       -77.12263206361506,
       38.685256020274025
      ],
      [
       -77.12179231212731,
       38.68785685814486
      ],
      [
       -77.12301637137237,
       38.69154335561136
      ],
      [
       -77.12362883475083,
       38.69435199871
      ],
      [
       -77.12459958053059,
       38.69587863081663
      ],
      [
       -77.12557813391713,
       38.69833465953266
      ],
      [
       -77.12686378650479,
       38.698621005319005
      ],
      [
       -77.12785361754561,
       38.70202933830734
      ],
      [
       -77.12905338645838,
       38.70205388223189
      ],
      [
       -77.12989574048174,
       38.70270920501721
      ],
      [
       -77.12809305082105,
       38.705214321582325
      ],
      [
       -77.1282040923401,
       38.705413945501945
      ],
      [
       -77.12566662012762,
       38.709134804462806
      ],
      [
       -77.12758035130736,
       38.709858032106034
      ],
      [
       -77.12887467901368,
       38.71078088366888
      ],
      [
       -77.13003193984494,
       38.7123696937177
      ],
      [
       -77.13177910874612,
       38.71180109279909
      ],
      [
       -77.13432005100606,
       38.71165382925183
      ],
      [
       -77.13613401832102,
       38.7121487983968
      ],
      [
       -77.13708134128034,
       38.71175691373492
      ],
      [
       -77.13757061797362,
       38.713829239097244
      ],
      [
       -77.13921802301002,
       38.71371224639025
      ],
      [
       -77.1402677123697,
       38.71407386021186
      ]
     ]
    ]
   }
  },
  {
   "type": "Feature",
   "properties": {
    "name": "Navy",
    "geoid": "5155208"
   },
   "geometry": {
    "type": "Polygon",
    "coordinates": [
     [
      [
       -77.40025668150368,
       38.894874225972224
      ],
      [
       -77.39963380798281,
       38.89670274835075
      ],
      [
       -77.39766542355542,
       38.895467370815375
      ],
      [
       -77.39647432976133,
       38.89422381197181
      ],
      [
       -77.39548276369676,
       38.894079002817
      ],
      [
       -77.38541615598615,
       38.89935267407068
      ],
      [
       -77.38112023721824,
       38.89938867182667
      ],
      [
       -77.3811289123369,
       38.89784404084204
      ],
      [
       -77.38032212630013,
       38.895671903519904
      ],
      [
       -77.38047827843627,
       38.89377302189102
      ],
      [
       -77.38019026449626,
       38.89283708023508
      ],
      [
       -77.3773908036998,
       38.88889123529923
      ],
      [
       -77.38222371231372,
       38.88709871067671
      ],
      [
       -77.38285005588206,
       38.886629103587104
      ],
      [
       -77.38599999147299,
       38.88150105961906
      ],
      [
       -77.38426583524983,
       38.88082937421738
      ],
      [
       -77.38284832085832,
       38.87972898826699
      ],
      [
       -77.38234516397516,
       38.87862123913924
      ],
      [
       -77.38254816175215,
       38.87711506030306
      ],
      [
       -77.38356315063714,
       38.875533613431614
      ],
      [
       -77.40473304274005,
       38.88373292049092
      ],
      [
       -77.40374321169921,
       38.8887137009117
      ],
      [
       -77.39900572939072,
       38.889013136791135
      ],
      [
       -77.40178957497358,
       38.89026978572779
      ],
      [
       -77.40025668150368,
       38.894874225972224
      ]
     ]
    ]
   }
  },
  {
   "type": "Feature",
   "properties": {
    "name": "Newington",
    "geoid": "5155752"
   },
   "geometry": {
    "type": "Polygon",
    "coordinates": [
     [
      [
       -77.22697378850378,
       38.75752560609361
      ],
      [
       -77.22404506843907,
       38.75838300719101
      ],
      [
       -77.22056114077914,
       38.75818911018711
      ],
      [
       -77.21921736489637,
       38.75835682700483
      ],
      [
       -77.21707721311921,
       38.75914877763678
      ],
      [
       -77.21571435197535,
       38.75742988478789
      ],
      [
       -77.21563627590727,
       38.7555260943741
      ],
      [
       -77.21564495102595,
       38.753629667137666
      ],
      [
       -77.21464123979524,
       38.75249737408537
      ],
      [
       -77.2148078020738,
       38.752002404940406
      ],
      [
       -77.21329139132939,
       38.7494661994042
      ],
      [
       -77.21222261670862,
       38.74815882635683
      ],
      [
       -77.21208468232169,
       38.74601286922087
      ],
      [
       -77.210628997408,
       38.74491493766294
      ],
      [
       -77.20611359813759,
       38.74482330701131
      ],
      [
       -77.19718863604463,
       38.74546881222681
      ],
      [
       -77.19748879515079,
       38.74358383882184
      ],
      [
       -77.19695440784041,
       38.74263235268035
      ],
      [
       -77.18508771300472,
       38.75423017515818
      ],
      [
       -77.1843858959039,
       38.75421381254181
      ],
      [
       -77.18526468542568,
       38.75041932180732
      ],
      [
       -77.18683488190588,
       38.74632621332422
      ],
      [
       -77.18869916490917,
       38.742698621276624
      ],
      [
       -77.19007677375477,
       38.74054284657085
      ],
      [
       -77.18955713414613,
       38.738041820659824
      ],
      [
       -77.18751240867441,
       38.73911520829321
      ],
      [
       -77.18555096434197,
       38.73872414176214
      ],
      [
       -77.18505388004188,
       38.74044712526513
      ],
      [
       -77.1769678019248,
       38.73932874043674
      ],
      [
       -77.17519894522694,
       38.73976398603199
      ],
      [
       -77.16498312547513,
       38.741756952704954
      ],
      [
       -77.16324983676384,
       38.74004215051015
      ],
      [
       -77.1648287083627,
       38.73909393689194
      ],
      [
       -77.1672056908797,
       38.73827416981217
      ],
      [
       -77.16830135836835,
       38.73721223601024
      ],
      [
       -77.16885916849917,
       38.73588768221568
      ],
      [
       -77.17080933517734,
       38.73356091816892
      ],
      [
       -77.1675926011726,
       38.73202283223083
      ],
      [
       -77.16914631492732,
       38.73117606683407
      ],
      [
       -77.16992620809621,
       38.72996768761569
      ],
      [
       -77.17174711550612,
       38.72918473642274
      ],
      [
       -77.17250011580711,
       38.72689233387034
      ],
      [
       -77.1723908093118,
       38.72604393221194
      ],
      [
       -77.17318805271805,
       38.724967272055274
      ],
      [
       -77.17322275319275,
       38.723924973392975
      ],
      [
       -77.17391502766303,
       38.72197536765337
      ],
      [
       -77.17870716321916,
       38.72287040276841
      ],
      [
       -77.1799451026541,
       38.723353099951105
      ],
      [
       -77.18233162780163,
       38.72507935597736
      ],
      [
       -77.18513542615743,
       38.723173111171114
      ],
      [
       -77.18906612242913,
       38.721717656445655
      ],
      [
       -77.19045414141713,
       38.72039801143601
      ],
      [
       -77.19231235183736,
       38.720344014802016
      ],
      [
       -77.1923002066712,
       38.72071462806263
      ],
      [
       -77.19455313499114,
       38.72077680600481
      ],
      [
       -77.19541197173997,
       38.7202892000372
      ],
      [
       -77.19705417170518,
       38.72032028900829
      ],
      [
       -77.19921861381461,
       38.7224687005367
      ],
      [
       -77.1999933019123,
       38.722760773238775
      ],
      [
       -77.2006690936571,
       38.72210217793018
      ],
      [
       -77.20157304102304,
       38.72257178501979
      ],
      [
       -77.20318227553727,
       38.72202772802573
      ],
      [
       -77.20408275285575,
       38.72283440501241
      ],
      [
       -77.20669743362443,
       38.721500851778856
      ],
      [
       -77.20824594230794,
       38.72046918881719
      ],
      [
       -77.20850185830886,
       38.72128731963532
      ],
      [
       -77.21125273844073,
       38.71925181015981
      ],
      [
       -77.21158933304534,
       38.71980895724696
      ],
      [
       -77.21375724520225,
       38.721343770661775
      ],
      [
       -77.21378934314134,
       38.72228625736426
      ],
      [
       -77.21530141632641,
       38.723722076950075
      ],
      [
       -77.21557902012403,
       38.72549823895624
      ],
      [
       -77.21690718079319,
       38.728436964854964
      ],
      [
       -77.2187627886778,
       38.73040702386503
      ],
      [
       -77.21937004698505,
       38.73154422570223
      ],
      [
       -77.22081965931567,
       38.73263970286771
      ],
      [
       -77.22090727801428,
       38.73378917666718
      ],
      [
       -77.22247313693514,
       38.73543689213489
      ],
      [
       -77.2237397042617,
       38.73622638837439
      ],
      [
       -77.2236703033123,
       38.73711733283533
      ],
      [
       -77.22551376603077,
       38.73902766829567
      ],
      [
       -77.2257931048521,
       38.74007323948124
      ],
      [
       -77.22538710929811,
       38.740934731232734
      ],
      [
       -77.22555367157668,
       38.743295856773855
      ],
      [
       -77.22381257525858,
       38.744032174510174
      ],
      [
       -77.22322613723614,
       38.74550480998281
      ],
      [
       -77.22265010935611,
       38.74585906062706
      ],
      [
       -77.22254427290827,
       38.748125282993286
      ],
      [
       -77.22280105642106,
       38.74876424316224
      ],
      [
       -77.22105302000801,
       38.74936393305193
      ],
      [
       -77.2211042032082,
       38.74978936107736
      ],
      [
       -77.22375184942786,
       38.75099528590329
      ],
      [
       -77.22303875467276,
       38.75217503054303
      ],
      [
       -77.22583127537428,
       38.75274772211572
      ],
      [
       -77.22663806141107,
       38.7538611981592
      ],
      [
       -77.2252673926604,
       38.755145663543665
      ],
      [
       -77.22500193402894,
       38.75589261698062
      ],
      [
       -77.22697378850378,
       38.75752560609361
      ]
     ]
    ]
   }
  },
  {
   "type": "Feature",
   "properties": {
    "name": "Newington Forest",
    "geoid": "5155758"
   },
   "geometry": {
    "type": "Polygon",
    "coordinates": [
     [
      [
       -77.25079826692127,
       38.745336275034276
      ],
      [
       -77.24956726758127,
       38.74567416306216
      ],
      [
       -77.24730913419013,
       38.74684409013209
      ],
      [
       -77.24401432411733,
       38.749660914538914
      ],
      [
       -77.23875806971206,
       38.753789202647205
      ],
      [
       -77.23617722190622,
       38.756043971181974
      ],
      [
       -77.23324936935337,
       38.75711326816127
      ],
      [
       -77.22991031617532,
       38.75691937115737
      ],
      [
       -77.22697378850378,
       38.75752560609361
      ],
      [
       -77.22500193402894,
       38.75589261698062
      ],
      [
       -77.2252673926604,
       38.755145663543665
      ],
      [
       -77.22663806141107,
       38.7538611981592
      ],
      [
       -77.22583127537428,
       38.75274772211572
      ],
      [
       -77.22303875467276,
       38.75217503054303
      ],
      [
       -77.22375184942786,
       38.75099528590329
      ],
      [
       -77.2211042032082,
       38.74978936107736
      ],
      [
       -77.22105302000801,
       38.74936393305193
      ],
      [
       -77.22280105642106,
       38.74876424316224
      ],
      [
       -77.22254427290827,
       38.748125282993286
      ],
      [
       -77.22265010935611,
       38.74585906062706
      ],
      [
       -77.22322613723614,
       38.74550480998281
      ],
      [
       -77.22381257525858,
       38.744032174510174
      ],
      [
       -77.22555367157668,
       38.743295856773855
      ],
      [
       -77.22538710929811,
       38.740934731232734
      ],
      [
       -77.2257931048521,
       38.74007323948124
      ],
      [
       -77.22551376603077,
       38.73902766829567
      ],
      [
       -77.2236703033123,
       38.73711733283533
      ],
      [
       -77.2237397042617,
       38.73622638837439
      ],
      [
       -77.22247313693514,
       38.73543689213489
      ],
      [
       -77.22090727801428,
       38.73378917666718
      ],
      [
       -77.22081965931567,
       38.73263970286771
      ],
      [
       -77.21937004698505,
       38.73154422570223
      ],
      [
       -77.2187627886778,
       38.73040702386503
      ],
      [
       -77.21690718079319,
       38.728436964854964
      ],
      [
       -77.21557902012403,
       38.72549823895624
      ],
      [
       -77.21530141632641,
       38.723722076950075
      ],
      [
       -77.21378934314134,
       38.72228625736426
      ],
      [
       -77.21375724520225,
       38.721343770661775
      ],
      [
       -77.21158933304534,
       38.71980895724696
      ],
      [
       -77.21125273844073,
       38.71925181015981
      ],
      [
       -77.21338074505175,
       38.717793082911086
      ],
      [
       -77.2140521992372,
       38.718926194094195
      ],
      [
       -77.21400014852514,
       38.71985231818032
      ],
      [
       -77.21481213963314,
       38.72061072544873
      ],
      [
       -77.2164578096458,
       38.72100997328798
      ],
      [
       -77.21735568442868,
       38.720856982824984
      ],
      [
       -77.21672760583661,
       38.71833386738187
      ],
      [
       -77.21777035510135,
       38.71783235319035
      ],
      [
       -77.21860837156537,
       38.718417316725315
      ],
      [
       -77.22034426281226,
       38.71823978233778
      ],
      [
       -77.2209228932279,
       38.7186283944764
      ],
      [
       -77.22035640797841,
       38.71978277706078
      ],
      [
       -77.22086997500398,
       38.720402102090105
      ],
      [
       -77.22246012425713,
       38.720680266568266
      ],
      [
       -77.22457425067824,
       38.72044628115428
      ],
      [
       -77.22566211056011,
       38.7209527041307
      ],
      [
       -77.22659989088889,
       38.720834893292896
      ],
      [
       -77.22706487724987,
       38.72187801008601
      ],
      [
       -77.22859343316043,
       38.72133640748441
      ],
      [
       -77.22936378369879,
       38.72226416783217
      ],
      [
       -77.23056789017089,
       38.72172092896893
      ],
      [
       -77.23202097254897,
       38.72178474317275
      ],
      [
       -77.23259873545274,
       38.72241224951025
      ],
      [
       -77.23603061240061,
       38.722479336237335
      ],
      [
       -77.2381751017371,
       38.723439003687005
      ],
      [
       -77.23935925543626,
       38.723448821256824
      ],
      [
       -77.24080106016007,
       38.7228884016464
      ],
      [
       -77.24297417738818,
       38.725382064380064
      ],
      [
       -77.24791378996179,
       38.72772028225828
      ],
      [
       -77.2507037081277,
       38.72808925925726
      ],
      [
       -77.24998627581327,
       38.72931072856873
      ],
      [
       -77.24941892305192,
       38.73162685691486
      ],
      [
       -77.25027602477702,
       38.733466014994015
      ],
      [
       -77.25191128464728,
       38.735541612879615
      ],
      [
       -77.25227563963163,
       38.73649800780601
      ],
      [
       -77.25248037243237,
       38.738624329802335
      ],
      [
       -77.2512406979737,
       38.74096663833464
      ],
      [
       -77.2507063106633,
       38.743055326313325
      ],
      [
       -77.25079826692127,
       38.745336275034276
      ]
     ]
    ]
   }
  },
  {
   "type": "Feature",
   "properties": {
    "name": "North Springfield",
    "geoid": "5157560"
   },
   "geometry": {
    "type": "Polygon",
    "coordinates": [
     [
      [
       -77.21900395697696,
       38.79371316844117
      ],
      [
       -77.21621403881103,
       38.794298131976134
      ],
      [
       -77.21505417544418,
       38.795082719430724
      ],
      [
       -77.21328271621071,
       38.797631196929196
      ],
      [
       -77.21429857260758,
       38.79895820511621
      ],
      [
       -77.21304935551835,
       38.80155822485622
      ],
      [
       -77.21217403604403,
       38.80216118726919
      ],
      [
       -77.21181141608342,
       38.80349392237192
      ],
      [
       -77.21738691485591,
       38.811393793551794
      ],
      [
       -77.19995773392573,
       38.81152714887515
      ],
      [
       -77.19461819838119,
       38.811735772233774
      ],
      [
       -77.19394674419574,
       38.81075565151365
      ],
      [
       -77.1944446960077,
       38.80941882575683
      ],
      [
       -77.19439438031938,
       38.807456129924134
      ],
      [
       -77.19407426844027,
       38.807416041514045
      ],
      [
       -77.19287883708684,
       38.80495264962065
      ],
      [
       -77.19033615980317,
       38.80320839471639
      ],
      [
       -77.18883276173676,
       38.8034611971392
      ],
      [
       -77.18749332341332,
       38.80246307754108
      ],
      [
       -77.18661626891527,
       38.80037602582403
      ],
      [
       -77.18670475512576,
       38.799387723795725
      ],
      [
       -77.18545206798906,
       38.79865876923677
      ],
      [
       -77.18613306480506,
       38.79516698690499
      ],
      [
       -77.19038907802708,
       38.79640809135609
      ],
      [
       -77.19385565544965,
       38.797198405726405
      ],
      [
       -77.20169796273196,
       38.79407232787033
      ],
      [
       -77.20403417219117,
       38.793417823215826
      ],
      [
       -77.2057023975124,
       38.79324110695911
      ],
      [
       -77.21878187393888,
       38.792764136692135
      ],
      [
       -77.21900395697696,
       38.79371316844117
      ]
     ]
    ]
   }
  },
  {
   "type": "Feature",
   "properties": {
    "name": "Oakton",
    "geoid": "5158472"
   },
   "geometry": {
    "type": "Polygon",
    "coordinates": [
     [
      [
       -77.30510277480377,
       38.929937676575676
      ],
      [
       -77.30541334405234,
       38.92737692711493
      ],
      [
       -77.305337003008,
       38.92574311987112
      ],
      [
       -77.30604142264443,
       38.92234787697588
      ],
      [
       -77.30531097765197,
       38.92011110731911
      ],
      [
       -77.30373904614804,
       38.91948032845833
      ],
      [
       -77.30262863095763,
       38.91835294419094
      ],
      [
       -77.30036616000716,
       38.91677804236604
      ],
      [
       -77.2979163064933,
       38.915567208755206
      ],
      [
       -77.28819323348223,
       38.91200997595798
      ],
      [
       -77.28528533370233,
       38.90996464891265
      ],
      [
       -77.28240085674285,
       38.90856564521365
      ],
      [
       -77.28137025264425,
       38.90748325814126
      ],
      [
       -77.2788189002419,
       38.90608098191898
      ],
      [
       -77.28130518925418,
       38.904552713550714
      ],
      [
       -77.28235834866135,
       38.904339999538
      ],
      [
       -77.28375417525618,
       38.902872272850274
      ],
      [
       -77.28454534607934,
       38.90160007942808
      ],
      [
       -77.28439786906186,
       38.90070013552813
      ],
      [
       -77.28274439144239,
       38.89916614024414
      ],
      [
       -77.28310614389115,
       38.898946881184884
      ],
      [
       -77.28165913409613,
       38.8974047045927
      ],
      [
       -77.27957276805476,
       38.89841673241473
      ],
      [
       -77.2791711100601,
       38.897934853362855
      ],
      [
       -77.27710296176797,
       38.898020757098756
      ],
      [
       -77.2775852983663,
       38.89683528554329
      ],
      [
       -77.27683837064836,
       38.896261775839776
      ],
      [
       -77.27763995161395,
       38.895864982392986
      ],
      [
       -77.27268559133859,
       38.88983126760927
      ],
      [
       -77.2739217957498,
       38.88915303716104
      ],
      [
       -77.27092887980687,
       38.88235437006237
      ],
      [
       -77.26761498447298,
       38.88299905714706
      ],
      [
       -77.26690796230096,
       38.880881734589735
      ],
      [
       -77.26320195160295,
       38.88183894764695
      ],
      [
       -77.25385798127797,
       38.87937637388438
      ],
      [
       -77.267222001597,
       38.878595877083875
      ],
      [
       -77.26673619495119,
       38.87769675131475
      ],
      [
       -77.26472096488297,
       38.87555733922534
      ],
      [
       -77.26309524764325,
       38.872264362682365
      ],
      [
       -77.26819361488862,
       38.87106661916462
      ],
      [
       -77.2692033987024,
       38.87053892478693
      ],
      [
       -77.27142336157137,
       38.868465781293786
      ],
      [
       -77.27414995137094,
       38.86631000658801
      ],
      [
       -77.29165894339295,
       38.86749793253593
      ],
      [
       -77.2906986077556,
       38.87099707804508
      ],
      [
       -77.29186801375302,
       38.87109198121998
      ],
      [
       -77.29248741722641,
       38.87169167110967
      ],
      [
       -77.29740707702707,
       38.87044238535039
      ],
      [
       -77.30053532482133,
       38.869881965739964
      ],
      [
       -77.30313872793573,
       38.86920782594583
      ],
      [
       -77.30475403503303,
       38.863382734520734
      ],
      [
       -77.30757605113806,
       38.86317492929293
      ],
      [
       -77.30962684919285,
       38.865580233898235
      ],
      [
       -77.31188064502464,
       38.866731343959344
      ],
      [
       -77.31426803768403,
       38.867002963390966
      ],
      [
       -77.31724186836587,
       38.866900697038695
      ],
      [
       -77.32878758381058,
       38.86484800681601
      ],
      [
       -77.32836597304298,
       38.86543787913588
      ],
      [
       -77.33142395237596,
       38.86490282158082
      ],
      [
       -77.33160092479693,
       38.86581830996631
      ],
      [
       -77.33288137231337,
       38.86779736841537
      ],
      [
       -77.33546395514296,
       38.8687733984814
      ],
      [
       -77.33543792978693,
       38.87132678476478
      ],
      [
       -77.33677997064596,
       38.87292704864505
      ],
      [
       -77.3370862023352,
       38.874430773088775
      ],
      [
       -77.3378418051718,
       38.87469012055812
      ],
      [
       -77.33777413924614,
       38.87573323735124
      ],
      [
       -77.33857658772358,
       38.87745294833095
      ],
      [
       -77.33823218551218,
       38.87892885632686
      ],
      [
       -77.33751735573335,
       38.87961526808327
      ],
      [
       -77.33536419127819,
       38.88018714152514
      ],
      [
       -77.33407767117868,
       38.88257526538327
      ],
      [
       -77.33192537423537,
       38.885441995769995
      ],
      [
       -77.33055557299657,
       38.88615376958177
      ],
      [
       -77.33121574952774,
       38.88663237611038
      ],
      [
       -77.32968112103411,
       38.888100102798106
      ],
      [
       -77.33016606016805,
       38.88895914015714
      ],
      [
       -77.32935493657193,
       38.89037123394923
      ],
      [
       -77.32841802375502,
       38.890934107952106
      ],
      [
       -77.32585973125774,
       38.89156570494371
      ],
      [
       -77.3258311033661,
       38.89218093931894
      ],
      [
       -77.32172777223278,
       38.89481532055332
      ],
      [
       -77.32017839603739,
       38.89565717716518
      ],
      [
       -77.31996065055866,
       38.89675838124638
      ],
      [
       -77.32062082708983,
       38.89673629171429
      ],
      [
       -77.32039440649241,
       38.89786694850495
      ],
      [
       -77.31947310888911,
       38.898985333333336
      ],
      [
       -77.31720803540304,
       38.900678045996045
      ],
      [
       -77.31654265380065,
       38.9030089006969
      ],
      [
       -77.31881466738167,
       38.90337215078015
      ],
      [
       -77.31855788386888,
       38.90399393020193
      ],
      [
       -77.31977934057834,
       38.905213763251766
      ],
      [
       -77.3197377000087,
       38.9060278034158
      ],
      [
       -77.31851971334672,
       38.90778105775906
      ],
      [
       -77.31859258434358,
       38.91066578702379
      ],
      [
       -77.3180313041653,
       38.91197316007116
      ],
      [
       -77.31792807025307,
       38.91410602711403
      ],
      [
       -77.3193343069903,
       38.91645079003879
      ],
      [
       -77.31619217900618,
       38.91696866684667
      ],
      [
       -77.31638736917637,
       38.918358671106674
      ],
      [
       -77.31721757803358,
       38.91953923387724
      ],
      [
       -77.31644896251896,
       38.9206747994528
      ],
      [
       -77.31392710552011,
       38.9209635996316
      ],
      [
       -77.31373191534992,
       38.92210325586126
      ],
      [
       -77.31276897717697,
       38.92330018124818
      ],
      [
       -77.31012133095733,
       38.92512297671098
      ],
      [
       -77.30961904158605,
       38.92645162115962
      ],
      [
       -77.31006060512661,
       38.92738265403065
      ],
      [
       -77.30943686409387,
       38.92832677699478
      ],
      [
       -77.31055161684361,
       38.92995731171531
      ],
      [
       -77.30794214114614,
       38.93038683039483
      ],
      [
       -77.30510277480377,
       38.929937676575676
      ]
     ]
    ]
   }
  },
  {
   "type": "Feature",
   "properties": {
    "name": "Pimmit Hills",
    "geoid": "5162264"
   },
   "geometry": {
    "type": "Polygon",
    "coordinates": [
     [
      [
       -77.19624391562091,
       38.92347280685081
      ],
      [
       -77.19186384820185,
       38.91677804236604
      ],
      [
       -77.18799301024902,
       38.91268002509803
      ],
      [
       -77.18703093958794,
       38.91108876065676
      ],
      [
       -77.18684702707203,
       38.9088209020289
      ],
      [
       -77.18780215763816,
       38.90456334925135
      ],
      [
       -77.18773882927182,
       38.902806004254
      ],
      [
       -77.18574702202402,
       38.90093739346539
      ],
      [
       -77.18855776047477,
       38.901433998872
      ],
      [
       -77.19171637118437,
       38.90127119083919
      ],
      [
       -77.19417142976943,
       38.90057577964378
      ],
      [
       -77.19718863604463,
       38.89894033613834
      ],
      [
       -77.20355877568778,
       38.90304326219126
      ],
      [
       -77.20627061778562,
       38.90569236978037
      ],
      [
       -77.20800564152064,
       38.9067223964804
      ],
      [
       -77.21278996946997,
       38.90784978074778
      ],
      [
       -77.21468288036488,
       38.908681001659005
      ],
      [
       -77.21554605467306,
       38.90975438929239
      ],
      [
       -77.21318121732222,
       38.913421251619255
      ],
      [
       -77.20349978488079,
       38.919300339678344
      ],
      [
       -77.19624391562091,
       38.92347280685081
      ]
     ]
    ]
   }
  },
  {
   "type": "Feature",
   "properties": {
    "name": "Ravensworth",
    "geoid": "5165776"
   },
   "geometry": {
    "type": "Polygon",
    "coordinates": [
     [
      [
       -77.230265996041,
       38.811136082344085
      ],
      [
       -77.22171926912227,
       38.811371704019706
      ],
      [
       -77.21758470756171,
       38.811389702897706
      ],
      [
       -77.21738691485591,
       38.811393793551794
      ],
      [
       -77.21181141608342,
       38.80349392237192
      ],
      [
       -77.21217403604403,
       38.80216118726919
      ],
      [
       -77.21304935551835,
       38.80155822485622
      ],
      [
       -77.21429857260758,
       38.79895820511621
      ],
      [
       -77.21328271621071,
       38.797631196929196
      ],
      [
       -77.21505417544418,
       38.795082719430724
      ],
      [
       -77.21621403881103,
       38.794298131976134
      ],
      [
       -77.21900395697696,
       38.79371316844117
      ],
      [
       -77.22123693252394,
       38.7955376001656
      ],
      [
       -77.22403032073733,
       38.79625837341637
      ],
      [
       -77.22841385820385,
       38.79559486932287
      ],
      [
       -77.22904367181967,
       38.79571186202986
      ],
      [
       -77.23006993835894,
       38.797882363090366
      ],
      [
       -77.22915037577937,
       38.79967161518962
      ],
      [
       -77.22912435042335,
       38.801824935502935
      ],
      [
       -77.2306902093442,
       38.80271015304815
      ],
      [
       -77.23190212342313,
       38.803839173577174
      ],
      [
       -77.23318864352264,
       38.805669332217334
      ],
      [
       -77.23316522070222,
       38.80688098395898
      ],
      [
       -77.23195417413517,
       38.80803373028173
      ],
      [
       -77.231496995381,
       38.808999942777945
      ],
      [
       -77.2304074004754,
       38.80988925097725
      ],
      [
       -77.230265996041,
       38.811136082344085
      ]
     ]
    ]
   }
  },
  {
   "type": "Feature",
   "properties": {
    "name": "Reston",
    "geoid": "5166672"
   },
   "geometry": {
    "type": "Polygon",
    "coordinates": [
     [
      [
       -77.39325933078032,
       38.945230995958994
      ],
      [
       -77.39166397645597,
       38.94874486782287
      ],
      [
       -77.3896418062928,
       38.95128270962071
      ],
      [
       -77.388678000608,
       38.95381973328773
      ],
      [
       -77.38565125170226,
       38.95340003217803
      ],
      [
       -77.3811158996589,
       38.95328713012513
      ],
      [
       -77.37374725385625,
       38.95375919160719
      ],
      [
       -77.36991371891372,
       38.95905822491623
      ],
      [
       -77.36516062139162,
       38.966141601539604
      ],
      [
       -77.36525865023265,
       38.969892731340735
      ],
      [
       -77.36734328125029,
       38.970509601977604
      ],
      [
       -77.3668167015467,
       38.98042371123171
      ],
      [
       -77.36602726574726,
       38.98025763067563
      ],
      [
       -77.36519792440193,
       38.97899770921571
      ],
      [
       -77.36271163538963,
       38.97779505691306
      ],
      [
       -77.36259018372819,
       38.9787899039879
      ],
      [
       -77.36081785698286,
       38.98204606464407
      ],
      [
       -77.35945412832713,
       38.986046724344725
      ],
      [
       -77.36013512514312,
       38.98771325682126
      ],
      [
       -77.35660695437795,
       38.98684276563077
      ],
      [
       -77.3549821046501,
       38.98776725345525
      ],
      [
       -77.35291222133422,
       38.98775661775462
      ],
      [
       -77.34941094343694,
       38.987254285432286
      ],
      [
       -77.34647007820608,
       38.990956327384325
      ],
      [
       -77.3414654022424,
       38.99832523166323
      ],
      [
       -77.3323920956201,
       38.99187181576982
      ],
      [
       -77.33248925694926,
       38.98879973454773
      ],
      [
       -77.33177442717043,
       38.988765373053376
      ],
      [
       -77.33183775553675,
       38.987596264114266
      ],
      [
       -77.33105786236786,
       38.98755863009663
      ],
      [
       -77.33108735777135,
       38.985784104352106
      ],
      [
       -77.332012992934,
       38.979932832740836
      ],
      [
       -77.33050178726079,
       38.97998682937483
      ],
      [
       -77.3303733955044,
       38.978466742314744
      ],
      [
       -77.33150723351524,
       38.977538163836165
      ],
      [
       -77.33043498884699,
       38.974004656832655
      ],
      [
       -77.32766762598962,
       38.97433190915991
      ],
      [
       -77.3197056020696,
       38.9747147943828
      ],
      [
       -77.31722191559291,
       38.97559592127392
      ],
      [
       -77.31561701863802,
       38.97431963719764
      ],
      [
       -77.31247142060641,
       38.97258929051729
      ],
      [
       -77.3115692082642,
       38.97159198904999
      ],
      [
       -77.3100822929233,
       38.968209018117015
      ],
      [
       -77.30987322256323,
       38.96642222041022
      ],
      [
       -77.30890160927162,
       38.96289934910735
      ],
      [
       -77.30901872337373,
       38.960778754026755
      ],
      [
       -77.310333003853,
       38.959093404541406
      ],
      [
       -77.31128466437167,
       38.955367636795636
      ],
      [
       -77.31201337434037,
       38.94714214955015
      ],
      [
       -77.3124211049181,
       38.945904317622315
      ],
      [
       -77.31265099556299,
       38.9426187042567
      ],
      [
       -77.30993741844142,
       38.93729921767722
      ],
      [
       -77.31206976261176,
       38.93295821555622
      ],
      [
       -77.31258593217294,
       38.93384834188634
      ],
      [
       -77.31582435397435,
       38.93362335591136
      ],
      [
       -77.31751600211601,
       38.93428276935077
      ],
      [
       -77.31896127688728,
       38.93364708170508
      ],
      [
       -77.31987823693123,
       38.93386634076434
      ],
      [
       -77.32003612409112,
       38.933247833865835
      ],
      [
       -77.32094614404015,
       38.93350227255027
      ],
      [
       -77.32155860741861,
       38.93253687818488
      ],
      [
       -77.32100686987087,
       38.92636980807781
      ],
      [
       -77.32284426000626,
       38.92725093496894
      ],
      [
       -77.32438235854735,
       38.92693513647314
      ],
      [
       -77.32900099172998,
       38.923529257877256
      ],
      [
       -77.32747156830757,
       38.922281608379606
      ],
      [
       -77.32560815281616,
       38.91975112975913
      ],
      [
       -77.32492021590521,
       38.919328156126156
      ],
      [
       -77.32721391728292,
       38.918091142329146
      ],
      [
       -77.32794783232283,
       38.91651705863506
      ],
      [
       -77.32893072326873,
       38.915823283701286
      ],
      [
       -77.3382851037361,
       38.91298273350073
      ],
      [
       -77.34191564090165,
       38.91240676940477
      ],
      [
       -77.34387361518661,
       38.91274711182511
      ],
      [
       -77.34668175110176,
       38.911957615585614
      ],
      [
       -77.35079896242496,
       38.9102919012399
      ],
      [
       -77.35227026255227,
       38.90891007828808
      ],
      [
       -77.35288966602566,
       38.908769359787364
      ],
      [
       -77.35534732714632,
       38.9093035992116
      ],
      [
       -77.35591641493141,
       38.91032462647263
      ],
      [
       -77.35700600983701,
       38.91113293972094
      ],
      [
       -77.35869332041932,
       38.911234387942386
      ],
      [
       -77.36070594795194,
       38.9090237984718
      ],
      [
       -77.36065302972803,
       38.90824084727885
      ],
      [
       -77.36318095930996,
       38.91198215951016
      ],
      [
       -77.37037263269163,
       38.92220715847516
      ],
      [
       -77.37196017940917,
       38.92435393374193
      ],
      [
       -77.37355466622166,
       38.92495525989326
      ],
      [
       -77.37257437781138,
       38.92704803852604
      ],
      [
       -77.37504938916939,
       38.92865566558367
      ],
      [
       -77.37855934218534,
       38.93352518021318
      ],
      [
       -77.38343736141636,
       38.93924064210864
      ],
      [
       -77.38440463714863,
       38.939936871434874
      ],
      [
       -77.38853139110239,
       38.94231272333072
      ],
      [
       -77.39325933078032,
       38.945230995958994
      ]
     ]
    ]
   }
  },
  {
   "type": "Feature",
   "properties": {
    "name": "Rose Hill",
    "geoid": "5168880"
   },
   "geometry": {
    "type": "Polygon",
    "coordinates": [
     [
      [
       -77.13458984719685,
       38.79831024550825
      ],
      [
       -77.13449095084395,
       38.798603136341136
      ],
      [
       -77.12158584430284,
       38.8004242955423
      ],
      [
       -77.11681105898406,
       38.801536953454956
      ],
      [
       -77.11300962198062,
       38.802986681264684
      ],
      [
       -77.11228698459499,
       38.80205564839365
      ],
      [
       -77.10926197071296,
       38.802804238092236
      ],
      [
       -77.1053546972617,
       38.80337529340329
      ],
      [
       -77.10191674773075,
       38.803516011904016
      ],
      [
       -77.09840679471479,
       38.803330296208294
      ],
      [
       -77.07770102146102,
       38.80083663347463
      ],
      [
       -77.08030876213476,
       38.798387967935966
      ],
      [
       -77.08456998042799,
       38.792260986238986
      ],
      [
       -77.08612976676577,
       38.78953415622216
      ],
      [
       -77.08733127070226,
       38.78861375905176
      ],
      [
       -77.0874882903503,
       38.78702331274131
      ],
      [
       -77.08610374140974,
       38.78697504302304
      ],
      [
       -77.08346910786811,
       38.78480290570091
      ],
      [
       -77.07865181446782,
       38.78249577679378
      ],
      [
       -77.07897105883507,
       38.78150092971893
      ],
      [
       -77.0901315990106,
       38.774220383568384
      ],
      [
       -77.10192629036129,
       38.771654725322726
      ],
      [
       -77.10446636510936,
       38.77118511823312
      ],
      [
       -77.115717994031,
       38.768778995496994
      ],
      [
       -77.12150776823476,
       38.76713128002928
      ],
      [
       -77.12390557103657,
       38.76602680342481
      ],
      [
       -77.12470021190721,
       38.76817276056076
      ],
      [
       -77.12618018715318,
       38.769422046320045
      ],
      [
       -77.12862396808397,
       38.77006673340473
      ],
      [
       -77.12980985680686,
       38.770626334884334
      ],
      [
       -77.13136704060904,
       38.77217178399979
      ],
      [
       -77.13052728912129,
       38.7727182953863
      ],
      [
       -77.129199995964,
       38.77117693692494
      ],
      [
       -77.12743894687294,
       38.771067307395306
      ],
      [
       -77.12608562835963,
       38.770452891150896
      ],
      [
       -77.12237701512602,
       38.77989084826885
      ],
      [
       -77.12196928454829,
       38.78111395384195
      ],
      [
       -77.1278753053423,
       38.781025595713594
      ],
      [
       -77.12779115669116,
       38.780196011064014
      ],
      [
       -77.12970315284716,
       38.77955132397933
      ],
      [
       -77.12986624507825,
       38.78090369422169
      ],
      [
       -77.13086301621402,
       38.780892240390244
      ],
      [
       -77.13069211637611,
       38.77898272306072
      ],
      [
       -77.13434607636208,
       38.779353336321336
      ],
      [
       -77.13549119202719,
       38.77922570791371
      ],
      [
       -77.13555191785792,
       38.78205234989035
      ],
      [
       -77.13607242497842,
       38.78407067861868
      ],
      [
       -77.13708481132781,
       38.79255060454861
      ],
      [
       -77.13697723985624,
       38.79369680582481
      ],
      [
       -77.1359796012086,
       38.79521607475407
      ],
      [
       -77.13458984719685,
       38.79831024550825
      ]
     ]
    ]
   }
  },
  {
   "type": "Feature",
   "properties": {
    "name": "Seven Corners",
    "geoid": "5171216"
   },
   "geometry": {
    "type": "Polygon",
    "coordinates": [
     [
      [
       -77.15371067626867,
       38.872715152763156
      ],
      [
       -77.1514403977114,
       38.87343183535984
      ],
      [
       -77.14978865511566,
       38.873362294240295
      ],
      [
       -77.14970103641704,
       38.87567024127824
      ],
      [
       -77.14712973124173,
       38.8736060972241
      ],
      [
       -77.13184937720737,
       38.86172683774484
      ],
      [
       -77.13650878344778,
       38.86156402971203
      ],
      [
       -77.13736762019663,
       38.86107315122115
      ],
      [
       -77.13820303412504,
       38.859845136863136
      ],
      [
       -77.13991116499217,
       38.856099733977736
      ],
      [
       -77.14200794117595,
       38.85724511712312
      ],
      [
       -77.14509975347175,
       38.859007370905374
      ],
      [
       -77.14621363870964,
       38.859842682470685
      ],
      [
       -77.1526124062444,
       38.86804198952999
      ],
      [
       -77.15586210570011,
       38.87200910586711
      ],
      [
       -77.15371067626867,
       38.872715152763156
      ]
     ]
    ]
   }
  },
  {
   "type": "Feature",
   "properties": {
    "name": "South Run",
    "geoid": "5174120"
   },
   "geometry": {
    "type": "Polygon",
    "coordinates": [
     [
      [
       -77.28706807059007,
       38.76778005776806
      ],
      [
       -77.28411506019306,
       38.76447399113199
      ],
      [
       -77.28159840826541,
       38.76023607349408
      ],
      [
       -77.27920928058228,
       38.758165384393386
      ],
      [
       -77.27610619063219,
       38.75430380693181
      ],
      [
       -77.2730057032177,
       38.752220027738026
      ],
      [
       -77.27122296632997,
       38.75166778943579
      ],
      [
       -77.26851372676772,
       38.7517945997126
      ],
      [
       -77.26664423869323,
       38.75141907766708
      ],
      [
       -77.25958702965103,
       38.74854171157971
      ],
      [
       -77.25671990292891,
       38.746259944727946
      ],
      [
       -77.25444008174108,
       38.74539272606073
      ],
      [
       -77.25079826692127,
       38.745336275034276
      ],
      [
       -77.2507063106633,
       38.743055326313325
      ],
      [
       -77.2512406979737,
       38.74096663833464
      ],
      [
       -77.25248037243237,
       38.738624329802335
      ],
      [
       -77.25227563963163,
       38.73649800780601
      ],
      [
       -77.25362115053815,
       38.73670663116463
      ],
      [
       -77.25518267189968,
       38.7380180948661
      ],
      [
       -77.25960524740024,
       38.73801236795037
      ],
      [
       -77.26102276179176,
       38.73746585656386
      ],
      [
       -77.26147473547474,
       38.73646201005001
      ],
      [
       -77.2624263959934,
       38.73573714614515
      ],
      [
       -77.2639402042022,
       38.73568805829606
      ],
      [
       -77.26415187709787,
       38.73513991064791
      ],
      [
       -77.2659536992467,
       38.73462367010167
      ],
      [
       -77.26908715211215,
       38.734331597399596
      ],
      [
       -77.27039188996089,
       38.733782631620635
      ],
      [
       -77.27299442556343,
       38.73371063610864
      ],
      [
       -77.27367021730822,
       38.73412215591016
      ],
      [
       -77.27432258623259,
       38.73548188932989
      ],
      [
       -77.27618166416467,
       38.73615275660076
      ],
      [
       -77.27977316329616,
       38.73537798671599
      ],
      [
       -77.28164091634692,
       38.73706988124788
      ],
      [
       -77.28400228365028,
       38.73830934943735
      ],
      [
       -77.2857321023141,
       38.73998160882961
      ],
      [
       -77.28675923636524,
       38.74195084970885
      ],
      [
       -77.2884717047917,
       38.743871002739006
      ],
      [
       -77.29645541650842,
       38.74995380537181
      ],
      [
       -77.29818176512477,
       38.75112536870337
      ],
      [
       -77.29541787231487,
       38.75395528320328
      ],
      [
       -77.29289514780415,
       38.753305687333686
      ],
      [
       -77.29085736242736,
       38.75851063559864
      ],
      [
       -77.28776728515528,
       38.76163425906226
      ],
      [
       -77.28787138657938,
       38.76261274352075
      ],
      [
       -77.28706807059007,
       38.76330406406206
      ],
      [
       -77.28706807059007,
       38.76778005776806
      ]
     ]
    ]
   }
  },
  {
   "type": "Feature",
   "properties": {
    "name": "Springfield",
    "geoid": "5174592"
   },
   "geometry": {
    "type": "Polygon",
    "coordinates": [
     [
      [
       -77.21878187393888,
       38.792764136692135
      ],
      [
       -77.2057023975124,
       38.79324110695911
      ],
      [
       -77.20403417219117,
       38.793417823215826
      ],
      [
       -77.20169796273196,
       38.79407232787033
      ],
      [
       -77.19385565544965,
       38.797198405726405
      ],
      [
       -77.19038907802708,
       38.79640809135609
      ],
      [
       -77.18613306480506,
       38.79516698690499
      ],
      [
       -77.18545206798906,
       38.79865876923677
      ],
      [
       -77.18670475512576,
       38.799387723795725
      ],
      [
       -77.18661626891527,
       38.80037602582403
      ],
      [
       -77.18749332341332,
       38.80246307754108
      ],
      [
       -77.18883276173676,
       38.8034611971392
      ],
      [
       -77.19033615980317,
       38.80320839471639
      ],
      [
       -77.19287883708684,
       38.80495264962065
      ],
      [
       -77.19407426844027,
       38.807416041514045
      ],
      [
       -77.19439438031938,
       38.807456129924134
      ],
      [
       -77.1944446960077,
       38.80941882575683
      ],
      [
       -77.19394674419574,
       38.81075565151365
      ],
      [
       -77.19461819838119,
       38.811735772233774
      ],
      [
       -77.18613393231693,
       38.81187076381877
      ],
      [
       -77.17343008852909,
       38.81190676157476
      ],
      [
       -77.17214703847704,
       38.812059752037754
      ],
      [
       -77.1713281072741,
       38.810812102540105
      ],
      [
       -77.17161612121411,
       38.80639337799138
      ],
      [
       -77.1707833098213,
       38.80613566678367
      ],
      [
       -77.16390914578315,
       38.80221191137991
      ],
      [
       -77.16636593939194,
       38.80015594863395
      ],
      [
       -77.17124222359922,
       38.79548605792406
      ],
      [
       -77.17431321561021,
       38.79277231800032
      ],
      [
       -77.17343529360029,
       38.792625054453055
      ],
      [
       -77.17509137375538,
       38.79054618404419
      ],
      [
       -77.17243331739331,
       38.79000703583504
      ],
      [
       -77.17042502742002,
       38.78993176779977
      ],
      [
       -77.16754402050802,
       38.79021974984775
      ],
      [
       -77.1608581065451,
       38.79143221972022
      ],
      [
       -77.15308173016473,
       38.793404733122735
      ],
      [
       -77.15444459130859,
       38.791221141969146
      ],
      [
       -77.15480807878107,
       38.78989086125886
      ],
      [
       -77.1570211015551,
       38.776628142566146
      ],
      [
       -77.15751298078398,
       38.77466462860263
      ],
      [
       -77.15867457917457,
       38.77239267932068
      ],
      [
       -77.16093791763691,
       38.76987365453166
      ],
      [
       -77.16445134070034,
       38.76768760898561
      ],
      [
       -77.16918622047322,
       38.76572818567619
      ],
      [
       -77.17172542770943,
       38.76413610310411
      ],
      [
       -77.17346565651566,
       38.76202368933169
      ],
      [
       -77.18083516983017,
       38.75011497714298
      ],
      [
       -77.18235765315765,
       38.74733905927706
      ],
      [
       -77.18416034281834,
       38.74318131845932
      ],
      [
       -77.18505388004188,
       38.74044712526513
      ],
      [
       -77.18555096434197,
       38.73872414176214
      ],
      [
       -77.18751240867441,
       38.73911520829321
      ],
      [
       -77.18955713414613,
       38.738041820659824
      ],
      [
       -77.19007677375477,
       38.74054284657085
      ],
      [
       -77.18869916490917,
       38.742698621276624
      ],
      [
       -77.18683488190588,
       38.74632621332422
      ],
      [
       -77.18526468542568,
       38.75041932180732
      ],
      [
       -77.1843858959039,
       38.75421381254181
      ],
      [
       -77.18380813300013,
       38.757605782913785
      ],
      [
       -77.18426357673057,
       38.75761396422197
      ],
      [
       -77.1894938057798,
       38.75915123202923
      ],
      [
       -77.19834242682843,
       38.758397733545735
      ],
      [
       -77.2039986042046,
       38.756304954912956
      ],
      [
       -77.20624112238212,
       38.759062873900874
      ],
      [
       -77.20504135346935,
       38.759921093129094
      ],
      [
       -77.20619687927687,
       38.76191405980206
      ],
      [
       -77.20777488336388,
       38.76165225794026
      ],
      [
       -77.20880808999809,
       38.76258983585784
      ],
      [
       -77.2081322982533,
       38.764001111519114
      ],
      [
       -77.20704357085957,
       38.765243852231855
      ],
      [
       -77.20685532078431,
       38.76602271277071
      ],
      [
       -77.2073393924064,
       38.767334994603
      ],
      [
       -77.20675035184836,
       38.76894262166062
      ],
      [
       -77.20553236518637,
       38.770404621432625
      ],
      [
       -77.2037131928002,
       38.77144528383329
      ],
      [
       -77.20302612340112,
       38.772728112956116
      ],
      [
       -77.2037530983461,
       38.77384813404613
      ],
      [
       -77.20353535286735,
       38.77539685568486
      ],
      [
       -77.2043378013448,
       38.77634016051816
      ],
      [
       -77.20452084634884,
       38.77733173506974
      ],
      [
       -77.20376784604784,
       38.779219162867165
      ],
      [
       -77.20463015284415,
       38.77962986453787
      ],
      [
       -77.20616131129032,
       38.77858265709066
      ],
      [
       -77.20697503742204,
       38.776772133590136
      ],
      [
       -77.20796139841539,
       38.77663386948187
      ],
      [
       -77.20911692422293,
       38.777630352818356
      ],
      [
       -77.2105968994689,
       38.7799652981733
      ],
      [
       -77.20996361580562,
       38.780600985818985
      ],
      [
       -77.20953506494307,
       38.78008065461866
      ],
      [
       -77.20826242503342,
       38.78052408152208
      ],
      [
       -77.20689522633023,
       38.78169891737692
      ],
      [
       -77.2058516095536,
       38.783880872268874
      ],
      [
       -77.20625934013134,
       38.78482581336382
      ],
      [
       -77.207138997165,
       38.78515715634516
      ],
      [
       -77.20768119208219,
       38.78605873650674
      ],
      [
       -77.20940407065108,
       38.78681468938269
      ],
      [
       -77.21318815741716,
       38.78783408038208
      ],
      [
       -77.21493272378272,
       38.78866284690085
      ],
      [
       -77.21649337763237,
       38.789845864063864
      ],
      [
       -77.21731664639465,
       38.79129722813523
      ],
      [
       -77.21878187393888,
       38.792764136692135
      ]
     ]
    ]
   }
  },
  {
   "type": "Feature",
   "properties": {
    "name": "Sully Square",
    "geoid": "5176516"
   },
   "geometry": {
    "type": "Polygon",
    "coordinates": [
     [
      [
       -77.4293964051334,
       38.930547184035184
      ],
      [
       -77.42759198044898,
       38.93046291656092
      ],
      [
       -77.42615104323704,
       38.929828865176866
      ],
      [
       -77.42196443096442,
       38.92699813254613
      ],
      [
       -77.4167957952578,
       38.92365688628489
      ],
      [
       -77.42004722973722,
       38.91564983996784
      ],
      [
       -77.42154195268495,
       38.91093413393214
      ],
      [
       -77.4231026065346,
       38.905881357999355
      ],
      [
       -77.42548826417027,
       38.90645323144123
      ],
      [
       -77.42859395665596,
       38.90631823985624
      ],
      [
       -77.42968962414463,
       38.90578072790873
      ],
      [
       -77.42954735219836,
       38.91757162925963
      ],
      [
       -77.42955862985262,
       38.92131703214503
      ],
      [
       -77.4293964051334,
       38.930547184035184
      ]
     ]
    ]
   }
  },
  {
   "type": "Feature",
   "properties": {
    "name": "Tysons",
    "geoid": "5179950"
   },
   "geometry": {
    "type": "Polygon",
    "coordinates": [
     [
      [
       -77.24693176652777,
       38.93427376991177
      ],
      [
       -77.24339405313205,
       38.93490618503419
      ],
      [
       -77.23986414734314,
       38.93482600821401
      ],
      [
       -77.23503384126484,
       38.93415268655069
      ],
      [
       -77.23186915797216,
       38.93394733571534
      ],
      [
       -77.22431573214173,
       38.934437396075396
      ],
      [
       -77.2197291968982,
       38.93427131551932
      ],
      [
       -77.21657058618858,
       38.93366998936799
      ],
      [
       -77.21435322585522,
       38.932977032565034
      ],
      [
       -77.2018332945833,
       38.928433952131954
      ],
      [
       -77.19938257355757,
       38.92720021085821
      ],
      [
       -77.19813509149209,
       38.92616527537328
      ],
      [
       -77.19624391562091,
       38.92347280685081
      ],
      [
       -77.20349978488079,
       38.919300339678344
      ],
      [
       -77.21318121732222,
       38.913421251619255
      ],
      [
       -77.21554605467306,
       38.90975438929239
      ],
      [
       -77.21468288036488,
       38.908681001659005
      ],
      [
       -77.21737476968977,
       38.9101290932071
      ],
      [
       -77.21682042960643,
       38.906575132933135
      ],
      [
       -77.21591040965741,
       38.90349568853369
      ],
      [
       -77.21826136681837,
       38.90401683786484
      ],
      [
       -77.21940387994788,
       38.903988203286204
      ],
      [
       -77.22269695499695,
       38.9045928019608
      ],
      [
       -77.22234214264314,
       38.90589526622327
      ],
      [
       -77.22529341801642,
       38.906742031620034
      ],
      [
       -77.22688616980517,
       38.90339914909715
      ],
      [
       -77.2291737985998,
       38.904304001782
      ],
      [
       -77.23175030884632,
       38.904997776715774
      ],
      [
       -77.23415678676679,
       38.90646304901105
      ],
      [
       -77.23934971280572,
       38.90921605921406
      ],
      [
       -77.24203119198819,
       38.9096913932194
      ],
      [
       -77.2433957881558,
       38.90920378725179
      ],
      [
       -77.24541101822402,
       38.910204361242364
      ],
      [
       -77.25007476202376,
       38.91086868346668
      ],
      [
       -77.24099191277091,
       38.91498879026679
      ],
      [
       -77.2436543066923,
       38.91645160816961
      ],
      [
       -77.24242504237604,
       38.916908943296946
      ],
      [
       -77.24271218880419,
       38.91848466325266
      ],
      [
       -77.24196179103879,
       38.91865892511692
      ],
      [
       -77.24264018531919,
       38.919791218169216
      ],
      [
       -77.2435823032073,
       38.919441876309875
      ],
      [
       -77.24430320556921,
       38.91999984152784
      ],
      [
       -77.24639130663431,
       38.91928806771607
      ],
      [
       -77.25250119271719,
       38.92182427325228
      ],
      [
       -77.25444441930041,
       38.92261867827668
      ],
      [
       -77.25271286561286,
       38.92798234392034
      ],
      [
       -77.25305813533613,
       38.928919921837924
      ],
      [
       -77.2510350976611,
       38.929373166311166
      ],
      [
       -77.25106893062393,
       38.93065272291072
      ],
      [
       -77.25164062094463,
       38.93096933953734
      ],
      [
       -77.2527172031722,
       38.93281177013977
      ],
      [
       -77.24693176652777,
       38.93427376991177
      ]
     ]
    ]
   }
  },
  {
   "type": "Feature",
   "properties": {
    "name": "Union Mill",
    "geoid": "5180029"
   },
   "geometry": {
    "type": "Polygon",
    "coordinates": [
     [
      [
       -77.40483193909294,
       38.840111003399
      ],
      [
       -77.39872205301005,
       38.84026072133872
      ],
      [
       -77.39338164995365,
       38.84125475028275
      ],
      [
       -77.3931881948072,
       38.83967493967294
      ],
      [
       -77.39381974344674,
       38.83890835109635
      ],
      [
       -77.39438189113689,
       38.83683438947239
      ],
      [
       -77.39101334255534,
       38.83686384218184
      ],
      [
       -77.38989425224625,
       38.83628705995506
      ],
      [
       -77.3875511026921,
       38.83422864281664
      ],
      [
       -77.38706876609376,
       38.833542231060235
      ],
      [
       -77.38680764502165,
       38.83141918158718
      ],
      [
       -77.3859063001913,
       38.83084076309876
      ],
      [
       -77.38244232530432,
       38.829684744252745
      ],
      [
       -77.38179776398677,
       38.82903596651397
      ],
      [
       -77.38287434621435,
       38.827938034956034
      ],
      [
       -77.38417127645627,
       38.8280353925234
      ],
      [
       -77.38551765487465,
       38.82872098614899
      ],
      [
       -77.38640164946764,
       38.827566603564605
      ],
      [
       -77.38449572589472,
       38.82728107590908
      ],
      [
       -77.38428665553465,
       38.82509093970894
      ],
      [
       -77.38282923559723,
       38.823354866112865
      ],
      [
       -77.3814576993347,
       38.821307902805906
      ],
      [
       -77.38114366003866,
       38.81825463859264
      ],
      [
       -77.38058931995532,
       38.81722706628507
      ],
      [
       -77.37709671717671,
       38.81459595757396
      ],
      [
       -77.37602881006781,
       38.81312495836296
      ],
      [
       -77.37358329411329,
       38.80956772556573
      ],
      [
       -77.37091482760883,
       38.804479770007774
      ],
      [
       -77.3701652973553,
       38.801919020547025
      ],
      [
       -77.36886576457776,
       38.80053801572602
      ],
      [
       -77.36703010946611,
       38.79702005320805
      ],
      [
       -77.36608278650678,
       38.79486100597901
      ],
      [
       -77.36485265467866,
       38.793106115374115
      ],
      [
       -77.36282701446801,
       38.791190871128876
      ],
      [
       -77.36240887374787,
       38.78993422219222
      ],
      [
       -77.36091675333576,
       38.788063975141974
      ],
      [
       -77.35814418540718,
       38.7861200963181
      ],
      [
       -77.35441561940061,
       38.787735086553084
      ],
      [
       -77.34985857956057,
       38.78593683501484
      ],
      [
       -77.34986898970298,
       38.7853755972736
      ],
      [
       -77.34733585504985,
       38.78416312740113
      ],
      [
       -77.34548718726019,
       38.78265285791086
      ],
      [
       -77.34392306336306,
       38.78265694856495
      ],
      [
       -77.34148535501535,
       38.78334826910627
      ],
      [
       -77.33949962035062,
       38.783197733035735
      ],
      [
       -77.33990301336901,
       38.78254813716614
      ],
      [
       -77.34362637430438,
       38.7806378017058
      ],
      [
       -77.34637291687692,
       38.778793734841734
      ],
      [
       -77.35049967083067,
       38.775279044847046
      ],
      [
       -77.35234313354913,
       38.77277801893602
      ],
      [
       -77.35513391922692,
       38.77210306101106
      ],
      [
       -77.35311435159934,
       38.7713781971062
      ],
      [
       -77.35184778427278,
       38.77204497372298
      ],
      [
       -77.35039817194217,
       38.77132910925711
      ],
      [
       -77.3499488007948,
       38.77058706460507
      ],
      [
       -77.34779216629217,
       38.77026962984763
      ],
      [
       -77.34687607376007,
       38.76924287567088
      ],
      [
       -77.3432732969743,
       38.77061815357615
      ],
      [
       -77.34160593916494,
       38.77003400817201
      ],
      [
       -77.34065080859881,
       38.769169243897245
      ],
      [
       -77.33719637634238,
       38.76873318017118
      ],
      [
       -77.33568690569291,
       38.76821121270921
      ],
      [
       -77.33087741989942,
       38.76475379187179
      ],
      [
       -77.32867307224407,
       38.76344805508606
      ],
      [
       -77.32866005956606,
       38.7629899018279
      ],
      [
       -77.32982599551599,
       38.762376303714305
      ],
      [
       -77.33068656728857,
       38.76109511085311
      ],
      [
       -77.3330383919614,
       38.75929276866077
      ],
      [
       -77.34018582223783,
       38.75883216101016
      ],
      [
       -77.35118413769413,
       38.75834619130419
      ],
      [
       -77.35441041432941,
       38.76060177796978
      ],
      [
       -77.3566190995441,
       38.76099120823921
      ],
      [
       -77.35999198568499,
       38.762269946707946
      ],
      [
       -77.36171833430133,
       38.76400438404239
      ],
      [
       -77.36265264458264,
       38.76443717524518
      ],
      [
       -77.36549287843688,
       38.76489614663415
      ],
      [
       -77.36764083782084,
       38.76589835688636
      ],
      [
       -77.3704055981426,
       38.767898686736686
      ],
      [
       -77.37129566531867,
       38.76821121270921
      ],
      [
       -77.37427383355983,
       38.76844928877729
      ],
      [
       -77.37564103226303,
       38.769171698289696
      ],
      [
       -77.37705334158333,
       38.77104030907831
      ],
      [
       -77.37860965787365,
       38.77380231872032
      ],
      [
       -77.38143774656174,
       38.77531340634141
      ],
      [
       -77.38293767458067,
       38.777695803283805
      ],
      [
       -77.38023277257777,
       38.77894427091227
      ],
      [
       -77.3848861062351,
       38.7851727008307
      ],
      [
       -77.38722925578925,
       38.78410176758977
      ],
      [
       -77.3896791093031,
       38.787664727302726
      ],
      [
       -77.3912362931053,
       38.7909527950608
      ],
      [
       -77.39260696185596,
       38.79196891353691
      ],
      [
       -77.39409214217314,
       38.791909189987194
      ],
      [
       -77.39761424035524,
       38.79096179449979
      ],
      [
       -77.39993656962457,
       38.7923607981988
      ],
      [
       -77.40132025105325,
       38.793854705072704
      ],
      [
       -77.4085553000283,
       38.79486100597901
      ],
      [
       -77.40912438781339,
       38.79514980615781
      ],
      [
       -77.40921981411881,
       38.79640236444037
      ],
      [
       -77.41063472597473,
       38.797573109641114
      ],
      [
       -77.41195768157267,
       38.80074827534628
      ],
      [
       -77.41231162641462,
       38.800942172350176
      ],
      [
       -77.41555438577538,
       38.80093071851872
      ],
      [
       -77.4198824024824,
       38.80067382544183
      ],
      [
       -77.42143091116591,
       38.8021390977371
      ],
      [
       -77.42011316063916,
       38.80388580703381
      ],
      [
       -77.41997002118102,
       38.80578223427023
      ],
      [
       -77.41940874100274,
       38.807939645237646
      ],
      [
       -77.41851520377921,
       38.81005860405661
      ],
      [
       -77.4157330932201,
       38.81302596453396
      ],
      [
       -77.41542339148339,
       38.81426706898507
      ],
      [
       -77.4132736970757,
       38.817718762906765
      ],
      [
       -77.4133214102284,
       38.82004634508434
      ],
      [
       -77.41281998836898,
       38.82759932879733
      ],
      [
       -77.41278008282308,
       38.830393245541245
      ],
      [
       -77.41113528032228,
       38.83047833114633
      ],
      [
       -77.40817793236593,
       38.82977719303519
      ],
      [
       -77.40651577962778,
       38.82963074761875
      ],
      [
       -77.4033805917386,
       38.82991382088182
      ],
      [
       -77.40561877235677,
       38.83256211034011
      ],
      [
       -77.4059649095919,
       38.833984839832844
      ],
      [
       -77.40483193909294,
       38.840111003399
      ]
     ]
    ]
   }
  },
  {
   "type": "Feature",
   "properties": {
    "name": "Vienna",
    "geoid": "5181072"
   },
   "geometry": {
    "type": "Polygon",
    "coordinates": [
     [
      [
       -77.2788189002419,
       38.90608098191898
      ],
      [
       -77.27969595473995,
       38.9066504009684
      ],
      [
       -77.27939319309819,
       38.9074128988909
      ],
      [
       -77.27817694145995,
       38.90753234599035
      ],
      [
       -77.27722961850061,
       38.909019707817706
      ],
      [
       -77.2760098968149,
       38.908824992682995
      ],
      [
       -77.27524475134776,
       38.90982883919684
      ],
      [
       -77.27476241474942,
       38.909508131916134
      ],
      [
       -77.27375436595936,
       38.910315627033626
      ],
      [
       -77.27600295671995,
       38.91235195463995
      ],
      [
       -77.27485003344803,
       38.91379677366477
      ],
      [
       -77.27356958593158,
       38.916273255651255
      ],
      [
       -77.2730273910144,
       38.915967274725276
      ],
      [
       -77.27378039131538,
       38.91407084748885
      ],
      [
       -77.27154568074468,
       38.91208360773161
      ],
      [
       -77.26702420889121,
       38.91567765641566
      ],
      [
       -77.26520677152877,
       38.91675104404904
      ],
      [
       -77.2611338033108,
       38.913664236472236
      ],
      [
       -77.25983427053328,
       38.913939946557946
      ],
      [
       -77.26045367400667,
       38.91433183121983
      ],
      [
       -77.25952283377283,
       38.91535122221922
      ],
      [
       -77.25776612224112,
       38.91442673439474
      ],
      [
       -77.25707037772338,
       38.915425672123675
      ],
      [
       -77.25752408643008,
       38.91926434192234
      ],
      [
       -77.25459536636536,
       38.91945087574888
      ],
      [
       -77.25551579645679,
       38.92135875681676
      ],
      [
       -77.25250119271719,
       38.92182427325228
      ],
      [
       -77.24639130663431,
       38.91928806771607
      ],
      [
       -77.24430320556921,
       38.91999984152784
      ],
      [
       -77.2435823032073,
       38.919441876309875
      ],
      [
       -77.24264018531919,
       38.919791218169216
      ],
      [
       -77.24196179103879,
       38.91865892511692
      ],
      [
       -77.24271218880419,
       38.91848466325266
      ],
      [
       -77.24242504237604,
       38.916908943296946
      ],
      [
       -77.2436543066923,
       38.91645160816961
      ],
      [
       -77.24099191277091,
       38.91498879026679
      ],
      [
       -77.25007476202376,
       38.91086868346668
      ],
      [
       -77.24541101822402,
       38.910204361242364
      ],
      [
       -77.2433957881558,
       38.90920378725179
      ],
      [
       -77.24479681982181,
       38.90583963332763
      ],
      [
       -77.24421385184685,
       38.9060138951919
      ],
      [
       -77.24239294443694,
       38.9044529015909
      ],
      [
       -77.24188978755379,
       38.90448808121608
      ],
      [
       -77.24281715774016,
       38.89742188533989
      ],
      [
       -77.24211273810374,
       38.89698663974464
      ],
      [
       -77.24412883568384,
       38.89370266264066
      ],
      [
       -77.24536157004756,
       38.8929777987358
      ],
      [
       -77.24480462742862,
       38.892589186597185
      ],
      [
       -77.24716425970826,
       38.889841085179086
      ],
      [
       -77.24228624047724,
       38.888208096066094
      ],
      [
       -77.24696039441939,
       38.87990406826207
      ],
      [
       -77.24757893038093,
       38.87969626303426
      ],
      [
       -77.25058485900186,
       38.87849361073161
      ],
      [
       -77.25385798127797,
       38.87937637388438
      ],
      [
       -77.26320195160295,
       38.88183894764695
      ],
      [
       -77.26690796230096,
       38.880881734589735
      ],
      [
       -77.26761498447298,
       38.88299905714706
      ],
      [
       -77.27092887980687,
       38.88235437006237
      ],
      [
       -77.2739217957498,
       38.88915303716104
      ],
      [
       -77.27268559133859,
       38.88983126760927
      ],
      [
       -77.27763995161395,
       38.895864982392986
      ],
      [
       -77.27683837064836,
       38.896261775839776
      ],
      [
       -77.2775852983663,
       38.89683528554329
      ],
      [
       -77.27710296176797,
       38.898020757098756
      ],
      [
       -77.2791711100601,
       38.897934853362855
      ],
      [
       -77.27957276805476,
       38.89841673241473
      ],
      [
       -77.28165913409613,
       38.8974047045927
      ],
      [
       -77.28310614389115,
       38.898946881184884
      ],
      [
       -77.28274439144239,
       38.89916614024414
      ],
      [
       -77.28439786906186,
       38.90070013552813
      ],
      [
       -77.28454534607934,
       38.90160007942808
      ],
      [
       -77.28375417525618,
       38.902872272850274
      ],
      [
       -77.28235834866135,
       38.904339999538
      ],
      [
       -77.28130518925418,
       38.904552713550714
      ],
      [
       -77.2788189002419,
       38.90608098191898
      ]
     ]
    ]
   }
  },
  {
   "type": "Feature",
   "properties": {
    "name": "Wakefield",
    "geoid": "5182371"
   },
   "geometry": {
    "type": "Polygon",
    "coordinates": [
     [
      [
       -77.2513821024081,
       38.838446925314926
      ],
      [
       -77.2456946946047,
       38.83770160813961
      ],
      [
       -77.23719828337428,
       38.836619221067224
      ],
      [
       -77.23317563084463,
       38.836032621270625
      ],
      [
       -77.22886583188684,
       38.835852632490635
      ],
      [
       -77.2205758884809,
       38.83490687326488
      ],
      [
       -77.21793084479684,
       38.834253186741186
      ],
      [
       -77.21829606729307,
       38.83110338309138
      ],
      [
       -77.21926768058468,
       38.82847472877273
      ],
      [
       -77.22116232650333,
       38.82483159223959
      ],
      [
       -77.22210184185585,
       38.821697333075335
      ],
      [
       -77.22181816547517,
       38.818306180834185
      ],
      [
       -77.22073984822384,
       38.81561534857335
      ],
      [
       -77.21758470756171,
       38.811389702897706
      ],
      [
       -77.22171926912227,
       38.811371704019706
      ],
      [
       -77.230265996041,
       38.811136082344085
      ],
      [
       -77.23508068690569,
       38.810928277116275
      ],
      [
       -77.24059372482373,
       38.810898006276005
      ],
      [
       -77.24764139123539,
       38.81055684572485
      ],
      [
       -77.25649695237895,
       38.81071474497275
      ],
      [
       -77.26144784260684,
       38.810685292263294
      ],
      [
       -77.26368515571316,
       38.81084564590365
      ],
      [
       -77.26609857372857,
       38.81146088027888
      ],
      [
       -77.26565007009307,
       38.812274920442924
      ],
      [
       -77.26562664727264,
       38.81493384560185
      ],
      [
       -77.2647200973711,
       38.81785620888421
      ],
      [
       -77.26161613990914,
       38.821013375711374
      ],
      [
       -77.2598255954146,
       38.82311760817561
      ],
      [
       -77.25895114345214,
       38.8254410996991
      ],
      [
       -77.25618638313038,
       38.830327795075796
      ],
      [
       -77.25417635813336,
       38.83252038566839
      ],
      [
       -77.2513821024081,
       38.838446925314926
      ]
     ]
    ]
   }
  },
  {
   "type": "Feature",
   "properties": {
    "name": "West Falls Church",
    "geoid": "5184368"
   },
   "geometry": {
    "type": "Polygon",
    "coordinates": [
     [
      [
       -77.22043361653462,
       38.875787233985236
      ],
      [
       -77.21758731009731,
       38.875711147819146
      ],
      [
       -77.21218271116271,
       38.87500101026901
      ],
      [
       -77.21072095366596,
       38.87501082783883
      ],
      [
       -77.19976080873181,
       38.87580196033996
      ],
      [
       -77.18971935886536,
       38.8780100954181
      ],
      [
       -77.18975405934006,
       38.87813608756409
      ],
      [
       -77.18756098933899,
       38.87878813782614
      ],
      [
       -77.17932222913323,
       38.879188203796204
      ],
      [
       -77.17902814261014,
       38.87941973481774
      ],
      [
       -77.1732427059657,
       38.87860405839206
      ],
      [
       -77.15839784288885,
       38.87317576041376
      ],
      [
       -77.1575017031297,
       38.87351773909574
      ],
      [
       -77.15827118615618,
       38.874376776454774
      ],
      [
       -77.15590634880535,
       38.872625976503976
      ],
      [
       -77.15371067626867,
       38.872715152763156
      ],
      [
       -77.15586210570011,
       38.87200910586711
      ],
      [
       -77.16149572776773,
       38.86527098044898
      ],
      [
       -77.16599984938385,
       38.86025992918793
      ],
      [
       -77.16890688165188,
       38.85821214775015
      ],
      [
       -77.17006587750687,
       38.8516491023271
      ],
      [
       -77.1741319056299,
       38.84898526838327
      ],
      [
       -77.17458734936035,
       38.848243223731224
      ],
      [
       -77.17470359595059,
       38.84647360677161
      ],
      [
       -77.17660257942858,
       38.84671822788623
      ],
      [
       -77.17926237081437,
       38.846724772932774
      ],
      [
       -77.18184929120329,
       38.84704220769021
      ],
      [
       -77.18394693489894,
       38.84765498767299
      ],
      [
       -77.18543558526359,
       38.84697021217821
      ],
      [
       -77.18695286351986,
       38.84766562337362
      ],
      [
       -77.18923875729075,
       38.84754699440499
      ],
      [
       -77.19044112873912,
       38.849121896229896
      ],
      [
       -77.19203301301602,
       38.849823034341036
      ],
      [
       -77.19266022409623,
       38.84967577079377
      ],
      [
       -77.1948853920364,
       38.851334121962125
      ],
      [
       -77.19518468363069,
       38.852163706611705
      ],
      [
       -77.19641481545881,
       38.852508139686144
      ],
      [
       -77.19719557613958,
       38.85343671816472
      ],
      [
       -77.19657530515431,
       38.854527286545284
      ],
      [
       -77.19888028418629,
       38.85544113866914
      ],
      [
       -77.19996814406814,
       38.853920233478235
      ],
      [
       -77.20206318522818,
       38.853435081903086
      ],
      [
       -77.20491643176044,
       38.85380978581779
      ],
      [
       -77.20677117213317,
       38.854727728595726
      ],
      [
       -77.20811581552782,
       38.856327174345175
      ],
      [
       -77.2102151942472,
       38.8566756980737
      ],
      [
       -77.21181228359528,
       38.857503646461645
      ],
      [
       -77.21260692446593,
       38.858870743058745
      ],
      [
       -77.2125167032317,
       38.860156026574025
      ],
      [
       -77.21286284046684,
       38.86370425993226
      ],
      [
       -77.21249501543501,
       38.86597866360666
      ],
      [
       -77.21997036519737,
       38.86585430772231
      ],
      [
       -77.22005711638411,
       38.87363473180273
      ],
      [
       -77.22043361653462,
       38.875787233985236
      ]
     ]
    ]
   }
  },
  {
   "type": "Feature",
   "properties": {
    "name": "West Springfield",
    "geoid": "5184976"
   },
   "geometry": {
    "type": "Polygon",
    "coordinates": [
     [
      [
       -77.2477906032766,
       38.79593193921994
      ],
      [
       -77.23873985196285,
       38.79619210482011
      ],
      [
       -77.23656066215166,
       38.7958803969784
      ],
      [
       -77.23063121853721,
       38.793146203784204
      ],
      [
       -77.22879643093744,
       38.79253506006306
      ],
      [
       -77.22743790735291,
       38.79244915632716
      ],
      [
       -77.21878187393888,
       38.792764136692135
      ],
      [
       -77.21731664639465,
       38.79129722813523
      ],
      [
       -77.21649337763237,
       38.789845864063864
      ],
      [
       -77.21493272378272,
       38.78866284690085
      ],
      [
       -77.21318815741716,
       38.78783408038208
      ],
      [
       -77.20940407065108,
       38.78681468938269
      ],
      [
       -77.20768119208219,
       38.78605873650674
      ],
      [
       -77.207138997165,
       38.78515715634516
      ],
      [
       -77.20625934013134,
       38.78482581336382
      ],
      [
       -77.2058516095536,
       38.783880872268874
      ],
      [
       -77.20689522633023,
       38.78169891737692
      ],
      [
       -77.20826242503342,
       38.78052408152208
      ],
      [
       -77.20953506494307,
       38.78008065461866
      ],
      [
       -77.20996361580562,
       38.780600985818985
      ],
      [
       -77.2105968994689,
       38.7799652981733
      ],
      [
       -77.20911692422293,
       38.777630352818356
      ],
      [
       -77.20796139841539,
       38.77663386948187
      ],
      [
       -77.20697503742204,
       38.776772133590136
      ],
      [
       -77.20616131129032,
       38.77858265709066
      ],
      [
       -77.20463015284415,
       38.77962986453787
      ],
      [
       -77.20376784604784,
       38.779219162867165
      ],
      [
       -77.20452084634884,
       38.77733173506974
      ],
      [
       -77.2043378013448,
       38.77634016051816
      ],
      [
       -77.20353535286735,
       38.77539685568486
      ],
      [
       -77.2037530983461,
       38.77384813404613
      ],
      [
       -77.20302612340112,
       38.772728112956116
      ],
      [
       -77.2037131928002,
       38.77144528383329
      ],
      [
       -77.20553236518637,
       38.770404621432625
      ],
      [
       -77.20675035184836,
       38.76894262166062
      ],
      [
       -77.2073393924064,
       38.767334994603
      ],
      [
       -77.20685532078431,
       38.76602271277071
      ],
      [
       -77.20704357085957,
       38.765243852231855
      ],
      [
       -77.2081322982533,
       38.764001111519114
      ],
      [
       -77.20880808999809,
       38.76258983585784
      ],
      [
       -77.20777488336388,
       38.76165225794026
      ],
      [
       -77.20619687927687,
       38.76191405980206
      ],
      [
       -77.20504135346935,
       38.759921093129094
      ],
      [
       -77.20624112238212,
       38.759062873900874
      ],
      [
       -77.2039986042046,
       38.756304954912956
      ],
      [
       -77.20726305136205,
       38.75615769136569
      ],
      [
       -77.20789286497786,
       38.75771868496668
      ],
      [
       -77.21252884839785,
       38.75612414800215
      ],
      [
       -77.21563627590727,
       38.7555260943741
      ],
      [
       -77.21571435197535,
       38.75742988478789
      ],
      [
       -77.21707721311921,
       38.75914877763678
      ],
      [
       -77.21921736489637,
       38.75835682700483
      ],
      [
       -77.22056114077914,
       38.75818911018711
      ],
      [
       -77.22404506843907,
       38.75838300719101
      ],
      [
       -77.22697378850378,
       38.75752560609361
      ],
      [
       -77.22729476789476,
       38.75809011635812
      ],
      [
       -77.22684886679487,
       38.75933285707086
      ],
      [
       -77.22764958024858,
       38.76137327533128
      ],
      [
       -77.22945573995673,
       38.76100102580903
      ],
      [
       -77.2301913900204,
       38.76026961685762
      ],
      [
       -77.23161584450685,
       38.76047496769297
      ],
      [
       -77.23130961281761,
       38.76296781229581
      ],
      [
       -77.23226561089561,
       38.76313961976762
      ],
      [
       -77.2339242935863,
       38.76265528632329
      ],
      [
       -77.23482390339291,
       38.76368776741577
      ],
      [
       -77.23426435823836,
       38.765139949617954
      ],
      [
       -77.23450205649006,
       38.76588526679327
      ],
      [
       -77.23562461684662,
       38.76568318848119
      ],
      [
       -77.23649212871413,
       38.76607261875062
      ],
      [
       -77.23879884276984,
       38.76614706865507
      ],
      [
       -77.24053993908794,
       38.76733008581809
      ],
      [
       -77.24010618315418,
       38.768689001107
      ],
      [
       -77.23907818159118,
       38.769103793431796
      ],
      [
       -77.239026998391,
       38.76990392537193
      ],
      [
       -77.2408001926482,
       38.77082514067314
      ],
      [
       -77.2425916046546,
       38.773362982470985
      ],
      [
       -77.24407331492432,
       38.77423429179229
      ],
      [
       -77.24435612379312,
       38.77506796709597
      ],
      [
       -77.24556283280083,
       38.775030333078334
      ],
      [
       -77.24662032976732,
       38.775577662595666
      ],
      [
       -77.2476596089846,
       38.777154200682205
      ],
      [
       -77.24937207741108,
       38.77734727955528
      ],
      [
       -77.24994116519616,
       38.77808932420733
      ],
      [
       -77.249438008313,
       38.77896390605191
      ],
      [
       -77.25188005422005,
       38.78066234563035
      ],
      [
       -77.25342943041542,
       38.78092414749215
      ],
      [
       -77.25416161043161,
       38.7817250975631
      ],
      [
       -77.25379118286418,
       38.78383096628897
      ],
      [
       -77.25422927635728,
       38.78419094384895
      ],
      [
       -77.24875267393767,
       38.79053063955864
      ],
      [
       -77.24605904958905,
       38.7939267005847
      ],
      [
       -77.2477906032766,
       38.79593193921994
      ]
     ]
    ]
   }
  },
  {
   "type": "Feature",
   "properties": {
    "name": "Wolf Trap",
    "geoid": "5187240"
   },
   "geometry": {
    "type": "Polygon",
    "coordinates": [
     [
      [
       -77.31514075462276,
       38.977777876165874
      ],
      [
       -77.31304831599832,
       38.976937655815654
      ],
      [
       -77.30567793517193,
       38.97481787886588
      ],
      [
       -77.30375726389727,
       38.974017746925746
      ],
      [
       -77.29359175983376,
       38.96824665213465
      ],
      [
       -77.28779938309438,
       38.96607533294333
      ],
      [
       -77.28431111787512,
       38.96483177409977
      ],
      [
       -77.28313824183024,
       38.96417072439873
      ],
      [
       -77.27467306102706,
       38.95801838064638
      ],
      [
       -77.27377605375605,
       38.957242792630794
      ],
      [
       -77.26277426825227,
       38.95019377750178
      ],
      [
       -77.26157102929203,
       38.949192385380385
      ],
      [
       -77.25342422534422,
       38.94099062392863
      ],
      [
       -77.24693176652777,
       38.93427376991177
      ],
      [
       -77.2527172031722,
       38.93281177013977
      ],
      [
       -77.25164062094463,
       38.93096933953734
      ],
      [
       -77.25106893062393,
       38.93065272291072
      ],
      [
       -77.2510350976611,
       38.929373166311166
      ],
      [
       -77.25305813533613,
       38.928919921837924
      ],
      [
       -77.25271286561286,
       38.92798234392034
      ],
      [
       -77.25444441930041,
       38.92261867827668
      ],
      [
       -77.25250119271719,
       38.92182427325228
      ],
      [
       -77.25551579645679,
       38.92135875681676
      ],
      [
       -77.25459536636536,
       38.91945087574888
      ],
      [
       -77.25752408643008,
       38.91926434192234
      ],
      [
       -77.25707037772338,
       38.915425672123675
      ],
      [
       -77.25776612224112,
       38.91442673439474
      ],
      [
       -77.25952283377283,
       38.91535122221922
      ],
      [
       -77.26045367400667,
       38.91433183121983
      ],
      [
       -77.25983427053328,
       38.913939946557946
      ],
      [
       -77.2611338033108,
       38.913664236472236
      ],
      [
       -77.26520677152877,
       38.91675104404904
      ],
      [
       -77.26702420889121,
       38.91567765641566
      ],
      [
       -77.27154568074468,
       38.91208360773161
      ],
      [
       -77.27378039131538,
       38.91407084748885
      ],
      [
       -77.2730273910144,
       38.915967274725276
      ],
      [
       -77.27356958593158,
       38.916273255651255
      ],
      [
       -77.27485003344803,
       38.91379677366477
      ],
      [
       -77.27600295671995,
       38.91235195463995
      ],
      [
       -77.27375436595936,
       38.910315627033626
      ],
      [
       -77.27476241474942,
       38.909508131916134
      ],
      [
       -77.27524475134776,
       38.90982883919684
      ],
      [
       -77.2760098968149,
       38.908824992682995
      ],
      [
       -77.27722961850061,
       38.909019707817706
      ],
      [
       -77.27817694145995,
       38.90753234599035
      ],
      [
       -77.27939319309819,
       38.9074128988909
      ],
      [
       -77.27969595473995,
       38.9066504009684
      ],
      [
       -77.2788189002419,
       38.90608098191898
      ],
      [
       -77.28137025264425,
       38.90748325814126
      ],
      [
       -77.28240085674285,
       38.90856564521365
      ],
      [
       -77.28528533370233,
       38.90996464891265
      ],
      [
       -77.28819323348223,
       38.91200997595798
      ],
      [
       -77.2979163064933,
       38.915567208755206
      ],
      [
       -77.30036616000716,
       38.91677804236604
      ],
      [
       -77.30262863095763,
       38.91835294419094
      ],
      [
       -77.30373904614804,
       38.91948032845833
      ],
      [
       -77.30531097765197,
       38.92011110731911
      ],
      [
       -77.30604142264443,
       38.92234787697588
      ],
      [
       -77.305337003008,
       38.92574311987112
      ],
      [
       -77.30541334405234,
       38.92737692711493
      ],
      [
       -77.30510277480377,
       38.929937676575676
      ],
      [
       -77.30483037607738,
       38.93140213074013
      ],
      [
       -77.30507241188842,
       38.93366917123717
      ],
      [
       -77.3048642090402,
       38.935019087087085
      ],
      [
       -77.30688464417965,
       38.93989923741724
      ],
      [
       -77.30950366250767,
       38.94251725603526
      ],
      [
       -77.31265099556299,
       38.9426187042567
      ],
      [
       -77.3124211049181,
       38.945904317622315
      ],
      [
       -77.31201337434037,
       38.94714214955015
      ],
      [
       -77.31128466437167,
       38.955367636795636
      ],
      [
       -77.310333003853,
       38.959093404541406
      ],
      [
       -77.30901872337373,
       38.960778754026755
      ],
      [
       -77.30890160927162,
       38.96289934910735
      ],
      [
       -77.30987322256323,
       38.96642222041022
      ],
      [
       -77.3100822929233,
       38.968209018117015
      ],
      [
       -77.3115692082642,
       38.97159198904999
      ],
      [
       -77.31247142060641,
       38.97258929051729
      ],
      [
       -77.31561701863802,
       38.97431963719764
      ],
      [
       -77.31722191559291,
       38.97559592127392
      ],
      [
       -77.31514075462276,
       38.977777876165874
      ]
     ]
    ]
   }
  },
  {
   "type": "Feature",
   "properties": {
    "name": "Woodburn",
    "geoid": "5187333"
   },
   "geometry": {
    "type": "Polygon",
    "coordinates": [
     [
      [
       -77.24019727190027,
       38.865518874086874
      ],
      [
       -77.23143973959773,
       38.86568740903541
      ],
      [
       -77.22772678880479,
       38.865663683241685
      ],
      [
       -77.21997036519737,
       38.86585430772231
      ],
      [
       -77.21971184666084,
       38.854173854031856
      ],
      [
       -77.21985064855964,
       38.84541085483885
      ],
      [
       -77.21955395950096,
       38.842237325395324
      ],
      [
       -77.2183403103983,
       38.83721318404118
      ],
      [
       -77.21793084479684,
       38.834253186741186
      ],
      [
       -77.2205758884809,
       38.83490687326488
      ],
      [
       -77.22886583188684,
       38.835852632490635
      ],
      [
       -77.23317563084463,
       38.836032621270625
      ],
      [
       -77.23719828337428,
       38.836619221067224
      ],
      [
       -77.2456946946047,
       38.83770160813961
      ],
      [
       -77.24583436401537,
       38.84023208676009
      ],
      [
       -77.24570163469963,
       38.8425113992194
      ],
      [
       -77.246832002663,
       38.845590843618844
      ],
      [
       -77.24712869172168,
       38.84772616505417
      ],
      [
       -77.24741236810237,
       38.85180863783664
      ],
      [
       -77.24723973324073,
       38.85317000751801
      ],
      [
       -77.24292472921172,
       38.859670056868055
      ],
      [
       -77.24194704333705,
       38.86138076840877
      ],
      [
       -77.24019727190027,
       38.865518874086874
      ]
     ]
    ]
   }
  },
  {
   "type": "Feature",
   "properties": {
    "name": "Woodlawn",
    "geoid": "5187410"
   },
   "geometry": {
    "type": "Polygon",
    "coordinates": [
     [
      [
       -77.12760117159218,
       38.74101408992209
      ],
      [
       -77.11387713384813,
       38.74370001339801
      ],
      [
       -77.11183414340015,
       38.74418271058071
      ],
      [
       -77.09604542741143,
       38.747363603201606
      ],
      [
       -77.0956055988946,
       38.746642011820015
      ],
      [
       -77.09515275769976,
       38.743860367038366
      ],
      [
       -77.09617815672716,
       38.74174795326596
      ],
      [
       -77.09565938463038,
       38.740911823569824
      ],
      [
       -77.09367364996565,
       38.74047821423621
      ],
      [
       -77.08967528776829,
       38.7400216972397
      ],
      [
       -77.0885561974592,
       38.739449005667005
      ],
      [
       -77.09368492761993,
       38.736645271353275
      ],
      [
       -77.1069353038843,
       38.72952017005817
      ],
      [
       -77.1324843958944,
       38.71694795377596
      ],
      [
       -77.13567336951937,
       38.71549577157377
      ],
      [
       -77.13893608165309,
       38.71471200225
      ],
      [
       -77.1402677123697,
       38.71407386021186
      ],
      [
       -77.14105107558608,
       38.71512515831316
      ],
      [
       -77.13960840335041,
       38.715907291375295
      ],
      [
       -77.13793931051731,
       38.718999825867826
      ],
      [
       -77.13797314348014,
       38.71966332996133
      ],
      [
       -77.13626067505368,
       38.72333182854983
      ],
      [
       -77.13114322254722,
       38.72743311834112
      ],
      [
       -77.12987492019693,
       38.727769370107374
      ],
      [
       -77.13011782351983,
       38.72842305663106
      ],
      [
       -77.12950883018883,
       38.73019267359067
      ],
      [
       -77.12814510153311,
       38.73054692423493
      ],
      [
       -77.12692277731178,
       38.72849914279715
      ],
      [
       -77.12235966488866,
       38.7297287934168
      ],
      [
       -77.12289318468719,
       38.731335602343606
      ],
      [
       -77.12220524777625,
       38.73150168289968
      ],
      [
       -77.12155895143495,
       38.729930871728875
      ],
      [
       -77.12085192926293,
       38.73010676985477
      ],
      [
       -77.12278908326309,
       38.73620102631903
      ],
      [
       -77.12439398021797,
       38.73614539342339
      ],
      [
       -77.12496393551494,
       38.737897829635834
      ],
      [
       -77.12652632438832,
       38.73750103618904
      ],
      [
       -77.12760117159218,
       38.74101408992209
      ]
     ]
    ]
   }
  }
 ]
}
