{
 "type": "FeatureCollection",
 "features": [
  {
   "type": "Feature",
   "properties": {
    "name": "Rest of Fulton County",
    "geoid": "13121",
    "remainder": true
   },
   "geometry": {
    "type": "Polygon",
    "coordinates": [
     [
      [
       -84.45807656679057,
       33.61617627871928
      ],
      [
       -84.45809129556129,
       33.61379487499388
      ],
      [
       -84.45817756407557,
       33.59643130665431
      ],
      [
       -84.45827014492015,
       33.587250061409065
      ],
      [
       -84.45839849563649,
       33.581115612106615
      ],
      [
       -84.45832695589296,
       33.577395085698086
      ],
      [
       -84.4585541997842,
       33.5597671948862
      ],
      [
       -84.45892452316252,
       33.559758856637856
      ],
      [
       -84.45857103266503,
       33.55624178348879
      ],
      [
       -84.45866466556467,
       33.55093282077182
      ],
      [
       -84.47282743067542,
       33.548111991358994
      ],
      [
       -84.48151004102004,
       33.54615833977334
      ],
      [
       -84.48748255755055,
       33.54459825350926
      ],
      [
       -84.49317838360238,
       33.54345174436275
      ],
      [
       -84.49770327238127,
       33.5426912961143
      ],
      [
       -84.50787033240434,
       33.54075682249982
      ],
      [
       -84.52169643989843,
       33.53728394206694
      ],
      [
       -84.52374163491963,
       33.536480968751974
      ],
      [
       -84.52394152537953,
       33.536706101457106
      ],
      [
       -84.53060103385903,
       33.53510098865199
      ],
      [
       -84.53171516015915,
       33.534388902243904
      ],
      [
       -84.53285558783558,
       33.534518145093145
      ],
      [
       -84.54268072996673,
       33.532056694183694
      ],
      [
       -84.54609254450054,
       33.53126372676673
      ],
      [
       -84.5662941056101,
       33.52606983187683
      ],
      [
       -84.57367427180027,
       33.524237084892086
      ],
      [
       -84.57390467185667,
       33.523935240302244
      ],
      [
       -84.57669577390978,
       33.52320230827331
      ],
      [
       -84.582804005542,
       33.522334296621295
      ],
      [
       -84.58575501996302,
       33.521393742208744
      ],
      [
       -84.59311624916225,
       33.519694407197406
      ],
      [
       -84.59304155325356,
       33.51914324898225
      ],
      [
       -84.5947258933919,
       33.51870715859416
      ],
      [
       -84.59687313775314,
       33.515937192496196
      ],
      [
       -84.59745913241713,
       33.51437126945827
      ],
      [
       -84.59980626723826,
       33.513290632473634
      ],
      [
       -84.6018967006267,
       33.513395694402696
      ],
      [
       -84.60384826274826,
       33.51280367877068
      ],
      [
       -84.60576405499805,
       33.511165212972216
      ],
      [
       -84.60716960054759,
       33.5093358012868
      ],
      [
       -84.60757464174264,
       33.50667673389174
      ],
      [
       -84.60664462507663,
       33.50486566635267
      ],
      [
       -84.60853622006022,
       33.50299372960073
      ],
      [
       -84.60936734355134,
       33.502581820132825
      ],
      [
       -84.61633931238131,
       33.502515114146114
      ],
      [
       -84.61636666581266,
       33.50314798719499
      ],
      [
       -84.62112616286817,
       33.50312630774931
      ],
      [
       -84.62130501222701,
       33.511291120522124
      ],
      [
       -84.6320549107489,
       33.511241924856925
      ],
      [
       -84.64199051866052,
       33.51122858365959
      ],
      [
       -84.6475927118127,
       33.51158295921396
      ],
      [
       -84.65494552457152,
       33.51168718731819
      ],
      [
       -84.66654548357548,
       33.51161130925831
      ],
      [
       -84.66886526496526,
       33.511736382983386
      ],
      [
       -84.67072635035235,
       33.5111477026507
      ],
      [
       -84.6707736928297,
       33.51001286705187
      ],
      [
       -84.6722392055172,
       33.509950330189334
      ],
      [
       -84.67239175349975,
       33.510955922938926
      ],
      [
       -84.67944052234851,
       33.51091923464624
      ],
      [
       -84.67999074714075,
       33.51143537221837
      ],
      [
       -84.68994423998824,
       33.511607973958974
      ],
      [
       -84.69960946975146,
       33.51151958852659
      ],
      [
       -84.71109054653455,
       33.51141536042236
      ],
      [
       -84.71108739036939,
       33.51075413732914
      ],
      [
       -84.72100406129006,
       33.51071494756195
      ],
      [
       -84.7367407007587,
       33.51070660931361
      ],
      [
       -84.75060468223468,
       33.51075497115397
      ],
      [
       -84.79522654521254,
       33.51090005667506
      ],
      [
       -84.851158,
       33.51105764956865
      ],
      [
       -84.84912963785963,
       33.51307717331618
      ],
      [
       -84.84577042607843,
       33.51450134613235
      ],
      [
       -84.84297406375006,
       33.514849051088056
      ],
      [
       -84.84026186582587,
       33.514576390367395
      ],
      [
       -84.83275019275419,
       33.51316138962439
      ],
      [
       -84.82954247690047,
       33.51317806612107
      ],
      [
       -84.82805381900182,
       33.513375682606686
      ],
      [
       -84.82460202637603,
       33.51489908057808
      ],
      [
       -84.82272516016316,
       33.51610062216363
      ],
      [
       -84.82083777339977,
       33.516865239536244
      ],
      [
       -84.81839805773406,
       33.518358619813625
      ],
      [
       -84.81551753100153,
       33.52105270785171
      ],
      [
       -84.81487998563999,
       33.521955740146744
      ],
      [
       -84.814840007548,
       33.52366674870575
      ],
      [
       -84.81527555833955,
       33.52451975151075
      ],
      [
       -84.81751643560044,
       33.5274222957573
      ],
      [
       -84.82144375710976,
       33.53089684383985
      ],
      [
       -84.82283878210878,
       33.53310814729915
      ],
      [
       -84.824238015328,
       33.536253334572336
      ],
      [
       -84.82505967032367,
       33.538534679317685
      ],
      [
       -84.82610015277015,
       33.5401422935973
      ],
      [
       -84.82733947362148,
       33.54130714689015
      ],
      [
       -84.8300422030502,
       33.54270964026064
      ],
      [
       -84.83117947456147,
       33.543525120948125
      ],
      [
       -84.83305634077433,
       33.54574726413026
      ],
      [
       -84.83317206683006,
       33.54709889418589
      ],
      [
       -84.8326555077995,
       33.5484596963147
      ],
      [
       -84.83078284980685,
       33.55077272640373
      ],
      [
       -84.82940570974371,
       33.551845025140025
      ],
      [
       -84.8280254135154,
       33.55359438964139
      ],
      [
       -84.82651992273593,
       33.560017342336344
      ],
      [
       -84.82585712805313,
       33.561785884808884
      ],
      [
       -84.82398236595036,
       33.56411392374493
      ],
      [
       -84.82155317083517,
       33.56577490281391
      ],
      [
       -84.81785835349235,
       33.56779025743726
      ],
      [
       -84.81586470916871,
       33.56907601533102
      ],
      [
       -84.81165648896048,
       33.57067612518713
      ],
      [
       -84.81016151873152,
       33.57188517119617
      ],
      [
       -84.80898426912827,
       33.574682653513655
      ],
      [
       -84.80816577029776,
       33.580573625964625
      ],
      [
       -84.80618475063474,
       33.585941790244796
      ],
      [
       -84.80502328185727,
       33.587339280666285
      ],
      [
       -84.80130952752353,
       33.59020263514564
      ],
      [
       -84.7997872038632,
       33.592273022208026
      ],
      [
       -84.79741376766576,
       33.59490123808424
      ],
      [
       -84.7958462056382,
       33.59634625652126
      ],
      [
       -84.79356535028535,
       33.597449406776406
      ],
      [
       -84.79056383722184,
       33.59849168781869
      ],
      [
       -84.7866544006484,
       33.600816391455396
      ],
      [
       -84.78512892082291,
       33.60206212575713
      ],
      [
       -84.78355189029989,
       33.603882365369365
      ],
      [
       -84.77766248611849,
       33.60839502537003
      ],
      [
       -84.77556048012448,
       33.60969662593563
      ],
      [
       -84.77246638621638,
       33.611303406390405
      ],
      [
       -84.77092722967522,
       33.61170030701131
      ],
      [
       -84.76497154602555,
       33.61363061150161
      ],
      [
       -84.76227092070692,
       33.6151957007147
      ],
      [
       -84.76076437787238,
       33.61693672696773
      ],
      [
       -84.75912632815633,
       33.6198817962808
      ],
      [
       -84.7572947003107,
       33.62268928449629
      ],
      [
       -84.7545298996339,
       33.62578360845461
      ],
      [
       -84.75292551567951,
       33.62870032772333
      ],
      [
       -84.75294024445024,
       33.63070317497418
      ],
      [
       -84.75126852897253,
       33.631933900428905
      ],
      [
       -84.74944952578753,
       33.63197725932026
      ],
      [
       -84.74708661014061,
       33.6305264041094
      ],
      [
       -84.74487519042118,
       33.628339281570284
      ],
      [
       -84.74370425314825,
       33.62680837917538
      ],
      [
       -84.74298675160274,
       33.624622090461095
      ],
      [
       -84.74184106365107,
       33.62363317420817
      ],
      [
       -84.74006624677824,
       33.62320708971809
      ],
      [
       -84.73840820801621,
       33.62329297367597
      ],
      [
       -84.73630514996715,
       33.624281889928895
      ],
      [
       -84.73447878239678,
       33.62595370872071
      ],
      [
       -84.73221265581465,
       33.62942825680326
      ],
      [
       -84.7313952090392,
       33.631384409863415
      ],
      [
       -84.73098069934869,
       33.63502572291272
      ],
      [
       -84.73003384980184,
       33.63650993111693
      ],
      [
       -84.72789712599112,
       33.63803166143866
      ],
      [
       -84.72435590868591,
       33.639635106594106
      ],
      [
       -84.71997935966935,
       33.64081663638364
      ],
      [
       -84.71698521099121,
       33.64183973945474
      ],
      [
       -84.7141614952315,
       33.643246401949405
      ],
      [
       -84.71183960973161,
       33.645620301251306
      ],
      [
       -84.70903693507293,
       33.64716371101871
      ],
      [
       -84.70514012316012,
       33.647965850508854
      ],
      [
       -84.70238689508889,
       33.6481617993448
      ],
      [
       -84.69881201202202,
       33.64884636953337
      ],
      [
       -84.69303412567612,
       33.649480910231915
      ],
      [
       -84.68754555446955,
       33.650470660309665
      ],
      [
       -84.6845251044151,
       33.6515537987688
      ],
      [
       -84.68256933407334,
       33.65267112404613
      ],
      [
       -84.6804284020424,
       33.653504115055114
      ],
      [
       -84.67682721759921,
       33.655250144257145
      ],
      [
       -84.6749251020651,
       33.65634328861429
      ],
      [
       -84.67159429577029,
       33.656732684811686
      ],
      [
       -84.6689304923785,
       33.65670767006667
      ],
      [
       -84.66468965846366,
       33.65704870442371
      ],
      [
       -84.66333671566672,
       33.65695364839265
      ],
      [
       -84.66167552073952,
       33.65687693650794
      ],
      [
       -84.6586719035659,
       33.657900873403875
      ],
      [
       -84.6573158046038,
       33.65863297160797
      ],
      [
       -84.6558744891825,
       33.659920397151396
      ],
      [
       -84.65466146970746,
       33.66158971446872
      ],
      [
       -84.65193349095749,
       33.66790927288427
      ],
      [
       -84.65206499783899,
       33.67075178174279
      ],
      [
       -84.65387242841842,
       33.675372005147004
      ],
      [
       -84.65369042289443,
       33.67752077174377
      ],
      [
       -84.65296976518377,
       33.6808418960569
      ],
      [
       -84.65273305279705,
       33.683609360680364
      ],
      [
       -84.6501208001028,
       33.68565806829707
      ],
      [
       -84.64798407629208,
       33.68599326588027
      ],
      [
       -84.64556645378245,
       33.68555717549218
      ],
      [
       -84.6421378063678,
       33.68388285522586
      ],
      [
       -84.64050501692701,
       33.6839503950374
      ],
      [
       -84.63664818310617,
       33.685588860835864
      ],
      [
       -84.63213802309802,
       33.688373001956
      ],
      [
       -84.63055152407952,
       33.69112379008279
      ],
      [
       -84.63032743635344,
       33.69312496968397
      ],
      [
       -84.63048629666629,
       33.694304831823835
      ],
      [
       -84.6313858037358,
       33.696590345693345
      ],
      [
       -84.63287025341425,
       33.69899426268926
      ],
      [
       -84.63170983669184,
       33.700976264319266
      ],
      [
       -84.63013491027891,
       33.70191014813315
      ],
      [
       -84.62601821886022,
       33.70328429145929
      ],
      [
       -84.6214018012918,
       33.704398281437285
      ],
      [
       -84.61948706109706,
       33.705761585040584
      ],
      [
       -84.61721988245988,
       33.70831225520726
      ],
      [
       -84.61581012869013,
       33.70958967485268
      ],
      [
       -84.61269078546079,
       33.711193953832954
      ],
      [
       -84.61049093834694,
       33.71185434310134
      ],
      [
       -84.60802597335997,
       33.71290162709263
      ],
      [
       -84.60646156749756,
       33.71461680477581
      ],
      [
       -84.60507706304907,
       33.71717497936598
      ],
      [
       -84.60317284340485,
       33.71913696919997
      ],
      [
       -84.60244061308862,
       33.7202542944773
      ],
      [
       -84.60219232809632,
       33.72313682692783
      ],
      [
       -84.60170312249713,
       33.724243312482315
      ],
      [
       -84.59945172468572,
       33.726255331806335
      ],
      [
       -84.59532135655135,
       33.72873596068696
      ],
      [
       -84.59263966822367,
       33.72955811197311
      ],
      [
       -84.59117415553615,
       33.72950224570925
      ],
      [
       -84.5880221986002,
       33.72864007083108
      ],
      [
       -84.58609167757967,
       33.72944888091988
      ],
      [
       -84.5849544060684,
       33.73096727594228
      ],
      [
       -84.58396968253967,
       33.73422502956803
      ],
      [
       -84.58321325495726,
       33.73611364281665
      ],
      [
       -84.58176878337078,
       33.738597606996606
      ],
      [
       -84.58083981875981,
       33.73961570711871
      ],
      [
       -84.57927856906257,
       33.7425957970748
      ],
      [
       -84.57793193859594,
       33.7436831046581
      ],
      [
       -84.57665684787284,
       33.74432431595532
      ],
      [
       -84.57510191050591,
       33.74445439262939
      ],
      [
       -84.57284525241926,
       33.74587773162073
      ],
      [
       -84.56767124567324,
       33.75030700913801
      ],
      [
       -84.56632671931672,
       33.75169199218699
      ],
      [
       -84.56082131522932,
       33.75648982028082
      ],
      [
       -84.55531275497675,
       33.76075233283134
      ],
      [
       -84.55150536774336,
       33.763052855547855
      ],
      [
       -84.54519829770629,
       33.76719029437329
      ],
      [
       -84.54169074616274,
       33.76862780838681
      ],
      [
       -84.53957401139802,
       33.76978265578166
      ],
      [
       -84.53767820819421,
       33.77157037622538
      ],
      [
       -84.53566141865942,
       33.775576904551905
      ],
      [
       -84.53405493059493,
       33.778467775250775
      ],
      [
       -84.53231377948377,
       33.78081165685866
      ],
      [
       -84.53077251883252,
       33.782340891603894
      ],
      [
       -84.52499147632147,
       33.785866303001306
      ],
      [
       -84.52177744813744,
       33.78720792715893
      ],
      [
       -84.52044239027639,
       33.78783412960913
      ],
      [
       -84.51747243886443,
       33.78923078620579
      ],
      [
       -84.51151780726981,
       33.79254690756991
      ],
      [
       -84.50955151637751,
       33.793816822791825
      ],
      [
       -84.5063658936799,
       33.796842773113774
      ],
      [
       -84.50342224364424,
       33.79893567344668
      ],
      [
       -84.50107405676806,
       33.80188324423425
      ],
      [
       -84.50049437443437,
       33.80324404636305
      ],
      [
       -84.49896784255384,
       33.804610685265686
      ],
      [
       -84.49532983618383,
       33.80840375443476
      ],
      [
       -84.49532773207373,
       33.80866390778291
      ],
      [
       -84.49150561606962,
       33.812082589601594
      ],
      [
       -84.48967188411389,
       33.813023144014146
      ],
      [
       -84.48577507220106,
       33.81383195410296
      ],
      [
       -84.48355734015134,
       33.81501681919182
      ],
      [
       -84.48076097782298,
       33.817053019436024
      ],
      [
       -84.4778815031455,
       33.82036330402631
      ],
      [
       -84.470938991857,
       33.82637017812918
      ],
      [
       -84.46889695300095,
       33.8273073972424
      ],
      [
       -84.46676338535538,
       33.82764009335109
      ],
      [
       -84.46419952719353,
       33.82733991641092
      ],
      [
       -84.4614967977648,
       33.82633182218682
      ],
      [
       -84.45907496703497,
       33.82471336818437
      ],
      [
       -84.45792401880801,
       33.8245907959338
      ],
      [
       -84.45638275815676,
       33.82531872501373
      ],
      [
       -84.4550171906992,
       33.82792275996976
      ],
      [
       -84.45578624294224,
       33.83027831512532
      ],
      [
       -84.45862784363784,
       33.83440491422792
      ],
      [
       -84.4586615093995,
       33.83486435171135
      ],
      [
       -84.4604258057218,
       33.83834890569191
      ],
      [
       -84.46069618387018,
       33.83979892707793
      ],
      [
       -84.46048682491482,
       33.84207276739977
      ],
      [
       -84.4587803916204,
       33.84604427508328
      ],
      [
       -84.45871726831727,
       33.848101320948324
      ],
      [
       -84.45911284101685,
       33.849616380671385
      ],
      [
       -84.46017331250931,
       33.85158587492888
      ],
      [
       -84.46015858373858,
       33.852754897345896
      ],
      [
       -84.459581005515,
       33.8537187988538
      ],
      [
       -84.45594825942025,
       33.857539384242386
      ],
      [
       -84.45478573858773,
       33.858118058677064
      ],
      [
       -84.45419448364848,
       33.85972900825601
      ],
      [
       -84.45508662633263,
       33.86223131658232
      ],
      [
       -84.45589881283281,
       33.86312267532968
      ],
      [
       -84.4561755033115,
       33.864490981881985
      ],
      [
       -84.4556841936022,
       33.86567501314602
      ],
      [
       -84.45396829181229,
       33.867698706017705
      ],
      [
       -84.45204303106703,
       33.8692120980911
      ],
      [
       -84.45173372688173,
       33.87014264660565
      ],
      [
       -84.44999047166047,
       33.872663299078305
      ],
      [
       -84.44616940771141,
       33.87551914913415
      ],
      [
       -84.44433988397589,
       33.876531412482414
      ],
      [
       -84.44330571385971,
       33.87925134909035
      ],
      [
       -84.44353506186106,
       33.8813700979931
      ],
      [
       -84.44323943439143,
       33.88423678777179
      ],
      [
       -84.44430095793895,
       33.885975312550315
      ],
      [
       -84.44407897432298,
       33.887758030045035
      ],
      [
       -84.44224208620209,
       33.889077140932145
      ],
      [
       -84.44152668876669,
       33.89132096355996
      ],
      [
       -84.44306163708764,
       33.89283102033402
      ],
      [
       -84.44380017973418,
       33.89588698834999
      ],
      [
       -84.44181810801611,
       33.899143074326076
      ],
      [
       -84.442219993046,
       33.901024183151186
      ],
      [
       -84.44446613058213,
       33.903991765734766
      ],
      [
       -84.44578751172752,
       33.906043808650814
      ],
      [
       -84.44718148467149,
       33.90734707686608
      ],
      [
       -84.44773381357382,
       33.90867702747603
      ],
      [
       -84.44742976966377,
       33.9107198983189
      ],
      [
       -84.44640296393297,
       33.912233290392294
      ],
      [
       -84.44364342353143,
       33.91434036574737
      ],
      [
       -84.44015691308891,
       33.91652998976099
      ],
      [
       -84.4385925072265,
       33.91849031194531
      ],
      [
       -84.43727849046648,
       33.92207992785493
      ],
      [
       -84.43584559148559,
       33.92324811644712
      ],
      [
       -84.43164894388295,
       33.924287896014896
      ],
      [
       -84.43055375457375,
       33.924799030638034
      ],
      [
       -84.42756697028096,
       33.9269452957603
      ],
      [
       -84.4252513971114,
       33.92801425919726
      ],
      [
       -84.41840146666746,
       33.93166224284524
      ],
      [
       -84.41723999789,
       33.93245437643738
      ],
      [
       -84.41451622736022,
       33.93490582144882
      ],
      [
       -84.4114053005713,
       33.9383787018817
      ],
      [
       -84.40553904160105,
       33.943384986183986
      ],
      [
       -84.40209145719545,
       33.94666608690509
      ],
      [
       -84.39922881539881,
       33.95017565563066
      ],
      [
       -84.39648084760285,
       33.95244782830283
      ],
      [
       -84.39341621123621,
       33.95405210728311
      ],
      [
       -84.38962986510387,
       33.95691462793763
      ],
      [
       -84.3877003961384,
       33.95914677701778
      ],
      [
       -84.38325335943335,
       33.96339428072128
      ],
      [
       -84.38278203877003,
       33.96573732850433
      ],
      [
       -84.38368680611481,
       33.9661875939146
      ],
      [
       -84.38375413763814,
       33.967578413737414
      ],
      [
       -84.38457894879895,
       33.96909597493498
      ],
      [
       -84.38454528303728,
       33.97074778193078
      ],
      [
       -84.38402767195167,
       33.97151406695307
      ],
      [
       -84.38278098671499,
       33.97215861354962
      ],
      [
       -84.37974791199991,
       33.97250381703082
      ],
      [
       -84.37763328134528,
       33.97353692599993
      ],
      [
       -84.37626350566751,
       33.9754146995257
      ],
      [
       -84.37511571360571,
       33.97854321030221
      ],
      [
       -84.37543974656174,
       33.98402894388395
      ],
      [
       -84.37466648609849,
       33.98610516772017
      ],
      [
       -84.37502944509144,
       33.987311712254716
      ],
      [
       -84.3767684920925,
       33.98937292724393
      ],
      [
       -84.37911773102373,
       33.99103307248807
      ],
      [
       -84.3818152001772,
       33.991991137222136
      ],
      [
       -84.3833291073971,
       33.99280411643512
      ],
      [
       -84.38618017658817,
       33.99257814990515
      ],
      [
       -84.38709756859356,
       33.993501193996195
      ],
      [
       -84.38997283505083,
       33.99536896162397
      ],
      [
       -84.38768461531261,
       33.99690403314303
      ],
      [
       -84.38952045137844,
       33.998314864761866
      ],
      [
       -84.39113114766315,
       33.99912617632518
      ],
      [
       -84.39220424381624,
       33.999113668952674
      ],
      [
       -84.39292384947184,
       33.999679836014835
      ],
      [
       -84.39252512060712,
       34.00106481906382
      ],
      [
       -84.39409583879984,
       34.002093758908764
      ],
      [
       -84.39534462814663,
       34.00490791772292
      ],
      [
       -84.3964072037492,
       34.00512221070521
      ],
      [
       -84.39726462861663,
       34.0065738997409
      ],
      [
       -84.39637038182238,
       34.00815233015133
      ],
      [
       -84.39801158770359,
       34.00835078046178
      ],
      [
       -84.40014305123906,
       34.00774709128209
      ],
      [
       -84.400828991133,
       34.008264896503896
      ],
      [
       -84.40060700751701,
       34.009589010340015
      ],
      [
       -84.39945185106986,
       34.00969073696974
      ],
      [
       -84.3993235003535,
       34.010531232402236
      ],
      [
       -84.40103203775804,
       34.01196874641575
      ],
      [
       -84.40099942405142,
       34.01282425069525
      ],
      [
       -84.39999155531156,
       34.01335206181506
      ],
      [
       -84.40119615834615,
       34.014130020385025
      ],
      [
       -84.39804735757535,
       34.01630296790197
      ],
      [
       -84.39897316602116,
       34.01712928831229
      ],
      [
       -84.39962123193322,
       34.01908710902211
      ],
      [
       -84.39961702371302,
       34.02056714810215
      ],
      [
       -84.39818728089728,
       34.02208137400038
      ],
      [
       -84.3998632045952,
       34.02442692325793
      ],
      [
       -84.40114250353851,
       34.024175941982946
      ],
      [
       -84.40167484339484,
       34.02525824661725
      ],
      [
       -84.40070484863685,
       34.02622965254866
      ],
      [
       -84.40062173628773,
       34.028033215664216
      ],
      [
       -84.40129505152105,
       34.03027870594171
      ],
      [
       -84.40304251496251,
       34.03225487079787
      ],
      [
       -84.40373581924182,
       34.032028904267904
      ],
      [
       -84.40399883300483,
       34.033196259035265
      ],
      [
       -84.40212617501217,
       34.03496813680714
      ],
      [
       -84.40246072851873,
       34.0356401996232
      ],
      [
       -84.4042913043093,
       34.03684174120875
      ],
      [
       -84.40559795668396,
       34.03735120818221
      ],
      [
       -84.40667841722241,
       34.036094634157635
      ],
      [
       -84.40900661505262,
       34.038821241364246
      ],
      [
       -84.40889299310699,
       34.039816828215834
      ],
      [
       -84.41051736610737,
       34.04184385638686
      ],
      [
       -84.41133691699292,
       34.04207899499
      ],
      [
       -84.41164727323327,
       34.04392008022308
      ],
      [
       -84.41083298262298,
       34.04513412918113
      ],
      [
       -84.41049211678612,
       34.046388201731205
      ],
      [
       -84.41067938258539,
       34.04891635862736
      ],
      [
       -84.41108757994557,
       34.04965262595563
      ],
      [
       -84.4121512076032,
       34.05008621486922
      ],
      [
       -84.41358410658411,
       34.05029717255218
      ],
      [
       -84.41679708271307,
       34.05162628933729
      ],
      [
       -84.41843092420892,
       34.05342401567902
      ],
      [
       -84.41913369698369,
       34.05516587575688
      ],
      [
       -84.4189274941935,
       34.07009801088101
      ],
      [
       -84.4189274941935,
       34.07329823059323
      ],
      [
       -84.4188264969085,
       34.07799766735667
      ],
      [
       -84.41872655167855,
       34.084062075373076
      ],
      [
       -84.41871182290782,
       34.0885714000744
      ],
      [
       -84.41872655167855,
       34.08949777946478
      ],
      [
       -84.41852666121866,
       34.09410216019716
      ],
      [
       -84.41862660644861,
       34.09639767996468
      ],
      [
       -84.41842776804377,
       34.109042633569636
      ],
      [
       -84.41491390416991,
       34.1103459017849
      ],
      [
       -84.41319800238,
       34.11008074548775
      ],
      [
       -84.41241632547633,
       34.109510409301414
      ],
      [
       -84.41166200200401,
       34.10811291887992
      ],
      [
       -84.41055103186903,
       34.10799785105285
      ],
      [
       -84.40903922875923,
       34.10890004952305
      ],
      [
       -84.40643644456044,
       34.108924230443236
      ],
      [
       -84.40599458143858,
       34.109647156574155
      ],
      [
       -84.40399567683967,
       34.11036507975608
      ],
      [
       -84.4023933969954,
       34.109637984500985
      ],
      [
       -84.39954127574927,
       34.10966633454534
      ],
      [
       -84.39962017987818,
       34.110958763037765
      ],
      [
       -84.39824935214536,
       34.11226036360337
      ],
      [
       -84.39584225018625,
       34.11309001931302
      ],
      [
       -84.39502795957596,
       34.11530715954616
      ],
      [
       -84.39438094571895,
       34.1155372952003
      ],
      [
       -84.39353824962225,
       34.114610081985084
      ],
      [
       -84.39224632601832,
       34.11573491168591
      ],
      [
       -84.39207378898979,
       34.117470101165104
      ],
      [
       -84.38832005656405,
       34.11823888766189
      ],
      [
       -84.3881433113153,
       34.11986734756235
      ],
      [
       -84.38472202828602,
       34.119422085101085
      ],
      [
       -84.37973949555949,
       34.11910106254007
      ],
      [
       -84.37664224548624,
       34.11951213818314
      ],
      [
       -84.36952614511415,
       34.122934989125994
      ],
      [
       -84.36678764581364,
       34.122754882961885
      ],
      [
       -84.36530214408015,
       34.122403842706845
      ],
      [
       -84.36258258177058,
       34.12384886114386
      ],
      [
       -84.36157681714081,
       34.12470103012403
      ],
      [
       -84.3606994032274,
       34.12777033933734
      ],
      [
       -84.36112758963358,
       34.12858331855032
      ],
      [
       -84.360286997647,
       34.12932709030209
      ],
      [
       -84.35978832355232,
       34.131584254127254
      ],
      [
       -84.36009762773763,
       34.13497958885059
      ],
      [
       -84.36125699240499,
       34.13590263294164
      ],
      [
       -84.36130012666213,
       34.137145865768865
      ],
      [
       -84.35952004951405,
       34.13871595793096
      ],
      [
       -84.35885199455599,
       34.14136168412869
      ],
      [
       -84.36000083867283,
       34.1437013966124
      ],
      [
       -84.36016706337107,
       34.14560585253285
      ],
      [
       -84.3598851126171,
       34.14687576775477
      ],
      [
       -84.35906766584166,
       34.14765872927373
      ],
      [
       -84.35887934798734,
       34.148680164695165
      ],
      [
       -84.36042481685881,
       34.151298374673374
      ],
      [
       -84.36029225792225,
       34.1525883016913
      ],
      [
       -84.35971467969868,
       34.153187821746826
      ],
      [
       -84.35771156687957,
       34.15362141066041
      ],
      [
       -84.35692778586578,
       34.154696210871215
      ],
      [
       -84.3570677091877,
       34.155394956081956
      ],
      [
       -84.35872048767449,
       34.15708928814429
      ],
      [
       -84.35962630707431,
       34.15970916577217
      ],
      [
       -84.36075516214517,
       34.161827914674916
      ],
      [
       -84.3603438086198,
       34.1630452989323
      ],
      [
       -84.3595716002116,
       34.16337215826716
      ],
      [
       -84.35831755058955,
       34.164817176704176
      ],
      [
       -84.35752956135556,
       34.166719964974966
      ],
      [
       -84.35636072819273,
       34.168251701194706
      ],
      [
       -84.35523397723198,
       34.17197472907773
      ],
      [
       -84.35523082106683,
       34.17268764931065
      ],
      [
       -84.35621344048543,
       34.17439699021999
      ],
      [
       -84.3522009025169,
       34.17690763679464
      ],
      [
       -84.3471278930559,
       34.17600793979894
      ],
      [
       -84.34540252277053,
       34.17652824649525
      ],
      [
       -84.34317637428038,
       34.17619721803622
      ],
      [
       -84.34236208367008,
       34.17643485811386
      ],
      [
       -84.34118483406684,
       34.17762222467723
      ],
      [
       -84.33860203891403,
       34.178146700497706
      ],
      [
       -84.33736061395261,
       34.17874288525389
      ],
      [
       -84.33514603806803,
       34.18119766556467
      ],
      [
       -84.33191096878296,
       34.183820044667044
      ],
      [
       -84.33114296859496,
       34.18465386950087
      ],
      [
       -84.32863907757108,
       34.1861655939246
      ],
      [
       -84.32115686204087,
       34.1861680953991
      ],
      [
       -84.317522011836,
       34.186289
      ],
      [
       -84.29966653349253,
       34.18619060866961
      ],
      [
       -84.26445740706541,
       34.18610889383589
      ],
      [
       -84.25868793715993,
       34.185906274401276
      ],
      [
       -84.25867636455436,
       34.18231915996616
      ],
      [
       -84.25890255639055,
       34.17507238833539
      ],
      [
       -84.25884784952785,
       34.16647898959799
      ],
      [
       -84.25890992077592,
       34.15753371678072
      ],
      [
       -84.25888572350972,
       34.132569001256
      ],
      [
       -84.25900986600587,
       34.10956377409077
      ],
      [
       -84.25637236399037,
       34.10862905645206
      ],
      [
       -84.25477429236629,
       34.10725407930108
      ],
      [
       -84.2540915086375,
       34.104294001141
      ],
      [
       -84.25081751331551,
       34.104658382593385
      ],
      [
       -84.24928466910467,
       34.10442824693925
      ],
      [
       -84.24472506250906,
       34.1028197988348
      ],
      [
       -84.2422906071186,
       34.10170664268164
      ],
      [
       -84.2407041081001,
       34.101447323158325
      ],
      [
       -84.23540490680291,
       34.101345596528596
      ],
      [
       -84.2340666927767,
       34.09909260182761
      ],
      [
       -84.23297571168771,
       34.097937754432756
      ],
      [
       -84.23054125629726,
       34.09665032888933
      ],
      [
       -84.22862335993736,
       34.09675789229289
      ],
      [
       -84.22548297560698,
       34.09780100716001
      ],
      [
       -84.22310743529944,
       34.099587893778896
      ],
      [
       -84.2214493965374,
       34.10034417290318
      ],
      [
       -84.21759256271656,
       34.10017490646191
      ],
      [
       -84.21375466588667,
       34.09914263131763
      ],
      [
       -84.2116936900397,
       34.09743912718213
      ],
      [
       -84.20970846215646,
       34.09409298812399
      ],
      [
       -84.20779056579657,
       34.09272301392202
      ],
      [
       -84.20596945850146,
       34.09067930925431
      ],
      [
       -84.20290377007977,
       34.09010563776864
      ],
      [
       -84.20062186267187,
       34.090153165784166
      ],
      [
       -84.19921947328747,
       34.08976126811227
      ],
      [
       -84.19354889655689,
       34.08735985259086
      ],
      [
       -84.19123437544238,
       34.08674865898766
      ],
      [
       -84.18938801882602,
       34.08546707021807
      ],
      [
       -84.18727338817139,
       34.08347506269006
      ],
      [
       -84.18558483981283,
       34.08255702154803
      ],
      [
       -84.18511877942478,
       34.081737371736374
      ],
      [
       -84.18467376013776,
       34.07958777131477
      ],
      [
       -84.1801899015059,
       34.073665113520114
      ],
      [
       -84.17888324913125,
       34.07106441386342
      ],
      [
       -84.17765024061023,
       34.069935415038415
      ],
      [
       -84.17659397733797,
       34.069526007045006
      ],
      [
       -84.17165247475847,
       34.0688872972223
      ],
      [
       -84.16821751501351,
       34.06806931506032
      ],
      [
       -84.16271211092611,
       34.06638665654566
      ],
      [
       -84.16151487227687,
       34.06534104020404
      ],
      [
       -84.16054908573909,
       34.06386266877367
      ],
      [
       -84.1591992991073,
       34.0626702992613
      ],
      [
       -84.15428514995915,
       34.06013463794164
      ],
      [
       -84.15059348878148,
       34.05873297839598
      ],
      [
       -84.14665354261155,
       34.05659671917172
      ],
      [
       -84.14309864859065,
       34.05521006847307
      ],
      [
       -84.14138485091085,
       34.05506331530232
      ],
      [
       -84.13911556816356,
       34.05547605859506
      ],
      [
       -84.13584788517188,
       34.05674430616731
      ],
      [
       -84.13449389031989,
       34.05706282725383
      ],
      [
       -84.13166491428491,
       34.05668093547994
      ],
      [
       -84.12874651357052,
       34.05493073715374
      ],
      [
       -84.12318114234515,
       34.05269191747492
      ],
      [
       -84.11716443950243,
       34.051260240235244
      ],
      [
       -84.11380838388638,
       34.050983410390415
      ],
      [
       -84.10724461241661,
       34.05098090891591
      ],
      [
       -84.09769300459901,
       34.05070824819525
      ],
      [
       -84.09851886781486,
       34.0489813969644
      ],
      [
       -84.10064401902002,
       34.04727205605506
      ],
      [
       -84.10213898924899,
       34.0467259007889
      ],
      [
       -84.10400849107648,
       34.046471584214586
      ],
      [
       -84.10677434380834,
       34.04526337203038
      ],
      [
       -84.11188733136133,
       34.04201312282812
      ],
      [
       -84.11364531535331,
       34.04052307785008
      ],
      [
       -84.1143522963483,
       34.03956417929118
      ],
      [
       -84.1154274966115,
       34.03723280505581
      ],
      [
       -84.11728226966827,
       34.035823641086644
      ],
      [
       -84.11947159623159,
       34.03508403845904
      ],
      [
       -84.1228244956825,
       34.03353229044329
      ],
      [
       -84.1247707975288,
       34.03323378115278
      ],
      [
       -84.12865182861583,
       34.03312788539889
      ],
      [
       -84.13216884865484,
       34.031972204179205
      ],
      [
       -84.13495153426753,
       34.031125871972876
      ],
      [
       -84.13891988592388,
       34.03064975799276
      ],
      [
       -84.14276935535935,
       34.029663343214345
      ],
      [
       -84.14865244721045,
       34.02996101868002
      ],
      [
       -84.15285961536361,
       34.03065392711693
      ],
      [
       -84.15459235003435,
       34.03125011187311
      ],
      [
       -84.15688267388268,
       34.0324183004653
      ],
      [
       -84.15752442746442,
       34.03231073706174
      ],
      [
       -84.15973795129395,
       34.03097578350278
      ],
      [
       -84.16196620389421,
       34.02968001971102
      ],
      [
       -84.1650560895821,
       34.02888204934505
      ],
      [
       -84.16824802461002,
       34.0286886019836
      ],
      [
       -84.16950523039723,
       34.02800486561987
      ],
      [
       -84.17086132935933,
       34.02669325915626
      ],
      [
       -84.17400486985487,
       34.022881012016015
      ],
      [
       -84.17505797696198,
       34.02092485895586
      ],
      [
       -84.17620787313388,
       34.017274373833374
      ],
      [
       -84.17806685441086,
       34.012975172990174
      ],
      [
       -84.17875384635984,
       34.01006429049529
      ],
      [
       -84.17944925474926,
       34.008089793288796
      ],
      [
       -84.18035928236928,
       34.00656306001806
      ],
      [
       -84.18049078925078,
       34.00493793541694
      ],
      [
       -84.18023303576304,
       34.002535686070686
      ],
      [
       -84.18030983578184,
       34.000396091547096
      ],
      [
       -84.1807296057476,
       33.999362982577985
      ],
      [
       -84.18222457597658,
       33.99739682361982
      ],
      [
       -84.18406567231767,
       33.99561410612511
      ],
      [
       -84.18699669769269,
       33.99371715462816
      ],
      [
       -84.19170253994054,
       33.99145165255465
      ],
      [
       -84.19333848554649,
       33.990992215071216
      ],
      [
       -84.19622006433406,
       33.99072205582506
      ],
      [
       -84.202767002923,
       33.98969478362979
      ],
      [
       -84.20404419775619,
       33.9898848956919
      ],
      [
       -84.20477537601738,
       33.99098387682288
      ],
      [
       -84.20455970473171,
       33.991880238519244
      ],
      [
       -84.20280172073971,
       33.99257314695615
      ],
      [
       -84.20131306284107,
       33.99417158916259
      ],
      [
       -84.2013014902355,
       33.9959468022338
      ],
      [
       -84.2036338962859,
       33.998613374052375
      ],
      [
       -84.20654282850482,
       33.99982408771109
      ],
      [
       -84.20897202362002,
       34.001671843542844
      ],
      [
       -84.21248904365905,
       34.00378475567176
      ],
      [
       -84.21509287991287,
       34.00393734561635
      ],
      [
       -84.21957253032453,
       34.00346873605974
      ],
      [
       -84.22190809254009,
       34.00356629356529
      ],
      [
       -84.22635512924512,
       34.004125790028795
      ],
      [
       -84.2281352063932,
       34.00392483824384
      ],
      [
       -84.23042026996627,
       34.00312436640337
      ],
      [
       -84.23323030901031,
       34.00162264787765
      ],
      [
       -84.23546697805098,
       34.001153204496205
      ],
      [
       -84.23719655655655,
       34.00018013091513
      ],
      [
       -84.24050526969526,
       33.999403006170006
      ],
      [
       -84.24345102384102,
       33.99928793834294
      ],
      [
       -84.24749933168133,
       33.99860503580404
      ],
      [
       -84.24895116765316,
       33.99776120507221
      ],
      [
       -84.24974546921747,
       33.99620528793229
      ],
      [
       -84.24946983079383,
       33.993181005260006
      ],
      [
       -84.24975178154779,
       33.99212871831972
      ],
      [
       -84.25210628075428,
       33.98924118292018
      ],
      [
       -84.25407046753647,
       33.986422021157026
      ],
      [
       -84.25535502675503,
       33.98593506745407
      ],
      [
       -84.25671533393734,
       33.986016782287784
      ],
      [
       -84.26013451285651,
       33.98753684495985
      ],
      [
       -84.26227649694249,
       33.9874051006361
      ],
      [
       -84.2633054067834,
       33.98598092781993
      ],
      [
       -84.26333591637992,
       33.98330101480402
      ],
      [
       -84.26159686937886,
       33.97719991849492
      ],
      [
       -84.26192931877532,
       33.97455085699786
      ],
      [
       -84.26265418470618,
       33.97340101255202
      ],
      [
       -84.26125389943189,
       33.97127059010159
      ],
      [
       -84.26006612927813,
       33.96986225995726
      ],
      [
       -84.25808931783531,
       33.968183770566775
      ],
      [
       -84.26021657315057,
       33.96755173134273
      ],
      [
       -84.26574722655923,
       33.964630842949845
      ],
      [
       -84.26762198866199,
       33.96377617249517
      ],
      [
       -84.26874137523737,
       33.96159738820439
      ],
      [
       -84.2724951076631,
       33.958839929478934
      ],
      [
       -84.27302113518914,
       33.95939609064309
      ],
      [
       -84.27412158477358,
       33.958299610986614
      ],
      [
       -84.27519362887163,
       33.958056134135134
      ],
      [
       -84.27643610588811,
       33.95777680281581
      ],
      [
       -84.27709258824059,
       33.95761420697321
      ],
      [
       -84.27719463758064,
       33.957826832305834
      ],
      [
       -84.28049703838904,
       33.956019933890936
      ],
      [
       -84.28427075986076,
       33.95637597709498
      ],
      [
       -84.287954004598,
       33.95788686769387
      ],
      [
       -84.29064621347621,
       33.958252082971086
      ],
      [
       -84.29340996209797,
       33.95952533349234
      ],
      [
       -84.2949449104189,
       33.95979215743916
      ],
      [
       -84.29832095508095,
       33.959789655964656
      ],
      [
       -84.29982434175034,
       33.95934272585373
      ],
      [
       -84.30102052834452,
       33.95952866879167
      ],
      [
       -84.30331821657822,
       33.96043086726187
      ],
      [
       -84.30782311631111,
       33.9627413958764
      ],
      [
       -84.30981676063476,
       33.963926260965266
      ],
      [
       -84.31148637200238,
       33.964278135045134
      ],
      [
       -84.3132916984717,
       33.9654037985708
      ],
      [
       -84.31533268527268,
       33.96601665982366
      ],
      [
       -84.31708646104445,
       33.96613172765073
      ],
      [
       -84.31848043398843,
       33.966984730455735
      ],
      [
       -84.32012374397975,
       33.967370791353794
      ],
      [
       -84.3250947041007,
       33.967249052928054
      ],
      [
       -84.32697367442367,
       33.9676642976953
      ],
      [
       -84.32986051348651,
       33.968698240489246
      ],
      [
       -84.33733536463136,
       33.97088036007936
      ],
      [
       -84.33889451021851,
       33.96969466116566
      ],
      [
       -84.33930586374386,
       33.970015683726686
      ],
      [
       -84.34240521792722,
       33.96811372928073
      ],
      [
       -84.34305538794939,
       33.96811372928073
      ],
      [
       -84.3460810982791,
       33.9661308938259
      ],
      [
       -84.34674284090684,
       33.96631767058867
      ],
      [
       -84.34683752586153,
       33.9681103939814
      ],
      [
       -84.34741194791995,
       33.96810872633173
      ],
      [
       -84.3474393013513,
       33.956361802072806
      ],
      [
       -84.3476234109854,
       33.94825785851286
      ],
      [
       -84.34780962472962,
       33.92084503327604
      ],
      [
       -84.34789063296863,
       33.91500992708893
      ],
      [
       -84.34790641379442,
       33.9078331967442
      ],
      [
       -84.348181000163,
       33.89093907178607
      ],
      [
       -84.34812418919019,
       33.88210803297103
      ],
      [
       -84.34823570702571,
       33.87242065605166
      ],
      [
       -84.34821782208982,
       33.868702631117635
      ],
      [
       -84.34811682480482,
       33.862288016671016
      ],
      [
       -84.34825464401665,
       33.85745099881
      ],
      [
       -84.34822729058529,
       33.848546583409586
      ],
      [
       -84.34800530696931,
       33.84502033818734
      ],
      [
       -84.34845979475179,
       33.839732221091225
      ],
      [
       -84.34845979475179,
       33.839452055947056
      ],
      [
       -84.34835038102638,
       33.83738333653434
      ],
      [
       -84.34852397010997,
       33.83007486186587
      ],
      [
       -84.34848293996293,
       33.82540294132194
      ],
      [
       -84.34832513170512,
       33.820103984502985
      ],
      [
       -84.34842507693507,
       33.817103882750885
      ],
      [
       -84.34822518647519,
       33.81250367114267
      ],
      [
       -84.34842612899013,
       33.809702853525856
      ],
      [
       -84.34822518647519,
       33.80900410831511
      ],
      [
       -84.34819467687868,
       33.805260234811236
      ],
      [
       -84.3482051974292,
       33.805055113902114
      ],
      [
       -84.3486176030096,
       33.804625694112694
      ],
      [
       -84.34880907702907,
       33.790825893112896
      ],
      [
       -84.34842718104518,
       33.78984114598415
      ],
      [
       -84.34842612899013,
       33.78939088057388
      ],
      [
       -84.34842507693507,
       33.78894561811262
      ],
      [
       -84.34853449066048,
       33.78469728058428
      ],
      [
       -84.34855027148627,
       33.784529681792684
      ],
      [
       -84.34856394820194,
       33.784382094797095
      ],
      [
       -84.34857972902773,
       33.784218665129664
      ],
      [
       -84.34887851266251,
       33.782962924929926
      ],
      [
       -84.34907209079209,
       33.765788634827636
      ],
      [
       -84.3492057017837,
       33.764957311468315
      ],
      [
       -84.34914468259068,
       33.756226331633336
      ],
      [
       -84.34926461686662,
       33.73601024853725
      ],
      [
       -84.34950132925333,
       33.71553317826818
      ],
      [
       -84.34947713198713,
       33.70127060448561
      ],
      [
       -84.34957812927213,
       33.69530708927409
      ],
      [
       -84.34922358671959,
       33.68990723965024
      ],
      [
       -84.34922253466453,
       33.687653411124415
      ],
      [
       -84.34964125257525,
       33.68472918743219
      ],
      [
       -84.34990426633827,
       33.65622238401339
      ],
      [
       -84.34987480879681,
       33.64794417106317
      ],
      [
       -84.35986091535091,
       33.648081752160756
      ],
      [
       -84.37023838638439,
       33.648184312615314
      ],
      [
       -84.37998778055177,
       33.64832022606323
      ],
      [
       -84.39114377232377,
       33.648327730486734
      ],
      [
       -84.39928983459183,
       33.6482777009967
      ],
      [
       -84.40874465334466,
       33.64823434210535
      ],
      [
       -84.40874044512445,
       33.64861623387924
      ],
      [
       -84.41919787234187,
       33.648777162072165
      ],
      [
       -84.4285274965435,
       33.64876715617416
      ],
      [
       -84.4382284961785,
       33.64875798410099
      ],
      [
       -84.44830297535698,
       33.64875965175065
      ],
      [
       -84.4486007069367,
       33.64569784696085
      ],
      [
       -84.4482146027326,
       33.64417194751495
      ],
      [
       -84.44830402741202,
       33.64109596770297
      ],
      [
       -84.4531035025595,
       33.64109513387814
      ],
      [
       -84.4530025052745,
       33.64409773710474
      ],
      [
       -84.45320344778945,
       33.64769735891236
      ],
      [
       -84.45309192995393,
       33.64887471957772
      ],
      [
       -84.45787878044078,
       33.648864713679714
      ],
      [
       -84.45786825989026,
       33.6422182959293
      ],
      [
       -84.45795137223936,
       33.627016835383834
      ],
      [
       -84.45832800794801,
       33.62330965017265
      ],
      [
       -84.45799345444145,
       33.623170401425405
      ],
      [
       -84.45807656679057,
       33.61617627871928
      ]
     ]
    ]
   }
  },
  {
   "type": "Feature",
   "properties": {
    "name": "Alpharetta",
    "geoid": "1301696"
   },
   "geometry": {
    "type": "MultiPolygon",
    "coordinates": [
     [
      [
       [
        -84.24472506250906,
        34.1028197988348
       ],
       [
        -84.2422906071186,
        34.10170664268164
       ],
       [
        -84.2407041081001,
        34.101447323158325
       ],
       [
        -84.23540490680291,
        34.101345596528596
       ],
       [
        -84.2340666927767,
        34.09909260182761
       ],
       [
        -84.23297571168771,
        34.097937754432756
       ],
       [
        -84.23054125629726,
        34.09665032888933
       ],
       [
        -84.22862335993736,
        34.09675789229289
       ],
       [
        -84.22548297560698,
        34.09780100716001
       ],
       [
        -84.22310743529944,
        34.099587893778896
       ],
       [
        -84.2214493965374,
        34.10034417290318
       ],
       [
        -84.21759256271656,
        34.10017490646191
       ],
       [
        -84.21375466588667,
        34.09914263131763
       ],
       [
        -84.2116936900397,
        34.09743912718213
       ],
       [
        -84.20970846215646,
        34.09409298812399
       ],
       [
        -84.20779056579657,
        34.09272301392202
       ],
       [
        -84.20596945850146,
        34.09067930925431
       ],
       [
        -84.20587372149173,
        34.08848718376618
       ],
       [
        -84.20423672383072,
        34.0885146999857
       ],
       [
        -84.20370648808449,
        34.08808611402112
       ],
       [
        -84.20239667954468,
        34.088187840650846
       ],
       [
        -84.20121837788638,
        34.086732816315816
       ],
       [
        -84.20344768254168,
        34.08672030894331
       ],
       [
        -84.20307525505325,
        34.084517343732344
       ],
       [
        -84.20127834502435,
        34.08331913744614
       ],
       [
        -84.20126361625361,
        34.075311083742086
       ],
       [
        -84.2029163947404,
        34.07362925905226
       ],
       [
        -84.20360549079949,
        34.07235767618068
       ],
       [
        -84.20835131113931,
        34.072355174706175
       ],
       [
        -84.20832500976302,
        34.06891981639082
       ],
       [
        -84.21506552648152,
        34.068867285426286
       ],
       [
        -84.21498136207737,
        34.06710374590275
       ],
       [
        -84.2162575048555,
        34.06705871936172
       ],
       [
        -84.2162532966353,
        34.065374393197395
       ],
       [
        -84.21559576222776,
        34.06505003533704
       ],
       [
        -84.21900547265147,
        34.06396106010406
       ],
       [
        -84.22142414721614,
        34.062417650336656
       ],
       [
        -84.2253178029638,
        34.06094011273112
       ],
       [
        -84.2270358088638,
        34.0600771040281
       ],
       [
        -84.23029928363528,
        34.057593139848144
       ],
       [
        -84.2330440952661,
        34.05359578359479
       ],
       [
        -84.23303252266052,
        34.05147286556787
       ],
       [
        -84.23271374997975,
        34.05147203174303
       ],
       [
        -84.2327411034111,
        34.04261764583265
       ],
       [
        -84.23042447818648,
        34.0427026959657
       ],
       [
        -84.23048023710423,
        34.040809913592916
       ],
       [
        -84.23350594743394,
        34.0408390974621
       ],
       [
        -84.23352278031479,
        34.04209733913634
       ],
       [
        -84.23289365139365,
        34.044186904169905
       ],
       [
        -84.23429393666794,
        34.04570696684197
       ],
       [
        -84.23680203591204,
        34.04600297465797
       ],
       [
        -84.2381107923968,
        34.04715031762932
       ],
       [
        -84.23962995989196,
        34.049048102951105
       ],
       [
        -84.24050737380537,
        34.04888634093334
       ],
       [
        -84.24029065046464,
        34.04799915131015
       ],
       [
        -84.2416698946379,
        34.04799664983565
       ],
       [
        -84.24172775766576,
        34.044596312163314
       ],
       [
        -84.2372702004102,
        34.044557956220956
       ],
       [
        -84.23722917026316,
        34.04605633944734
       ],
       [
        -84.2360897946418,
        34.04561191081091
       ],
       [
        -84.23407616127216,
        34.04542596787297
       ],
       [
        -84.2330725007525,
        34.04401763772864
       ],
       [
        -84.23367112007712,
        34.04248923680824
       ],
       [
        -84.23399094481294,
        34.04018120966821
       ],
       [
        -84.23736278125477,
        34.040240411231416
       ],
       [
        -84.23735015659416,
        34.040797406220406
       ],
       [
        -84.24604433954434,
        34.040908304923306
       ],
       [
        -84.24611482723283,
        34.032204841307845
       ],
       [
        -84.2477392002332,
        34.03193634971135
       ],
       [
        -84.24759401663601,
        34.031342666429666
       ],
       [
        -84.24952874587675,
        34.03089907161807
       ],
       [
        -84.24919208826009,
        34.03012111304812
       ],
       [
        -84.25046612692813,
        34.029499913546914
       ],
       [
        -84.25046191870791,
        34.030217002904
       ],
       [
        -84.25138351893352,
        34.030643921218925
       ],
       [
        -84.25320252211853,
        34.03063641679542
       ],
       [
        -84.25319620978821,
        34.03098078645179
       ],
       [
        -84.25508675271675,
        34.030974949677955
       ],
       [
        -84.25508254449655,
        34.03355230223931
       ],
       [
        -84.25628504342104,
        34.033543963990965
       ],
       [
        -84.2564375914036,
        34.03440864034364
       ],
       [
        -84.25769374513574,
        34.03515491356992
       ],
       [
        -84.25927814004415,
        34.037338700809705
       ],
       [
        -84.25924447428247,
        34.0386352984263
       ],
       [
        -84.26047853485854,
        34.03883541638642
       ],
       [
        -84.26400817955818,
        34.03856275566576
       ],
       [
        -84.26778716130517,
        34.03711106663007
       ],
       [
        -84.26583244301844,
        34.03614466364767
       ],
       [
        -84.26475724275524,
        34.035074032561035
       ],
       [
        -84.26583033890834,
        34.035074032561035
       ],
       [
        -84.2658071936972,
        34.030206997006
       ],
       [
        -84.26925793426793,
        34.02820915270416
       ],
       [
        -84.27097804427804,
        34.03221067808168
       ],
       [
        -84.27040151810952,
        34.03332633570934
       ],
       [
        -84.27118845528845,
        34.0350731987362
       ],
       [
        -84.27372706412906,
        34.03511989292689
       ],
       [
        -84.27373968878969,
        34.034071775110775
       ],
       [
        -84.27519888914689,
        34.034578740609746
       ],
       [
        -84.27901784898584,
        34.03522161955662
       ],
       [
        -84.28030661642461,
        34.035817804312806
       ],
       [
        -84.28038446849847,
        34.035195770986775
       ],
       [
        -84.28510609157209,
        34.035295829966834
       ],
       [
        -84.28508505047105,
        34.03709188865889
       ],
       [
        -84.28626861240461,
        34.037135247550246
       ],
       [
        -84.28643904532305,
        34.038857929656935
       ],
       [
        -84.2894395063315,
        34.03892630329331
       ],
       [
        -84.28944792277193,
        34.031104192527195
       ],
       [
        -84.29198863572263,
        34.03090824369124
       ],
       [
        -84.29166775893175,
        34.03256588746089
       ],
       [
        -84.29163514522514,
        34.03526914757215
       ],
       [
        -84.29602747506748,
        34.03529916526617
       ],
       [
        -84.29600117369117,
        34.03892713711814
       ],
       [
        -84.29796851663852,
        34.038923801818804
       ],
       [
        -84.2979622043082,
        34.037604690931694
       ],
       [
        -84.29979488420888,
        34.037653886596885
       ],
       [
        -84.29921309776509,
        34.038923801818804
       ],
       [
        -84.30153287915488,
        34.0389213003443
       ],
       [
        -84.30323826039425,
        34.03732535961236
       ],
       [
        -84.30439867711668,
        34.035866999978005
       ],
       [
        -84.3058925952906,
        34.035832813159814
       ],
       [
        -84.30660588861589,
        34.03516992241693
       ],
       [
        -84.30966421265221,
        34.033918351341356
       ],
       [
        -84.31247214758615,
        34.033685714212716
       ],
       [
        -84.31412597812798,
        34.03325212529913
       ],
       [
        -84.31611857039657,
        34.03395670728371
       ],
       [
        -84.3173862967343,
        34.03355897283797
       ],
       [
        -84.31638474032474,
        34.03544008166308
       ],
       [
        -84.33050542323342,
        34.0356968997119
       ],
       [
        -84.33047596569196,
        34.03896966218466
       ],
       [
        -84.33356795548995,
        34.03823089338189
       ],
       [
        -84.33498928186528,
        34.03753965259465
       ],
       [
        -84.33483673388274,
        34.04271937246237
       ],
       [
        -84.32583429880229,
        34.042418361697365
       ],
       [
        -84.32475804648405,
        34.041677925244926
       ],
       [
        -84.31944727258127,
        34.04422275863776
       ],
       [
        -84.31665196230796,
        34.04471721676422
       ],
       [
        -84.31662986915187,
        34.04813006180906
       ],
       [
        -84.31801647771047,
        34.04855614629915
       ],
       [
        -84.31686447742848,
        34.04986691893792
       ],
       [
        -84.30991986202986,
        34.04982022474723
       ],
       [
        -84.30993143463543,
        34.053563264426266
       ],
       [
        -84.31217546806147,
        34.0536207983398
       ],
       [
        -84.312165999566,
        34.05494824747525
       ],
       [
        -84.31423854801855,
        34.05498827106727
       ],
       [
        -84.31254684349484,
        34.057066996378
       ],
       [
        -84.31125386783587,
        34.056283201034205
       ],
       [
        -84.31046587860187,
        34.05720791277491
       ],
       [
        -84.30775368067768,
        34.05715204651105
       ],
       [
        -84.30775052451253,
        34.06096095835196
       ],
       [
        -84.30255021639022,
        34.0609175994606
       ],
       [
        -84.29805373309773,
        34.06076084039184
       ],
       [
        -84.29802848377648,
        34.064549740436746
       ],
       [
        -84.30413566335366,
        34.064544737487736
       ],
       [
        -84.30410936197737,
        34.06641167129067
       ],
       [
        -84.30704985584785,
        34.06600476477177
       ],
       [
        -84.30702460652661,
        34.06456224780925
       ],
       [
        -84.30770844231044,
        34.06491495571396
       ],
       [
        -84.31166416930617,
        34.06490828511529
       ],
       [
        -84.31165996108597,
        34.06610815905116
       ],
       [
        -84.31745468031268,
        34.06609565167865
       ],
       [
        -84.32104008393009,
        34.06674186592487
       ],
       [
        -84.32399951479151,
        34.06748563767664
       ],
       [
        -84.32399425451625,
        34.06480072171173
       ],
       [
        -84.32806044729244,
        34.06485492032592
       ],
       [
        -84.32800048015447,
        34.067483136202135
       ],
       [
        -84.32895364203164,
        34.06750981859682
       ],
       [
        -84.32891576804977,
        34.0687221999052
       ],
       [
        -84.32988155458756,
        34.068943997311
       ],
       [
        -84.32994572994573,
        34.07294302121402
       ],
       [
        -84.34653453400654,
        34.07289882849783
       ],
       [
        -84.34654610661211,
        34.07751321512822
       ],
       [
        -84.34739511503912,
        34.077532393099396
       ],
       [
        -84.34728149309349,
        34.08130711812212
       ],
       [
        -84.34825253990654,
        34.08130878577179
       ],
       [
        -84.34826726867726,
        34.08050080950781
       ],
       [
        -84.35284686431886,
        34.08052415660316
       ],
       [
        -84.35284791637392,
        34.07781922884223
       ],
       [
        -84.35392732485732,
        34.07783423768924
       ],
       [
        -84.35401043720644,
        34.07860135653636
       ],
       [
        -84.35593990617191,
        34.07862386980687
       ],
       [
        -84.35737175309775,
        34.0823443962154
       ],
       [
        -84.35916971518171,
        34.085161056504056
       ],
       [
        -84.35943483305483,
        34.08565884992985
       ],
       [
        -84.35723077772077,
        34.086420132003134
       ],
       [
        -84.35727285992286,
        34.08725395683696
       ],
       [
        -84.35594832261232,
        34.08725895978596
       ],
       [
        -84.35046185551586,
        34.08801523891024
       ],
       [
        -84.3504871048371,
        34.08684288119388
       ],
       [
        -84.34608004622405,
        34.08694127252427
       ],
       [
        -84.3460853064993,
        34.08874316799017
       ],
       [
        -84.34380129498129,
        34.088934113877116
       ],
       [
        -84.34380971142171,
        34.08748325866626
       ],
       [
        -84.34159513553713,
        34.08604407700308
       ],
       [
        -84.34163826979427,
        34.08501513715814
       ],
       [
        -84.33509659148059,
        34.0849400929231
       ],
       [
        -84.33511237230637,
        34.08308316501817
       ],
       [
        -84.33219502364702,
        34.083073992944996
       ],
       [
        -84.33375627334428,
        34.085441221648225
       ],
       [
        -84.33380045965646,
        34.087624175063176
       ],
       [
        -84.33465472835873,
        34.08766920160421
       ],
       [
        -84.33562998339198,
        34.08993386985287
       ],
       [
        -84.33499664625064,
        34.090023922934925
       ],
       [
        -84.335105007921,
        34.091053696604696
       ],
       [
        -84.3332597033597,
        34.09226774556275
       ],
       [
        -84.33218660720661,
        34.09367941100641
       ],
       [
        -84.33060957668357,
        34.093696921327926
       ],
       [
        -84.33055697393097,
        34.09605080883381
       ],
       [
        -84.32825612953212,
        34.096180885507884
       ],
       [
        -84.32680534561534,
        34.09825710934411
       ],
       [
        -84.3261393947674,
        34.098236263723265
       ],
       [
        -84.32615622764823,
        34.09599577639478
       ],
       [
        -84.32175442931043,
        34.095380413667414
       ],
       [
        -84.32175653342053,
        34.097255685718686
       ],
       [
        -84.32125996343596,
        34.09723817539718
       ],
       [
        -84.32129152508752,
        34.09531537533038
       ],
       [
        -84.32042147555947,
        34.09519196925497
       ],
       [
        -84.32034467554067,
        34.097937754432756
       ],
       [
        -84.3217638978059,
        34.09796860595161
       ],
       [
        -84.32176705397106,
        34.100174072637074
       ],
       [
        -84.32020475221876,
        34.10036084939985
       ],
       [
        -84.3202037001637,
        34.101538210065215
       ],
       [
        -84.31609647724048,
        34.10410138760439
       ],
       [
        -84.31556834560435,
        34.10567815036515
       ],
       [
        -84.31459940290141,
        34.106677906340906
       ],
       [
        -84.31276146272546,
        34.10667206956707
       ],
       [
        -84.31280775314775,
        34.10306577716078
       ],
       [
        -84.30779576287976,
        34.10305493743794
       ],
       [
        -84.30778524232925,
        34.10107877258177
       ],
       [
        -84.30610826657626,
        34.100710222005226
       ],
       [
        -84.3045101949522,
        34.101207181606185
       ],
       [
        -84.30482896763297,
        34.09943613765914
       ],
       [
        -84.30336450700051,
        34.099416959687964
       ],
       [
        -84.30342237002837,
        34.09593991013091
       ],
       [
        -84.29876702642302,
        34.095954918977924
       ],
       [
        -84.29879437985439,
        34.09341091940992
       ],
       [
        -84.29976016639216,
        34.09227524998625
       ],
       [
        -84.29835567289767,
        34.092274416161416
       ],
       [
        -84.29794011115212,
        34.09299900994201
       ],
       [
        -84.29621053264653,
        34.09272801687102
       ],
       [
        -84.29556877906478,
        34.092252736715736
       ],
       [
        -84.29533627489828,
        34.093253326516326
       ],
       [
        -84.29328266343666,
        34.09322330882231
       ],
       [
        -84.29170037263837,
        34.092905621560625
       ],
       [
        -84.29138686023286,
        34.09127132488633
       ],
       [
        -84.29159306302306,
        34.08989968303469
       ],
       [
        -84.29004128182127,
        34.08990968893269
       ],
       [
        -84.29004338593138,
        34.09033577342277
       ],
       [
        -84.28780566483566,
        34.09036078816779
       ],
       [
        -84.28787930868931,
        34.0885638956509
       ],
       [
        -84.28588776847577,
        34.08855722505223
       ],
       [
        -84.28631595488196,
        34.09206595995296
       ],
       [
        -84.29005916675716,
        34.091552323855325
       ],
       [
        -84.29008652018852,
        34.09407297632798
       ],
       [
        -84.29170352880352,
        34.094069641028646
       ],
       [
        -84.29170563291363,
        34.095907390962395
       ],
       [
        -84.28993607631608,
        34.095865699720704
       ],
       [
        -84.28996869002269,
        34.103516042571044
       ],
       [
        -84.28925329258729,
        34.103028255043256
       ],
       [
        -84.28256011834611,
        34.10294904168404
       ],
       [
        -84.28254012930013,
        34.10203433584134
       ],
       [
        -84.28425287492487,
        34.10183922083022
       ],
       [
        -84.28428443657644,
        34.09985972067472
       ],
       [
        -84.28339334594735,
        34.09796777212677
       ],
       [
        -84.28208248535249,
        34.097952763279764
       ],
       [
        -84.28084106039105,
        34.0990233943664
       ],
       [
        -84.28009304924905,
        34.098348830075835
       ],
       [
        -84.28008358075358,
        34.09926436974337
       ],
       [
        -84.27908097228897,
        34.09929605508706
       ],
       [
        -84.27909044078444,
        34.09682376445477
       ],
       [
        -84.27682431420232,
        34.09695300730401
       ],
       [
        -84.27681063748663,
        34.09518112953213
       ],
       [
        -84.27854652832252,
        34.094497393168396
       ],
       [
        -84.27456555200555,
        34.08994220810121
       ],
       [
        -84.27261188577388,
        34.08872732531833
       ],
       [
        -84.27109797855398,
        34.08840963805664
       ],
       [
        -84.26894336980737,
        34.08844966164867
       ],
       [
        -84.26942626307626,
        34.09031075867776
       ],
       [
        -84.26850150668551,
        34.09076185791286
       ],
       [
        -84.26549683745684,
        34.09104118923219
       ],
       [
        -84.26426277688077,
        34.091926711205716
       ],
       [
        -84.26267732991732,
        34.0913989000859
       ],
       [
        -84.26266154909155,
        34.0920100936891
       ],
       [
        -84.25900039751039,
        34.09200759221459
       ],
       [
        -84.2588467974728,
        34.09172575942076
       ],
       [
        -84.24913948550748,
        34.09952702456603
       ],
       [
        -84.24472506250906,
        34.1028197988348
       ]
      ]
     ],
     [
      [
       [
        -84.28555952729953,
        34.10969718606419
       ],
       [
        -84.28539645876646,
        34.11602675037775
       ],
       [
        -84.28161432085432,
        34.11805461237361
       ],
       [
        -84.27880743797543,
        34.1189393005223
       ],
       [
        -84.27669701554102,
        34.11937872620973
       ],
       [
        -84.27688533339533,
        34.116105129912135
       ],
       [
        -84.27775012264811,
        34.11212028103128
       ],
       [
        -84.2811956029436,
        34.112181150244155
       ],
       [
        -84.28185944968145,
        34.11161081405782
       ],
       [
        -84.2818605017365,
        34.1100548969179
       ],
       [
        -84.27820566248566,
        34.110045724844724
       ],
       [
        -84.2789947037747,
        34.10839808697309
       ],
       [
        -84.28557004785004,
        34.10839475167376
       ],
       [
        -84.28555952729953,
        34.10969718606419
       ]
      ]
     ],
     [
      [
       [
        -84.34143837933438,
        34.08948610591711
       ],
       [
        -84.33953521174521,
        34.08999807436508
       ],
       [
        -84.33953836791036,
        34.088457999897
       ],
       [
        -84.34031583659383,
        34.088463002846005
       ],
       [
        -84.34064092160492,
        34.08654603955304
       ],
       [
        -84.34127215463616,
        34.086703632446635
       ],
       [
        -84.34107647239647,
        34.08782095772396
       ],
       [
        -84.34143837933438,
        34.08948610591711
       ]
      ]
     ]
    ]
   }
  },
  {
   "type": "Feature",
   "properties": {
    "name": "Chattahoochee Hills",
    "geoid": "1315552"
   },
   "geometry": {
    "type": "MultiPolygon",
    "coordinates": [
     [
      [
       [
        -84.66333671566672,
        33.65695364839265
       ],
       [
        -84.66285066623267,
        33.65282371399071
       ],
       [
        -84.67029605983606,
        33.65012795830296
       ],
       [
        -84.67140071764072,
        33.649239101030105
       ],
       [
        -84.67196777531377,
        33.64774988987689
       ],
       [
        -84.6729062084202,
        33.63863118149418
       ],
       [
        -84.67292409335609,
        33.636619995995
       ],
       [
        -84.67167740811941,
        33.622209835216836
       ],
       [
        -84.67337437291837,
        33.622169811624815
       ],
       [
        -84.67326916741317,
        33.62086570958471
       ],
       [
        -84.6742844005384,
        33.62088071843172
       ],
       [
        -84.67432858685059,
        33.61914886425187
       ],
       [
        -84.67676725046125,
        33.619333973364974
       ],
       [
        -84.67846947553548,
        33.61889621532722
       ],
       [
        -84.68055885686886,
        33.619309792444795
       ],
       [
        -84.68249148199948,
        33.62125927490628
       ],
       [
        -84.68396435907236,
        33.62387831870932
       ],
       [
        -84.6844966989287,
        33.625260800283804
       ],
       [
        -84.68616315413115,
        33.625229948764954
       ],
       [
        -84.68624416237016,
        33.621969693664695
       ],
       [
        -84.68776332986533,
        33.62195301716802
       ],
       [
        -84.69000105096104,
        33.62358481236782
       ],
       [
        -84.69155914449314,
        33.621321811768816
       ],
       [
        -84.69554748519549,
        33.62248332976233
       ],
       [
        -84.69550855915855,
        33.619914315449314
       ],
       [
        -84.69224824055225,
        33.61995267139167
       ],
       [
        -84.6936117038997,
        33.61758127356428
       ],
       [
        -84.69729494863695,
        33.61384573830874
       ],
       [
        -84.69057757712957,
        33.61384073535974
       ],
       [
        -84.69059651412051,
        33.61557592483893
       ],
       [
        -84.68381601931002,
        33.615567586590586
       ],
       [
        -84.68555401425601,
        33.61342882589183
       ],
       [
        -84.68598640888241,
        33.61210971500472
       ],
       [
        -84.6851615977216,
        33.60983087173388
       ],
       [
        -84.68580755952355,
        33.60980669081369
       ],
       [
        -84.68579493486293,
        33.601716922275926
       ],
       [
        -84.68687329129129,
        33.60182615332916
       ],
       [
        -84.69086584021383,
        33.603091065602065
       ],
       [
        -84.69206518297318,
        33.60257993097893
       ],
       [
        -84.69301834485034,
        33.602906790313796
       ],
       [
        -84.69543701941502,
        33.60467283131183
       ],
       [
        -84.69543491530492,
        33.60554584591285
       ],
       [
        -84.6967868060468,
        33.60552083116783
       ],
       [
        -84.70029014937015,
        33.61161692452793
       ],
       [
        -84.70150422090022,
        33.61078893646794
       ],
       [
        -84.70248368415368,
        33.611294234317235
       ],
       [
        -84.7026762102282,
        33.60997595725496
       ],
       [
        -84.7048686929567,
        33.60847507255407
       ],
       [
        -84.70577661646661,
        33.607055068862074
       ],
       [
        -84.70628896727696,
        33.60207296547997
       ],
       [
        -84.70545153145552,
        33.60038530401631
       ],
       [
        -84.70524322455522,
        33.598277394836394
       ],
       [
        -84.70416381607181,
        33.59496460877161
       ],
       [
        -84.70211756899556,
        33.594054072053076
       ],
       [
        -84.70135062086261,
        33.593408691631694
       ],
       [
        -84.70043322885722,
        33.591729368416374
       ],
       [
        -84.69831123381724,
        33.59066790940291
       ],
       [
        -84.6968878033318,
        33.59138499876
       ],
       [
        -84.69561902493902,
        33.589724853515854
       ],
       [
        -84.69442178628978,
        33.58897107586608
       ],
       [
        -84.69336867918268,
        33.587610273737276
       ],
       [
        -84.69164751711752,
        33.58610105078805
       ],
       [
        -84.68758237639638,
        33.58401398722899
       ],
       [
        -84.68670811864811,
        33.583977298936304
       ],
       [
        -84.68495434287634,
        33.58196778108678
       ],
       [
        -84.681935996932,
        33.58044521694022
       ],
       [
        -84.67995287315887,
        33.57863581705082
       ],
       [
        -84.67723120673921,
        33.57723415750516
       ],
       [
        -84.67498191303791,
        33.5767396993787
       ],
       [
        -84.67000043236644,
        33.5748143978374
       ],
       [
        -84.66740922077322,
        33.573376049999055
       ],
       [
        -84.66504314896115,
        33.547493293332295
       ],
       [
        -84.67021610365211,
        33.550505902456905
       ],
       [
        -84.67005934744934,
        33.54046414998315
       ],
       [
        -84.67227813155414,
        33.54044830731131
       ],
       [
        -84.67228128771929,
        33.54237527650228
       ],
       [
        -84.67162375331175,
        33.542373608852614
       ],
       [
        -84.67165426290826,
        33.54474917580418
       ],
       [
        -84.6757151954092,
        33.544665793320796
       ],
       [
        -84.67578147487747,
        33.55261381163682
       ],
       [
        -84.69009678797079,
        33.552527093854096
       ],
       [
        -84.6900831112551,
        33.56091870698171
       ],
       [
        -84.69338235589835,
        33.5614732004962
       ],
       [
        -84.6933592106872,
        33.55986808769109
       ],
       [
        -84.69431868489468,
        33.55989810538511
       ],
       [
        -84.69454172056572,
        33.55629431445332
       ],
       [
        -84.69640385800786,
        33.5557022988213
       ],
       [
        -84.6996547081187,
        33.55749168691469
       ],
       [
        -84.70054053847254,
        33.55927273675974
       ],
       [
        -84.7023406046666,
        33.55787774781275
       ],
       [
        -84.70462987645988,
        33.557444992723994
       ],
       [
        -84.70435002981603,
        33.554855966614966
       ],
       [
        -84.70610485764286,
        33.55490182698083
       ],
       [
        -84.70922314881714,
        33.5564343970254
       ],
       [
        -84.71047825049425,
        33.55595578157078
       ],
       [
        -84.7104593135033,
        33.55671372834473
       ],
       [
        -84.71569539149739,
        33.55669038124938
       ],
       [
        -84.71486321595121,
        33.559538726881726
       ],
       [
        -84.71540818046817,
        33.56062686828987
       ],
       [
        -84.72561206241807,
        33.56058100792401
       ],
       [
        -84.72564151995952,
        33.55736161024061
       ],
       [
        -84.7280665068545,
        33.55716065845566
       ],
       [
        -84.73032316494117,
        33.55645023969724
       ],
       [
        -84.73035051837252,
        33.5525812924683
       ],
       [
        -84.72093778182177,
        33.55256878509579
       ],
       [
        -84.72087571057371,
        33.55569062527363
       ],
       [
        -84.72269786992386,
        33.55544214547315
       ],
       [
        -84.72297035218234,
        33.55704559062859
       ],
       [
        -84.72098407224406,
        33.55693385810086
       ],
       [
        -84.71911036219636,
        33.55558306187007
       ],
       [
        -84.71904934300333,
        33.55468002957503
       ],
       [
        -84.7175228111228,
        33.5547925959276
       ],
       [
        -84.71659805473206,
        33.55132138314438
       ],
       [
        -84.72096408319808,
        33.55131638019538
       ],
       [
        -84.72275994117194,
        33.550178209297215
       ],
       [
        -84.72402451134451,
        33.54839132267833
       ],
       [
        -84.72327018787219,
        33.54521778536079
       ],
       [
        -84.72679878051677,
        33.54524613540514
       ],
       [
        -84.72584982685983,
        33.54426972652473
       ],
       [
        -84.72599816662216,
        33.54309736880837
       ],
       [
        -84.72539639113239,
        33.54040828371929
       ],
       [
        -84.7237678099118,
        33.542235193930196
       ],
       [
        -84.72452423749424,
        33.542939775914775
       ],
       [
        -84.72342589201989,
        33.5437660963251
       ],
       [
        -84.72269576581377,
        33.5430982026332
       ],
       [
        -84.72110821474021,
        33.54437061932962
       ],
       [
        -84.72101984211584,
        33.54848721253421
       ],
       [
        -84.71066972451372,
        33.548448022767026
       ],
       [
        -84.71077387796387,
        33.54439896937397
       ],
       [
        -84.70389975025375,
        33.54439980319881
       ],
       [
        -84.70467511482711,
        33.54587317168017
       ],
       [
        -84.70505595875596,
        33.54897166476267
       ],
       [
        -84.70271934448535,
        33.549428600771606
       ],
       [
        -84.70091086185086,
        33.54911424880925
       ],
       [
        -84.70108760709961,
        33.54838381825482
       ],
       [
        -84.70338213916814,
        33.54841967272267
       ],
       [
        -84.7033916076636,
        33.54747911831012
       ],
       [
        -84.70246159099759,
        33.54438896347597
       ],
       [
        -84.6978051953372,
        33.54438312670213
       ],
       [
        -84.69768526106125,
        33.5394076939187
       ],
       [
        -84.69544122763523,
        33.53939518654619
       ],
       [
        -84.69538967693768,
        33.5443797914028
       ],
       [
        -84.69231136385537,
        33.54437562227862
       ],
       [
        -84.69235344605744,
        33.53921091125791
       ],
       [
        -84.6913823992444,
        33.53921007743308
       ],
       [
        -84.6913582019782,
        33.54090024037124
       ],
       [
        -84.68996107286907,
        33.540896071247076
       ],
       [
        -84.68999263452064,
        33.54024568787669
       ],
       [
        -84.67373207163607,
        33.540430796989796
       ],
       [
        -84.67378467438867,
        33.53620830803131
       ],
       [
        -84.68238312032912,
        33.536169952088954
       ],
       [
        -84.68232525730126,
        33.532592843551846
       ],
       [
        -84.68636199253599,
        33.532541980236985
       ],
       [
        -84.68630938978339,
        33.52921918827419
       ],
       [
        -84.6859601075061,
        33.52859965642266
       ],
       [
        -84.68312481914082,
        33.5273138985289
       ],
       [
        -84.68108698850499,
        33.527087931998935
       ],
       [
        -84.6800444019484,
        33.52767077555778
       ],
       [
        -84.68001073618673,
        33.52354667792968
       ],
       [
        -84.68108172822973,
        33.522346803993806
       ],
       [
        -84.68465555924156,
        33.526669351932355
       ],
       [
        -84.68497748808748,
        33.527273041112046
       ],
       [
        -84.68639145007745,
        33.526647672486675
       ],
       [
        -84.68771598738799,
        33.52930423840724
       ],
       [
        -84.68999473863073,
        33.5304248989839
       ],
       [
        -84.68999579068578,
        33.528079349726355
       ],
       [
        -84.6997514971835,
        33.5281001953472
       ],
       [
        -84.69975465334865,
        33.52197825341725
       ],
       [
        -84.70200184293984,
        33.52201077258577
       ],
       [
        -84.70307388703789,
        33.52369176345076
       ],
       [
        -84.70272776092575,
        33.5263008013558
       ],
       [
        -84.7033916076636,
        33.5264066971097
       ],
       [
        -84.7044426106606,
        33.52433464239765
       ],
       [
        -84.70485922446122,
        33.52258277642178
       ],
       [
        -84.7058428959349,
        33.522577773472776
       ],
       [
        -84.70734733465933,
        33.52364173396074
       ],
       [
        -84.70737258398059,
        33.520007091510095
       ],
       [
        -84.70815426088426,
        33.52000625768526
       ],
       [
        -84.70797751563552,
        33.51803592960293
       ],
       [
        -84.70862873771273,
        33.51725213425914
       ],
       [
        -84.71141247538047,
        33.51504083079983
       ],
       [
        -84.71310417990418,
        33.51518341484642
       ],
       [
        -84.71490319404319,
        33.51472814648715
       ],
       [
        -84.71644235058434,
        33.51394101584402
       ],
       [
        -84.71861484426684,
        33.512211663138665
       ],
       [
        -84.72100511334511,
        33.51191232002332
       ],
       [
        -84.72100406129006,
        33.51071494756195
       ],
       [
        -84.7367407007587,
        33.51070660931361
       ],
       [
        -84.73688378024578,
        33.50409271073171
       ],
       [
        -84.73205063933663,
        33.50354572164073
       ],
       [
        -84.7320537955018,
        33.503077112084114
       ],
       [
        -84.74569053308653,
        33.503428152339154
       ],
       [
        -84.7506436082716,
        33.50334476985577
       ],
       [
        -84.75060468223468,
        33.51075497115397
       ],
       [
        -84.79522654521254,
        33.51090005667506
       ],
       [
        -84.851158,
        33.51105764956865
       ],
       [
        -84.84912963785963,
        33.51307717331618
       ],
       [
        -84.84577042607843,
        33.51450134613235
       ],
       [
        -84.84297406375006,
        33.514849051088056
       ],
       [
        -84.84026186582587,
        33.514576390367395
       ],
       [
        -84.83275019275419,
        33.51316138962439
       ],
       [
        -84.82954247690047,
        33.51317806612107
       ],
       [
        -84.82805381900182,
        33.513375682606686
       ],
       [
        -84.82460202637603,
        33.51489908057808
       ],
       [
        -84.82272516016316,
        33.51610062216363
       ],
       [
        -84.82083777339977,
        33.516865239536244
       ],
       [
        -84.81839805773406,
        33.518358619813625
       ],
       [
        -84.81551753100153,
        33.52105270785171
       ],
       [
        -84.81487998563999,
        33.521955740146744
       ],
       [
        -84.814840007548,
        33.52366674870575
       ],
       [
        -84.81527555833955,
        33.52451975151075
       ],
       [
        -84.81751643560044,
        33.5274222957573
       ],
       [
        -84.82144375710976,
        33.53089684383985
       ],
       [
        -84.82283878210878,
        33.53310814729915
       ],
       [
        -84.824238015328,
        33.536253334572336
       ],
       [
        -84.82505967032367,
        33.538534679317685
       ],
       [
        -84.82610015277015,
        33.5401422935973
       ],
       [
        -84.82733947362148,
        33.54130714689015
       ],
       [
        -84.8300422030502,
        33.54270964026064
       ],
       [
        -84.83117947456147,
        33.543525120948125
       ],
       [
        -84.83305634077433,
        33.54574726413026
       ],
       [
        -84.83317206683006,
        33.54709889418589
       ],
       [
        -84.8326555077995,
        33.5484596963147
       ],
       [
        -84.83078284980685,
        33.55077272640373
       ],
       [
        -84.82940570974371,
        33.551845025140025
       ],
       [
        -84.8280254135154,
        33.55359438964139
       ],
       [
        -84.82651992273593,
        33.560017342336344
       ],
       [
        -84.82585712805313,
        33.561785884808884
       ],
       [
        -84.82398236595036,
        33.56411392374493
       ],
       [
        -84.82155317083517,
        33.56577490281391
       ],
       [
        -84.81785835349235,
        33.56779025743726
       ],
       [
        -84.81586470916871,
        33.56907601533102
       ],
       [
        -84.81165648896048,
        33.57067612518713
       ],
       [
        -84.81016151873152,
        33.57188517119617
       ],
       [
        -84.80898426912827,
        33.574682653513655
       ],
       [
        -84.80816577029776,
        33.580573625964625
       ],
       [
        -84.80618475063474,
        33.585941790244796
       ],
       [
        -84.80502328185727,
        33.587339280666285
       ],
       [
        -84.80130952752353,
        33.59020263514564
       ],
       [
        -84.7997872038632,
        33.592273022208026
       ],
       [
        -84.79741376766576,
        33.59490123808424
       ],
       [
        -84.7958462056382,
        33.59634625652126
       ],
       [
        -84.79356535028535,
        33.597449406776406
       ],
       [
        -84.79056383722184,
        33.59849168781869
       ],
       [
        -84.7866544006484,
        33.600816391455396
       ],
       [
        -84.78512892082291,
        33.60206212575713
       ],
       [
        -84.78355189029989,
        33.603882365369365
       ],
       [
        -84.77766248611849,
        33.60839502537003
       ],
       [
        -84.77556048012448,
        33.60969662593563
       ],
       [
        -84.77246638621638,
        33.611303406390405
       ],
       [
        -84.77092722967522,
        33.61170030701131
       ],
       [
        -84.76497154602555,
        33.61363061150161
       ],
       [
        -84.76227092070692,
        33.6151957007147
       ],
       [
        -84.76076437787238,
        33.61693672696773
       ],
       [
        -84.75912632815633,
        33.6198817962808
       ],
       [
        -84.7572947003107,
        33.62268928449629
       ],
       [
        -84.7545298996339,
        33.62578360845461
       ],
       [
        -84.75292551567951,
        33.62870032772333
       ],
       [
        -84.75294024445024,
        33.63070317497418
       ],
       [
        -84.75126852897253,
        33.631933900428905
       ],
       [
        -84.74944952578753,
        33.63197725932026
       ],
       [
        -84.74708661014061,
        33.6305264041094
       ],
       [
        -84.74487519042118,
        33.628339281570284
       ],
       [
        -84.74370425314825,
        33.62680837917538
       ],
       [
        -84.74298675160274,
        33.624622090461095
       ],
       [
        -84.74184106365107,
        33.62363317420817
       ],
       [
        -84.74006624677824,
        33.62320708971809
       ],
       [
        -84.73840820801621,
        33.62329297367597
       ],
       [
        -84.73630514996715,
        33.624281889928895
       ],
       [
        -84.73447878239678,
        33.62595370872071
       ],
       [
        -84.73221265581465,
        33.62942825680326
       ],
       [
        -84.7313952090392,
        33.631384409863415
       ],
       [
        -84.73098069934869,
        33.63502572291272
       ],
       [
        -84.73003384980184,
        33.63650993111693
       ],
       [
        -84.72789712599112,
        33.63803166143866
       ],
       [
        -84.72435590868591,
        33.639635106594106
       ],
       [
        -84.71997935966935,
        33.64081663638364
       ],
       [
        -84.71698521099121,
        33.64183973945474
       ],
       [
        -84.7141614952315,
        33.643246401949405
       ],
       [
        -84.71183960973161,
        33.645620301251306
       ],
       [
        -84.70903693507293,
        33.64716371101871
       ],
       [
        -84.70514012316012,
        33.647965850508854
       ],
       [
        -84.70238689508889,
        33.6481617993448
       ],
       [
        -84.69881201202202,
        33.64884636953337
       ],
       [
        -84.69303412567612,
        33.649480910231915
       ],
       [
        -84.68754555446955,
        33.650470660309665
       ],
       [
        -84.6845251044151,
        33.6515537987688
       ],
       [
        -84.68256933407334,
        33.65267112404613
       ],
       [
        -84.6804284020424,
        33.653504115055114
       ],
       [
        -84.67682721759921,
        33.655250144257145
       ],
       [
        -84.6749251020651,
        33.65634328861429
       ],
       [
        -84.67159429577029,
        33.656732684811686
       ],
       [
        -84.6689304923785,
        33.65670767006667
       ],
       [
        -84.66468965846366,
        33.65704870442371
       ],
       [
        -84.66333671566672,
        33.65695364839265
       ]
      ]
     ],
     [
      [
       [
        -84.67999074714075,
        33.51143537221837
       ],
       [
        -84.68994423998824,
        33.511607973958974
       ],
       [
        -84.69960946975146,
        33.51151958852659
       ],
       [
        -84.69972940402741,
        33.52001292828393
       ],
       [
        -84.68984955503355,
        33.52001876505777
       ],
       [
        -84.68985481530882,
        33.51668596719697
       ],
       [
        -84.68514581689581,
        33.51853789215289
       ],
       [
        -84.68493224972025,
        33.520003756210755
       ],
       [
        -84.68190653939054,
        33.51996873556774
       ],
       [
        -84.6821485120525,
        33.517673215800215
       ],
       [
        -84.6810733117893,
        33.51277866402567
       ],
       [
        -84.67999074714075,
        33.51143537221837
       ]
      ]
     ],
     [
      [
       [
        -84.66442243648044,
        33.540580051635054
       ],
       [
        -84.66397531308331,
        33.53562713212214
       ],
       [
        -84.66513046953047,
        33.535120166623166
       ],
       [
        -84.66513152158552,
        33.538262018597024
       ],
       [
        -84.66434037618637,
        33.53824617592518
       ],
       [
        -84.66498318182317,
        33.539104181679186
       ],
       [
        -84.66442243648044,
        33.540580051635054
       ]
      ]
     ],
     [
      [
       [
        -84.67999074714075,
        33.51143537221837
       ],
       [
        -84.67944052234851,
        33.51091923464624
       ],
       [
        -84.67999074714075,
        33.51143537221837
       ],
       [
        -84.67999074714075,
        33.51143537221837
       ]
      ]
     ]
    ]
   }
  },
  {
   "type": "Feature",
   "properties": {
    "name": "College Park",
    "geoid": "1317776"
   },
   "geometry": {
    "type": "Polygon",
    "coordinates": [
     [
      [
       -84.48651256279256,
       33.633331390850394
      ],
      [
       -84.48673349435349,
       33.63510577009677
      ],
      [
       -84.48721112734712,
       33.635108271571276
      ],
      [
       -84.48712275472275,
       33.64097673075173
      ],
      [
       -84.48669667242667,
       33.64199566469867
      ],
      [
       -84.48702596565796,
       33.6429036999427
      ],
      [
       -84.48673665051865,
       33.6495692956643
      ],
      [
       -84.4868408039688,
       33.65227505725006
      ],
      [
       -84.48396974573174,
       33.651868150731154
      ],
      [
       -84.47922392539192,
       33.65170638871339
      ],
      [
       -84.47651172746772,
       33.652566895941895
      ],
      [
       -84.47493785310985,
       33.65362668730569
      ],
      [
       -84.473304011614,
       33.65372090951191
      ],
      [
       -84.4741908940229,
       33.65483823478924
      ],
      [
       -84.47424875705076,
       33.656951146918146
      ],
      [
       -84.47339659245858,
       33.65707288534389
      ],
      [
       -84.4732514088614,
       33.66129120517821
      ],
      [
       -84.46957026823426,
       33.66267368675269
      ],
      [
       -84.46678337440137,
       33.664935853526856
      ],
      [
       -84.46468347251746,
       33.667795872706876
      ],
      [
       -84.46335577904178,
       33.667754181465185
      ],
      [
       -84.46251097883498,
       33.668377882440886
      ],
      [
       -84.46199336774937,
       33.66735227789528
      ],
      [
       -84.46119275385475,
       33.66783172717473
      ],
      [
       -84.45902657250257,
       33.66810939084439
      ],
      [
       -84.45789876948677,
       33.66772666524567
      ],
      [
       -84.45789456126656,
       33.667037092108096
      ],
      [
       -84.45614288960489,
       33.66735894849395
      ],
      [
       -84.45527178802179,
       33.66808687757388
      ],
      [
       -84.45434703163103,
       33.66763160921461
      ],
      [
       -84.44150564766565,
       33.66758241354942
      ],
      [
       -84.44079761461562,
       33.66946935914836
      ],
      [
       -84.43958564719564,
       33.66908163060063
      ],
      [
       -84.43824427700427,
       33.6678950978621
      ],
      [
       -84.43739737268737,
       33.667603259170264
      ],
      [
       -84.43702704930905,
       33.66560875016775
      ],
      [
       -84.43502709265509,
       33.66560791634292
      ],
      [
       -84.43486402412202,
       33.66333907897008
      ],
      [
       -84.43592028739428,
       33.66377933848234
      ],
      [
       -84.43812223861823,
       33.66379601497902
      ],
      [
       -84.43803281393882,
       33.661659755754755
      ],
      [
       -84.43598972302772,
       33.661748975011974
      ],
      [
       -84.43522698311499,
       33.66220924632025
      ],
      [
       -84.43537953109752,
       33.66043236559937
      ],
      [
       -84.43469148709349,
       33.660393175832176
      ],
      [
       -84.43470411175412,
       33.656725180388186
      ],
      [
       -84.42842649925849,
       33.65660927873628
      ],
      [
       -84.42841492665292,
       33.64953677649578
      ],
      [
       -84.4285274965435,
       33.64876715617416
      ],
      [
       -84.4382284961785,
       33.64875798410099
      ],
      [
       -84.43832738935339,
       33.64580874566375
      ],
      [
       -84.4381274988935,
       33.64210906487607
      ],
      [
       -84.43472725696526,
       33.64120936788037
      ],
      [
       -84.43502709265509,
       33.64090919094019
      ],
      [
       -84.43532692834492,
       33.63250923956424
      ],
      [
       -84.43742683022883,
       33.63250923956424
      ],
      [
       -84.43752572340372,
       33.62832760802261
      ],
      [
       -84.4406092967613,
       33.62832927567228
      ],
      [
       -84.43982656780257,
       33.62727532108232
      ],
      [
       -84.43846941678541,
       33.626678302501304
      ],
      [
       -84.43912695119295,
       33.6262096929447
      ],
      [
       -84.44280388359988,
       33.6262171973682
      ],
      [
       -84.44281545620545,
       33.624090944041946
      ],
      [
       -84.44616099127099,
       33.62409177786678
      ],
      [
       -84.447009999698,
       33.62280435232336
      ],
      [
       -84.4436592043572,
       33.62271096394197
      ],
      [
       -84.44362869476069,
       33.61993099194599
      ],
      [
       -84.44056826661426,
       33.61999436263336
      ],
      [
       -84.44097962013961,
       33.62077565650266
      ],
      [
       -84.4388165949526,
       33.620838193365195
      ],
      [
       -84.43850623871224,
       33.62151359148059
      ],
      [
       -84.43865773463973,
       33.61616960812061
      ],
      [
       -84.43839682498682,
       33.614583673286674
      ],
      [
       -84.43942678688279,
       33.614010001801006
      ],
      [
       -84.44126683116883,
       33.614010001801006
      ],
      [
       -84.44128682021481,
       33.61332293013793
      ],
      [
       -84.44276495756296,
       33.61298106195606
      ],
      [
       -84.44272708358108,
       33.614010001801006
      ],
      [
       -84.44472704023504,
       33.614010001801006
      ],
      [
       -84.44482172518973,
       33.60813820732121
      ],
      [
       -84.44632932007931,
       33.60806816603517
      ],
      [
       -84.44654393930993,
       33.60929138706639
      ],
      [
       -84.44753287105887,
       33.61118917238817
      ],
      [
       -84.45105094315294,
       33.61085897775398
      ],
      [
       -84.45095204997804,
       33.603993264072265
      ],
      [
       -84.4546395029355,
       33.603905712464716
      ],
      [
       -84.45482676873476,
       33.61060966412867
      ],
      [
       -84.45483202901002,
       33.614717919084924
      ],
      [
       -84.4555085004085,
       33.615558414517416
      ],
      [
       -84.45690457746258,
       33.615174855093855
      ],
      [
       -84.4568382979943,
       33.61617627871928
      ],
      [
       -84.45807656679057,
       33.61617627871928
      ],
      [
       -84.45809129556129,
       33.61379487499388
      ],
      [
       -84.4631159104899,
       33.61384073535974
      ],
      [
       -84.4645182998743,
       33.613669801268806
      ],
      [
       -84.46454565330565,
       33.611246706301706
      ],
      [
       -84.4631074940495,
       33.61125921367422
      ],
      [
       -84.46311065021465,
       33.60624459112359
      ],
      [
       -84.47152288241088,
       33.606336311855316
      ],
      [
       -84.47038561089961,
       33.6073911002701
      ],
      [
       -84.47122515083115,
       33.608038982165986
      ],
      [
       -84.46942298052699,
       33.60832998703299
      ],
      [
       -84.46874966529366,
       33.60961991405092
      ],
      [
       -84.46973859704259,
       33.609625750824755
      ],
      [
       -84.47046346297346,
       33.61082729241029
      ],
      [
       -84.4703792985693,
       33.61244074346374
      ],
      [
       -84.47155970433771,
       33.613561404040404
      ],
      [
       -84.47165544134744,
       33.61470791318691
      ],
      [
       -84.4734555075415,
       33.61506228874129
      ],
      [
       -84.4734292061652,
       33.614436086291086
      ],
      [
       -84.4777016017316,
       33.61461035568136
      ],
      [
       -84.47733653862853,
       33.616046202045204
      ],
      [
       -84.47813084019283,
       33.61643393059293
      ],
      [
       -84.47830548133147,
       33.61878781809882
      ],
      [
       -84.47996036392836,
       33.61879782399683
      ],
      [
       -84.47999718585518,
       33.616462280637286
      ],
      [
       -84.48063893943694,
       33.61647228653529
      ],
      [
       -84.4823338001258,
       33.6136080982311
      ],
      [
       -84.48772137404737,
       33.61359308938409
      ],
      [
       -84.48768981239581,
       33.61238904632405
      ],
      [
       -84.49693316808316,
       33.61237070217771
      ],
      [
       -84.49695105301905,
       33.61001764849665
      ],
      [
       -84.49977687288887,
       33.61001931614632
      ],
      [
       -84.49989575510975,
       33.61078726881827
      ],
      [
       -84.50366947658148,
       33.61064301712202
      ],
      [
       -84.50373786015986,
       33.612536633319635
      ],
      [
       -84.50708655139054,
       33.612340684483684
      ],
      [
       -84.50716755962956,
       33.606704028607034
      ],
      [
       -84.50759469398069,
       33.60660980640081
      ],
      [
       -84.50701816781216,
       33.604195049682055
      ],
      [
       -84.50981137397537,
       33.60471118725419
      ],
      [
       -84.51049626181425,
       33.60821908833009
      ],
      [
       -84.5109233961654,
       33.609524024195025
      ],
      [
       -84.51203752246552,
       33.60952819331919
      ],
      [
       -84.51205435534635,
       33.60815738529239
      ],
      [
       -84.51300015283815,
       33.609137963296966
      ],
      [
       -84.51300856927857,
       33.61081895416196
      ],
      [
       -84.51427524356124,
       33.610813951212954
      ],
      [
       -84.51431206548807,
       33.61206885758786
      ],
      [
       -84.51542408767808,
       33.611963795658795
      ],
      [
       -84.51538621369622,
       33.61089483222183
      ],
      [
       -84.51665499208899,
       33.61043622856323
      ],
      [
       -84.51824885549286,
       33.611723654106655
      ],
      [
       -84.51892848305648,
       33.611392625647625
      ],
      [
       -84.51985744766745,
       33.61233318006018
      ],
      [
       -84.51694956750356,
       33.613777364672366
      ],
      [
       -84.51836458154858,
       33.616189619916625
      ],
      [
       -84.52500515303716,
       33.6162138008368
      ],
      [
       -84.524699005017,
       33.61801736395237
      ],
      [
       -84.52494097767898,
       33.619022122877126
      ],
      [
       -84.52046027521227,
       33.61911968038268
      ],
      [
       -84.5203960998541,
       33.62073313143613
      ],
      [
       -84.51648455917056,
       33.620718122589125
      ],
      [
       -84.51554612606412,
       33.62040960740061
      ],
      [
       -84.51549036714637,
       33.621993040760046
      ],
      [
       -84.51494645468445,
       33.62199637605938
      ],
      [
       -84.51334733100533,
       33.61933230571531
      ],
      [
       -84.51426367095567,
       33.61896292131392
      ],
      [
       -84.51175557171157,
       33.61890288592589
      ],
      [
       -84.5106951002191,
       33.617998185981186
      ],
      [
       -84.50883717099717,
       33.619443204418204
      ],
      [
       -84.50703815685816,
       33.62043378832079
      ],
      [
       -84.50707918700519,
       33.61898626840927
      ],
      [
       -84.50590193740193,
       33.61911968038268
      ],
      [
       -84.50578831545631,
       33.61855267949568
      ],
      [
       -84.50711811304211,
       33.617396164451165
      ],
      [
       -84.50704867740868,
       33.61591195624696
      ],
      [
       -84.50029343191943,
       33.61481380894081
      ],
      [
       -84.50043019907619,
       33.61727192455093
      ],
      [
       -84.50200302137902,
       33.6172835980986
      ],
      [
       -84.50197251178251,
       33.62006773921874
      ],
      [
       -84.50064587036186,
       33.620148620227624
      ],
      [
       -84.50020926751526,
       33.62147273406374
      ],
      [
       -84.49476383056583,
       33.62202305845406
      ],
      [
       -84.49490480594281,
       33.624232694263696
      ],
      [
       -84.49278281090281,
       33.62419517214617
      ],
      [
       -84.4929805972526,
       33.62218732194633
      ],
      [
       -84.49146563797764,
       33.62232740451841
      ],
      [
       -84.4914993037393,
       33.621118358509364
      ],
      [
       -84.49081652001051,
       33.620628903331905
      ],
      [
       -84.48593393251393,
       33.62078232710133
      ],
      [
       -84.4860223051383,
       33.621496914983915
      ],
      [
       -84.48513226656426,
       33.6223148971459
      ],
      [
       -84.4863010997271,
       33.62232323539424
      ],
      [
       -84.48657463404064,
       33.62443197839898
      ],
      [
       -84.48689025055624,
       33.624512859407865
      ],
      [
       -84.48688393822594,
       33.6280908017698
      ],
      [
       -84.48612856269857,
       33.62808996794497
      ],
      [
       -84.48613592708392,
       33.62719610772311
      ],
      [
       -84.48545314335514,
       33.62719610772311
      ],
      [
       -84.48548575706175,
       33.6289312972023
      ],
      [
       -84.4841044087784,
       33.62903635913136
      ],
      [
       -84.48412018960418,
       33.62303115267815
      ],
      [
       -84.48373724156524,
       33.62306784097084
      ],
      [
       -84.483692003198,
       33.621307636746636
      ],
      [
       -84.48327749350749,
       33.62132598089298
      ],
      [
       -84.48332167981968,
       33.62310703073803
      ],
      [
       -84.47867054443455,
       33.623599821214825
      ],
      [
       -84.47901772260172,
       33.62425270605971
      ],
      [
       -84.47885675817875,
       33.630713180872185
      ],
      [
       -84.47736599617,
       33.63072902354403
      ],
      [
       -84.47734495506896,
       33.63324467306767
      ],
      [
       -84.48651256279256,
       33.633331390850394
      ]
     ]
    ]
   }
  },
  {
   "type": "Feature",
   "properties": {
    "name": "East Point",
    "geoid": "1325720"
   },
   "geometry": {
    "type": "Polygon",
    "coordinates": [
     [
      [
       -84.52590045188646,
       33.656920295399296
      ],
      [
       -84.5259299094279,
       33.656740189235194
      ],
      [
       -84.52191631940431,
       33.65669766416867
      ],
      [
       -84.52180585362385,
       33.65584215988916
      ],
      [
       -84.51923042285642,
       33.655808806895806
      ],
      [
       -84.51561976991776,
       33.6550616998447
      ],
      [
       -84.51559136443136,
       33.65612399268299
      ],
      [
       -84.50797974612975,
       33.65430291924592
      ],
      [
       -84.50623123063323,
       33.65417034109734
      ],
      [
       -84.50673411294811,
       33.66624996146496
      ],
      [
       -84.49789159023558,
       33.66606485235185
      ],
      [
       -84.49215052581653,
       33.66606818765119
      ],
      [
       -84.49216841075241,
       33.67394866615567
      ],
      [
       -84.48783710010309,
       33.673932823483824
      ],
      [
       -84.48660724774724,
       33.67431388143288
      ],
      [
       -84.4865357080037,
       33.689980616235616
      ],
      [
       -84.48218546036345,
       33.69108793561494
      ],
      [
       -84.48217283570284,
       33.692711392566395
      ],
      [
       -84.4763412945493,
       33.69262967773268
      ],
      [
       -84.4764486041646,
       33.697756032811036
      ],
      [
       -84.47260123883923,
       33.6978610947401
      ],
      [
       -84.46994059161258,
       33.69768932682433
      ],
      [
       -84.4683141145021,
       33.69783691381991
      ],
      [
       -84.46579444265244,
       33.69766764737865
      ],
      [
       -84.46068355920956,
       33.69767181650282
      ],
      [
       -84.4588087971068,
       33.698769963808964
      ],
      [
       -84.45616077454078,
       33.69935280736781
      ],
      [
       -84.45421447269447,
       33.699242742489744
      ],
      [
       -84.44968853186053,
       33.698120414263414
      ],
      [
       -84.44944866330866,
       33.705629840716846
      ],
      [
       -84.44292802609603,
       33.70570738642639
      ],
      [
       -84.44304059598659,
       33.70110967629268
      ],
      [
       -84.4378970988371,
       33.70101712173612
      ],
      [
       -84.43791182760782,
       33.69991730678031
      ],
      [
       -84.42929444467644,
       33.6997964021794
      ],
      [
       -84.42961321735721,
       33.69741833375333
      ],
      [
       -84.42549547388347,
       33.69722905551606
      ],
      [
       -84.42319357742957,
       33.697330782145784
      ],
      [
       -84.41541889059489,
       33.69718903192403
      ],
      [
       -84.41554618925619,
       33.692172741723745
      ],
      [
       -84.41684337313538,
       33.69218107997208
      ],
      [
       -84.41693805809005,
       33.68137137482638
      ],
      [
       -84.41512852340053,
       33.68134385860686
      ],
      [
       -84.41504856721657,
       33.67941021881722
      ],
      [
       -84.4155283043203,
       33.67750826437127
      ],
      [
       -84.41722737322937,
       33.67740820539121
      ],
      [
       -84.41822682552882,
       33.67690791049091
      ],
      [
       -84.41832677075877,
       33.673108170723175
      ],
      [
       -84.41887594349595,
       33.673117342796345
      ],
      [
       -84.41896852434053,
       33.66542280722981
      ],
      [
       -84.42358178574378,
       33.665461996996996
      ],
      [
       -84.42361229534029,
       33.66355587342687
      ],
      [
       -84.42608462471263,
       33.66288797973498
      ],
      [
       -84.42828973210173,
       33.66292883715184
      ],
      [
       -84.42835390745991,
       33.658970670665674
      ],
      [
       -84.42935546386946,
       33.658978175089175
      ],
      [
       -84.42968054888055,
       33.65747395508896
      ],
      [
       -84.42854748558949,
       33.6574305961976
      ],
      [
       -84.42842649925849,
       33.65660927873628
      ],
      [
       -84.43470411175412,
       33.656725180388186
      ],
      [
       -84.43469148709349,
       33.660393175832176
      ],
      [
       -84.43537953109752,
       33.66043236559937
      ],
      [
       -84.43522698311499,
       33.66220924632025
      ],
      [
       -84.43598972302772,
       33.661748975011974
      ],
      [
       -84.43803281393882,
       33.661659755754755
      ],
      [
       -84.43812223861823,
       33.66379601497902
      ],
      [
       -84.43592028739428,
       33.66377933848234
      ],
      [
       -84.43486402412202,
       33.66333907897008
      ],
      [
       -84.43502709265509,
       33.66560791634292
      ],
      [
       -84.43702704930905,
       33.66560875016775
      ],
      [
       -84.43739737268737,
       33.667603259170264
      ],
      [
       -84.43824427700427,
       33.6678950978621
      ],
      [
       -84.43958564719564,
       33.66908163060063
      ],
      [
       -84.44079761461562,
       33.66946935914836
      ],
      [
       -84.44150564766565,
       33.66758241354942
      ],
      [
       -84.45434703163103,
       33.66763160921461
      ],
      [
       -84.45527178802179,
       33.66808687757388
      ],
      [
       -84.45614288960489,
       33.66735894849395
      ],
      [
       -84.45789456126656,
       33.667037092108096
      ],
      [
       -84.45789876948677,
       33.66772666524567
      ],
      [
       -84.45902657250257,
       33.66810939084439
      ],
      [
       -84.46119275385475,
       33.66783172717473
      ],
      [
       -84.46199336774937,
       33.66735227789528
      ],
      [
       -84.46251097883498,
       33.668377882440886
      ],
      [
       -84.46335577904178,
       33.667754181465185
      ],
      [
       -84.46468347251746,
       33.667795872706876
      ],
      [
       -84.46678337440137,
       33.664935853526856
      ],
      [
       -84.46957026823426,
       33.66267368675269
      ],
      [
       -84.4732514088614,
       33.66129120517821
      ],
      [
       -84.47339659245858,
       33.65707288534389
      ],
      [
       -84.47424875705076,
       33.656951146918146
      ],
      [
       -84.4741908940229,
       33.65483823478924
      ],
      [
       -84.473304011614,
       33.65372090951191
      ],
      [
       -84.47493785310985,
       33.65362668730569
      ],
      [
       -84.47651172746772,
       33.652566895941895
      ],
      [
       -84.47922392539192,
       33.65170638871339
      ],
      [
       -84.48396974573174,
       33.651868150731154
      ],
      [
       -84.4868408039688,
       33.65227505725006
      ],
      [
       -84.48673665051865,
       33.6495692956643
      ],
      [
       -84.48702596565796,
       33.6429036999427
      ],
      [
       -84.48669667242667,
       33.64199566469867
      ],
      [
       -84.48712275472275,
       33.64097673075173
      ],
      [
       -84.48721112734712,
       33.635108271571276
      ],
      [
       -84.48673349435349,
       33.63510577009677
      ],
      [
       -84.48651256279256,
       33.633331390850394
      ],
      [
       -84.48752463975264,
       33.63188387093887
      ],
      [
       -84.48895859078858,
       33.63186802826703
      ],
      [
       -84.48973395536196,
       33.63332305260205
      ],
      [
       -84.49075760492761,
       33.63332138495239
      ],
      [
       -84.49029154453955,
       33.63218988465289
      ],
      [
       -84.49216525458725,
       33.63247922187023
      ],
      [
       -84.49678377626577,
       33.632483390994395
      ],
      [
       -84.4967437981738,
       33.628159175406175
      ],
      [
       -84.4987164013964,
       33.62812165328866
      ],
      [
       -84.49871219317619,
       33.62703267805568
      ],
      [
       -84.49677851599051,
       33.62705936045036
      ],
      [
       -84.49681323380723,
       33.6259928984879
      ],
      [
       -84.49870588084588,
       33.62596204696905
      ],
      [
       -84.49946336048336,
       33.625249960560964
      ],
      [
       -84.49946125637325,
       33.628273409408415
      ],
      [
       -84.500991996474,
       33.62828341530642
      ],
      [
       -84.50085417726217,
       33.63337891886592
      ],
      [
       -84.50432701098902,
       33.633371414442415
      ],
      [
       -84.50556738389538,
       33.63438367779068
      ],
      [
       -84.50683195406795,
       33.63336474384375
      ],
      [
       -84.50687508832509,
       33.62958584969685
      ],
      [
       -84.50843739007739,
       33.63143860847761
      ],
      [
       -84.50888977374977,
       33.63060561746862
      ],
      [
       -84.5094158012758,
       33.631531996858996
      ],
      [
       -84.50854575174775,
       33.63156368220268
      ],
      [
       -84.5092422121922,
       33.63271936342237
      ],
      [
       -84.50913595463196,
       33.63393924915425
      ],
      [
       -84.51103912222112,
       33.63392340648241
      ],
      [
       -84.51027638230838,
       33.632072315351316
      ],
      [
       -84.51124427295628,
       33.63205730650431
      ],
      [
       -84.5112568976169,
       33.63135522599423
      ],
      [
       -84.51399855308256,
       33.63121264194764
      ],
      [
       -84.51427945178145,
       33.63063563516264
      ],
      [
       -84.51580072338672,
       33.631239324342324
      ],
      [
       -84.51588173162573,
       33.635323398378404
      ],
      [
       -84.525750008014,
       33.63517164225865
      ],
      [
       -84.526052999869,
       33.63760974607275
      ],
      [
       -84.52312197449398,
       33.641727173102176
      ],
      [
       -84.52263908122508,
       33.64265438631739
      ],
      [
       -84.52585416146415,
       33.64371417768118
      ],
      [
       -84.52595621080421,
       33.644385406672406
      ],
      [
       -84.52970783911984,
       33.64434788455489
      ],
      [
       -84.52921758146557,
       33.642615196550196
      ],
      [
       -84.53055684754685,
       33.64260018770319
      ],
      [
       -84.53068204209804,
       33.64493406341307
      ],
      [
       -84.52848535114936,
       33.64485901917802
      ],
      [
       -84.52824232643232,
       33.64626401402302
      ],
      [
       -84.5298382939463,
       33.64709283590784
      ],
      [
       -84.53021492965493,
       33.64651082617383
      ],
      [
       -84.53207285887686,
       33.647669008868014
      ],
      [
       -84.53233482058482,
       33.64902230657331
      ],
      [
       -84.53307757145157,
       33.64902480804781
      ],
      [
       -84.53255785625585,
       33.64743970703871
      ],
      [
       -84.53454098002898,
       33.64613810647311
      ],
      [
       -84.53564879399879,
       33.64769735891236
      ],
      [
       -84.53558882686083,
       33.651524614899614
      ],
      [
       -84.53430531969732,
       33.65306468936769
      ],
      [
       -84.53241793293392,
       33.654598927061926
      ],
      [
       -84.53044217354618,
       33.657509809556814
      ],
      [
       -84.52955003086203,
       33.65697616166317
      ],
      [
       -84.52590045188646,
       33.656920295399296
      ]
     ]
    ]
   }
  },
  {
   "type": "Feature",
   "properties": {
    "name": "Fairburn",
    "geoid": "1328380"
   },
   "geometry": {
    "type": "Polygon",
    "coordinates": [
     [
      [
       -84.6320549107489,
       33.511241924856925
      ],
      [
       -84.6297246088086,
       33.514934935045936
      ],
      [
       -84.62790665767865,
       33.5174705963656
      ],
      [
       -84.62502297478098,
       33.520214713893715
      ],
      [
       -84.62187838223038,
       33.52221672731973
      ],
      [
       -84.62192151648752,
       33.52856963872864
      ],
      [
       -84.61662547135548,
       33.52862383734284
      ],
      [
       -84.616697011099,
       33.53049494026994
      ],
      [
       -84.6157975040295,
       33.52953270641171
      ],
      [
       -84.61427623242423,
       33.530737583296585
      ],
      [
       -84.6134693061993,
       33.52988291284191
      ],
      [
       -84.61181757976757,
       33.52984122160022
      ],
      [
       -84.61155351394952,
       33.52819274990375
      ],
      [
       -84.60738948005348,
       33.53005468075769
      ],
      [
       -84.60758831845831,
       33.53029232083532
      ],
      [
       -84.61162820985821,
       33.53105276908377
      ],
      [
       -84.6116702920603,
       33.53170982305283
      ],
      [
       -84.61305374445374,
       33.531698149505154
      ],
      [
       -84.61327151984952,
       33.532287663662665
      ],
      [
       -84.61468442978443,
       33.53255698908399
      ],
      [
       -84.61455397495797,
       33.53080595693296
      ],
      [
       -84.61609628766429,
       33.531066944105945
      ],
      [
       -84.61675697823698,
       33.531604761123766
      ],
      [
       -84.61732614002014,
       33.53305478250979
      ],
      [
       -84.61828877039277,
       33.53253614346315
      ],
      [
       -84.6202498010098,
       33.534595690802696
      ],
      [
       -84.62510293096493,
       33.53682783988284
      ],
      [
       -84.62595509555709,
       33.537623308774315
      ],
      [
       -84.62401405398606,
       33.537750883973885
      ],
      [
       -84.6214786013106,
       33.53830287601388
      ],
      [
       -84.61939027203228,
       33.539356830603836
      ],
      [
       -84.6161573068573,
       33.541453066236066
      ],
      [
       -84.61574279716679,
       33.54101113907414
      ],
      [
       -84.61176076879477,
       33.54348092823193
      ],
      [
       -84.61144094405894,
       33.5434951032541
      ],
      [
       -84.61131574950775,
       33.54079184314285
      ],
      [
       -84.61087178227578,
       33.54177408879709
      ],
      [
       -84.60770088834889,
       33.541811610914614
      ],
      [
       -84.60781240618441,
       33.545733922932925
      ],
      [
       -84.60310551188151,
       33.548779885050884
      ],
      [
       -84.60243745692345,
       33.54816118702419
      ],
      [
       -84.60107925385125,
       33.549803821946824
      ],
      [
       -84.59868477655277,
       33.54994307069407
      ],
      [
       -84.59837757647757,
       33.54495763201263
      ],
      [
       -84.59939175754775,
       33.54327997644698
      ],
      [
       -84.60103822370422,
       33.54173906815407
      ],
      [
       -84.60214708972909,
       33.5415156030986
      ],
      [
       -84.6022280979681,
       33.5384537983088
      ],
      [
       -84.60156004301004,
       33.53829620541521
      ],
      [
       -84.6006152975733,
       33.54042996316497
      ],
      [
       -84.59829762029362,
       33.54352762242262
      ],
      [
       -84.59756644203244,
       33.54520861328761
      ],
      [
       -84.59785575717176,
       33.54775594815495
      ],
      [
       -84.59793571335571,
       33.55063431148131
      ],
      [
       -84.60174415264414,
       33.55042418762319
      ],
      [
       -84.60236065690465,
       33.54973878360978
      ],
      [
       -84.60282987345788,
       33.5503358021908
      ],
      [
       -84.60461941910141,
       33.549194295993296
      ],
      [
       -84.60669407166407,
       33.55043002439702
      ],
      [
       -84.60832054877454,
       33.55106873421973
      ],
      [
       -84.61040572188772,
       33.55334340836641
      ],
      [
       -84.61195119075919,
       33.55296068276768
      ],
      [
       -84.61193751404352,
       33.5506017923128
      ],
      [
       -84.60815958435158,
       33.550660160051166
      ],
      [
       -84.60769247190846,
       33.54943693901994
      ],
      [
       -84.60823217615018,
       33.54908006199106
      ],
      [
       -84.6069918032438,
       33.54774927755628
      ],
      [
       -84.60825952958153,
       33.546931295394295
      ],
      [
       -84.60949885043284,
       33.54826708277808
      ],
      [
       -84.61110323438723,
       33.547239810582816
      ],
      [
       -84.61191752499752,
       33.54767423332124
      ],
      [
       -84.61198275241075,
       33.54420468818769
      ],
      [
       -84.615848002672,
       33.541653184196186
      ],
      [
       -84.61757652912253,
       33.5440395908706
      ],
      [
       -84.62179106166106,
       33.54196503468404
      ],
      [
       -84.62181736303737,
       33.544755012578015
      ],
      [
       -84.62806657004657,
       33.544773356724356
      ],
      [
       -84.62813705773506,
       33.54667697881998
      ],
      [
       -84.62184576852377,
       33.54670032591533
      ],
      [
       -84.62013407495408,
       33.547533316924316
      ],
      [
       -84.62292412495212,
       33.54893080734581
      ],
      [
       -84.62493249804649,
       33.55062263793364
      ],
      [
       -84.62796452070651,
       33.55095033109333
      ],
      [
       -84.62799292619293,
       33.55285228553929
      ],
      [
       -84.62714496982098,
       33.55285728848829
      ],
      [
       -84.62532596663597,
       33.55478592532893
      ],
      [
       -84.62353326482726,
       33.55527287903188
      ],
      [
       -84.62358165935966,
       33.55674291221391
      ],
      [
       -84.62249909471109,
       33.55892086267986
      ],
      [
       -84.6208642011602,
       33.56021912794613
      ],
      [
       -84.62087787787587,
       33.56117302355602
      ],
      [
       -84.62200042061642,
       33.56116802060702
      ],
      [
       -84.62206775213976,
       33.56629520951021
      ],
      [
       -84.62665892038692,
       33.56347438009738
      ],
      [
       -84.62676623000223,
       33.572652290043294
      ],
      [
       -84.6260603010623,
       33.572663129766134
      ],
      [
       -84.62607502983303,
       33.57529134564235
      ],
      [
       -84.62212456311256,
       33.57355698998799
      ],
      [
       -84.62209405351605,
       33.56956797198298
      ],
      [
       -84.62032975719376,
       33.5695562984353
      ],
      [
       -84.62033817363417,
       33.56794117973218
      ],
      [
       -84.6171799043679,
       33.567923669410675
      ],
      [
       -84.61697896185296,
       33.56646781125081
      ],
      [
       -84.61342511988713,
       33.566311886006886
      ],
      [
       -84.61345247331847,
       33.56951127189427
      ],
      [
       -84.61449611193011,
       33.56965468976569
      ],
      [
       -84.6174586989567,
       33.56937702609603
      ],
      [
       -84.61864752116551,
       33.57127814671715
      ],
      [
       -84.61637087403287,
       33.571393214544216
      ],
      [
       -84.61637718636318,
       33.574419998691
      ],
      [
       -84.6143625009385,
       33.57455841361342
      ],
      [
       -84.61432041873641,
       33.573420242715244
      ],
      [
       -84.61322943764743,
       33.57346693690594
      ],
      [
       -84.61324837463837,
       33.574605941628946
      ],
      [
       -84.61235097167896,
       33.57372959172859
      ],
      [
       -84.61236464839465,
       33.57468765646266
      ],
      [
       -84.61025317390518,
       33.57507288353589
      ],
      [
       -84.61026895473096,
       33.575890865697865
      ],
      [
       -84.61238148127548,
       33.57559902700603
      ],
      [
       -84.6124140949821,
       33.57770276706177
      ],
      [
       -84.61760703871904,
       33.57766941406842
      ],
      [
       -84.61768594284794,
       33.57866583474484
      ],
      [
       -84.61485696681297,
       33.579513000776004
      ],
      [
       -84.61487905996906,
       33.580247600454605
      ],
      [
       -84.61635614526215,
       33.5802450989801
      ],
      [
       -84.61640138362938,
       33.58155003484504
      ],
      [
       -84.61575963004763,
       33.58155003484504
      ],
      [
       -84.6134935034655,
       33.582809110344115
      ],
      [
       -84.61357977197977,
       33.58431333034433
      ],
      [
       -84.61471493938093,
       33.584124885931885
      ],
      [
       -84.6168001124941,
       33.585258053881056
      ],
      [
       -84.61601527942528,
       33.58569331044431
      ],
      [
       -84.61269078546079,
       33.5856758001228
      ],
      [
       -84.61269814984615,
       33.58609104489005
      ],
      [
       -84.61096436312036,
       33.586127733182735
      ],
      [
       -84.60925056544056,
       33.58557407349308
      ],
      [
       -84.60943362301963,
       33.58506794181894
      ],
      [
       -84.60743892664092,
       33.58502041380341
      ],
      [
       -84.60577352349353,
       33.586722250289256
      ],
      [
       -84.60521277815077,
       33.585599922062926
      ],
      [
       -84.6037925038305,
       33.58470189271689
      ],
      [
       -84.60379565999565,
       33.58691403000103
      ],
      [
       -84.60465729308329,
       33.58720336721837
      ],
      [
       -84.60468359445959,
       33.58906696572197
      ],
      [
       -84.60330435028635,
       33.589635634258634
      ],
      [
       -84.60277621865022,
       33.5883848970079
      ],
      [
       -84.60339693113093,
       33.58791628745129
      ],
      [
       -84.60357578048978,
       33.58674893268393
      ],
      [
       -84.5997441959902,
       33.589269585156586
      ],
      [
       -84.60213025684826,
       33.59107731739632
      ],
      [
       -84.60134857994458,
       33.59177606260707
      ],
      [
       -84.59982415217415,
       33.590736283039284
      ],
      [
       -84.59869950532351,
       33.59142835765136
      ],
      [
       -84.59614195949196,
       33.58930710727411
      ],
      [
       -84.5969878117538,
       33.588776794679795
      ],
      [
       -84.5957484909025,
       33.58734011449112
      ],
      [
       -84.59497102221903,
       33.588225636464635
      ],
      [
       -84.59398314252515,
       33.58741932785033
      ],
      [
       -84.59388635346035,
       33.59241310478011
      ],
      [
       -84.5891805112125,
       33.592448125423125
      ],
      [
       -84.58891013306413,
       33.59399487048987
      ],
      [
       -84.58708797371398,
       33.592680762551765
      ],
      [
       -84.58757191903791,
       33.59204538802839
      ],
      [
       -84.588766001522,
       33.590748790411794
      ],
      [
       -84.58807795751795,
       33.590099240866245
      ],
      [
       -84.58741831900032,
       33.591118174813175
      ],
      [
       -84.58424111274311,
       33.589061962772966
      ],
      [
       -84.58391918389718,
       33.58725673200773
      ],
      [
       -84.5809345037145,
       33.58717084804985
      ],
      [
       -84.58082088176889,
       33.58990162438063
      ],
      [
       -84.57949739651339,
       33.589948318571324
      ],
      [
       -84.57955525954125,
       33.5869131961762
      ],
      [
       -84.5773227987208,
       33.58446258498959
      ],
      [
       -84.5768861958742,
       33.58233883313783
      ],
      [
       -84.56805208960209,
       33.576212722083724
      ],
      [
       -84.56716415513816,
       33.57535888545389
      ],
      [
       -84.56491906965707,
       33.57218034518735
      ],
      [
       -84.56447825859026,
       33.57106135226035
      ],
      [
       -84.5639574913395,
       33.56777441476542
      ],
      [
       -84.56444354077354,
       33.56360195529696
      ],
      [
       -84.55481513293714,
       33.5636127950198
      ],
      [
       -84.55482986170786,
       33.56272393774694
      ],
      [
       -84.55483512198312,
       33.55661533701434
      ],
      [
       -84.5539335108035,
       33.556336839519844
      ],
      [
       -84.54976842485242,
       33.558128729087734
      ],
      [
       -84.54872268213069,
       33.55528205110505
      ],
      [
       -84.54822295598096,
       33.556356851315854
      ],
      [
       -84.54577377181977,
       33.55726321891022
      ],
      [
       -84.54535505390905,
       33.557049759752765
      ],
      [
       -84.53761613694614,
       33.557289901304905
      ],
      [
       -84.53533002131802,
       33.55660032816733
      ],
      [
       -84.53531108432708,
       33.55214770355471
      ],
      [
       -84.53629685991086,
       33.55170410874311
      ],
      [
       -84.5381127069307,
       33.55022990643691
      ],
      [
       -84.53942041136041,
       33.54963872462973
      ],
      [
       -84.54109843916844,
       33.5477200936871
      ],
      [
       -84.54385482340483,
       33.547782630549634
      ],
      [
       -84.54237247783648,
       33.54474917580418
      ],
      [
       -84.54195375992576,
       33.54246366193466
      ],
      [
       -84.54559807862607,
       33.543238285205284
      ],
      [
       -84.54576851154451,
       33.5409410977881
      ],
      [
       -84.54758856678457,
       33.54093526101426
      ],
      [
       -84.54758646267446,
       33.54000387867488
      ],
      [
       -84.54572748139748,
       33.539732051779055
      ],
      [
       -84.54716248448848,
       33.53938684829785
      ],
      [
       -84.54715617215817,
       33.53884486215586
      ],
      [
       -84.54521302647703,
       33.538245342100346
      ],
      [
       -84.5466375090175,
       33.538029381468384
      ],
      [
       -84.54666907066907,
       33.537479890902894
      ],
      [
       -84.5452487963488,
       33.53745904528205
      ],
      [
       -84.54527404567004,
       33.53691289001589
      ],
      [
       -84.5553117029217,
       33.537082990281995
      ],
      [
       -84.55544531391331,
       33.535758876445875
      ],
      [
       -84.55658574158974,
       33.535858935425935
      ],
      [
       -84.5568477032977,
       33.535160190215194
      ],
      [
       -84.55813647073647,
       33.53576721469422
      ],
      [
       -84.55921482716482,
       33.53698626660127
      ],
      [
       -84.56713259348659,
       33.54689877622578
      ],
      [
       -84.56876748703749,
       33.54991388682489
      ],
      [
       -84.56102225774426,
       33.553265862656865
      ],
      [
       -84.56120952354352,
       33.55355436604937
      ],
      [
       -84.56092336456936,
       33.557599250318255
      ],
      [
       -84.56225421421021,
       33.5582337910168
      ],
      [
       -84.5626034964875,
       33.555376273311275
      ],
      [
       -84.57116827666627,
       33.555247030462034
      ],
      [
       -84.57450434323634,
       33.55354602780103
      ],
      [
       -84.57964047600048,
       33.55270886766787
      ],
      [
       -84.57834434417634,
       33.551823345694345
      ],
      [
       -84.57739539051938,
       33.55020989464089
      ],
      [
       -84.57544277634277,
       33.54956284656985
      ],
      [
       -84.57380998690199,
       33.54964372757873
      ],
      [
       -84.57137763562163,
       33.549154272401275
      ],
      [
       -84.57106833143634,
       33.548803232146234
      ],
      [
       -84.57745746176747,
       33.54601825720126
      ],
      [
       -84.57707451372852,
       33.543985392256396
      ],
      [
       -84.57480417892617,
       33.54447734890835
      ],
      [
       -84.57480733509134,
       33.54266878284378
      ],
      [
       -84.57243810711411,
       33.54268379169079
      ],
      [
       -84.57235078654479,
       33.5398146004376
      ],
      [
       -84.5692082981043,
       33.53985795932896
      ],
      [
       -84.56909151999352,
       33.53946022488323
      ],
      [
       -84.56480018743619,
       33.53942603806504
      ],
      [
       -84.56492748609749,
       33.53454566131266
      ],
      [
       -84.56141888249888,
       33.53444393468294
      ],
      [
       -84.56024478906079,
       33.53406287673388
      ],
      [
       -84.56057303023702,
       33.531879923318925
      ],
      [
       -84.56403008313808,
       33.531604761123766
      ],
      [
       -84.56550822048622,
       33.53173233632334
      ],
      [
       -84.56571442327642,
       33.53049077114577
      ],
      [
       -84.5671389058169,
       33.53046909170009
      ],
      [
       -84.56737772231372,
       33.5290716012786
      ],
      [
       -84.56824777184177,
       33.528382861965866
      ],
      [
       -84.56932507621508,
       33.52837118841819
      ],
      [
       -84.5662877932798,
       33.52756487980388
      ],
      [
       -84.5662941056101,
       33.52606983187683
      ],
      [
       -84.57367427180027,
       33.524237084892086
      ],
      [
       -84.57390467185667,
       33.523935240302244
      ],
      [
       -84.57669577390978,
       33.52320230827331
      ],
      [
       -84.582804005542,
       33.522334296621295
      ],
      [
       -84.58575501996302,
       33.521393742208744
      ],
      [
       -84.59311624916225,
       33.519694407197406
      ],
      [
       -84.59304155325356,
       33.51914324898225
      ],
      [
       -84.5947258933919,
       33.51870715859416
      ],
      [
       -84.59687313775314,
       33.515937192496196
      ],
      [
       -84.59745913241713,
       33.51437126945827
      ],
      [
       -84.59980626723826,
       33.513290632473634
      ],
      [
       -84.6018967006267,
       33.513395694402696
      ],
      [
       -84.60384826274826,
       33.51280367877068
      ],
      [
       -84.60576405499805,
       33.511165212972216
      ],
      [
       -84.60716960054759,
       33.5093358012868
      ],
      [
       -84.60757464174264,
       33.50667673389174
      ],
      [
       -84.60664462507663,
       33.50486566635267
      ],
      [
       -84.60853622006022,
       33.50299372960073
      ],
      [
       -84.60936734355134,
       33.502581820132825
      ],
      [
       -84.61633931238131,
       33.502515114146114
      ],
      [
       -84.61636666581266,
       33.50314798719499
      ],
      [
       -84.62112616286817,
       33.50312630774931
      ],
      [
       -84.62130501222701,
       33.511291120522124
      ],
      [
       -84.6320549107489,
       33.511241924856925
      ]
     ]
    ]
   }
  },
  {
   "type": "Feature",
   "properties": {
    "name": "Hapeville",
    "geoid": "1336472"
   },
   "geometry": {
    "type": "Polygon",
    "coordinates": [
     [
      [
       -84.41832677075877,
       33.673108170723175
      ],
      [
       -84.40849636835237,
       33.67305063680964
      ],
      [
       -84.39752343415944,
       33.672924729259734
      ],
      [
       -84.39754973553573,
       33.668814806653806
      ],
      [
       -84.39566971315772,
       33.66368761775062
      ],
      [
       -84.3948164965105,
       33.66070335867036
      ],
      [
       -84.39484174583174,
       33.65643500934601
      ],
      [
       -84.39552768572568,
       33.65515091910192
      ],
      [
       -84.39651872158473,
       33.6542136999887
      ],
      [
       -84.39676174630175,
       33.65312472475573
      ],
      [
       -84.39931613596814,
       33.6537033991904
      ],
      [
       -84.39928983459183,
       33.6482777009967
      ],
      [
       -84.40874465334466,
       33.64823434210535
      ],
      [
       -84.40874044512445,
       33.64861623387924
      ],
      [
       -84.41919787234187,
       33.648777162072165
      ],
      [
       -84.4189822010562,
       33.64953927797028
      ],
      [
       -84.41901691887291,
       33.65557116681817
      ],
      [
       -84.42145979070379,
       33.65722297381397
      ],
      [
       -84.4205928973409,
       33.65886394108694
      ],
      [
       -84.42700727699328,
       33.658959830942834
      ],
      [
       -84.42697992356192,
       33.6576082008872
      ],
      [
       -84.42854748558949,
       33.6574305961976
      ],
      [
       -84.42968054888055,
       33.65747395508896
      ],
      [
       -84.42935546386946,
       33.658978175089175
      ],
      [
       -84.42835390745991,
       33.658970670665674
      ],
      [
       -84.42828973210173,
       33.66292883715184
      ],
      [
       -84.42608462471263,
       33.66288797973498
      ],
      [
       -84.42361229534029,
       33.66355587342687
      ],
      [
       -84.42358178574378,
       33.665461996996996
      ],
      [
       -84.41896852434053,
       33.66542280722981
      ],
      [
       -84.41887594349595,
       33.673117342796345
      ],
      [
       -84.41832677075877,
       33.673108170723175
      ]
     ]
    ]
   }
  },
  {
   "type": "Feature",
   "properties": {
    "name": "Johns Creek",
    "geoid": "1342425"
   },
   "geometry": {
    "type": "Polygon",
    "coordinates": [
     [
      [
       -84.27373968878969,
       34.034071775110775
      ],
      [
       -84.27372706412906,
       34.03511989292689
      ],
      [
       -84.27118845528845,
       34.0350731987362
      ],
      [
       -84.27040151810952,
       34.03332633570934
      ],
      [
       -84.27097804427804,
       34.03221067808168
      ],
      [
       -84.26925793426793,
       34.02820915270416
      ],
      [
       -84.2658071936972,
       34.030206997006
      ],
      [
       -84.26583033890834,
       34.035074032561035
      ],
      [
       -84.26475724275524,
       34.035074032561035
      ],
      [
       -84.26583244301844,
       34.03614466364767
      ],
      [
       -84.26778716130517,
       34.03711106663007
      ],
      [
       -84.26400817955818,
       34.03856275566576
      ],
      [
       -84.26047853485854,
       34.03883541638642
      ],
      [
       -84.25924447428247,
       34.0386352984263
      ],
      [
       -84.25927814004415,
       34.037338700809705
      ],
      [
       -84.25769374513574,
       34.03515491356992
      ],
      [
       -84.2564375914036,
       34.03440864034364
      ],
      [
       -84.25628504342104,
       34.033543963990965
      ],
      [
       -84.25508254449655,
       34.03355230223931
      ],
      [
       -84.25508675271675,
       34.030974949677955
      ],
      [
       -84.25319620978821,
       34.03098078645179
      ],
      [
       -84.25320252211853,
       34.03063641679542
      ],
      [
       -84.25138351893352,
       34.030643921218925
      ],
      [
       -84.25046191870791,
       34.030217002904
      ],
      [
       -84.25046612692813,
       34.029499913546914
      ],
      [
       -84.24919208826009,
       34.03012111304812
      ],
      [
       -84.24952874587675,
       34.03089907161807
      ],
      [
       -84.24759401663601,
       34.031342666429666
      ],
      [
       -84.2477392002332,
       34.03193634971135
      ],
      [
       -84.24611482723283,
       34.032204841307845
      ],
      [
       -84.24604433954434,
       34.040908304923306
      ],
      [
       -84.23735015659416,
       34.040797406220406
      ],
      [
       -84.23736278125477,
       34.040240411231416
      ],
      [
       -84.23399094481294,
       34.04018120966821
      ],
      [
       -84.23367112007712,
       34.04248923680824
      ],
      [
       -84.2330725007525,
       34.04401763772864
      ],
      [
       -84.23407616127216,
       34.04542596787297
      ],
      [
       -84.2360897946418,
       34.04561191081091
      ],
      [
       -84.23722917026316,
       34.04605633944734
      ],
      [
       -84.2372702004102,
       34.044557956220956
      ],
      [
       -84.24172775766576,
       34.044596312163314
      ],
      [
       -84.2416698946379,
       34.04799664983565
      ],
      [
       -84.24029065046464,
       34.04799915131015
      ],
      [
       -84.24050737380537,
       34.04888634093334
      ],
      [
       -84.23962995989196,
       34.049048102951105
      ],
      [
       -84.2381107923968,
       34.04715031762932
      ],
      [
       -84.23680203591204,
       34.04600297465797
      ],
      [
       -84.23429393666794,
       34.04570696684197
      ],
      [
       -84.23289365139365,
       34.044186904169905
      ],
      [
       -84.23352278031479,
       34.04209733913634
      ],
      [
       -84.23350594743394,
       34.0408390974621
      ],
      [
       -84.23048023710423,
       34.040809913592916
      ],
      [
       -84.23042447818648,
       34.0427026959657
      ],
      [
       -84.2327411034111,
       34.04261764583265
      ],
      [
       -84.23271374997975,
       34.05147203174303
      ],
      [
       -84.23303252266052,
       34.05147286556787
      ],
      [
       -84.2330440952661,
       34.05359578359479
      ],
      [
       -84.23029928363528,
       34.057593139848144
      ],
      [
       -84.2270358088638,
       34.0600771040281
      ],
      [
       -84.2253178029638,
       34.06094011273112
      ],
      [
       -84.22142414721614,
       34.062417650336656
      ],
      [
       -84.21900547265147,
       34.06396106010406
      ],
      [
       -84.21559576222776,
       34.06505003533704
      ],
      [
       -84.2162532966353,
       34.065374393197395
      ],
      [
       -84.2162575048555,
       34.06705871936172
      ],
      [
       -84.21498136207737,
       34.06710374590275
      ],
      [
       -84.21506552648152,
       34.068867285426286
      ],
      [
       -84.20832500976302,
       34.06891981639082
      ],
      [
       -84.20835131113931,
       34.072355174706175
      ],
      [
       -84.20360549079949,
       34.07235767618068
      ],
      [
       -84.2029163947404,
       34.07362925905226
      ],
      [
       -84.20126361625361,
       34.075311083742086
      ],
      [
       -84.20127834502435,
       34.08331913744614
      ],
      [
       -84.20307525505325,
       34.084517343732344
      ],
      [
       -84.20344768254168,
       34.08672030894331
      ],
      [
       -84.20121837788638,
       34.086732816315816
      ],
      [
       -84.20239667954468,
       34.088187840650846
      ],
      [
       -84.20370648808449,
       34.08808611402112
      ],
      [
       -84.20423672383072,
       34.0885146999857
      ],
      [
       -84.20587372149173,
       34.08848718376618
      ],
      [
       -84.20596945850146,
       34.09067930925431
      ],
      [
       -84.20290377007977,
       34.09010563776864
      ],
      [
       -84.20062186267187,
       34.090153165784166
      ],
      [
       -84.19921947328747,
       34.08976126811227
      ],
      [
       -84.19354889655689,
       34.08735985259086
      ],
      [
       -84.19123437544238,
       34.08674865898766
      ],
      [
       -84.18938801882602,
       34.08546707021807
      ],
      [
       -84.18727338817139,
       34.08347506269006
      ],
      [
       -84.18558483981283,
       34.08255702154803
      ],
      [
       -84.18511877942478,
       34.081737371736374
      ],
      [
       -84.18467376013776,
       34.07958777131477
      ],
      [
       -84.1801899015059,
       34.073665113520114
      ],
      [
       -84.17888324913125,
       34.07106441386342
      ],
      [
       -84.17765024061023,
       34.069935415038415
      ],
      [
       -84.17659397733797,
       34.069526007045006
      ],
      [
       -84.17165247475847,
       34.0688872972223
      ],
      [
       -84.16821751501351,
       34.06806931506032
      ],
      [
       -84.16271211092611,
       34.06638665654566
      ],
      [
       -84.16151487227687,
       34.06534104020404
      ],
      [
       -84.16054908573909,
       34.06386266877367
      ],
      [
       -84.1591992991073,
       34.0626702992613
      ],
      [
       -84.15428514995915,
       34.06013463794164
      ],
      [
       -84.15059348878148,
       34.05873297839598
      ],
      [
       -84.14665354261155,
       34.05659671917172
      ],
      [
       -84.14309864859065,
       34.05521006847307
      ],
      [
       -84.14138485091085,
       34.05506331530232
      ],
      [
       -84.13911556816356,
       34.05547605859506
      ],
      [
       -84.13584788517188,
       34.05674430616731
      ],
      [
       -84.13449389031989,
       34.05706282725383
      ],
      [
       -84.13166491428491,
       34.05668093547994
      ],
      [
       -84.12874651357052,
       34.05493073715374
      ],
      [
       -84.12318114234515,
       34.05269191747492
      ],
      [
       -84.11716443950243,
       34.051260240235244
      ],
      [
       -84.11380838388638,
       34.050983410390415
      ],
      [
       -84.10724461241661,
       34.05098090891591
      ],
      [
       -84.09769300459901,
       34.05070824819525
      ],
      [
       -84.09851886781486,
       34.0489813969644
      ],
      [
       -84.10064401902002,
       34.04727205605506
      ],
      [
       -84.10213898924899,
       34.0467259007889
      ],
      [
       -84.10400849107648,
       34.046471584214586
      ],
      [
       -84.10677434380834,
       34.04526337203038
      ],
      [
       -84.11188733136133,
       34.04201312282812
      ],
      [
       -84.11364531535331,
       34.04052307785008
      ],
      [
       -84.1143522963483,
       34.03956417929118
      ],
      [
       -84.1154274966115,
       34.03723280505581
      ],
      [
       -84.11728226966827,
       34.035823641086644
      ],
      [
       -84.11947159623159,
       34.03508403845904
      ],
      [
       -84.1228244956825,
       34.03353229044329
      ],
      [
       -84.1247707975288,
       34.03323378115278
      ],
      [
       -84.12865182861583,
       34.03312788539889
      ],
      [
       -84.13216884865484,
       34.031972204179205
      ],
      [
       -84.13495153426753,
       34.031125871972876
      ],
      [
       -84.13891988592388,
       34.03064975799276
      ],
      [
       -84.14276935535935,
       34.029663343214345
      ],
      [
       -84.14865244721045,
       34.02996101868002
      ],
      [
       -84.15285961536361,
       34.03065392711693
      ],
      [
       -84.15459235003435,
       34.03125011187311
      ],
      [
       -84.15688267388268,
       34.0324183004653
      ],
      [
       -84.15752442746442,
       34.03231073706174
      ],
      [
       -84.15973795129395,
       34.03097578350278
      ],
      [
       -84.16196620389421,
       34.02968001971102
      ],
      [
       -84.1650560895821,
       34.02888204934505
      ],
      [
       -84.16824802461002,
       34.0286886019836
      ],
      [
       -84.16950523039723,
       34.02800486561987
      ],
      [
       -84.17086132935933,
       34.02669325915626
      ],
      [
       -84.17400486985487,
       34.022881012016015
      ],
      [
       -84.17505797696198,
       34.02092485895586
      ],
      [
       -84.17620787313388,
       34.017274373833374
      ],
      [
       -84.17806685441086,
       34.012975172990174
      ],
      [
       -84.17875384635984,
       34.01006429049529
      ],
      [
       -84.17944925474926,
       34.008089793288796
      ],
      [
       -84.18035928236928,
       34.00656306001806
      ],
      [
       -84.18049078925078,
       34.00493793541694
      ],
      [
       -84.18023303576304,
       34.002535686070686
      ],
      [
       -84.18030983578184,
       34.000396091547096
      ],
      [
       -84.1807296057476,
       33.999362982577985
      ],
      [
       -84.18222457597658,
       33.99739682361982
      ],
      [
       -84.18406567231767,
       33.99561410612511
      ],
      [
       -84.18699669769269,
       33.99371715462816
      ],
      [
       -84.19170253994054,
       33.99145165255465
      ],
      [
       -84.19333848554649,
       33.990992215071216
      ],
      [
       -84.19622006433406,
       33.99072205582506
      ],
      [
       -84.202767002923,
       33.98969478362979
      ],
      [
       -84.20404419775619,
       33.9898848956919
      ],
      [
       -84.20477537601738,
       33.99098387682288
      ],
      [
       -84.20455970473171,
       33.991880238519244
      ],
      [
       -84.20280172073971,
       33.99257314695615
      ],
      [
       -84.20131306284107,
       33.99417158916259
      ],
      [
       -84.2013014902355,
       33.9959468022338
      ],
      [
       -84.2036338962859,
       33.998613374052375
      ],
      [
       -84.20654282850482,
       33.99982408771109
      ],
      [
       -84.20897202362002,
       34.001671843542844
      ],
      [
       -84.21248904365905,
       34.00378475567176
      ],
      [
       -84.21509287991287,
       34.00393734561635
      ],
      [
       -84.21957253032453,
       34.00346873605974
      ],
      [
       -84.22190809254009,
       34.00356629356529
      ],
      [
       -84.22635512924512,
       34.004125790028795
      ],
      [
       -84.2281352063932,
       34.00392483824384
      ],
      [
       -84.23042026996627,
       34.00312436640337
      ],
      [
       -84.23323030901031,
       34.00162264787765
      ],
      [
       -84.23546697805098,
       34.001153204496205
      ],
      [
       -84.23719655655655,
       34.00018013091513
      ],
      [
       -84.24050526969526,
       33.999403006170006
      ],
      [
       -84.24345102384102,
       33.99928793834294
      ],
      [
       -84.24749933168133,
       33.99860503580404
      ],
      [
       -84.24895116765316,
       33.99776120507221
      ],
      [
       -84.24974546921747,
       33.99620528793229
      ],
      [
       -84.24946983079383,
       33.993181005260006
      ],
      [
       -84.24975178154779,
       33.99212871831972
      ],
      [
       -84.25210628075428,
       33.98924118292018
      ],
      [
       -84.25407046753647,
       33.986422021157026
      ],
      [
       -84.25535502675503,
       33.98593506745407
      ],
      [
       -84.25671533393734,
       33.986016782287784
      ],
      [
       -84.26013451285651,
       33.98753684495985
      ],
      [
       -84.26227649694249,
       33.9874051006361
      ],
      [
       -84.2633054067834,
       33.98598092781993
      ],
      [
       -84.26759779139579,
       33.9860342926093
      ],
      [
       -84.26925898632298,
       33.98540225338525
      ],
      [
       -84.27224997883597,
       33.98753684495985
      ],
      [
       -84.27345458187058,
       33.98883927935028
      ],
      [
       -84.27309477904278,
       33.99014421521522
      ],
      [
       -84.27323785852985,
       33.99512465094765
      ],
      [
       -84.27373653262453,
       33.99764613724514
      ],
      [
       -84.27468233011633,
       33.999663159518164
      ],
      [
       -84.27569966735166,
       34.00078131862032
      ],
      [
       -84.27624463186864,
       34.00226385917486
      ],
      [
       -84.27633195243796,
       34.00437593747894
      ],
      [
       -84.27728511431512,
       34.00611362843263
      ],
      [
       -84.27878218865419,
       34.007291822922824
      ],
      [
       -84.28008884102884,
       34.00880271352172
      ],
      [
       -84.28097677549277,
       34.011186618721624
      ],
      [
       -84.28107882483282,
       34.01364973728074
      ],
      [
       -84.28031608492009,
       34.01605615575116
      ],
      [
       -84.28071796994998,
       34.01613787058487
      ],
      [
       -84.28064748226149,
       34.02043707142808
      ],
      [
       -84.28404877624477,
       34.02043707142808
      ],
      [
       -84.28615604251404,
       34.0211057989448
      ],
      [
       -84.27806784327385,
       34.02093903397804
      ],
      [
       -84.27714413893814,
       34.02120085497586
      ],
      [
       -84.27713572249772,
       34.02465539126239
      ],
      [
       -84.27258768850768,
       34.024607863246864
      ],
      [
       -84.27259715700316,
       34.02524824071924
      ],
      [
       -84.26948412610413,
       34.025199045054045
      ],
      [
       -84.26928002742403,
       34.026784979887985
      ],
      [
       -84.27262451043451,
       34.02684584910085
      ],
      [
       -84.27264449948049,
       34.03170204493305
      ],
      [
       -84.27372390796391,
       34.03174873912374
      ],
      [
       -84.27373968878969,
       34.034071775110775
      ]
     ]
    ]
   }
  },
  {
   "type": "Feature",
   "properties": {
    "name": "Milton",
    "geoid": "1351670"
   },
   "geometry": {
    "type": "Polygon",
    "coordinates": [
     [
      [
       -84.38832005656405,
       34.11823888766189
      ],
      [
       -84.3881433113153,
       34.11986734756235
      ],
      [
       -84.38472202828602,
       34.119422085101085
      ],
      [
       -84.37973949555949,
       34.11910106254007
      ],
      [
       -84.37664224548624,
       34.11951213818314
      ],
      [
       -84.36952614511415,
       34.122934989125994
      ],
      [
       -84.36678764581364,
       34.122754882961885
      ],
      [
       -84.36530214408015,
       34.122403842706845
      ],
      [
       -84.36258258177058,
       34.12384886114386
      ],
      [
       -84.36157681714081,
       34.12470103012403
      ],
      [
       -84.3606994032274,
       34.12777033933734
      ],
      [
       -84.36112758963358,
       34.12858331855032
      ],
      [
       -84.360286997647,
       34.12932709030209
      ],
      [
       -84.35978832355232,
       34.131584254127254
      ],
      [
       -84.36009762773763,
       34.13497958885059
      ],
      [
       -84.36125699240499,
       34.13590263294164
      ],
      [
       -84.36130012666213,
       34.137145865768865
      ],
      [
       -84.35952004951405,
       34.13871595793096
      ],
      [
       -84.35885199455599,
       34.14136168412869
      ],
      [
       -84.36000083867283,
       34.1437013966124
      ],
      [
       -84.36016706337107,
       34.14560585253285
      ],
      [
       -84.3598851126171,
       34.14687576775477
      ],
      [
       -84.35906766584166,
       34.14765872927373
      ],
      [
       -84.35887934798734,
       34.148680164695165
      ],
      [
       -84.36042481685881,
       34.151298374673374
      ],
      [
       -84.36029225792225,
       34.1525883016913
      ],
      [
       -84.35971467969868,
       34.153187821746826
      ],
      [
       -84.35771156687957,
       34.15362141066041
      ],
      [
       -84.35692778586578,
       34.154696210871215
      ],
      [
       -84.3570677091877,
       34.155394956081956
      ],
      [
       -84.35872048767449,
       34.15708928814429
      ],
      [
       -84.35962630707431,
       34.15970916577217
      ],
      [
       -84.36075516214517,
       34.161827914674916
      ],
      [
       -84.3603438086198,
       34.1630452989323
      ],
      [
       -84.3595716002116,
       34.16337215826716
      ],
      [
       -84.35831755058955,
       34.164817176704176
      ],
      [
       -84.35752956135556,
       34.166719964974966
      ],
      [
       -84.35636072819273,
       34.168251701194706
      ],
      [
       -84.35523397723198,
       34.17197472907773
      ],
      [
       -84.35523082106683,
       34.17268764931065
      ],
      [
       -84.35621344048543,
       34.17439699021999
      ],
      [
       -84.3522009025169,
       34.17690763679464
      ],
      [
       -84.3471278930559,
       34.17600793979894
      ],
      [
       -84.34540252277053,
       34.17652824649525
      ],
      [
       -84.34317637428038,
       34.17619721803622
      ],
      [
       -84.34236208367008,
       34.17643485811386
      ],
      [
       -84.34118483406684,
       34.17762222467723
      ],
      [
       -84.33860203891403,
       34.178146700497706
      ],
      [
       -84.33736061395261,
       34.17874288525389
      ],
      [
       -84.33514603806803,
       34.18119766556467
      ],
      [
       -84.33191096878296,
       34.183820044667044
      ],
      [
       -84.33114296859496,
       34.18465386950087
      ],
      [
       -84.32863907757108,
       34.1861655939246
      ],
      [
       -84.32115686204087,
       34.1861680953991
      ],
      [
       -84.317522011836,
       34.186289
      ],
      [
       -84.29966653349253,
       34.18619060866961
      ],
      [
       -84.26445740706541,
       34.18610889383589
      ],
      [
       -84.25868793715993,
       34.185906274401276
      ],
      [
       -84.25867636455436,
       34.18231915996616
      ],
      [
       -84.25890255639055,
       34.17507238833539
      ],
      [
       -84.25884784952785,
       34.16647898959799
      ],
      [
       -84.25890992077592,
       34.15753371678072
      ],
      [
       -84.25888572350972,
       34.132569001256
      ],
      [
       -84.25900986600587,
       34.10956377409077
      ],
      [
       -84.25637236399037,
       34.10862905645206
      ],
      [
       -84.25477429236629,
       34.10725407930108
      ],
      [
       -84.2540915086375,
       34.104294001141
      ],
      [
       -84.25081751331551,
       34.104658382593385
      ],
      [
       -84.24928466910467,
       34.10442824693925
      ],
      [
       -84.24472506250906,
       34.1028197988348
      ],
      [
       -84.24913948550748,
       34.09952702456603
      ],
      [
       -84.2588467974728,
       34.09172575942076
      ],
      [
       -84.25900039751039,
       34.09200759221459
      ],
      [
       -84.26266154909155,
       34.0920100936891
      ],
      [
       -84.26267732991732,
       34.0913989000859
      ],
      [
       -84.26426277688077,
       34.091926711205716
      ],
      [
       -84.26549683745684,
       34.09104118923219
      ],
      [
       -84.26850150668551,
       34.09076185791286
      ],
      [
       -84.26942626307626,
       34.09031075867776
      ],
      [
       -84.26894336980737,
       34.08844966164867
      ],
      [
       -84.27109797855398,
       34.08840963805664
      ],
      [
       -84.27261188577388,
       34.08872732531833
      ],
      [
       -84.27456555200555,
       34.08994220810121
      ],
      [
       -84.27854652832252,
       34.094497393168396
      ],
      [
       -84.27681063748663,
       34.09518112953213
      ],
      [
       -84.27682431420232,
       34.09695300730401
      ],
      [
       -84.27909044078444,
       34.09682376445477
      ],
      [
       -84.27908097228897,
       34.09929605508706
      ],
      [
       -84.28008358075358,
       34.09926436974337
      ],
      [
       -84.28009304924905,
       34.098348830075835
      ],
      [
       -84.28084106039105,
       34.0990233943664
      ],
      [
       -84.28208248535249,
       34.097952763279764
      ],
      [
       -84.28339334594735,
       34.09796777212677
      ],
      [
       -84.28428443657644,
       34.09985972067472
      ],
      [
       -84.28425287492487,
       34.10183922083022
      ],
      [
       -84.28254012930013,
       34.10203433584134
      ],
      [
       -84.28256011834611,
       34.10294904168404
      ],
      [
       -84.28925329258729,
       34.103028255043256
      ],
      [
       -84.28996869002269,
       34.103516042571044
      ],
      [
       -84.28993607631608,
       34.095865699720704
      ],
      [
       -84.29170563291363,
       34.095907390962395
      ],
      [
       -84.29170352880352,
       34.094069641028646
      ],
      [
       -84.29008652018852,
       34.09407297632798
      ],
      [
       -84.29005916675716,
       34.091552323855325
      ],
      [
       -84.28631595488196,
       34.09206595995296
      ],
      [
       -84.28588776847577,
       34.08855722505223
      ],
      [
       -84.28787930868931,
       34.0885638956509
      ],
      [
       -84.28780566483566,
       34.09036078816779
      ],
      [
       -84.29004338593138,
       34.09033577342277
      ],
      [
       -84.29004128182127,
       34.08990968893269
      ],
      [
       -84.29159306302306,
       34.08989968303469
      ],
      [
       -84.29138686023286,
       34.09127132488633
      ],
      [
       -84.29170037263837,
       34.092905621560625
      ],
      [
       -84.29328266343666,
       34.09322330882231
      ],
      [
       -84.29533627489828,
       34.093253326516326
      ],
      [
       -84.29556877906478,
       34.092252736715736
      ],
      [
       -84.29621053264653,
       34.09272801687102
      ],
      [
       -84.29794011115212,
       34.09299900994201
      ],
      [
       -84.29835567289767,
       34.092274416161416
      ],
      [
       -84.29976016639216,
       34.09227524998625
      ],
      [
       -84.29879437985439,
       34.09341091940992
      ],
      [
       -84.29876702642302,
       34.095954918977924
      ],
      [
       -84.30342237002837,
       34.09593991013091
      ],
      [
       -84.30336450700051,
       34.099416959687964
      ],
      [
       -84.30482896763297,
       34.09943613765914
      ],
      [
       -84.3045101949522,
       34.101207181606185
      ],
      [
       -84.30610826657626,
       34.100710222005226
      ],
      [
       -84.30778524232925,
       34.10107877258177
      ],
      [
       -84.30779576287976,
       34.10305493743794
      ],
      [
       -84.31280775314775,
       34.10306577716078
      ],
      [
       -84.31276146272546,
       34.10667206956707
      ],
      [
       -84.31459940290141,
       34.106677906340906
      ],
      [
       -84.31556834560435,
       34.10567815036515
      ],
      [
       -84.31609647724048,
       34.10410138760439
      ],
      [
       -84.3202037001637,
       34.101538210065215
      ],
      [
       -84.32020475221876,
       34.10036084939985
      ],
      [
       -84.32176705397106,
       34.100174072637074
      ],
      [
       -84.3217638978059,
       34.09796860595161
      ],
      [
       -84.32034467554067,
       34.097937754432756
      ],
      [
       -84.32042147555947,
       34.09519196925497
      ],
      [
       -84.32129152508752,
       34.09531537533038
      ],
      [
       -84.32125996343596,
       34.09723817539718
      ],
      [
       -84.32175653342053,
       34.097255685718686
      ],
      [
       -84.32175442931043,
       34.095380413667414
      ],
      [
       -84.32615622764823,
       34.09599577639478
      ],
      [
       -84.3261393947674,
       34.098236263723265
      ],
      [
       -84.32680534561534,
       34.09825710934411
      ],
      [
       -84.32825612953212,
       34.096180885507884
      ],
      [
       -84.33055697393097,
       34.09605080883381
      ],
      [
       -84.33060957668357,
       34.093696921327926
      ],
      [
       -84.33218660720661,
       34.09367941100641
      ],
      [
       -84.3332597033597,
       34.09226774556275
      ],
      [
       -84.335105007921,
       34.091053696604696
      ],
      [
       -84.33499664625064,
       34.090023922934925
      ],
      [
       -84.33562998339198,
       34.08993386985287
      ],
      [
       -84.33465472835873,
       34.08766920160421
      ],
      [
       -84.33380045965646,
       34.087624175063176
      ],
      [
       -84.33375627334428,
       34.085441221648225
      ],
      [
       -84.33219502364702,
       34.083073992944996
      ],
      [
       -84.33511237230637,
       34.08308316501817
      ],
      [
       -84.33509659148059,
       34.0849400929231
      ],
      [
       -84.34163826979427,
       34.08501513715814
      ],
      [
       -84.34159513553713,
       34.08604407700308
      ],
      [
       -84.34380971142171,
       34.08748325866626
      ],
      [
       -84.34380129498129,
       34.088934113877116
      ],
      [
       -84.3460853064993,
       34.08874316799017
      ],
      [
       -84.34608004622405,
       34.08694127252427
      ],
      [
       -84.3504871048371,
       34.08684288119388
      ],
      [
       -84.35046185551586,
       34.08801523891024
      ],
      [
       -84.35594832261232,
       34.08725895978596
      ],
      [
       -84.35727285992286,
       34.08725395683696
      ],
      [
       -84.35723077772077,
       34.086420132003134
      ],
      [
       -84.35943483305483,
       34.08565884992985
      ],
      [
       -84.35916971518171,
       34.085161056504056
      ],
      [
       -84.36156524453524,
       34.08518523742424
      ],
      [
       -84.36154104726904,
       34.088904930007935
      ],
      [
       -84.36075200598,
       34.08882404899905
      ],
      [
       -84.36230378718179,
       34.091177102680106
      ],
      [
       -84.36334216551816,
       34.093981255596255
      ],
      [
       -84.3653621112181,
       34.09474087001987
      ],
      [
       -84.36577977707378,
       34.0927471948422
      ],
      [
       -84.3672757993578,
       34.092727183046186
      ],
      [
       -84.36733997471597,
       34.09526617966518
      ],
      [
       -84.36997747673148,
       34.09481174513075
      ],
      [
       -84.37169758674159,
       34.09402211301312
      ],
      [
       -84.37275385001385,
       34.092728850695856
      ],
      [
       -84.3746507052727,
       34.091383057414056
      ],
      [
       -84.37454655182255,
       34.087859313666314
      ],
      [
       -84.37701467297467,
       34.08741822032922
      ],
      [
       -84.3772598018018,
       34.086254200861205
      ],
      [
       -84.37910826252826,
       34.08179824094924
      ],
      [
       -84.37757436626237,
       34.08191581025081
      ],
      [
       -84.37748914980315,
       34.07968616264517
      ],
      [
       -84.37984996133996,
       34.080019692578695
      ],
      [
       -84.38049066286666,
       34.079239232534235
      ],
      [
       -84.38203402762802,
       34.080032199951205
      ],
      [
       -84.38254217021817,
       34.07868473901974
      ],
      [
       -84.38160794533195,
       34.07801767915268
      ],
      [
       -84.38191724951724,
       34.07702626142526
      ],
      [
       -84.38337434576434,
       34.07707128796629
      ],
      [
       -84.38390142534543,
       34.0780993939864
      ],
      [
       -84.38799286744286,
       34.078127744030745
      ],
      [
       -84.388016012654,
       34.079270084053086
      ],
      [
       -84.38349217593017,
       34.07922088838789
      ],
      [
       -84.38418021993422,
       34.08057418609319
      ],
      [
       -84.38797182634183,
       34.08061337586038
      ],
      [
       -84.38799286744286,
       34.08573139269039
      ],
      [
       -84.38669778767378,
       34.085573799796805
      ],
      [
       -84.38593609981609,
       34.086289221504224
      ],
      [
       -84.38653261503062,
       34.08699713878814
      ],
      [
       -84.38565414906215,
       34.08923762611663
      ],
      [
       -84.38037598886599,
       34.08914090243591
      ],
      [
       -84.37733870593071,
       34.09010480394381
      ],
      [
       -84.37763538545538,
       34.09231777505278
      ],
      [
       -84.37699468392869,
       34.0928113993544
      ],
      [
       -84.37320307752108,
       34.09277387723688
      ],
      [
       -84.3732135980716,
       34.093873692192695
      ],
      [
       -84.37197953749553,
       34.09435063999764
      ],
      [
       -84.37203108819308,
       34.09538374896675
      ],
      [
       -84.37298319801519,
       34.095654742037745
      ],
      [
       -84.37303264460265,
       34.09906925473226
      ],
      [
       -84.37457706141906,
       34.09908176210477
      ],
      [
       -84.37455812442812,
       34.10013404904505
      ],
      [
       -84.37578061239861,
       34.100137384344386
      ],
      [
       -84.37577114390314,
       34.09550632121732
      ],
      [
       -84.37793206498006,
       34.09735491087391
      ],
      [
       -84.37995411479011,
       34.09771679085179
      ],
      [
       -84.38000461343262,
       34.0964868992219
      ],
      [
       -84.3834059074159,
       34.09650774484275
      ],
      [
       -84.3834016991957,
       34.09724067687168
      ],
      [
       -84.38704075762075,
       34.09776765416666
      ],
      [
       -84.39214953695354,
       34.098145376816376
      ],
      [
       -84.3921348081828,
       34.096515249266254
      ],
      [
       -84.39645559828159,
       34.09664115681616
      ],
      [
       -84.39648505582305,
       34.10393795793696
      ],
      [
       -84.38337539781939,
       34.10379203859104
      ],
      [
       -84.38338065809465,
       34.10235535840236
      ],
      [
       -84.37918401049201,
       34.10202266229366
      ],
      [
       -84.37772691424492,
       34.102824801783804
      ],
      [
       -84.37879264601264,
       34.10435737182837
      ],
      [
       -84.3831691950292,
       34.10419394216095
      ],
      [
       -84.38319654846055,
       34.10739332804833
      ],
      [
       -84.38515547496748,
       34.10738999274899
      ],
      [
       -84.38458736523937,
       34.1080728952879
      ],
      [
       -84.38632956840557,
       34.10896091873592
      ],
      [
       -84.38535746953747,
       34.1089233966184
      ],
      [
       -84.38383935409735,
       34.11002071009971
      ],
      [
       -84.38427806105406,
       34.11103797639698
      ],
      [
       -84.38759624268825,
       34.111024635199634
      ],
      [
       -84.38761412762413,
       34.11160497728398
      ],
      [
       -84.38512812153613,
       34.112698121641124
      ],
      [
       -84.38712702613502,
       34.1169522959433
      ],
      [
       -84.38832005656405,
       34.11823888766189
      ]
     ],
     [
      [
       -84.34143837933438,
       34.08948610591711
      ],
      [
       -84.34107647239647,
       34.08782095772396
      ],
      [
       -84.34127215463616,
       34.086703632446635
      ],
      [
       -84.34064092160492,
       34.08654603955304
      ],
      [
       -84.34031583659383,
       34.088463002846005
      ],
      [
       -84.33953836791036,
       34.088457999897
      ],
      [
       -84.33953521174521,
       34.08999807436508
      ],
      [
       -84.34143837933438,
       34.08948610591711
      ]
     ],
     [
      [
       -84.28555952729953,
       34.10969718606419
      ],
      [
       -84.28557004785004,
       34.10839475167376
      ],
      [
       -84.2789947037747,
       34.10839808697309
      ],
      [
       -84.27820566248566,
       34.110045724844724
      ],
      [
       -84.2818605017365,
       34.1100548969179
      ],
      [
       -84.28185944968145,
       34.11161081405782
      ],
      [
       -84.2811956029436,
       34.112181150244155
      ],
      [
       -84.27775012264811,
       34.11212028103128
      ],
      [
       -84.27688533339533,
       34.116105129912135
      ],
      [
       -84.27669701554102,
       34.11937872620973
      ],
      [
       -84.27880743797543,
       34.1189393005223
      ],
      [
       -84.28161432085432,
       34.11805461237361
      ],
      [
       -84.28539645876646,
       34.11602675037775
      ],
      [
       -84.28555952729953,
       34.10969718606419
      ]
     ]
    ]
   }
  },
  {
   "type": "Feature",
   "properties": {
    "name": "Mountain Park",
    "geoid": "1353172"
   },
   "geometry": {
    "type": "Polygon",
    "coordinates": [
     [
      [
       -84.41871182290782,
       34.0885714000744
      ],
      [
       -84.41872655167855,
       34.08949777946478
      ],
      [
       -84.41390813954014,
       34.08952696333397
      ],
      [
       -84.41392286831086,
       34.08590899738
      ],
      [
       -84.40537597306798,
       34.08580393545094
      ],
      [
       -84.40559164435365,
       34.07826532512833
      ],
      [
       -84.4106330921631,
       34.0783362002392
      ],
      [
       -84.41213753088753,
       34.07622078663579
      ],
      [
       -84.41335791474792,
       34.07807604689105
      ],
      [
       -84.4188264969085,
       34.07799766735667
      ],
      [
       -84.41872655167855,
       34.084062075373076
      ],
      [
       -84.41947982309583,
       34.084800844175845
      ],
      [
       -84.42165862910863,
       34.08487422076122
      ],
      [
       -84.42112418514219,
       34.08759582501883
      ],
      [
       -84.41986697935498,
       34.08847467639368
      ],
      [
       -84.41871182290782,
       34.0885714000744
      ]
     ]
    ]
   }
  },
  {
   "type": "Feature",
   "properties": {
    "name": "Palmetto",
    "geoid": "1358884"
   },
   "geometry": {
    "type": "Polygon",
    "coordinates": [
     [
      [
       -84.66504314896115,
       33.547493293332295
      ],
      [
       -84.66442243648044,
       33.540580051635054
      ],
      [
       -84.66498318182317,
       33.539104181679186
      ],
      [
       -84.66434037618637,
       33.53824617592518
      ],
      [
       -84.66513152158552,
       33.538262018597024
      ],
      [
       -84.66513046953047,
       33.535120166623166
      ],
      [
       -84.66397531308331,
       33.53562713212214
      ],
      [
       -84.66255293465294,
       33.53630836701137
      ],
      [
       -84.66288643610443,
       33.53819531261031
      ],
      [
       -84.6622068085408,
       33.538237003852004
      ],
      [
       -84.66236461679861,
       33.540906910969916
      ],
      [
       -84.6633567047127,
       33.54090024037124
      ],
      [
       -84.66350294036494,
       33.54337836777737
      ],
      [
       -84.66255188259788,
       33.544573238764244
      ],
      [
       -84.66128836448036,
       33.54312238355339
      ],
      [
       -84.6593915092215,
       33.54470665073765
      ],
      [
       -84.65071626326227,
       33.54481504796605
      ],
      [
       -84.65067418106018,
       33.53457984813085
      ],
      [
       -84.64560748392948,
       33.53685869140169
      ],
      [
       -84.645719001765,
       33.54483005681306
      ],
      [
       -84.64627343477743,
       33.54487591717892
      ],
      [
       -84.64637022384223,
       33.55295234451935
      ],
      [
       -84.65089721673121,
       33.55294984304484
      ],
      [
       -84.65089616467617,
       33.551755805882806
      ],
      [
       -84.65276356239356,
       33.55141977447477
      ],
      [
       -84.65023231793832,
       33.555542204453204
      ],
      [
       -84.65087091535491,
       33.555890743233746
      ],
      [
       -84.6508845920706,
       33.56103460863361
      ],
      [
       -84.6531380939921,
       33.5610737984008
      ],
      [
       -84.65310232412033,
       33.565449711128714
      ],
      [
       -84.64955584653984,
       33.56657537465438
      ],
      [
       -84.6485584983505,
       33.56708234015334
      ],
      [
       -84.64850484354284,
       33.55924688818989
      ],
      [
       -84.64862162165362,
       33.55618591722492
      ],
      [
       -84.64582841549041,
       33.556926353677355
      ],
      [
       -84.6438295108915,
       33.55891085678186
      ],
      [
       -84.64188741726542,
       33.55952121656022
      ],
      [
       -84.6413108910969,
       33.55825380281281
      ],
      [
       -84.63826308761108,
       33.5544031997302
      ],
      [
       -84.63789697245296,
       33.55311827566128
      ],
      [
       -84.6419821022201,
       33.55191006347707
      ],
      [
       -84.64087849647049,
       33.55064181590482
      ],
      [
       -84.63989798116198,
       33.55051007158107
      ],
      [
       -84.63944033721434,
       33.54879322624823
      ],
      [
       -84.64178221176022,
       33.54876904532805
      ],
      [
       -84.64178326381526,
       33.5471681016471
      ],
      [
       -84.63642093921494,
       33.54715976339877
      ],
      [
       -84.63614635284635,
       33.54482838916339
      ],
      [
       -84.64176643093442,
       33.544813380316384
      ],
      [
       -84.64177063915464,
       33.543581821036824
      ],
      [
       -84.63783174503975,
       33.543570981313984
      ],
      [
       -84.63783384914984,
       33.54379361254461
      ],
      [
       -84.63477342100342,
       33.543785274296276
      ],
      [
       -84.63474501551701,
       33.54205091864192
      ],
      [
       -84.63364561798761,
       33.54206676131376
      ],
      [
       -84.6336898042998,
       33.544765852300856
      ],
      [
       -84.63114277901877,
       33.5447891993962
      ],
      [
       -84.63117434067034,
       33.5466552993743
      ],
      [
       -84.62813705773506,
       33.54667697881998
      ],
      [
       -84.62806657004657,
       33.544773356724356
      ],
      [
       -84.62181736303737,
       33.544755012578015
      ],
      [
       -84.62179106166106,
       33.54196503468404
      ],
      [
       -84.62175423973424,
       33.53851883664584
      ],
      [
       -84.62470525415526,
       33.53795600488301
      ],
      [
       -84.63338786449987,
       33.53745737763238
      ],
      [
       -84.63362668099668,
       33.54167236216736
      ],
      [
       -84.63592752539553,
       33.541413042644045
      ],
      [
       -84.63557403489803,
       33.53983377840878
      ],
      [
       -84.63552248420048,
       33.5377166971557
      ],
      [
       -84.6367355036755,
       33.53723474640175
      ],
      [
       -84.64058812927613,
       33.5364200995391
      ],
      [
       -84.63090922279721,
       33.536539336490335
      ],
      [
       -84.6309008063568,
       33.52847541652242
      ],
      [
       -84.62192151648752,
       33.52856963872864
      ],
      [
       -84.62187838223038,
       33.52221672731973
      ],
      [
       -84.62502297478098,
       33.520214713893715
      ],
      [
       -84.62790665767865,
       33.5174705963656
      ],
      [
       -84.6297246088086,
       33.514934935045936
      ],
      [
       -84.6320549107489,
       33.511241924856925
      ],
      [
       -84.64199051866052,
       33.51122858365959
      ],
      [
       -84.6475927118127,
       33.51158295921396
      ],
      [
       -84.65494552457152,
       33.51168718731819
      ],
      [
       -84.65500233554434,
       33.5103488984599
      ],
      [
       -84.65373355715155,
       33.51032805283906
      ],
      [
       -84.6537040996101,
       33.50971269011169
      ],
      [
       -84.65264573222773,
       33.50905563614264
      ],
      [
       -84.6526047020807,
       33.51002787589888
      ],
      [
       -84.65066576461976,
       33.5083769027279
      ],
      [
       -84.64788518311718,
       33.507401327672326
      ],
      [
       -84.64706984045183,
       33.506890193049195
      ],
      [
       -84.64521296328496,
       33.50494487971188
      ],
      [
       -84.64626607039207,
       33.50394512373612
      ],
      [
       -84.64572110587511,
       33.503306413913414
      ],
      [
       -84.64468167548367,
       33.504270315421316
      ],
      [
       -84.6430068038408,
       33.501985635376634
      ],
      [
       -84.64128984999584,
       33.50122935625236
      ],
      [
       -84.64170541174141,
       33.50054395223896
      ],
      [
       -84.6407554060294,
       33.50014371631872
      ],
      [
       -84.6427301133621,
       33.49650073561974
      ],
      [
       -84.64274379007779,
       33.49745796652897
      ],
      [
       -84.64832389007388,
       33.49746213565314
      ],
      [
       -84.65009344667145,
       33.49930905766006
      ],
      [
       -84.65015130969931,
       33.503582409933415
      ],
      [
       -84.65648047289247,
       33.503649949744954
      ],
      [
       -84.6564689002869,
       33.50614725512226
      ],
      [
       -84.66038885741085,
       33.506273996497
      ],
      [
       -84.66039516974116,
       33.50713283607584
      ],
      [
       -84.66416363093762,
       33.50559192778293
      ],
      [
       -84.66767539070139,
       33.50510997702898
      ],
      [
       -84.6694786130606,
       33.50537763480064
      ],
      [
       -84.67237386856387,
       33.50653831896932
      ],
      [
       -84.6725684987485,
       33.505636120499126
      ],
      [
       -84.67145226833827,
       33.50564279109779
      ],
      [
       -84.67211085480085,
       33.502515114146114
      ],
      [
       -84.67288937553937,
       33.50261684077584
      ],
      [
       -84.67307874544875,
       33.501647102494104
      ],
      [
       -84.6746157978798,
       33.50190558819259
      ],
      [
       -84.67489143630344,
       33.50359074818175
      ],
      [
       -84.67545218164618,
       33.503588246707245
      ],
      [
       -84.67603502014502,
       33.50551521589822
      ],
      [
       -84.67568573786774,
       33.50584040758341
      ],
      [
       -84.67327547974348,
       33.50600800637501
      ],
      [
       -84.67386357851758,
       33.50742634241735
      ],
      [
       -84.67741110815311,
       33.507548914667915
      ],
      [
       -84.67879350849151,
       33.5080934022844
      ],
      [
       -84.67978454435054,
       33.5092249025839
      ],
      [
       -84.67944052234851,
       33.51091923464624
      ],
      [
       -84.67999074714075,
       33.51143537221837
      ],
      [
       -84.6810733117893,
       33.51277866402567
      ],
      [
       -84.6821485120525,
       33.517673215800215
      ],
      [
       -84.68190653939054,
       33.51996873556774
      ],
      [
       -84.68493224972025,
       33.520003756210755
      ],
      [
       -84.68514581689581,
       33.51853789215289
      ],
      [
       -84.68985481530882,
       33.51668596719697
      ],
      [
       -84.68984955503355,
       33.52001876505777
      ],
      [
       -84.69972940402741,
       33.52001292828393
      ],
      [
       -84.69960946975146,
       33.51151958852659
      ],
      [
       -84.71109054653455,
       33.51141536042236
      ],
      [
       -84.71108739036939,
       33.51075413732914
      ],
      [
       -84.72100406129006,
       33.51071494756195
      ],
      [
       -84.72100511334511,
       33.51191232002332
      ],
      [
       -84.71861484426684,
       33.512211663138665
      ],
      [
       -84.71644235058434,
       33.51394101584402
      ],
      [
       -84.71490319404319,
       33.51472814648715
      ],
      [
       -84.71310417990418,
       33.51518341484642
      ],
      [
       -84.71141247538047,
       33.51504083079983
      ],
      [
       -84.70862873771273,
       33.51725213425914
      ],
      [
       -84.70797751563552,
       33.51803592960293
      ],
      [
       -84.70815426088426,
       33.52000625768526
      ],
      [
       -84.70737258398059,
       33.520007091510095
      ],
      [
       -84.70734733465933,
       33.52364173396074
      ],
      [
       -84.7058428959349,
       33.522577773472776
      ],
      [
       -84.70485922446122,
       33.52258277642178
      ],
      [
       -84.7044426106606,
       33.52433464239765
      ],
      [
       -84.7033916076636,
       33.5264066971097
      ],
      [
       -84.70272776092575,
       33.5263008013558
      ],
      [
       -84.70307388703789,
       33.52369176345076
      ],
      [
       -84.70200184293984,
       33.52201077258577
      ],
      [
       -84.69975465334865,
       33.52197825341725
      ],
      [
       -84.6997514971835,
       33.5281001953472
      ],
      [
       -84.68999579068578,
       33.528079349726355
      ],
      [
       -84.68999473863073,
       33.5304248989839
      ],
      [
       -84.68771598738799,
       33.52930423840724
      ],
      [
       -84.68639145007745,
       33.526647672486675
      ],
      [
       -84.68497748808748,
       33.527273041112046
      ],
      [
       -84.68465555924156,
       33.526669351932355
      ],
      [
       -84.68108172822973,
       33.522346803993806
      ],
      [
       -84.68001073618673,
       33.52354667792968
      ],
      [
       -84.6800444019484,
       33.52767077555778
      ],
      [
       -84.68108698850499,
       33.527087931998935
      ],
      [
       -84.68312481914082,
       33.5273138985289
      ],
      [
       -84.6859601075061,
       33.52859965642266
      ],
      [
       -84.68630938978339,
       33.52921918827419
      ],
      [
       -84.68636199253599,
       33.532541980236985
      ],
      [
       -84.68232525730126,
       33.532592843551846
      ],
      [
       -84.68238312032912,
       33.536169952088954
      ],
      [
       -84.67378467438867,
       33.53620830803131
      ],
      [
       -84.67373207163607,
       33.540430796989796
      ],
      [
       -84.68999263452064,
       33.54024568787669
      ],
      [
       -84.68996107286907,
       33.540896071247076
      ],
      [
       -84.6913582019782,
       33.54090024037124
      ],
      [
       -84.6913823992444,
       33.53921007743308
      ],
      [
       -84.69235344605744,
       33.53921091125791
      ],
      [
       -84.69231136385537,
       33.54437562227862
      ],
      [
       -84.69538967693768,
       33.5443797914028
      ],
      [
       -84.69544122763523,
       33.53939518654619
      ],
      [
       -84.69768526106125,
       33.5394076939187
      ],
      [
       -84.6978051953372,
       33.54438312670213
      ],
      [
       -84.70246159099759,
       33.54438896347597
      ],
      [
       -84.7033916076636,
       33.54747911831012
      ],
      [
       -84.70338213916814,
       33.54841967272267
      ],
      [
       -84.70108760709961,
       33.54838381825482
      ],
      [
       -84.70091086185086,
       33.54911424880925
      ],
      [
       -84.70271934448535,
       33.549428600771606
      ],
      [
       -84.70505595875596,
       33.54897166476267
      ],
      [
       -84.70467511482711,
       33.54587317168017
      ],
      [
       -84.70389975025375,
       33.54439980319881
      ],
      [
       -84.71077387796387,
       33.54439896937397
      ],
      [
       -84.71066972451372,
       33.548448022767026
      ],
      [
       -84.72101984211584,
       33.54848721253421
      ],
      [
       -84.72110821474021,
       33.54437061932962
      ],
      [
       -84.72269576581377,
       33.5430982026332
      ],
      [
       -84.72342589201989,
       33.5437660963251
      ],
      [
       -84.72452423749424,
       33.542939775914775
      ],
      [
       -84.7237678099118,
       33.542235193930196
      ],
      [
       -84.72539639113239,
       33.54040828371929
      ],
      [
       -84.72599816662216,
       33.54309736880837
      ],
      [
       -84.72584982685983,
       33.54426972652473
      ],
      [
       -84.72679878051677,
       33.54524613540514
      ],
      [
       -84.72327018787219,
       33.54521778536079
      ],
      [
       -84.72402451134451,
       33.54839132267833
      ],
      [
       -84.72275994117194,
       33.550178209297215
      ],
      [
       -84.72096408319808,
       33.55131638019538
      ],
      [
       -84.71659805473206,
       33.55132138314438
      ],
      [
       -84.7175228111228,
       33.5547925959276
      ],
      [
       -84.71904934300333,
       33.55468002957503
      ],
      [
       -84.71911036219636,
       33.55558306187007
      ],
      [
       -84.72098407224406,
       33.55693385810086
      ],
      [
       -84.72297035218234,
       33.55704559062859
      ],
      [
       -84.72269786992386,
       33.55544214547315
      ],
      [
       -84.72087571057371,
       33.55569062527363
      ],
      [
       -84.72093778182177,
       33.55256878509579
      ],
      [
       -84.73035051837252,
       33.5525812924683
      ],
      [
       -84.73032316494117,
       33.55645023969724
      ],
      [
       -84.7280665068545,
       33.55716065845566
      ],
      [
       -84.72564151995952,
       33.55736161024061
      ],
      [
       -84.72561206241807,
       33.56058100792401
      ],
      [
       -84.71540818046817,
       33.56062686828987
      ],
      [
       -84.71486321595121,
       33.559538726881726
      ],
      [
       -84.71569539149739,
       33.55669038124938
      ],
      [
       -84.7104593135033,
       33.55671372834473
      ],
      [
       -84.71047825049425,
       33.55595578157078
      ],
      [
       -84.70922314881714,
       33.5564343970254
      ],
      [
       -84.70610485764286,
       33.55490182698083
      ],
      [
       -84.70435002981603,
       33.554855966614966
      ],
      [
       -84.70462987645988,
       33.557444992723994
      ],
      [
       -84.7023406046666,
       33.55787774781275
      ],
      [
       -84.70054053847254,
       33.55927273675974
      ],
      [
       -84.6996547081187,
       33.55749168691469
      ],
      [
       -84.69640385800786,
       33.5557022988213
      ],
      [
       -84.69454172056572,
       33.55629431445332
      ],
      [
       -84.69431868489468,
       33.55989810538511
      ],
      [
       -84.6933592106872,
       33.55986808769109
      ],
      [
       -84.69338235589835,
       33.5614732004962
      ],
      [
       -84.6900831112551,
       33.56091870698171
      ],
      [
       -84.69009678797079,
       33.552527093854096
      ],
      [
       -84.67578147487747,
       33.55261381163682
      ],
      [
       -84.6757151954092,
       33.544665793320796
      ],
      [
       -84.67165426290826,
       33.54474917580418
      ],
      [
       -84.67162375331175,
       33.542373608852614
      ],
      [
       -84.67228128771929,
       33.54237527650228
      ],
      [
       -84.67227813155414,
       33.54044830731131
      ],
      [
       -84.67005934744934,
       33.54046414998315
      ],
      [
       -84.67021610365211,
       33.550505902456905
      ],
      [
       -84.66504314896115,
       33.547493293332295
      ]
     ]
    ]
   }
  },
  {
   "type": "Feature",
   "properties": {
    "name": "Roswell",
    "geoid": "1367284"
   },
   "geometry": {
    "type": "Polygon",
    "coordinates": [
     [
      [
       -84.4189274941935,
       34.07329823059323
      ],
      [
       -84.4188264969085,
       34.07799766735667
      ],
      [
       -84.41335791474792,
       34.07807604689105
      ],
      [
       -84.41213753088753,
       34.07622078663579
      ],
      [
       -84.4106330921631,
       34.0783362002392
      ],
      [
       -84.40559164435365,
       34.07826532512833
      ],
      [
       -84.40537597306798,
       34.08580393545094
      ],
      [
       -84.41392286831086,
       34.08590899738
      ],
      [
       -84.41390813954014,
       34.08952696333397
      ],
      [
       -84.41872655167855,
       34.08949777946478
      ],
      [
       -84.41852666121866,
       34.09410216019716
      ],
      [
       -84.41862660644861,
       34.09639767996468
      ],
      [
       -84.41842776804377,
       34.109042633569636
      ],
      [
       -84.41491390416991,
       34.1103459017849
      ],
      [
       -84.41319800238,
       34.11008074548775
      ],
      [
       -84.41241632547633,
       34.109510409301414
      ],
      [
       -84.41166200200401,
       34.10811291887992
      ],
      [
       -84.41055103186903,
       34.10799785105285
      ],
      [
       -84.40903922875923,
       34.10890004952305
      ],
      [
       -84.40643644456044,
       34.108924230443236
      ],
      [
       -84.40599458143858,
       34.109647156574155
      ],
      [
       -84.40399567683967,
       34.11036507975608
      ],
      [
       -84.4023933969954,
       34.109637984500985
      ],
      [
       -84.39954127574927,
       34.10966633454534
      ],
      [
       -84.39962017987818,
       34.110958763037765
      ],
      [
       -84.39824935214536,
       34.11226036360337
      ],
      [
       -84.39584225018625,
       34.11309001931302
      ],
      [
       -84.39502795957596,
       34.11530715954616
      ],
      [
       -84.39438094571895,
       34.1155372952003
      ],
      [
       -84.39353824962225,
       34.114610081985084
      ],
      [
       -84.39224632601832,
       34.11573491168591
      ],
      [
       -84.39207378898979,
       34.117470101165104
      ],
      [
       -84.38832005656405,
       34.11823888766189
      ],
      [
       -84.38712702613502,
       34.1169522959433
      ],
      [
       -84.38512812153613,
       34.112698121641124
      ],
      [
       -84.38761412762413,
       34.11160497728398
      ],
      [
       -84.38759624268825,
       34.111024635199634
      ],
      [
       -84.38427806105406,
       34.11103797639698
      ],
      [
       -84.38383935409735,
       34.11002071009971
      ],
      [
       -84.38535746953747,
       34.1089233966184
      ],
      [
       -84.38632956840557,
       34.10896091873592
      ],
      [
       -84.38458736523937,
       34.1080728952879
      ],
      [
       -84.38515547496748,
       34.10738999274899
      ],
      [
       -84.38319654846055,
       34.10739332804833
      ],
      [
       -84.3831691950292,
       34.10419394216095
      ],
      [
       -84.37879264601264,
       34.10435737182837
      ],
      [
       -84.37772691424492,
       34.102824801783804
      ],
      [
       -84.37918401049201,
       34.10202266229366
      ],
      [
       -84.38338065809465,
       34.10235535840236
      ],
      [
       -84.38337539781939,
       34.10379203859104
      ],
      [
       -84.39648505582305,
       34.10393795793696
      ],
      [
       -84.39645559828159,
       34.09664115681616
      ],
      [
       -84.3921348081828,
       34.096515249266254
      ],
      [
       -84.39214953695354,
       34.098145376816376
      ],
      [
       -84.38704075762075,
       34.09776765416666
      ],
      [
       -84.3834016991957,
       34.09724067687168
      ],
      [
       -84.3834059074159,
       34.09650774484275
      ],
      [
       -84.38000461343262,
       34.0964868992219
      ],
      [
       -84.37995411479011,
       34.09771679085179
      ],
      [
       -84.37793206498006,
       34.09735491087391
      ],
      [
       -84.37577114390314,
       34.09550632121732
      ],
      [
       -84.37578061239861,
       34.100137384344386
      ],
      [
       -84.37455812442812,
       34.10013404904505
      ],
      [
       -84.37457706141906,
       34.09908176210477
      ],
      [
       -84.37303264460265,
       34.09906925473226
      ],
      [
       -84.37298319801519,
       34.095654742037745
      ],
      [
       -84.37203108819308,
       34.09538374896675
      ],
      [
       -84.37197953749553,
       34.09435063999764
      ],
      [
       -84.3732135980716,
       34.093873692192695
      ],
      [
       -84.37320307752108,
       34.09277387723688
      ],
      [
       -84.37699468392869,
       34.0928113993544
      ],
      [
       -84.37763538545538,
       34.09231777505278
      ],
      [
       -84.37733870593071,
       34.09010480394381
      ],
      [
       -84.38037598886599,
       34.08914090243591
      ],
      [
       -84.38565414906215,
       34.08923762611663
      ],
      [
       -84.38653261503062,
       34.08699713878814
      ],
      [
       -84.38593609981609,
       34.086289221504224
      ],
      [
       -84.38669778767378,
       34.085573799796805
      ],
      [
       -84.38799286744286,
       34.08573139269039
      ],
      [
       -84.38797182634183,
       34.08061337586038
      ],
      [
       -84.38418021993422,
       34.08057418609319
      ],
      [
       -84.38349217593017,
       34.07922088838789
      ],
      [
       -84.388016012654,
       34.079270084053086
      ],
      [
       -84.38799286744286,
       34.078127744030745
      ],
      [
       -84.38390142534543,
       34.0780993939864
      ],
      [
       -84.38337434576434,
       34.07707128796629
      ],
      [
       -84.38191724951724,
       34.07702626142526
      ],
      [
       -84.38160794533195,
       34.07801767915268
      ],
      [
       -84.38254217021817,
       34.07868473901974
      ],
      [
       -84.38203402762802,
       34.080032199951205
      ],
      [
       -84.38049066286666,
       34.079239232534235
      ],
      [
       -84.37984996133996,
       34.080019692578695
      ],
      [
       -84.37748914980315,
       34.07968616264517
      ],
      [
       -84.37757436626237,
       34.08191581025081
      ],
      [
       -84.37910826252826,
       34.08179824094924
      ],
      [
       -84.3772598018018,
       34.086254200861205
      ],
      [
       -84.37701467297467,
       34.08741822032922
      ],
      [
       -84.37454655182255,
       34.087859313666314
      ],
      [
       -84.3746507052727,
       34.091383057414056
      ],
      [
       -84.37275385001385,
       34.092728850695856
      ],
      [
       -84.37169758674159,
       34.09402211301312
      ],
      [
       -84.36997747673148,
       34.09481174513075
      ],
      [
       -84.36733997471597,
       34.09526617966518
      ],
      [
       -84.3672757993578,
       34.092727183046186
      ],
      [
       -84.36577977707378,
       34.0927471948422
      ],
      [
       -84.3653621112181,
       34.09474087001987
      ],
      [
       -84.36334216551816,
       34.093981255596255
      ],
      [
       -84.36230378718179,
       34.091177102680106
      ],
      [
       -84.36075200598,
       34.08882404899905
      ],
      [
       -84.36154104726904,
       34.088904930007935
      ],
      [
       -84.36156524453524,
       34.08518523742424
      ],
      [
       -84.35916971518171,
       34.085161056504056
      ],
      [
       -84.35737175309775,
       34.0823443962154
      ],
      [
       -84.35593990617191,
       34.07862386980687
      ],
      [
       -84.35401043720644,
       34.07860135653636
      ],
      [
       -84.35392732485732,
       34.07783423768924
      ],
      [
       -84.35284791637392,
       34.07781922884223
      ],
      [
       -84.35284686431886,
       34.08052415660316
      ],
      [
       -84.34826726867726,
       34.08050080950781
      ],
      [
       -84.34825253990654,
       34.08130878577179
      ],
      [
       -84.34728149309349,
       34.08130711812212
      ],
      [
       -84.34739511503912,
       34.077532393099396
      ],
      [
       -84.34654610661211,
       34.07751321512822
      ],
      [
       -84.34653453400654,
       34.07289882849783
      ],
      [
       -84.32994572994573,
       34.07294302121402
      ],
      [
       -84.32988155458756,
       34.068943997311
      ],
      [
       -84.32891576804977,
       34.0687221999052
      ],
      [
       -84.32895364203164,
       34.06750981859682
      ],
      [
       -84.32800048015447,
       34.067483136202135
      ],
      [
       -84.32806044729244,
       34.06485492032592
      ],
      [
       -84.32399425451625,
       34.06480072171173
      ],
      [
       -84.32399951479151,
       34.06748563767664
      ],
      [
       -84.32104008393009,
       34.06674186592487
      ],
      [
       -84.31745468031268,
       34.06609565167865
      ],
      [
       -84.31165996108597,
       34.06610815905116
      ],
      [
       -84.31166416930617,
       34.06490828511529
      ],
      [
       -84.30770844231044,
       34.06491495571396
      ],
      [
       -84.30702460652661,
       34.06456224780925
      ],
      [
       -84.30704985584785,
       34.06600476477177
      ],
      [
       -84.30410936197737,
       34.06641167129067
      ],
      [
       -84.30413566335366,
       34.064544737487736
      ],
      [
       -84.29802848377648,
       34.064549740436746
      ],
      [
       -84.29805373309773,
       34.06076084039184
      ],
      [
       -84.30255021639022,
       34.0609175994606
      ],
      [
       -84.30775052451253,
       34.06096095835196
      ],
      [
       -84.30775368067768,
       34.05715204651105
      ],
      [
       -84.31046587860187,
       34.05720791277491
      ],
      [
       -84.31125386783587,
       34.056283201034205
      ],
      [
       -84.31254684349484,
       34.057066996378
      ],
      [
       -84.31423854801855,
       34.05498827106727
      ],
      [
       -84.312165999566,
       34.05494824747525
      ],
      [
       -84.31217546806147,
       34.0536207983398
      ],
      [
       -84.30993143463543,
       34.053563264426266
      ],
      [
       -84.30991986202986,
       34.04982022474723
      ],
      [
       -84.31686447742848,
       34.04986691893792
      ],
      [
       -84.31801647771047,
       34.04855614629915
      ],
      [
       -84.31662986915187,
       34.04813006180906
      ],
      [
       -84.31665196230796,
       34.04471721676422
      ],
      [
       -84.31944727258127,
       34.04422275863776
      ],
      [
       -84.32475804648405,
       34.041677925244926
      ],
      [
       -84.32583429880229,
       34.042418361697365
      ],
      [
       -84.33483673388274,
       34.04271937246237
      ],
      [
       -84.33498928186528,
       34.03753965259465
      ],
      [
       -84.33356795548995,
       34.03823089338189
      ],
      [
       -84.33047596569196,
       34.03896966218466
      ],
      [
       -84.33050542323342,
       34.0356968997119
      ],
      [
       -84.31638474032474,
       34.03544008166308
      ],
      [
       -84.3173862967343,
       34.03355897283797
      ],
      [
       -84.31611857039657,
       34.03395670728371
      ],
      [
       -84.31412597812798,
       34.03325212529913
      ],
      [
       -84.31247214758615,
       34.033685714212716
      ],
      [
       -84.30966421265221,
       34.033918351341356
      ],
      [
       -84.30660588861589,
       34.03516992241693
      ],
      [
       -84.3058925952906,
       34.035832813159814
      ],
      [
       -84.30439867711668,
       34.035866999978005
      ],
      [
       -84.30323826039425,
       34.03732535961236
      ],
      [
       -84.30153287915488,
       34.0389213003443
      ],
      [
       -84.29921309776509,
       34.038923801818804
      ],
      [
       -84.29979488420888,
       34.037653886596885
      ],
      [
       -84.2979622043082,
       34.037604690931694
      ],
      [
       -84.29796851663852,
       34.038923801818804
      ],
      [
       -84.29600117369117,
       34.03892713711814
      ],
      [
       -84.29602747506748,
       34.03529916526617
      ],
      [
       -84.29163514522514,
       34.03526914757215
      ],
      [
       -84.29166775893175,
       34.03256588746089
      ],
      [
       -84.29198863572263,
       34.03090824369124
      ],
      [
       -84.28944792277193,
       34.031104192527195
      ],
      [
       -84.2894395063315,
       34.03892630329331
      ],
      [
       -84.28643904532305,
       34.038857929656935
      ],
      [
       -84.28626861240461,
       34.037135247550246
      ],
      [
       -84.28508505047105,
       34.03709188865889
      ],
      [
       -84.28510609157209,
       34.035295829966834
      ],
      [
       -84.28038446849847,
       34.035195770986775
      ],
      [
       -84.28030661642461,
       34.035817804312806
      ],
      [
       -84.27901784898584,
       34.03522161955662
      ],
      [
       -84.27519888914689,
       34.034578740609746
      ],
      [
       -84.27373968878969,
       34.034071775110775
      ],
      [
       -84.27372390796391,
       34.03174873912374
      ],
      [
       -84.27264449948049,
       34.03170204493305
      ],
      [
       -84.27262451043451,
       34.02684584910085
      ],
      [
       -84.26928002742403,
       34.026784979887985
      ],
      [
       -84.26948412610413,
       34.025199045054045
      ],
      [
       -84.27259715700316,
       34.02524824071924
      ],
      [
       -84.27258768850768,
       34.024607863246864
      ],
      [
       -84.27713572249772,
       34.02465539126239
      ],
      [
       -84.27714413893814,
       34.02120085497586
      ],
      [
       -84.27806784327385,
       34.02093903397804
      ],
      [
       -84.28615604251404,
       34.0211057989448
      ],
      [
       -84.28404877624477,
       34.02043707142808
      ],
      [
       -84.28064748226149,
       34.02043707142808
      ],
      [
       -84.28071796994998,
       34.01613787058487
      ],
      [
       -84.28031608492009,
       34.01605615575116
      ],
      [
       -84.28107882483282,
       34.01364973728074
      ],
      [
       -84.28097677549277,
       34.011186618721624
      ],
      [
       -84.28008884102884,
       34.00880271352172
      ],
      [
       -84.27878218865419,
       34.007291822922824
      ],
      [
       -84.27728511431512,
       34.00611362843263
      ],
      [
       -84.27633195243796,
       34.00437593747894
      ],
      [
       -84.27624463186864,
       34.00226385917486
      ],
      [
       -84.27569966735166,
       34.00078131862032
      ],
      [
       -84.27468233011633,
       33.999663159518164
      ],
      [
       -84.27373653262453,
       33.99764613724514
      ],
      [
       -84.27323785852985,
       33.99512465094765
      ],
      [
       -84.27309477904278,
       33.99014421521522
      ],
      [
       -84.27345458187058,
       33.98883927935028
      ],
      [
       -84.27224997883597,
       33.98753684495985
      ],
      [
       -84.26925898632298,
       33.98540225338525
      ],
      [
       -84.26759779139579,
       33.9860342926093
      ],
      [
       -84.2633054067834,
       33.98598092781993
      ],
      [
       -84.26333591637992,
       33.98330101480402
      ],
      [
       -84.26159686937886,
       33.97719991849492
      ],
      [
       -84.26192931877532,
       33.97455085699786
      ],
      [
       -84.26265418470618,
       33.97340101255202
      ],
      [
       -84.26618172529572,
       33.971753374680375
      ],
      [
       -84.26812066275666,
       33.97206689281789
      ],
      [
       -84.27125368270168,
       33.973546931897936
      ],
      [
       -84.27252351314951,
       33.97449082160983
      ],
      [
       -84.27298115709715,
       33.97640111430412
      ],
      [
       -84.27402374365374,
       33.97836560561261
      ],
      [
       -84.27555763991964,
       33.97955297217597
      ],
      [
       -84.27735034172834,
       33.980025750856754
      ],
      [
       -84.27826352551352,
       33.97955380600081
      ],
      [
       -84.27933767372167,
       33.97810878756379
      ],
      [
       -84.2820909017929,
       33.976603733738735
      ],
      [
       -84.28452325307325,
       33.97584828843929
      ],
      [
       -84.28684198240798,
       33.97542303777404
      ],
      [
       -84.28999499139898,
       33.97527961990262
      ],
      [
       -84.29147838902239,
       33.975533936476936
      ],
      [
       -84.29425265819465,
       33.976734644237645
      ],
      [
       -84.29665344782345,
       33.97811379051279
      ],
      [
       -84.2978527905828,
       33.97926780408281
      ],
      [
       -84.29929515805915,
       33.98153413998114
      ],
      [
       -84.29947611152811,
       33.98340107378407
      ],
      [
       -84.29889222097422,
       33.98431494580195
      ],
      [
       -84.29562348592748,
       33.984490049017055
      ],
      [
       -84.29438206096606,
       33.98552982858483
      ],
      [
       -84.29541833519234,
       33.98788204844105
      ],
      [
       -84.29654929437329,
       33.98867334820835
      ],
      [
       -84.29914576624176,
       33.988872632343636
      ],
      [
       -84.30156549286149,
       33.98756102588003
      ],
      [
       -84.30247236431636,
       33.986677171556174
      ],
      [
       -84.30350443032243,
       33.984404998884
      ],
      [
       -84.30732865043665,
       33.98356700492601
      ],
      [
       -84.30925811940212,
       33.9839488966999
      ],
      [
       -84.31133592812992,
       33.985048711655715
      ],
      [
       -84.31258576953176,
       33.985328876799876
      ],
      [
       -84.31614907999308,
       33.985485635868635
      ],
      [
       -84.32058349203749,
       33.985507315314315
      ],
      [
       -84.32153981007981,
       33.98568658765359
      ],
      [
       -84.3235302982383,
       33.987229997421
      ],
      [
       -84.324089991526,
       33.98913195186695
      ],
      [
       -84.32472648483248,
       33.99017506673407
      ],
      [
       -84.32458445740046,
       33.99386974457275
      ],
      [
       -84.32575329056328,
       33.995995997899
      ],
      [
       -84.32623197561198,
       33.99632786018286
      ],
      [
       -84.32706941143341,
       33.9983723986754
      ],
      [
       -84.32829821173421,
       34.000200142711144
      ],
      [
       -84.33111771927372,
       34.003252775427775
      ],
      [
       -84.3321845030965,
       34.005814285317285
      ],
      [
       -84.3325969086769,
       34.0080380961491
      ],
      [
       -84.33396458024458,
       34.0099016946527
      ],
      [
       -84.33632854794655,
       34.01000925805626
      ],
      [
       -84.33992762827963,
       34.007928031271035
      ],
      [
       -84.34317216606017,
       34.00444514494015
      ],
      [
       -84.3443630923791,
       34.00406992376492
      ],
      [
       -84.34846084680684,
       34.004065754640756
      ],
      [
       -84.35152022289822,
       34.003551284718284
      ],
      [
       -84.35528342381943,
       34.00256570376471
      ],
      [
       -84.35728443252843,
       34.001759395150394
      ],
      [
       -84.35945166593567,
       34.00156928308829
      ],
      [
       -84.36201657615257,
       34.000867202578206
      ],
      [
       -84.3633326970227,
       34.000808001015
      ],
      [
       -84.36709694999895,
       33.999990852677854
      ],
      [
       -84.36933782725983,
       34.00007006603707
      ],
      [
       -84.37204371285371,
       34.00065374342075
      ],
      [
       -84.37652441532042,
       34.000978935105934
      ],
      [
       -84.3786706076266,
       34.00088304525005
      ],
      [
       -84.38145434529434,
       33.99959478588179
      ],
      [
       -84.38292617031217,
       33.99756775771076
      ],
      [
       -84.38346482249882,
       33.99487533732234
      ],
      [
       -84.3833291073971,
       33.99280411643512
      ],
      [
       -84.38618017658817,
       33.99257814990515
      ],
      [
       -84.38709756859356,
       33.993501193996195
      ],
      [
       -84.38997283505083,
       33.99536896162397
      ],
      [
       -84.38768461531261,
       33.99690403314303
      ],
      [
       -84.38952045137844,
       33.998314864761866
      ],
      [
       -84.39113114766315,
       33.99912617632518
      ],
      [
       -84.39220424381624,
       33.999113668952674
      ],
      [
       -84.39292384947184,
       33.999679836014835
      ],
      [
       -84.39252512060712,
       34.00106481906382
      ],
      [
       -84.39409583879984,
       34.002093758908764
      ],
      [
       -84.39534462814663,
       34.00490791772292
      ],
      [
       -84.3964072037492,
       34.00512221070521
      ],
      [
       -84.39726462861663,
       34.0065738997409
      ],
      [
       -84.39637038182238,
       34.00815233015133
      ],
      [
       -84.39801158770359,
       34.00835078046178
      ],
      [
       -84.40014305123906,
       34.00774709128209
      ],
      [
       -84.400828991133,
       34.008264896503896
      ],
      [
       -84.40060700751701,
       34.009589010340015
      ],
      [
       -84.39945185106986,
       34.00969073696974
      ],
      [
       -84.3993235003535,
       34.010531232402236
      ],
      [
       -84.40103203775804,
       34.01196874641575
      ],
      [
       -84.40099942405142,
       34.01282425069525
      ],
      [
       -84.39999155531156,
       34.01335206181506
      ],
      [
       -84.40119615834615,
       34.014130020385025
      ],
      [
       -84.39804735757535,
       34.01630296790197
      ],
      [
       -84.39897316602116,
       34.01712928831229
      ],
      [
       -84.39962123193322,
       34.01908710902211
      ],
      [
       -84.39961702371302,
       34.02056714810215
      ],
      [
       -84.39818728089728,
       34.02208137400038
      ],
      [
       -84.3998632045952,
       34.02442692325793
      ],
      [
       -84.40114250353851,
       34.024175941982946
      ],
      [
       -84.40167484339484,
       34.02525824661725
      ],
      [
       -84.40070484863685,
       34.02622965254866
      ],
      [
       -84.40062173628773,
       34.028033215664216
      ],
      [
       -84.40129505152105,
       34.03027870594171
      ],
      [
       -84.40304251496251,
       34.03225487079787
      ],
      [
       -84.40373581924182,
       34.032028904267904
      ],
      [
       -84.40399883300483,
       34.033196259035265
      ],
      [
       -84.40212617501217,
       34.03496813680714
      ],
      [
       -84.40246072851873,
       34.0356401996232
      ],
      [
       -84.4042913043093,
       34.03684174120875
      ],
      [
       -84.40559795668396,
       34.03735120818221
      ],
      [
       -84.40667841722241,
       34.036094634157635
      ],
      [
       -84.40900661505262,
       34.038821241364246
      ],
      [
       -84.40889299310699,
       34.039816828215834
      ],
      [
       -84.41051736610737,
       34.04184385638686
      ],
      [
       -84.41133691699292,
       34.04207899499
      ],
      [
       -84.41164727323327,
       34.04392008022308
      ],
      [
       -84.41083298262298,
       34.04513412918113
      ],
      [
       -84.41049211678612,
       34.046388201731205
      ],
      [
       -84.41067938258539,
       34.04891635862736
      ],
      [
       -84.41108757994557,
       34.04965262595563
      ],
      [
       -84.4121512076032,
       34.05008621486922
      ],
      [
       -84.41215436376837,
       34.049257392984394
      ],
      [
       -84.41318642977443,
       34.04925072238572
      ],
      [
       -84.41358410658411,
       34.05029717255218
      ],
      [
       -84.41679708271307,
       34.05162628933729
      ],
      [
       -84.41843092420892,
       34.05342401567902
      ],
      [
       -84.41913369698369,
       34.05516587575688
      ],
      [
       -84.4189274941935,
       34.07009801088101
      ],
      [
       -84.4189274941935,
       34.07329823059323
      ]
     ]
    ]
   }
  },
  {
   "type": "Feature",
   "properties": {
    "name": "Sandy Springs",
    "geoid": "1368516"
   },
   "geometry": {
    "type": "Polygon",
    "coordinates": [
     [
      [
       -84.3833291073971,
       33.99280411643512
      ],
      [
       -84.38346482249882,
       33.99487533732234
      ],
      [
       -84.38292617031217,
       33.99756775771076
      ],
      [
       -84.38145434529434,
       33.99959478588179
      ],
      [
       -84.3786706076266,
       34.00088304525005
      ],
      [
       -84.37652441532042,
       34.000978935105934
      ],
      [
       -84.37204371285371,
       34.00065374342075
      ],
      [
       -84.36933782725983,
       34.00007006603707
      ],
      [
       -84.36709694999895,
       33.999990852677854
      ],
      [
       -84.3633326970227,
       34.000808001015
      ],
      [
       -84.36201657615257,
       34.000867202578206
      ],
      [
       -84.35945166593567,
       34.00156928308829
      ],
      [
       -84.35728443252843,
       34.001759395150394
      ],
      [
       -84.35528342381943,
       34.00256570376471
      ],
      [
       -84.35152022289822,
       34.003551284718284
      ],
      [
       -84.34846084680684,
       34.004065754640756
      ],
      [
       -84.3443630923791,
       34.00406992376492
      ],
      [
       -84.34317216606017,
       34.00444514494015
      ],
      [
       -84.33992762827963,
       34.007928031271035
      ],
      [
       -84.33632854794655,
       34.01000925805626
      ],
      [
       -84.33396458024458,
       34.0099016946527
      ],
      [
       -84.3325969086769,
       34.0080380961491
      ],
      [
       -84.3321845030965,
       34.005814285317285
      ],
      [
       -84.33111771927372,
       34.003252775427775
      ],
      [
       -84.32829821173421,
       34.000200142711144
      ],
      [
       -84.32706941143341,
       33.9983723986754
      ],
      [
       -84.32623197561198,
       33.99632786018286
      ],
      [
       -84.32575329056328,
       33.995995997899
      ],
      [
       -84.32458445740046,
       33.99386974457275
      ],
      [
       -84.32472648483248,
       33.99017506673407
      ],
      [
       -84.324089991526,
       33.98913195186695
      ],
      [
       -84.3235302982383,
       33.987229997421
      ],
      [
       -84.32153981007981,
       33.98568658765359
      ],
      [
       -84.32058349203749,
       33.985507315314315
      ],
      [
       -84.31614907999308,
       33.985485635868635
      ],
      [
       -84.31258576953176,
       33.985328876799876
      ],
      [
       -84.31133592812992,
       33.985048711655715
      ],
      [
       -84.30925811940212,
       33.9839488966999
      ],
      [
       -84.30732865043665,
       33.98356700492601
      ],
      [
       -84.30350443032243,
       33.984404998884
      ],
      [
       -84.30247236431636,
       33.986677171556174
      ],
      [
       -84.30156549286149,
       33.98756102588003
      ],
      [
       -84.29914576624176,
       33.988872632343636
      ],
      [
       -84.29654929437329,
       33.98867334820835
      ],
      [
       -84.29541833519234,
       33.98788204844105
      ],
      [
       -84.29438206096606,
       33.98552982858483
      ],
      [
       -84.29562348592748,
       33.984490049017055
      ],
      [
       -84.29889222097422,
       33.98431494580195
      ],
      [
       -84.29947611152811,
       33.98340107378407
      ],
      [
       -84.29929515805915,
       33.98153413998114
      ],
      [
       -84.2978527905828,
       33.97926780408281
      ],
      [
       -84.29665344782345,
       33.97811379051279
      ],
      [
       -84.29425265819465,
       33.976734644237645
      ],
      [
       -84.29147838902239,
       33.975533936476936
      ],
      [
       -84.28999499139898,
       33.97527961990262
      ],
      [
       -84.28684198240798,
       33.97542303777404
      ],
      [
       -84.28452325307325,
       33.97584828843929
      ],
      [
       -84.2820909017929,
       33.976603733738735
      ],
      [
       -84.27933767372167,
       33.97810878756379
      ],
      [
       -84.27826352551352,
       33.97955380600081
      ],
      [
       -84.27735034172834,
       33.980025750856754
      ],
      [
       -84.27555763991964,
       33.97955297217597
      ],
      [
       -84.27402374365374,
       33.97836560561261
      ],
      [
       -84.27298115709715,
       33.97640111430412
      ],
      [
       -84.27252351314951,
       33.97449082160983
      ],
      [
       -84.27125368270168,
       33.973546931897936
      ],
      [
       -84.26812066275666,
       33.97206689281789
      ],
      [
       -84.26618172529572,
       33.971753374680375
      ],
      [
       -84.26265418470618,
       33.97340101255202
      ],
      [
       -84.26125389943189,
       33.97127059010159
      ],
      [
       -84.26006612927813,
       33.96986225995726
      ],
      [
       -84.25808931783531,
       33.968183770566775
      ],
      [
       -84.26021657315057,
       33.96755173134273
      ],
      [
       -84.26574722655923,
       33.964630842949845
      ],
      [
       -84.26762198866199,
       33.96377617249517
      ],
      [
       -84.26874137523737,
       33.96159738820439
      ],
      [
       -84.2724951076631,
       33.958839929478934
      ],
      [
       -84.27302113518914,
       33.95939609064309
      ],
      [
       -84.27412158477358,
       33.958299610986614
      ],
      [
       -84.27519362887163,
       33.958056134135134
      ],
      [
       -84.27643610588811,
       33.95777680281581
      ],
      [
       -84.27709258824059,
       33.95761420697321
      ],
      [
       -84.27719463758064,
       33.957826832305834
      ],
      [
       -84.28049703838904,
       33.956019933890936
      ],
      [
       -84.28427075986076,
       33.95637597709498
      ],
      [
       -84.287954004598,
       33.95788686769387
      ],
      [
       -84.29064621347621,
       33.958252082971086
      ],
      [
       -84.29340996209797,
       33.95952533349234
      ],
      [
       -84.2949449104189,
       33.95979215743916
      ],
      [
       -84.29832095508095,
       33.959789655964656
      ],
      [
       -84.29982434175034,
       33.95934272585373
      ],
      [
       -84.30102052834452,
       33.95952866879167
      ],
      [
       -84.30331821657822,
       33.96043086726187
      ],
      [
       -84.30782311631111,
       33.9627413958764
      ],
      [
       -84.30981676063476,
       33.963926260965266
      ],
      [
       -84.31148637200238,
       33.964278135045134
      ],
      [
       -84.3132916984717,
       33.9654037985708
      ],
      [
       -84.31533268527268,
       33.96601665982366
      ],
      [
       -84.31708646104445,
       33.96613172765073
      ],
      [
       -84.31848043398843,
       33.966984730455735
      ],
      [
       -84.32012374397975,
       33.967370791353794
      ],
      [
       -84.3250947041007,
       33.967249052928054
      ],
      [
       -84.32697367442367,
       33.9676642976953
      ],
      [
       -84.32986051348651,
       33.968698240489246
      ],
      [
       -84.33733536463136,
       33.97088036007936
      ],
      [
       -84.33889451021851,
       33.96969466116566
      ],
      [
       -84.33930586374386,
       33.970015683726686
      ],
      [
       -84.34240521792722,
       33.96811372928073
      ],
      [
       -84.34305538794939,
       33.96811372928073
      ],
      [
       -84.3460810982791,
       33.9661308938259
      ],
      [
       -84.34674284090684,
       33.96631767058867
      ],
      [
       -84.34683752586153,
       33.9681103939814
      ],
      [
       -84.34741194791995,
       33.96810872633173
      ],
      [
       -84.3474393013513,
       33.956361802072806
      ],
      [
       -84.3476234109854,
       33.94825785851286
      ],
      [
       -84.34780962472962,
       33.92084503327604
      ],
      [
       -84.34789063296863,
       33.91500992708893
      ],
      [
       -84.34790641379442,
       33.9078331967442
      ],
      [
       -84.348181000163,
       33.89093907178607
      ],
      [
       -84.34812418919019,
       33.88210803297103
      ],
      [
       -84.35389576320576,
       33.88196127980028
      ],
      [
       -84.35531708958109,
       33.880473736296736
      ],
      [
       -84.35551487593088,
       33.87841502278202
      ],
      [
       -84.35817026288227,
       33.87847922729423
      ],
      [
       -84.35791987377988,
       33.878012285387285
      ],
      [
       -84.3598325098645,
       33.87804230308131
      ],
      [
       -84.35984408247008,
       33.87703587650688
      ],
      [
       -84.36205971040971,
       33.87692998075298
      ],
      [
       -84.3630780997001,
       33.87836582711683
      ],
      [
       -84.36281192977192,
       33.878692686451686
      ],
      [
       -84.36409543693543,
       33.88008934304835
      ],
      [
       -84.36631211693012,
       33.88003431060931
      ],
      [
       -84.36775132824133,
       33.87910876504377
      ],
      [
       -84.36798383240783,
       33.8779113925824
      ],
      [
       -84.37352816253217,
       33.87813318998819
      ],
      [
       -84.38416128294328,
       33.87812902086402
      ],
      [
       -84.38736584263184,
       33.87830579172879
      ],
      [
       -84.38729851110851,
       33.881055746030746
      ],
      [
       -84.38842736617937,
       33.881843710498714
      ],
      [
       -84.38968351991151,
       33.88332875252775
      ],
      [
       -84.392260002734,
       33.88490217998918
      ],
      [
       -84.39227052328452,
       33.885569239856245
      ],
      [
       -84.39345408521808,
       33.88582689172989
      ],
      [
       -84.39475337320737,
       33.886823312406314
      ],
      [
       -84.39548244735845,
       33.88633635870336
      ],
      [
       -84.39264715899316,
       33.88344215270516
      ],
      [
       -84.39121952028752,
       33.88237402309303
      ],
      [
       -84.39035578308979,
       33.88122000952301
      ],
      [
       -84.39125213399413,
       33.880839785398784
      ],
      [
       -84.38917853348653,
       33.87893032652933
      ],
      [
       -84.38869248405248,
       33.87814903266003
      ],
      [
       -84.39724674368074,
       33.87821907394608
      ],
      [
       -84.39722465052465,
       33.87945980529881
      ],
      [
       -84.39917516059116,
       33.87947064502165
      ],
      [
       -84.39920040991241,
       33.8813083949554
      ],
      [
       -84.40040185678185,
       33.88125002721703
      ],
      [
       -84.40113303504303,
       33.88229564355865
      ],
      [
       -84.40113829531829,
       33.88592028011128
      ],
      [
       -84.40183685987286,
       33.88676327701828
      ],
      [
       -84.40330868489069,
       33.886424744135745
      ],
      [
       -84.40428393992394,
       33.88540914548815
      ],
      [
       -84.40512242780042,
       33.88524071287171
      ],
      [
       -84.40514978123178,
       33.88233816862517
      ],
      [
       -84.40702664744465,
       33.88230314798215
      ],
      [
       -84.40686252685653,
       33.87830495790396
      ],
      [
       -84.42322093086094,
       33.87843503457804
      ],
      [
       -84.42459912297912,
       33.87915962835863
      ],
      [
       -84.42488107373308,
       33.87844670812571
      ],
      [
       -84.42798884435685,
       33.878463384622385
      ],
      [
       -84.42769742510743,
       33.880410365609364
      ],
      [
       -84.42923237342838,
       33.88118665652966
      ],
      [
       -84.42993093798293,
       33.878474224345226
      ],
      [
       -84.43617067649667,
       33.87847839346939
      ],
      [
       -84.436156999781,
       33.88038368321469
      ],
      [
       -84.43801808516808,
       33.87925218291519
      ],
      [
       -84.43940364167165,
       33.87989005891306
      ],
      [
       -84.44021056789657,
       33.879080414999414
      ],
      [
       -84.44330571385971,
       33.87925134909035
      ],
      [
       -84.44353506186106,
       33.8813700979931
      ],
      [
       -84.44323943439143,
       33.88423678777179
      ],
      [
       -84.44430095793895,
       33.885975312550315
      ],
      [
       -84.44407897432298,
       33.887758030045035
      ],
      [
       -84.44224208620209,
       33.889077140932145
      ],
      [
       -84.44152668876669,
       33.89132096355996
      ],
      [
       -84.44306163708764,
       33.89283102033402
      ],
      [
       -84.44380017973418,
       33.89588698834999
      ],
      [
       -84.44181810801611,
       33.899143074326076
      ],
      [
       -84.442219993046,
       33.901024183151186
      ],
      [
       -84.44446613058213,
       33.903991765734766
      ],
      [
       -84.44578751172752,
       33.906043808650814
      ],
      [
       -84.44718148467149,
       33.90734707686608
      ],
      [
       -84.44773381357382,
       33.90867702747603
      ],
      [
       -84.44742976966377,
       33.9107198983189
      ],
      [
       -84.44640296393297,
       33.912233290392294
      ],
      [
       -84.44364342353143,
       33.91434036574737
      ],
      [
       -84.44015691308891,
       33.91652998976099
      ],
      [
       -84.4385925072265,
       33.91849031194531
      ],
      [
       -84.43727849046648,
       33.92207992785493
      ],
      [
       -84.43584559148559,
       33.92324811644712
      ],
      [
       -84.43164894388295,
       33.924287896014896
      ],
      [
       -84.43055375457375,
       33.924799030638034
      ],
      [
       -84.42756697028096,
       33.9269452957603
      ],
      [
       -84.4252513971114,
       33.92801425919726
      ],
      [
       -84.41840146666746,
       33.93166224284524
      ],
      [
       -84.41723999789,
       33.93245437643738
      ],
      [
       -84.41451622736022,
       33.93490582144882
      ],
      [
       -84.4114053005713,
       33.9383787018817
      ],
      [
       -84.40553904160105,
       33.943384986183986
      ],
      [
       -84.40209145719545,
       33.94666608690509
      ],
      [
       -84.39922881539881,
       33.95017565563066
      ],
      [
       -84.39648084760285,
       33.95244782830283
      ],
      [
       -84.39341621123621,
       33.95405210728311
      ],
      [
       -84.38962986510387,
       33.95691462793763
      ],
      [
       -84.3877003961384,
       33.95914677701778
      ],
      [
       -84.38325335943335,
       33.96339428072128
      ],
      [
       -84.38278203877003,
       33.96573732850433
      ],
      [
       -84.38368680611481,
       33.9661875939146
      ],
      [
       -84.38375413763814,
       33.967578413737414
      ],
      [
       -84.38457894879895,
       33.96909597493498
      ],
      [
       -84.38454528303728,
       33.97074778193078
      ],
      [
       -84.38402767195167,
       33.97151406695307
      ],
      [
       -84.38278098671499,
       33.97215861354962
      ],
      [
       -84.37974791199991,
       33.97250381703082
      ],
      [
       -84.37763328134528,
       33.97353692599993
      ],
      [
       -84.37626350566751,
       33.9754146995257
      ],
      [
       -84.37511571360571,
       33.97854321030221
      ],
      [
       -84.37543974656174,
       33.98402894388395
      ],
      [
       -84.37466648609849,
       33.98610516772017
      ],
      [
       -84.37502944509144,
       33.987311712254716
      ],
      [
       -84.3767684920925,
       33.98937292724393
      ],
      [
       -84.37911773102373,
       33.99103307248807
      ],
      [
       -84.3818152001772,
       33.991991137222136
      ],
      [
       -84.3833291073971,
       33.99280411643512
      ]
     ]
    ]
   }
  },
  {
   "type": "Feature",
   "properties": {
    "name": "South Fulton",
    "geoid": "1372122"
   },
   "geometry": {
    "type": "MultiPolygon",
    "coordinates": [
     [
      [
       [
        -84.66333671566672,
        33.65695364839265
       ],
       [
        -84.66167552073952,
        33.65687693650794
       ],
       [
        -84.6586719035659,
        33.657900873403875
       ],
       [
        -84.6573158046038,
        33.65863297160797
       ],
       [
        -84.6558744891825,
        33.659920397151396
       ],
       [
        -84.65466146970746,
        33.66158971446872
       ],
       [
        -84.65193349095749,
        33.66790927288427
       ],
       [
        -84.65206499783899,
        33.67075178174279
       ],
       [
        -84.65387242841842,
        33.675372005147004
       ],
       [
        -84.65369042289443,
        33.67752077174377
       ],
       [
        -84.65296976518377,
        33.6808418960569
       ],
       [
        -84.65273305279705,
        33.683609360680364
       ],
       [
        -84.6501208001028,
        33.68565806829707
       ],
       [
        -84.64798407629208,
        33.68599326588027
       ],
       [
        -84.64556645378245,
        33.68555717549218
       ],
       [
        -84.6421378063678,
        33.68388285522586
       ],
       [
        -84.64050501692701,
        33.6839503950374
       ],
       [
        -84.63664818310617,
        33.685588860835864
       ],
       [
        -84.63213802309802,
        33.688373001956
       ],
       [
        -84.63055152407952,
        33.69112379008279
       ],
       [
        -84.63032743635344,
        33.69312496968397
       ],
       [
        -84.62419605951006,
        33.69289816932917
       ],
       [
        -84.61739662770863,
        33.69274474555975
       ],
       [
        -84.6157207040107,
        33.69243122742223
       ],
       [
        -84.61310424309625,
        33.691410625825625
       ],
       [
        -84.60981131078331,
        33.690490083209085
       ],
       [
        -84.60963877375477,
        33.690790260149264
       ],
       [
        -84.60298557760558,
        33.69067269084769
       ],
       [
        -84.60301187898187,
        33.698254660061664
       ],
       [
        -84.59391791511192,
        33.69830635720136
       ],
       [
        -84.59393053977254,
        33.70662792904293
       ],
       [
        -84.58828205619805,
        33.70659540987441
       ],
       [
        -84.58972442367443,
        33.70944959228059
       ],
       [
        -84.59107736647137,
        33.71052522631623
       ],
       [
        -84.58829783702383,
        33.71298667722568
       ],
       [
        -84.58684705310705,
        33.714941162636165
       ],
       [
        -84.58389498663098,
        33.7233160992671
       ],
       [
        -84.5831596001496,
        33.72457517476618
       ],
       [
        -84.58156994496595,
        33.725904291551295
       ],
       [
        -84.57079058890258,
        33.730838033093036
       ],
       [
        -84.56873066511066,
        33.732198001397
       ],
       [
        -84.56658131663931,
        33.73041194860295
       ],
       [
        -84.56231523340323,
        33.72904364205064
       ],
       [
        -84.56112641119441,
        33.729066155321156
       ],
       [
        -84.55906964356764,
        33.7299866979377
       ],
       [
        -84.5553401084081,
        33.73026102630803
       ],
       [
        -84.55455001506401,
        33.73846336119836
       ],
       [
        -84.5449458044938,
        33.73844501705202
       ],
       [
        -84.5449394921635,
        33.746560634159636
       ],
       [
        -84.54279435191235,
        33.74711095854996
       ],
       [
        -84.54080912402912,
        33.747210183705185
       ],
       [
        -84.53984859776659,
        33.74759124165424
       ],
       [
        -84.53817372612373,
        33.74643222513523
       ],
       [
        -84.53745096430296,
        33.74635968237468
       ],
       [
        -84.5375225040465,
        33.744485244148244
       ],
       [
        -84.53533212542813,
        33.74445522645423
       ],
       [
        -84.53556252548452,
        33.73853173483474
       ],
       [
        -84.52700721380121,
        33.738448352351355
       ],
       [
        -84.5254144024524,
        33.737711251198256
       ],
       [
        -84.52579945460145,
        33.73337035911336
       ],
       [
        -84.5242161117481,
        33.73229472507773
       ],
       [
        -84.52449911455712,
        33.73057371062071
       ],
       [
        -84.52372690614891,
        33.7300458995009
       ],
       [
        -84.52140502064901,
        33.730055905398906
       ],
       [
        -84.52111465345465,
        33.7314634017184
       ],
       [
        -84.51763445534246,
        33.73138668983369
       ],
       [
        -84.51720416482617,
        33.72957979141879
       ],
       [
        -84.51433941891942,
        33.72648213216114
       ],
       [
        -84.51421948464348,
        33.72791130792631
       ],
       [
        -84.51311061861861,
        33.729488070687076
       ],
       [
        -84.50978191643391,
        33.73113237325938
       ],
       [
        -84.50884874360274,
        33.73214296895797
       ],
       [
        -84.50867936273936,
        33.73375725383626
       ],
       [
        -84.50914121490722,
        33.73703918838219
       ],
       [
        -84.50841003664604,
        33.73963071596572
       ],
       [
        -84.50566206885007,
        33.739359722894726
       ],
       [
        -84.50579252367652,
        33.731576801895805
       ],
       [
        -84.50181996379996,
        33.731555122450125
       ],
       [
        -84.50209875838875,
        33.72518136542037
       ],
       [
        -84.50190518025917,
        33.72388810310311
       ],
       [
        -84.50080893889493,
        33.72388893692794
       ],
       [
        -84.50059431966432,
        33.72499375483276
       ],
       [
        -84.49634086108885,
        33.72499208718309
       ],
       [
        -84.4964365980986,
        33.72159925393426
       ],
       [
        -84.5007679087479,
        33.72302009145109
       ],
       [
        -84.50573781681382,
        33.72310430775931
       ],
       [
        -84.5059534880995,
        33.717020721771725
       ],
       [
        -84.50511605227805,
        33.71758021823522
       ],
       [
        -84.50361476971877,
        33.71690398629499
       ],
       [
        -84.50398193693194,
        33.71630863536364
       ],
       [
        -84.5054421893442,
        33.71675223017523
       ],
       [
        -84.50593981138381,
        33.71631113683814
       ],
       [
        -84.50601345523745,
        33.71301335962036
       ],
       [
        -84.51237944035744,
        33.71317929076229
       ],
       [
        -84.51229632800833,
        33.71378131229231
       ],
       [
        -84.51627204405004,
        33.713864694775694
       ],
       [
        -84.51532835066836,
        33.71531304851205
       ],
       [
        -84.51474446011446,
        33.71735758700459
       ],
       [
        -84.50821225029625,
        33.71702405707106
       ],
       [
        -84.50788085295486,
        33.71934459158359
       ],
       [
        -84.51408271748672,
        33.71989408214908
       ],
       [
        -84.51386073387073,
        33.72206286054186
       ],
       [
        -84.5175566032686,
        33.72211038855739
       ],
       [
        -84.51844664184264,
        33.72149585965486
       ],
       [
        -84.51867598984398,
        33.720627014178014
       ],
       [
        -84.51911154063554,
        33.72210288413389
       ],
       [
        -84.52286948128148,
        33.722087875286874
       ],
       [
        -84.52280425386826,
        33.72583425026525
       ],
       [
        -84.52299467583268,
        33.72423330658431
       ],
       [
        -84.52419401859201,
        33.72422997128497
       ],
       [
        -84.52416456105055,
        33.725847591462596
       ],
       [
        -84.52725129057329,
        33.72624115678416
       ],
       [
        -84.5272576029036,
        33.730114273137275
       ],
       [
        -84.52683993704794,
        33.73221884701785
       ],
       [
        -84.52973414049615,
        33.73348209164109
       ],
       [
        -84.53545626792426,
        33.73469197147497
       ],
       [
        -84.5382884001244,
        33.73393319087619
       ],
       [
        -84.54109212683812,
        33.73345374159674
       ],
       [
        -84.54110054327855,
        33.73251902395803
       ],
       [
        -84.53984438954639,
        33.72834072771573
       ],
       [
        -84.55083626073026,
        33.728374914533916
       ],
       [
        -84.55085414566615,
        33.722414734621736
       ],
       [
        -84.55059639217839,
        33.72022677825778
       ],
       [
        -84.54340664795265,
        33.72021677235978
       ],
       [
        -84.54348555208155,
        33.722231293158295
       ],
       [
        -84.53927522776323,
        33.72222295490996
       ],
       [
        -84.53876603311804,
        33.72509714911215
       ],
       [
        -84.53924261405662,
        33.727243414234415
       ],
       [
        -84.53786863015863,
        33.727289274600274
       ],
       [
        -84.53682814771214,
        33.72679898559799
       ],
       [
        -84.53616850919451,
        33.72464771752672
       ],
       [
        -84.53616114480914,
        33.72221461666162
       ],
       [
        -84.53557935836535,
        33.715681599088605
       ],
       [
        -84.5365177914718,
        33.71563323724824
       ],
       [
        -84.53596125434925,
        33.71355034281334
       ],
       [
        -84.53540787339188,
        33.71346112355612
       ],
       [
        -84.53513118291318,
        33.712301273212276
       ],
       [
        -84.53527952267552,
        33.70598588392089
       ],
       [
        -84.5364935942056,
        33.70600005894306
       ],
       [
        -84.53607698040499,
        33.70892094733595
       ],
       [
        -84.54117313507713,
        33.70895263267963
       ],
       [
        -84.54117103096704,
        33.7094028980899
       ],
       [
        -84.54545184297385,
        33.70928199348899
       ],
       [
        -84.54474275786876,
        33.70604091635992
       ],
       [
        -84.54512886207286,
        33.70604925460826
       ],
       [
        -84.54514148673348,
        33.70270561702462
       ],
       [
        -84.54642815006216,
        33.701142195461195
       ],
       [
        -84.54506258260459,
        33.701671674230674
       ],
       [
        -84.54513938262338,
        33.69754590895291
       ],
       [
        -84.54734343795744,
        33.69760761199061
       ],
       [
        -84.5474539037379,
        33.693691970570974
       ],
       [
        -84.54526457717458,
        33.6936260984091
       ],
       [
        -84.54538871967071,
        33.6898271924662
       ],
       [
        -84.54519724565124,
        33.68982302334202
       ],
       [
        -84.5455602046442,
        33.68076435034735
       ],
       [
        -84.53563406522807,
        33.68063510749811
       ],
       [
        -84.53579818581619,
        33.67754662031362
       ],
       [
        -84.53564879399879,
        33.6732098973529
       ],
       [
        -84.52586152584952,
        33.67311484132184
       ],
       [
        -84.52579735049135,
        33.664142886109886
       ],
       [
        -84.52810766338567,
        33.66305808000108
       ],
       [
        -84.52893247454648,
        33.66203664457964
       ],
       [
        -84.52928175682375,
        33.6603122948233
       ],
       [
        -84.52859476487477,
        33.660209734368735
       ],
       [
        -84.52867787722387,
        33.65916078272779
       ],
       [
        -84.52587204640004,
        33.65890896762797
       ],
       [
        -84.52590045188646,
        33.656920295399296
       ],
       [
        -84.52955003086203,
        33.65697616166317
       ],
       [
        -84.53044217354618,
        33.657509809556814
       ],
       [
        -84.53241793293392,
        33.654598927061926
       ],
       [
        -84.53430531969732,
        33.65306468936769
       ],
       [
        -84.53558882686083,
        33.651524614899614
       ],
       [
        -84.53564879399879,
        33.64769735891236
       ],
       [
        -84.53454098002898,
        33.64613810647311
       ],
       [
        -84.53255785625585,
        33.64743970703871
       ],
       [
        -84.53307757145157,
        33.64902480804781
       ],
       [
        -84.53233482058482,
        33.64902230657331
       ],
       [
        -84.53207285887686,
        33.647669008868014
       ],
       [
        -84.53021492965493,
        33.64651082617383
       ],
       [
        -84.5298382939463,
        33.64709283590784
       ],
       [
        -84.52824232643232,
        33.64626401402302
       ],
       [
        -84.52848535114936,
        33.64485901917802
       ],
       [
        -84.53068204209804,
        33.64493406341307
       ],
       [
        -84.53055684754685,
        33.64260018770319
       ],
       [
        -84.52921758146557,
        33.642615196550196
       ],
       [
        -84.52970783911984,
        33.64434788455489
       ],
       [
        -84.52595621080421,
        33.644385406672406
       ],
       [
        -84.52585416146415,
        33.64371417768118
       ],
       [
        -84.52263908122508,
        33.64265438631739
       ],
       [
        -84.52312197449398,
        33.641727173102176
       ],
       [
        -84.526052999869,
        33.63760974607275
       ],
       [
        -84.525750008014,
        33.63517164225865
       ],
       [
        -84.51588173162573,
        33.635323398378404
       ],
       [
        -84.51580072338672,
        33.631239324342324
       ],
       [
        -84.51427945178145,
        33.63063563516264
       ],
       [
        -84.51399855308256,
        33.63121264194764
       ],
       [
        -84.5112568976169,
        33.63135522599423
       ],
       [
        -84.51124427295628,
        33.63205730650431
       ],
       [
        -84.51027638230838,
        33.632072315351316
       ],
       [
        -84.51103912222112,
        33.63392340648241
       ],
       [
        -84.50913595463196,
        33.63393924915425
       ],
       [
        -84.5092422121922,
        33.63271936342237
       ],
       [
        -84.50854575174775,
        33.63156368220268
       ],
       [
        -84.5094158012758,
        33.631531996858996
       ],
       [
        -84.50888977374977,
        33.63060561746862
       ],
       [
        -84.50843739007739,
        33.63143860847761
       ],
       [
        -84.50687508832509,
        33.62958584969685
       ],
       [
        -84.50683195406795,
        33.63336474384375
       ],
       [
        -84.50556738389538,
        33.63438367779068
       ],
       [
        -84.50432701098902,
        33.633371414442415
       ],
       [
        -84.50085417726217,
        33.63337891886592
       ],
       [
        -84.500991996474,
        33.62828341530642
       ],
       [
        -84.49946125637325,
        33.628273409408415
       ],
       [
        -84.49946336048336,
        33.625249960560964
       ],
       [
        -84.49870588084588,
        33.62596204696905
       ],
       [
        -84.49681323380723,
        33.6259928984879
       ],
       [
        -84.49677851599051,
        33.62705936045036
       ],
       [
        -84.49871219317619,
        33.62703267805568
       ],
       [
        -84.4987164013964,
        33.62812165328866
       ],
       [
        -84.4967437981738,
        33.628159175406175
       ],
       [
        -84.49678377626577,
        33.632483390994395
       ],
       [
        -84.49216525458725,
        33.63247922187023
       ],
       [
        -84.49029154453955,
        33.63218988465289
       ],
       [
        -84.49075760492761,
        33.63332138495239
       ],
       [
        -84.48973395536196,
        33.63332305260205
       ],
       [
        -84.48895859078858,
        33.63186802826703
       ],
       [
        -84.48752463975264,
        33.63188387093887
       ],
       [
        -84.48651256279256,
        33.633331390850394
       ],
       [
        -84.47734495506896,
        33.63324467306767
       ],
       [
        -84.47736599617,
        33.63072902354403
       ],
       [
        -84.47885675817875,
        33.630713180872185
       ],
       [
        -84.47901772260172,
        33.62425270605971
       ],
       [
        -84.47867054443455,
        33.623599821214825
       ],
       [
        -84.48332167981968,
        33.62310703073803
       ],
       [
        -84.48327749350749,
        33.62132598089298
       ],
       [
        -84.483692003198,
        33.621307636746636
       ],
       [
        -84.48373724156524,
        33.62306784097084
       ],
       [
        -84.48412018960418,
        33.62303115267815
       ],
       [
        -84.4841044087784,
        33.62903635913136
       ],
       [
        -84.48548575706175,
        33.6289312972023
       ],
       [
        -84.48545314335514,
        33.62719610772311
       ],
       [
        -84.48613592708392,
        33.62719610772311
       ],
       [
        -84.48612856269857,
        33.62808996794497
       ],
       [
        -84.48688393822594,
        33.6280908017698
       ],
       [
        -84.48689025055624,
        33.624512859407865
       ],
       [
        -84.48657463404064,
        33.62443197839898
       ],
       [
        -84.4863010997271,
        33.62232323539424
       ],
       [
        -84.48513226656426,
        33.6223148971459
       ],
       [
        -84.4860223051383,
        33.621496914983915
       ],
       [
        -84.48593393251393,
        33.62078232710133
       ],
       [
        -84.49081652001051,
        33.620628903331905
       ],
       [
        -84.4914993037393,
        33.621118358509364
       ],
       [
        -84.49146563797764,
        33.62232740451841
       ],
       [
        -84.4929805972526,
        33.62218732194633
       ],
       [
        -84.49278281090281,
        33.62419517214617
       ],
       [
        -84.49490480594281,
        33.624232694263696
       ],
       [
        -84.49476383056583,
        33.62202305845406
       ],
       [
        -84.50020926751526,
        33.62147273406374
       ],
       [
        -84.50064587036186,
        33.620148620227624
       ],
       [
        -84.50197251178251,
        33.62006773921874
       ],
       [
        -84.50200302137902,
        33.6172835980986
       ],
       [
        -84.50043019907619,
        33.61727192455093
       ],
       [
        -84.50029343191943,
        33.61481380894081
       ],
       [
        -84.50704867740868,
        33.61591195624696
       ],
       [
        -84.50711811304211,
        33.617396164451165
       ],
       [
        -84.50578831545631,
        33.61855267949568
       ],
       [
        -84.50590193740193,
        33.61911968038268
       ],
       [
        -84.50707918700519,
        33.61898626840927
       ],
       [
        -84.50703815685816,
        33.62043378832079
       ],
       [
        -84.50883717099717,
        33.619443204418204
       ],
       [
        -84.5106951002191,
        33.617998185981186
       ],
       [
        -84.51175557171157,
        33.61890288592589
       ],
       [
        -84.51426367095567,
        33.61896292131392
       ],
       [
        -84.51334733100533,
        33.61933230571531
       ],
       [
        -84.51494645468445,
        33.62199637605938
       ],
       [
        -84.51549036714637,
        33.621993040760046
       ],
       [
        -84.51554612606412,
        33.62040960740061
       ],
       [
        -84.51648455917056,
        33.620718122589125
       ],
       [
        -84.5203960998541,
        33.62073313143613
       ],
       [
        -84.52046027521227,
        33.61911968038268
       ],
       [
        -84.52494097767898,
        33.619022122877126
       ],
       [
        -84.524699005017,
        33.61801736395237
       ],
       [
        -84.52500515303716,
        33.6162138008368
       ],
       [
        -84.51836458154858,
        33.616189619916625
       ],
       [
        -84.51694956750356,
        33.613777364672366
       ],
       [
        -84.51985744766745,
        33.61233318006018
       ],
       [
        -84.51892848305648,
        33.611392625647625
       ],
       [
        -84.51824885549286,
        33.611723654106655
       ],
       [
        -84.51665499208899,
        33.61043622856323
       ],
       [
        -84.51538621369622,
        33.61089483222183
       ],
       [
        -84.51542408767808,
        33.611963795658795
       ],
       [
        -84.51431206548807,
        33.61206885758786
       ],
       [
        -84.51427524356124,
        33.610813951212954
       ],
       [
        -84.51300856927857,
        33.61081895416196
       ],
       [
        -84.51300015283815,
        33.609137963296966
       ],
       [
        -84.51205435534635,
        33.60815738529239
       ],
       [
        -84.51203752246552,
        33.60952819331919
       ],
       [
        -84.5109233961654,
        33.609524024195025
       ],
       [
        -84.51049626181425,
        33.60821908833009
       ],
       [
        -84.50981137397537,
        33.60471118725419
       ],
       [
        -84.50701816781216,
        33.604195049682055
       ],
       [
        -84.50759469398069,
        33.60660980640081
       ],
       [
        -84.50716755962956,
        33.606704028607034
       ],
       [
        -84.50708655139054,
        33.612340684483684
       ],
       [
        -84.50373786015986,
        33.612536633319635
       ],
       [
        -84.50366947658148,
        33.61064301712202
       ],
       [
        -84.49989575510975,
        33.61078726881827
       ],
       [
        -84.49977687288887,
        33.61001931614632
       ],
       [
        -84.4994865056945,
        33.60677240224341
       ],
       [
        -84.49991153593554,
        33.60458027675528
       ],
       [
        -84.49231675051475,
        33.60447187952688
       ],
       [
        -84.49276282185681,
        33.60310774209874
       ],
       [
        -84.49287118352719,
        33.60092895780796
       ],
       [
        -84.49364233988034,
        33.600398645213644
       ],
       [
        -84.49744551889351,
        33.600451176178176
       ],
       [
        -84.49720985856186,
        33.599564820379825
       ],
       [
        -84.4989731028291,
        33.59958566600067
       ],
       [
        -84.4981745930446,
        33.59742272438173
       ],
       [
        -84.50003357432158,
        33.59740521406022
       ],
       [
        -84.50005882364282,
        33.59821068884969
       ],
       [
        -84.50205562413163,
        33.59819984912685
       ],
       [
        -84.50205983235183,
        33.59666394378294
       ],
       [
        -84.50723489115289,
        33.59668729087829
       ],
       [
        -84.50740427201627,
        33.59172436546737
       ],
       [
        -84.51588173162573,
        33.59172686694187
       ],
       [
        -84.51584911791912,
        33.59382477022377
       ],
       [
        -84.51717470728471,
        33.59384478201979
       ],
       [
        -84.51741667994668,
        33.59586263811764
       ],
       [
        -84.51908208309408,
        33.59586764106664
       ],
       [
        -84.51909996802996,
        33.59449766686467
       ],
       [
        -84.51992057097057,
        33.594495999215
       ],
       [
        -84.5199374038514,
        33.59358462867163
       ],
       [
        -84.5207274971955,
        33.593607141942144
       ],
       [
        -84.52076221501221,
        33.58879597265098
       ],
       [
        -84.52016675185276,
        33.58820812614313
       ],
       [
        -84.51909365569965,
        33.58876095200795
       ],
       [
        -84.51911048858048,
        33.58709413616514
       ],
       [
        -84.51848135965936,
        33.587051611098616
       ],
       [
        -84.51824464727265,
        33.58351786145286
       ],
       [
        -84.52058757387357,
        33.58354371002271
       ],
       [
        -84.52060335469935,
        33.57958304206205
       ],
       [
        -84.52141448914449,
        33.57837316222817
       ],
       [
        -84.5251114105974,
        33.57533803983304
       ],
       [
        -84.5257984025464,
        33.57532886775987
       ],
       [
        -84.52578472583072,
        33.586569660344665
       ],
       [
        -84.52842433195633,
        33.58669223259523
       ],
       [
        -84.53193398760999,
        33.5864620969411
       ],
       [
        -84.53261466722867,
        33.5872042010432
       ],
       [
        -84.5320697027117,
        33.59183776564477
       ],
       [
        -84.53119544496344,
        33.59184527006827
       ],
       [
        -84.5339612976953,
        33.59595602649903
       ],
       [
        -84.53510277742677,
        33.59595602649903
       ],
       [
        -84.5352163993724,
        33.60000091076791
       ],
       [
        -84.54035148008148,
        33.60006761675462
       ],
       [
        -84.54453129480329,
        33.59818900940401
       ],
       [
        -84.5459904951605,
        33.59700831343932
       ],
       [
        -84.54687842962443,
        33.59579676595577
       ],
       [
        -84.54956748233748,
        33.59588932051232
       ],
       [
        -84.5483229012109,
        33.59769621892722
       ],
       [
        -84.54898043561843,
        33.59880770743071
       ],
       [
        -84.54987994268794,
        33.598431652430655
       ],
       [
        -84.5529593078253,
        33.599364702419706
       ],
       [
        -84.55495505625906,
        33.5988468971979
       ],
       [
        -84.55494558776358,
        33.60028441121141
       ],
       [
        -84.55594924828324,
        33.600280242087244
       ],
       [
        -84.55652261828662,
        33.60105403153303
       ],
       [
        -84.5563343004323,
        33.60318778928279
       ],
       [
        -84.55419757662158,
        33.60305521113421
       ],
       [
        -84.55409763139163,
        33.60418587760888
       ],
       [
        -84.55301401468802,
        33.60418337613438
       ],
       [
        -84.5521629021509,
        33.60474203877304
       ],
       [
        -84.5533412038092,
        33.606271273518274
       ],
       [
        -84.55266999268599,
        33.606467222354226
       ],
       [
        -84.55232491862891,
        33.608228260403266
       ],
       [
        -84.55402293548293,
        33.60725602064702
       ],
       [
        -84.55520754947155,
        33.608976201279205
       ],
       [
        -84.55485511102911,
        33.61006184121285
       ],
       [
        -84.5558671879892,
        33.610042663241664
       ],
       [
        -84.55620489766089,
        33.61080894826395
       ],
       [
        -84.55754626785226,
        33.61056296993797
       ],
       [
        -84.55753048702648,
        33.60921384135684
       ],
       [
        -84.55692029509629,
        33.60940728871829
       ],
       [
        -84.55694449236249,
        33.60736024875125
       ],
       [
        -84.55488141240541,
        33.60740193999294
       ],
       [
        -84.55491402611203,
        33.6064297002367
       ],
       [
        -84.55684454713254,
        33.60640802079102
       ],
       [
        -84.55956831766231,
        33.604073311256315
       ],
       [
        -84.55968088755289,
        33.60759705500406
       ],
       [
        -84.5629191130031,
        33.60827328694429
       ],
       [
        -84.56467078466478,
        33.60827995754296
       ],
       [
        -84.56471076275676,
        33.60261411779712
       ],
       [
        -84.56615102612302,
        33.60317027896128
       ],
       [
        -84.56776908679309,
        33.60452024136725
       ],
       [
        -84.57023826000025,
        33.604872115447115
       ],
       [
        -84.57129873149273,
        33.60556002093502
       ],
       [
        -84.57041184908385,
        33.60283925050225
       ],
       [
        -84.57067170668171,
        33.602530735313735
       ],
       [
        -84.57457483092483,
        33.60684994795295
       ],
       [
        -84.5743339103179,
        33.60753618579119
       ],
       [
        -84.57342703886303,
        33.60722266765367
       ],
       [
        -84.57245073177474,
        33.60823493100193
       ],
       [
        -84.57133555341956,
        33.6076078947269
       ],
       [
        -84.57013305449506,
        33.6076695977646
       ],
       [
        -84.5684182047602,
        33.60825827809728
       ],
       [
        -84.56828564582365,
        33.60930472826373
       ],
       [
        -84.56978587632787,
        33.61314699309799
       ],
       [
        -84.56659604541004,
        33.60966160529261
       ],
       [
        -84.56569653834053,
        33.60918882661183
       ],
       [
        -84.5646528997289,
        33.60954903894004
       ],
       [
        -84.56464343123343,
        33.612303996190995
       ],
       [
        -84.5568697964538,
        33.61233484770985
       ],
       [
        -84.55813331457131,
        33.61486383843084
       ],
       [
        -84.55483827814828,
        33.61487884727785
       ],
       [
        -84.55574514960315,
        33.61582023551524
       ],
       [
        -84.5557440975481,
        33.61655233371933
       ],
       [
        -84.54735921878321,
        33.61648562773263
       ],
       [
        -84.54689631456031,
        33.617321120216126
       ],
       [
        -84.54349291646692,
        33.61751206610307
       ],
       [
        -84.54024101430102,
        33.611988810403815
       ],
       [
        -84.53968132101332,
        33.610613833252835
       ],
       [
        -84.53919632363433,
        33.60809318078018
       ],
       [
        -84.54355498771498,
        33.608074002809005
       ],
       [
        -84.54365177677978,
        33.604300945435945
       ],
       [
        -84.54267757380157,
        33.60403995826296
       ],
       [
        -84.54274595737995,
        33.6015067984178
       ],
       [
        -84.54020524442925,
        33.60245485725386
       ],
       [
        -84.54024417046617,
        33.60553083706584
       ],
       [
        -84.53848303030902,
        33.605455792830796
       ],
       [
        -84.53773712327713,
        33.60368141358442
       ],
       [
        -84.5352405966386,
        33.604904634615636
       ],
       [
        -84.53542155010754,
        33.60629878973779
       ],
       [
        -84.53475349514949,
        33.60514560999261
       ],
       [
        -84.53445050329451,
        33.607347741378746
       ],
       [
        -84.5337813962814,
        33.607391934094935
       ],
       [
        -84.5337372099692,
        33.60888614819715
       ],
       [
        -84.53231903975905,
        33.60985838795339
       ],
       [
        -84.5333227002787,
        33.61099489120189
       ],
       [
        -84.53310702899303,
        33.61420595063695
       ],
       [
        -84.53269462341262,
        33.61398415323116
       ],
       [
        -84.52942062809063,
        33.61389493397394
       ],
       [
        -84.52881359232559,
        33.61120418123518
       ],
       [
        -84.52880727999528,
        33.609756661323665
       ],
       [
        -84.52818867162468,
        33.60989424242125
       ],
       [
        -84.52747011802411,
        33.60876941272041
       ],
       [
        -84.52629602458602,
        33.609345585680586
       ],
       [
        -84.52723971796772,
        33.61087231895132
       ],
       [
        -84.52760267696067,
        33.612198100437105
       ],
       [
        -84.52808872639473,
        33.61624882147982
       ],
       [
        -84.52826967986368,
        33.619046303797305
       ],
       [
        -84.52696828776429,
        33.61887703735604
       ],
       [
        -84.52703772339773,
        33.62109667906368
       ],
       [
        -84.52873468819669,
        33.62110501731202
       ],
       [
        -84.53045795437195,
        33.62735203296703
       ],
       [
        -84.53039588312389,
        33.629170604929605
       ],
       [
        -84.52961315416515,
        33.63103670490771
       ],
       [
        -84.53242529731929,
        33.63316462588363
       ],
       [
        -84.53387292507092,
        33.631116752091756
       ],
       [
        -84.53522481581281,
        33.63025707868808
       ],
       [
        -84.5352185034825,
        33.62799574573875
       ],
       [
        -84.53584447623848,
        33.628008253111254
       ],
       [
        -84.53693861349261,
        33.62668163780064
       ],
       [
        -84.53942777574578,
        33.62572940984041
       ],
       [
        -84.54096272406672,
        33.62815667393168
       ],
       [
        -84.54261234638834,
        33.62742124042824
       ],
       [
        -84.54241876825877,
        33.62601541175842
       ],
       [
        -84.54515726755926,
        33.6259878955389
       ],
       [
        -84.54515516344917,
        33.62465627727928
       ],
       [
        -84.55257004745604,
        33.624649606680606
       ],
       [
        -84.55381042036242,
        33.62387331576032
       ],
       [
        -84.55474464524865,
        33.621949681868685
       ],
       [
        -84.5548004041664,
        33.62458206686907
       ],
       [
        -84.55571779617179,
        33.62458373451874
       ],
       [
        -84.55570411945612,
        33.63080323395424
       ],
       [
        -84.56228367175167,
        33.63083992224693
       ],
       [
        -84.56266451568051,
        33.628211706370706
       ],
       [
        -84.55821432281031,
        33.62826590498491
       ],
       [
        -84.55821432281031,
        33.62799074278975
       ],
       [
        -84.56258981977182,
        33.62792403680304
       ],
       [
        -84.56302747467348,
        33.626985150040156
       ],
       [
        -84.56107591255191,
        33.62662076858777
       ],
       [
        -84.56152408800409,
        33.625664371503376
       ],
       [
        -84.56312952401352,
        33.62563685528386
       ],
       [
        -84.56092652073453,
        33.623213760316766
       ],
       [
        -84.5595840984881,
        33.62383495981796
       ],
       [
        -84.5595094025794,
        33.622249858808864
       ],
       [
        -84.56477599016999,
        33.62228487945188
       ],
       [
        -84.56492853815254,
        33.6245211976562
       ],
       [
        -84.56367133236533,
        33.62466461552762
       ],
       [
        -84.56401535436736,
        33.62613131341032
       ],
       [
        -84.56346828574029,
        33.627849826392826
       ],
       [
        -84.56740823191024,
        33.62784482344382
       ],
       [
        -84.56724937159737,
        33.62453370502871
       ],
       [
        -84.5661625987286,
        33.624114291137296
       ],
       [
        -84.56613945351745,
        33.623122873409876
       ],
       [
        -84.56743874150673,
        33.6228151920462
       ],
       [
        -84.56747345932345,
        33.62091573907474
       ],
       [
        -84.5683656020076,
        33.62093241557142
       ],
       [
        -84.56729987023986,
        33.623710719917725
       ],
       [
        -84.56902313641514,
        33.62461291838792
       ],
       [
        -84.56905048984649,
        33.62331882224582
       ],
       [
        -84.56971538863938,
        33.62258005344306
       ],
       [
        -84.57169325213725,
        33.6225958961149
       ],
       [
        -84.57173533433934,
        33.62459290659191
       ],
       [
        -84.57270638115239,
        33.62460374631475
       ],
       [
        -84.57137868767668,
        33.62545674911975
       ],
       [
        -84.57135133424534,
        33.62726781665882
       ],
       [
        -84.572820003098,
        33.62788317938618
       ],
       [
        -84.57244862766463,
        33.62892379277879
       ],
       [
        -84.56968067082266,
        33.62782814694715
       ],
       [
        -84.56972485713486,
        33.62973176904277
       ],
       [
        -84.56809101563901,
        33.62969424692525
       ],
       [
        -84.56884323500124,
        33.63194223867724
       ],
       [
        -84.57235078654479,
        33.63349982346683
       ],
       [
        -84.57570368599569,
        33.63456378395479
       ],
       [
        -84.5760193025113,
        33.63307540662641
       ],
       [
        -84.57927962111762,
        33.633076240451246
       ],
       [
        -84.57932696359497,
        33.631261003788005
       ],
       [
        -84.58150261344261,
        33.63122181402082
       ],
       [
        -84.58146368740569,
        33.633087913998914
       ],
       [
        -84.58433053742253,
        33.63305873012973
       ],
       [
        -84.58435894290893,
        33.62949663043963
       ],
       [
        -84.58831466990466,
        33.63042884660385
       ],
       [
        -84.59097636918636,
        33.6277480997631
       ],
       [
        -84.59269121892122,
        33.62756715977416
       ],
       [
        -84.59371486848687,
        33.62612631046131
       ],
       [
        -84.59369172327573,
        33.62894213692514
       ],
       [
        -84.59612617866618,
        33.62862528348828
       ],
       [
        -84.59645441984242,
        33.628129991536994
       ],
       [
        -84.59792834897034,
        33.62880538965239
       ],
       [
        -84.59856063405664,
        33.62968424102724
       ],
       [
        -84.59867951627751,
        33.627542145029146
       ],
       [
        -84.60000931386331,
        33.62929818012918
       ],
       [
        -84.60122233333833,
        33.629754282313286
       ],
       [
        -84.60494976438777,
        33.63057226447527
       ],
       [
        -84.60498763836964,
        33.62538420635921
       ],
       [
        -84.60703178133578,
        33.625399215206215
       ],
       [
        -84.60702862517063,
        33.621998877533876
       ],
       [
        -84.6099407135547,
        33.621998877533876
       ],
       [
        -84.60986075737075,
        33.62073563291064
       ],
       [
        -84.61043412737412,
        33.6186910944181
       ],
       [
        -84.60984708065507,
        33.61727525985026
       ],
       [
        -84.6125256128176,
        33.61728193044893
       ],
       [
        -84.6129822047102,
        33.61881033136933
       ],
       [
        -84.61301061019661,
        33.621440214895216
       ],
       [
        -84.61693056732057,
        33.62148107231207
       ],
       [
        -84.61737032633232,
        33.62097160533861
       ],
       [
        -84.61504212850213,
        33.61733612906313
       ],
       [
        -84.61763018393019,
        33.61728776722277
       ],
       [
        -84.61730404686405,
        33.61454615116915
       ],
       [
        -84.61886319245119,
        33.61441190537091
       ],
       [
        -84.6250597967078,
        33.61510064468365
       ],
       [
        -84.63166565037965,
        33.608545113840115
       ],
       [
        -84.6265957970838,
        33.60686995974896
       ],
       [
        -84.62499877751478,
        33.60527902196603
       ],
       [
        -84.63001918422319,
        33.602355632098636
       ],
       [
        -84.62963202796402,
        33.602037944836944
       ],
       [
        -84.63415902085302,
        33.59936803771904
       ],
       [
        -84.63484285663685,
        33.599970893073895
       ],
       [
        -84.6350701005281,
        33.60508890990391
       ],
       [
        -84.63676075299675,
        33.60319029075729
       ],
       [
        -84.6383483040703,
        33.600589591100594
       ],
       [
        -84.63934354814954,
        33.59978911926012
       ],
       [
        -84.64183902273302,
        33.60199291829592
       ],
       [
        -84.64368327523927,
        33.60197790944891
       ],
       [
        -84.64438078773878,
        33.60030525683226
       ],
       [
        -84.64255442016842,
        33.598353272896276
       ],
       [
        -84.64527503453303,
        33.5972718020868
       ],
       [
        -84.65043852072851,
        33.597301819780824
       ],
       [
        -84.65036066865467,
        33.597938861953864
       ],
       [
        -84.65166732102932,
        33.597933025180026
       ],
       [
        -84.65165259225859,
        33.596958283949284
       ],
       [
        -84.65386085581285,
        33.59692826625527
       ],
       [
        -84.6535725927286,
        33.5942591929622
       ],
       [
        -84.65368411056411,
        33.59224800746301
       ],
       [
        -84.65161682238683,
        33.59221965741866
       ],
       [
        -84.6516041977262,
        33.59132663102163
       ],
       [
        -84.64943065198865,
        33.59146337829438
       ],
       [
        -84.649376997181,
        33.58916869235169
       ],
       [
        -84.6503533042693,
        33.58900693033393
       ],
       [
        -84.65071626326227,
        33.587690320921325
       ],
       [
        -84.6519661046641,
        33.587721172440176
       ],
       [
        -84.6516347073227,
        33.58528973922474
       ],
       [
        -84.65515698763699,
        33.58430415827116
       ],
       [
        -84.65500338759938,
        33.58374216033316
       ],
       [
        -84.66129152064552,
        33.581409952272956
       ],
       [
        -84.66129362475563,
        33.57966058777159
       ],
       [
        -84.66494846400646,
        33.57960472150772
       ],
       [
        -84.6649169023549,
        33.578619140554146
       ],
       [
        -84.66753651943452,
        33.5785490992681
       ],
       [
        -84.66754914409515,
        33.57831312684013
       ],
       [
        -84.66486745576745,
        33.578403179922184
       ],
       [
        -84.6651714996775,
        33.57759103453404
       ],
       [
        -84.65665195786596,
        33.577510153525154
       ],
       [
        -84.65654254414055,
        33.574764368347374
       ],
       [
        -84.65502232459032,
        33.57503035846936
       ],
       [
        -84.65363045575646,
        33.574430004589004
       ],
       [
        -84.6514505976886,
        33.574414995741996
       ],
       [
        -84.65101294278693,
        33.577524328547334
       ],
       [
        -84.65147584700985,
        33.577522660897664
       ],
       [
        -84.65151792921193,
        33.582523942250944
       ],
       [
        -84.65216494306894,
        33.58311012110912
       ],
       [
        -84.65121493735694,
        33.58359290568791
       ],
       [
        -84.65064577557378,
        33.58282328536629
       ],
       [
        -84.64958951230152,
        33.58320934626435
       ],
       [
        -84.650610005702,
        33.58413822712923
       ],
       [
        -84.64999665760665,
        33.584395879002884
       ],
       [
        -84.65054477828878,
        33.585579910266915
       ],
       [
        -84.65024915081915,
        33.586318679069684
       ],
       [
        -84.64726657474657,
        33.588309018948024
       ],
       [
        -84.64403781779181,
        33.592760809735815
       ],
       [
        -84.64180746108146,
        33.59507300600001
       ],
       [
        -84.64175380627381,
        33.59711837831738
       ],
       [
        -84.6408763923604,
        33.59578676005776
       ],
       [
        -84.63636623235223,
        33.59908703875004
       ],
       [
        -84.63529103208903,
        33.59971490884991
       ],
       [
        -84.6347913059393,
        33.59805392978093
       ],
       [
        -84.63292075205675,
        33.598078944525945
       ],
       [
        -84.63289129451529,
        33.594520180135184
       ],
       [
        -84.6317435024535,
        33.59647466554567
       ],
       [
        -84.62813074540475,
        33.5990711960782
       ],
       [
        -84.62908811550211,
        33.6020196006906
       ],
       [
        -84.62725859176659,
        33.6020095947926
       ],
       [
        -84.6273154027394,
        33.59382393639894
       ],
       [
        -84.61796263332663,
        33.59380392460292
       ],
       [
        -84.61763439215039,
        33.586378714457716
       ],
       [
        -84.61573227661627,
        33.58598514913615
       ],
       [
        -84.6144193119113,
        33.58711414796115
       ],
       [
        -84.61477175035375,
        33.58823230706331
       ],
       [
        -84.6129516951137,
        33.58937965003465
       ],
       [
        -84.6136208021268,
        33.59379391870492
       ],
       [
        -84.61269394162593,
        33.5924056003566
       ],
       [
        -84.60477722735922,
        33.59254568292869
       ],
       [
        -84.60388824084023,
        33.593297792928794
       ],
       [
        -84.6053264000964,
        33.59452434925935
       ],
       [
        -84.60640686063486,
        33.59364216258516
       ],
       [
        -84.60705597860198,
        33.59473614076714
       ],
       [
        -84.6085057104637,
        33.594991291166295
       ],
       [
        -84.60929054353254,
        33.59587597931498
       ],
       [
        -84.6099564943805,
        33.597561973128975
       ],
       [
        -84.60982603955404,
        33.59910204759705
       ],
       [
        -84.61011325058325,
        33.60041615553516
       ],
       [
        -84.60722851563051,
        33.60045617912718
       ],
       [
        -84.60710332107932,
        33.599774110413115
       ],
       [
        -84.60565674538275,
        33.599980065147065
       ],
       [
        -84.60501183563584,
        33.59762534381635
       ],
       [
        -84.6044794957795,
        33.59672814829515
       ],
       [
        -84.60273413644813,
        33.59668562322862
       ],
       [
        -84.6038188052068,
        33.59578509240809
       ],
       [
        -84.60240273910674,
        33.59457521257421
       ],
       [
        -84.60091408120807,
        33.59578509240809
       ],
       [
        -84.5999482946703,
        33.594937092552094
       ],
       [
        -84.59796411884211,
        33.59600772363873
       ],
       [
        -84.59746439269239,
        33.594209163472165
       ],
       [
        -84.59387372879972,
        33.594229175268175
       ],
       [
        -84.59388004113003,
        33.59344204462505
       ],
       [
        -84.59761483656483,
        33.593417863704865
       ],
       [
        -84.59746123652724,
        33.59248898283999
       ],
       [
        -84.59388635346035,
        33.59241310478011
       ],
       [
        -84.59398314252515,
        33.58741932785033
       ],
       [
        -84.59497102221903,
        33.588225636464635
       ],
       [
        -84.5957484909025,
        33.58734011449112
       ],
       [
        -84.5969878117538,
        33.588776794679795
       ],
       [
        -84.59614195949196,
        33.58930710727411
       ],
       [
        -84.59869950532351,
        33.59142835765136
       ],
       [
        -84.59982415217415,
        33.590736283039284
       ],
       [
        -84.60134857994458,
        33.59177606260707
       ],
       [
        -84.60213025684826,
        33.59107731739632
       ],
       [
        -84.5997441959902,
        33.589269585156586
       ],
       [
        -84.60357578048978,
        33.58674893268393
       ],
       [
        -84.60339693113093,
        33.58791628745129
       ],
       [
        -84.60277621865022,
        33.5883848970079
       ],
       [
        -84.60330435028635,
        33.589635634258634
       ],
       [
        -84.60468359445959,
        33.58906696572197
       ],
       [
        -84.60465729308329,
        33.58720336721837
       ],
       [
        -84.60379565999565,
        33.58691403000103
       ],
       [
        -84.6037925038305,
        33.58470189271689
       ],
       [
        -84.60521277815077,
        33.585599922062926
       ],
       [
        -84.60577352349353,
        33.586722250289256
       ],
       [
        -84.60743892664092,
        33.58502041380341
       ],
       [
        -84.60943362301963,
        33.58506794181894
       ],
       [
        -84.60925056544056,
        33.58557407349308
       ],
       [
        -84.61096436312036,
        33.586127733182735
       ],
       [
        -84.61269814984615,
        33.58609104489005
       ],
       [
        -84.61269078546079,
        33.5856758001228
       ],
       [
        -84.61601527942528,
        33.58569331044431
       ],
       [
        -84.6168001124941,
        33.585258053881056
       ],
       [
        -84.61471493938093,
        33.584124885931885
       ],
       [
        -84.61357977197977,
        33.58431333034433
       ],
       [
        -84.6134935034655,
        33.582809110344115
       ],
       [
        -84.61575963004763,
        33.58155003484504
       ],
       [
        -84.61640138362938,
        33.58155003484504
       ],
       [
        -84.61635614526215,
        33.5802450989801
       ],
       [
        -84.61487905996906,
        33.580247600454605
       ],
       [
        -84.61485696681297,
        33.579513000776004
       ],
       [
        -84.61768594284794,
        33.57866583474484
       ],
       [
        -84.61760703871904,
        33.57766941406842
       ],
       [
        -84.6124140949821,
        33.57770276706177
       ],
       [
        -84.61238148127548,
        33.57559902700603
       ],
       [
        -84.61026895473096,
        33.575890865697865
       ],
       [
        -84.61025317390518,
        33.57507288353589
       ],
       [
        -84.61236464839465,
        33.57468765646266
       ],
       [
        -84.61235097167896,
        33.57372959172859
       ],
       [
        -84.61324837463837,
        33.574605941628946
       ],
       [
        -84.61322943764743,
        33.57346693690594
       ],
       [
        -84.61432041873641,
        33.573420242715244
       ],
       [
        -84.6143625009385,
        33.57455841361342
       ],
       [
        -84.61637718636318,
        33.574419998691
       ],
       [
        -84.61637087403287,
        33.571393214544216
       ],
       [
        -84.61864752116551,
        33.57127814671715
       ],
       [
        -84.6174586989567,
        33.56937702609603
       ],
       [
        -84.61449611193011,
        33.56965468976569
       ],
       [
        -84.61345247331847,
        33.56951127189427
       ],
       [
        -84.61342511988713,
        33.566311886006886
       ],
       [
        -84.61697896185296,
        33.56646781125081
       ],
       [
        -84.6171799043679,
        33.567923669410675
       ],
       [
        -84.62033817363417,
        33.56794117973218
       ],
       [
        -84.62032975719376,
        33.5695562984353
       ],
       [
        -84.62209405351605,
        33.56956797198298
       ],
       [
        -84.62212456311256,
        33.57355698998799
       ],
       [
        -84.62607502983303,
        33.57529134564235
       ],
       [
        -84.6260603010623,
        33.572663129766134
       ],
       [
        -84.62676623000223,
        33.572652290043294
       ],
       [
        -84.62665892038692,
        33.56347438009738
       ],
       [
        -84.62206775213976,
        33.56629520951021
       ],
       [
        -84.62200042061642,
        33.56116802060702
       ],
       [
        -84.62087787787587,
        33.56117302355602
       ],
       [
        -84.6208642011602,
        33.56021912794613
       ],
       [
        -84.62249909471109,
        33.55892086267986
       ],
       [
        -84.62358165935966,
        33.55674291221391
       ],
       [
        -84.62353326482726,
        33.55527287903188
       ],
       [
        -84.62532596663597,
        33.55478592532893
       ],
       [
        -84.62714496982098,
        33.55285728848829
       ],
       [
        -84.62799292619293,
        33.55285228553929
       ],
       [
        -84.62796452070651,
        33.55095033109333
       ],
       [
        -84.62493249804649,
        33.55062263793364
       ],
       [
        -84.62292412495212,
        33.54893080734581
       ],
       [
        -84.62013407495408,
        33.547533316924316
       ],
       [
        -84.62184576852377,
        33.54670032591533
       ],
       [
        -84.62813705773506,
        33.54667697881998
       ],
       [
        -84.63117434067034,
        33.5466552993743
       ],
       [
        -84.63114277901877,
        33.5447891993962
       ],
       [
        -84.6336898042998,
        33.544765852300856
       ],
       [
        -84.63364561798761,
        33.54206676131376
       ],
       [
        -84.63474501551701,
        33.54205091864192
       ],
       [
        -84.63477342100342,
        33.543785274296276
       ],
       [
        -84.63783384914984,
        33.54379361254461
       ],
       [
        -84.63783174503975,
        33.543570981313984
       ],
       [
        -84.64177063915464,
        33.543581821036824
       ],
       [
        -84.64176643093442,
        33.544813380316384
       ],
       [
        -84.63614635284635,
        33.54482838916339
       ],
       [
        -84.63642093921494,
        33.54715976339877
       ],
       [
        -84.64178326381526,
        33.5471681016471
       ],
       [
        -84.64178221176022,
        33.54876904532805
       ],
       [
        -84.63944033721434,
        33.54879322624823
       ],
       [
        -84.63989798116198,
        33.55051007158107
       ],
       [
        -84.64087849647049,
        33.55064181590482
       ],
       [
        -84.6419821022201,
        33.55191006347707
       ],
       [
        -84.63789697245296,
        33.55311827566128
       ],
       [
        -84.63826308761108,
        33.5544031997302
       ],
       [
        -84.6413108910969,
        33.55825380281281
       ],
       [
        -84.64188741726542,
        33.55952121656022
       ],
       [
        -84.6438295108915,
        33.55891085678186
       ],
       [
        -84.64582841549041,
        33.556926353677355
       ],
       [
        -84.64862162165362,
        33.55618591722492
       ],
       [
        -84.64850484354284,
        33.55924688818989
       ],
       [
        -84.6485584983505,
        33.56708234015334
       ],
       [
        -84.64955584653984,
        33.56657537465438
       ],
       [
        -84.65310232412033,
        33.565449711128714
       ],
       [
        -84.6531380939921,
        33.5610737984008
       ],
       [
        -84.6508845920706,
        33.56103460863361
       ],
       [
        -84.65087091535491,
        33.555890743233746
       ],
       [
        -84.65023231793832,
        33.555542204453204
       ],
       [
        -84.65276356239356,
        33.55141977447477
       ],
       [
        -84.65089616467617,
        33.551755805882806
       ],
       [
        -84.65089721673121,
        33.55294984304484
       ],
       [
        -84.64637022384223,
        33.55295234451935
       ],
       [
        -84.64627343477743,
        33.54487591717892
       ],
       [
        -84.645719001765,
        33.54483005681306
       ],
       [
        -84.64560748392948,
        33.53685869140169
       ],
       [
        -84.65067418106018,
        33.53457984813085
       ],
       [
        -84.65071626326227,
        33.54481504796605
       ],
       [
        -84.6593915092215,
        33.54470665073765
       ],
       [
        -84.66128836448036,
        33.54312238355339
       ],
       [
        -84.66255188259788,
        33.544573238764244
       ],
       [
        -84.66350294036494,
        33.54337836777737
       ],
       [
        -84.6633567047127,
        33.54090024037124
       ],
       [
        -84.66236461679861,
        33.540906910969916
       ],
       [
        -84.6622068085408,
        33.538237003852004
       ],
       [
        -84.66288643610443,
        33.53819531261031
       ],
       [
        -84.66255293465294,
        33.53630836701137
       ],
       [
        -84.66397531308331,
        33.53562713212214
       ],
       [
        -84.66442243648044,
        33.540580051635054
       ],
       [
        -84.66504314896115,
        33.547493293332295
       ],
       [
        -84.66740922077322,
        33.573376049999055
       ],
       [
        -84.67000043236644,
        33.5748143978374
       ],
       [
        -84.67498191303791,
        33.5767396993787
       ],
       [
        -84.67723120673921,
        33.57723415750516
       ],
       [
        -84.67995287315887,
        33.57863581705082
       ],
       [
        -84.681935996932,
        33.58044521694022
       ],
       [
        -84.68495434287634,
        33.58196778108678
       ],
       [
        -84.68670811864811,
        33.583977298936304
       ],
       [
        -84.68758237639638,
        33.58401398722899
       ],
       [
        -84.69164751711752,
        33.58610105078805
       ],
       [
        -84.69336867918268,
        33.587610273737276
       ],
       [
        -84.69442178628978,
        33.58897107586608
       ],
       [
        -84.69561902493902,
        33.589724853515854
       ],
       [
        -84.6968878033318,
        33.59138499876
       ],
       [
        -84.69831123381724,
        33.59066790940291
       ],
       [
        -84.70043322885722,
        33.591729368416374
       ],
       [
        -84.70135062086261,
        33.593408691631694
       ],
       [
        -84.70211756899556,
        33.594054072053076
       ],
       [
        -84.70416381607181,
        33.59496460877161
       ],
       [
        -84.70524322455522,
        33.598277394836394
       ],
       [
        -84.70545153145552,
        33.60038530401631
       ],
       [
        -84.70628896727696,
        33.60207296547997
       ],
       [
        -84.70577661646661,
        33.607055068862074
       ],
       [
        -84.7048686929567,
        33.60847507255407
       ],
       [
        -84.7026762102282,
        33.60997595725496
       ],
       [
        -84.70248368415368,
        33.611294234317235
       ],
       [
        -84.70150422090022,
        33.61078893646794
       ],
       [
        -84.70029014937015,
        33.61161692452793
       ],
       [
        -84.6967868060468,
        33.60552083116783
       ],
       [
        -84.69543491530492,
        33.60554584591285
       ],
       [
        -84.69543701941502,
        33.60467283131183
       ],
       [
        -84.69301834485034,
        33.602906790313796
       ],
       [
        -84.69206518297318,
        33.60257993097893
       ],
       [
        -84.69086584021383,
        33.603091065602065
       ],
       [
        -84.68687329129129,
        33.60182615332916
       ],
       [
        -84.68579493486293,
        33.601716922275926
       ],
       [
        -84.68580755952355,
        33.60980669081369
       ],
       [
        -84.6851615977216,
        33.60983087173388
       ],
       [
        -84.68598640888241,
        33.61210971500472
       ],
       [
        -84.68555401425601,
        33.61342882589183
       ],
       [
        -84.68381601931002,
        33.615567586590586
       ],
       [
        -84.69059651412051,
        33.61557592483893
       ],
       [
        -84.69057757712957,
        33.61384073535974
       ],
       [
        -84.69729494863695,
        33.61384573830874
       ],
       [
        -84.6936117038997,
        33.61758127356428
       ],
       [
        -84.69224824055225,
        33.61995267139167
       ],
       [
        -84.69550855915855,
        33.619914315449314
       ],
       [
        -84.69554748519549,
        33.62248332976233
       ],
       [
        -84.69155914449314,
        33.621321811768816
       ],
       [
        -84.69000105096104,
        33.62358481236782
       ],
       [
        -84.68776332986533,
        33.62195301716802
       ],
       [
        -84.68624416237016,
        33.621969693664695
       ],
       [
        -84.68616315413115,
        33.625229948764954
       ],
       [
        -84.6844966989287,
        33.625260800283804
       ],
       [
        -84.68396435907236,
        33.62387831870932
       ],
       [
        -84.68249148199948,
        33.62125927490628
       ],
       [
        -84.68055885686886,
        33.619309792444795
       ],
       [
        -84.67846947553548,
        33.61889621532722
       ],
       [
        -84.67676725046125,
        33.619333973364974
       ],
       [
        -84.67432858685059,
        33.61914886425187
       ],
       [
        -84.6742844005384,
        33.62088071843172
       ],
       [
        -84.67326916741317,
        33.62086570958471
       ],
       [
        -84.67337437291837,
        33.622169811624815
       ],
       [
        -84.67167740811941,
        33.622209835216836
       ],
       [
        -84.67292409335609,
        33.636619995995
       ],
       [
        -84.6729062084202,
        33.63863118149418
       ],
       [
        -84.67196777531377,
        33.64774988987689
       ],
       [
        -84.67140071764072,
        33.649239101030105
       ],
       [
        -84.67029605983606,
        33.65012795830296
       ],
       [
        -84.66285066623267,
        33.65282371399071
       ],
       [
        -84.66333671566672,
        33.65695364839265
       ]
      ],
      [
       [
        -84.66703048095448,
        33.5821111989582
       ],
       [
        -84.66183858927259,
        33.58213537987838
       ],
       [
        -84.66129572886572,
        33.58241888032188
       ],
       [
        -84.66128836448036,
        33.58565161920262
       ],
       [
        -84.66628352186753,
        33.58563410888111
       ],
       [
        -84.66703048095448,
        33.5821111989582
       ]
      ]
     ],
     [
      [
       [
        -84.55482986170786,
        33.56272393774694
       ],
       [
        -84.55133177865977,
        33.5627130980241
       ],
       [
        -84.55146223348623,
        33.56388128661629
       ],
       [
        -84.549314989125,
        33.56394632495333
       ],
       [
        -84.54939915352915,
        33.56324507826808
       ],
       [
        -84.55081416757416,
        33.563191713478716
       ],
       [
        -84.55018188248788,
        33.560948724675725
       ],
       [
        -84.54802622168621,
        33.5609112025582
       ],
       [
        -84.54797046276846,
        33.560004001139006
       ],
       [
        -84.54990413995414,
        33.56006737182637
       ],
       [
        -84.55009982219381,
        33.55928190883291
       ],
       [
        -84.54953276452076,
        33.5582337910168
       ],
       [
        -84.54014422523622,
        33.56230285620586
       ],
       [
        -84.53798435621435,
        33.56351106839007
       ],
       [
        -84.53596967078967,
        33.564983603046606
       ],
       [
        -84.53536999941,
        33.56465507606208
       ],
       [
        -84.53535632269433,
        33.56323173707074
       ],
       [
        -84.53136166966166,
        33.563251748866755
       ],
       [
        -84.53158680944281,
        33.56234121214821
       ],
       [
        -84.530761998282,
        33.562318698877704
       ],
       [
        -84.53046742286742,
        33.567184900607906
       ],
       [
        -84.52975307748707,
        33.56736417294717
       ],
       [
        -84.52970152678952,
        33.56405305453206
       ],
       [
        -84.52816447435848,
        33.56440576243676
       ],
       [
        -84.52673999181799,
        33.56356776847877
       ],
       [
        -84.52561324085724,
        33.564860196971196
       ],
       [
        -84.52353964034964,
        33.5631742031572
       ],
       [
        -84.52070224787424,
        33.56315585901086
       ],
       [
        -84.521041009601,
        33.56158826832327
       ],
       [
        -84.5225223031143,
        33.5589758951189
       ],
       [
        -84.52598356423556,
        33.55897339364439
       ],
       [
        -84.52627708759509,
        33.54666780674681
       ],
       [
        -84.53153105052505,
        33.5466527978998
       ],
       [
        -84.53150159298359,
        33.542535370870375
       ],
       [
        -84.53289661798262,
        33.5425236973227
       ],
       [
        -84.53288399332199,
        33.53948190432891
       ],
       [
        -84.52936171300772,
        33.539521094096095
       ],
       [
        -84.5293838061638,
        33.53798518875219
       ],
       [
        -84.52606036425436,
        33.53799019170119
       ],
       [
        -84.52606457247457,
        33.539251768674774
       ],
       [
        -84.5254385997186,
        33.53925593779894
       ],
       [
        -84.52543228738828,
        33.537994360825365
       ],
       [
        -84.52399307607708,
        33.538001865248866
       ],
       [
        -84.52387208974609,
        33.54195836408537
       ],
       [
        -84.52524291747892,
        33.5419491920122
       ],
       [
        -84.52524502158901,
        33.5425778959369
       ],
       [
        -84.51680017568617,
        33.54261291657992
       ],
       [
        -84.51673074005274,
        33.5440004011034
       ],
       [
        -84.51161249222449,
        33.5440520982431
       ],
       [
        -84.51232368143968,
        33.54580062891963
       ],
       [
        -84.5140963942024,
        33.5473898990529
       ],
       [
        -84.51524418626418,
        33.5492018004168
       ],
       [
        -84.5146908053068,
        33.55036998900899
       ],
       [
        -84.51201332519932,
        33.5511271019581
       ],
       [
        -84.51203541835541,
        33.55350266890967
       ],
       [
        -84.51306748436149,
        33.55680878437579
       ],
       [
        -84.5110307057807,
        33.55682212557313
       ],
       [
        -84.51182816351016,
        33.5584680957951
       ],
       [
        -84.51347883788684,
        33.55817625710326
       ],
       [
        -84.51392911744911,
        33.55937613103913
       ],
       [
        -84.51506428485028,
        33.559686313877314
       ],
       [
        -84.51631728241728,
        33.56072359197059
       ],
       [
        -84.51613317278317,
        33.561102982269986
       ],
       [
        -84.50962936845137,
        33.56112466171567
       ],
       [
        -84.50959991090991,
        33.56512868856769
       ],
       [
        -84.51606794536994,
        33.564996944243944
       ],
       [
        -84.51605216454416,
        33.566160963711965
       ],
       [
        -84.51548510687111,
        33.5671156931467
       ],
       [
        -84.5109475934316,
        33.5671282005192
       ],
       [
        -84.51097705097305,
        33.56840478633979
       ],
       [
        -84.50759364192564,
        33.568402284865286
       ],
       [
        -84.50757786109986,
        33.57082788130688
       ],
       [
        -84.50678355953556,
        33.57075784002084
       ],
       [
        -84.50482252891852,
        33.57138070717171
       ],
       [
        -84.5047878111018,
        33.57573327280428
       ],
       [
        -84.50754735150335,
        33.5757682934473
       ],
       [
        -84.5075441953382,
        33.577154944145946
       ],
       [
        -84.50518338380138,
        33.5771265941016
       ],
       [
        -84.50516865503066,
        33.58194276634177
       ],
       [
        -84.50785349952349,
        33.583175993271
       ],
       [
        -84.50738323091522,
        33.58542898797199
       ],
       [
        -84.50866673807873,
        33.58542982179682
       ],
       [
        -84.50866147780347,
        33.58607436839337
       ],
       [
        -84.51026270559271,
        33.583948115067116
       ],
       [
        -84.51140944559944,
        33.58421660666361
       ],
       [
        -84.51147362095762,
        33.58349117905818
       ],
       [
        -84.51272556646957,
        33.58349201288301
       ],
       [
        -84.5165845044005,
        33.585634942705944
       ],
       [
        -84.51603743577344,
        33.58686316668617
       ],
       [
        -84.51463715049915,
        33.586809801896806
       ],
       [
        -84.51465608749008,
        33.585789200300205
       ],
       [
        -84.51311272272872,
        33.58513714928015
       ],
       [
        -84.51200070053869,
        33.58586507836008
       ],
       [
        -84.51344201596001,
        33.586417070400074
       ],
       [
        -84.51339993375794,
        33.58777036810537
       ],
       [
        -84.51591855355255,
        33.58782623436924
       ],
       [
        -84.51590277272678,
        33.58960561656462
       ],
       [
        -84.51804580886781,
        33.5896297974848
       ],
       [
        -84.51803108009707,
        33.59020430279531
       ],
       [
        -84.51589751245152,
        33.59018095569996
       ],
       [
        -84.51588383573583,
        33.59159428879329
       ],
       [
        -84.51336416388617,
        33.59159011966912
       ],
       [
        -84.5133852049872,
        33.589809903648906
       ],
       [
        -84.5119943882084,
        33.58981490659791
       ],
       [
        -84.51116116060716,
        33.58823731001231
       ],
       [
        -84.5115925031785,
        33.58802134938035
       ],
       [
        -84.51098651946852,
        33.58651963085463
       ],
       [
        -84.50746844737445,
        33.58868840924741
       ],
       [
        -84.50661628278228,
        33.5879312962983
       ],
       [
        -84.50471416724817,
        33.58946886929187
       ],
       [
        -84.50330125731325,
        33.590006686309685
       ],
       [
        -84.49956856598857,
        33.590898045057045
       ],
       [
        -84.4979484012084,
        33.59193365550066
       ],
       [
        -84.4972088065068,
        33.59314603680904
       ],
       [
        -84.49906357956358,
        33.59314937210837
       ],
       [
        -84.49982211125611,
        33.59586430576731
       ],
       [
        -84.49904253846253,
        33.5961327973638
       ],
       [
        -84.49829031910032,
        33.59425168853869
       ],
       [
        -84.49727298186498,
        33.59493792637693
       ],
       [
        -84.49787265324466,
        33.59660224074524
       ],
       [
        -84.49595265277465,
        33.595650012785015
       ],
       [
        -84.48752674386274,
        33.60241733513634
       ],
       [
        -84.48649467785668,
        33.603463785302786
       ],
       [
        -84.48763720964321,
        33.60345961617862
       ],
       [
        -84.48759091922092,
        33.60853510794211
       ],
       [
        -84.48768981239581,
        33.61238904632405
       ],
       [
        -84.48772137404737,
        33.61359308938409
       ],
       [
        -84.4823338001258,
        33.6136080982311
       ],
       [
        -84.48063893943694,
        33.61647228653529
       ],
       [
        -84.47999718585518,
        33.616462280637286
       ],
       [
        -84.47996036392836,
        33.61879782399683
       ],
       [
        -84.47830548133147,
        33.61878781809882
       ],
       [
        -84.47813084019283,
        33.61643393059293
       ],
       [
        -84.47733653862853,
        33.616046202045204
       ],
       [
        -84.4777016017316,
        33.61461035568136
       ],
       [
        -84.4734292061652,
        33.614436086291086
       ],
       [
        -84.4734555075415,
        33.61506228874129
       ],
       [
        -84.47165544134744,
        33.61470791318691
       ],
       [
        -84.47155970433771,
        33.613561404040404
       ],
       [
        -84.4703792985693,
        33.61244074346374
       ],
       [
        -84.47046346297346,
        33.61082729241029
       ],
       [
        -84.46973859704259,
        33.609625750824755
       ],
       [
        -84.46874966529366,
        33.60961991405092
       ],
       [
        -84.46942298052699,
        33.60832998703299
       ],
       [
        -84.47122515083115,
        33.608038982165986
       ],
       [
        -84.47038561089961,
        33.6073911002701
       ],
       [
        -84.47152288241088,
        33.606336311855316
       ],
       [
        -84.46311065021465,
        33.60624459112359
       ],
       [
        -84.4631074940495,
        33.61125921367422
       ],
       [
        -84.46454565330565,
        33.611246706301706
       ],
       [
        -84.4645182998743,
        33.613669801268806
       ],
       [
        -84.4631159104899,
        33.61384073535974
       ],
       [
        -84.45809129556129,
        33.61379487499388
       ],
       [
        -84.45817756407557,
        33.59643130665431
       ],
       [
        -84.45827014492015,
        33.587250061409065
       ],
       [
        -84.45839849563649,
        33.581115612106615
       ],
       [
        -84.45832695589296,
        33.577395085698086
       ],
       [
        -84.4585541997842,
        33.5597671948862
       ],
       [
        -84.45892452316252,
        33.559758856637856
       ],
       [
        -84.45857103266503,
        33.55624178348879
       ],
       [
        -84.45866466556467,
        33.55093282077182
       ],
       [
        -84.47282743067542,
        33.548111991358994
       ],
       [
        -84.48151004102004,
        33.54615833977334
       ],
       [
        -84.48748255755055,
        33.54459825350926
       ],
       [
        -84.49317838360238,
        33.54345174436275
       ],
       [
        -84.49770327238127,
        33.5426912961143
       ],
       [
        -84.50787033240434,
        33.54075682249982
       ],
       [
        -84.52169643989843,
        33.53728394206694
       ],
       [
        -84.52374163491963,
        33.536480968751974
       ],
       [
        -84.52394152537953,
        33.536706101457106
       ],
       [
        -84.53060103385903,
        33.53510098865199
       ],
       [
        -84.53063575167575,
        33.53611575347475
       ],
       [
        -84.53164888069088,
        33.5359097987408
       ],
       [
        -84.53171516015915,
        33.534388902243904
       ],
       [
        -84.53285558783558,
        33.534518145093145
       ],
       [
        -84.54268072996673,
        33.532056694183694
       ],
       [
        -84.54609254450054,
        33.53126372676673
       ],
       [
        -84.5662941056101,
        33.52606983187683
       ],
       [
        -84.5662877932798,
        33.52756487980388
       ],
       [
        -84.56932507621508,
        33.52837118841819
       ],
       [
        -84.56824777184177,
        33.528382861965866
       ],
       [
        -84.56737772231372,
        33.5290716012786
       ],
       [
        -84.5671389058169,
        33.53046909170009
       ],
       [
        -84.56571442327642,
        33.53049077114577
       ],
       [
        -84.56550822048622,
        33.53173233632334
       ],
       [
        -84.56403008313808,
        33.531604761123766
       ],
       [
        -84.56057303023702,
        33.531879923318925
       ],
       [
        -84.56024478906079,
        33.53406287673388
       ],
       [
        -84.56141888249888,
        33.53444393468294
       ],
       [
        -84.56492748609749,
        33.53454566131266
       ],
       [
        -84.56480018743619,
        33.53942603806504
       ],
       [
        -84.56909151999352,
        33.53946022488323
       ],
       [
        -84.5692082981043,
        33.53985795932896
       ],
       [
        -84.57235078654479,
        33.5398146004376
       ],
       [
        -84.57243810711411,
        33.54268379169079
       ],
       [
        -84.57480733509134,
        33.54266878284378
       ],
       [
        -84.57480417892617,
        33.54447734890835
       ],
       [
        -84.57707451372852,
        33.543985392256396
       ],
       [
        -84.57745746176747,
        33.54601825720126
       ],
       [
        -84.57106833143634,
        33.548803232146234
       ],
       [
        -84.57137763562163,
        33.549154272401275
       ],
       [
        -84.57380998690199,
        33.54964372757873
       ],
       [
        -84.57544277634277,
        33.54956284656985
       ],
       [
        -84.57739539051938,
        33.55020989464089
       ],
       [
        -84.57834434417634,
        33.551823345694345
       ],
       [
        -84.57964047600048,
        33.55270886766787
       ],
       [
        -84.57450434323634,
        33.55354602780103
       ],
       [
        -84.57116827666627,
        33.555247030462034
       ],
       [
        -84.5626034964875,
        33.555376273311275
       ],
       [
        -84.56225421421021,
        33.5582337910168
       ],
       [
        -84.56092336456936,
        33.557599250318255
       ],
       [
        -84.56120952354352,
        33.55355436604937
       ],
       [
        -84.56102225774426,
        33.553265862656865
       ],
       [
        -84.56876748703749,
        33.54991388682489
       ],
       [
        -84.56713259348659,
        33.54689877622578
       ],
       [
        -84.55921482716482,
        33.53698626660127
       ],
       [
        -84.55813647073647,
        33.53576721469422
       ],
       [
        -84.5568477032977,
        33.535160190215194
       ],
       [
        -84.55658574158974,
        33.535858935425935
       ],
       [
        -84.55544531391331,
        33.535758876445875
       ],
       [
        -84.5553117029217,
        33.537082990281995
       ],
       [
        -84.54527404567004,
        33.53691289001589
       ],
       [
        -84.5452487963488,
        33.53745904528205
       ],
       [
        -84.54666907066907,
        33.537479890902894
       ],
       [
        -84.5466375090175,
        33.538029381468384
       ],
       [
        -84.54521302647703,
        33.538245342100346
       ],
       [
        -84.54715617215817,
        33.53884486215586
       ],
       [
        -84.54716248448848,
        33.53938684829785
       ],
       [
        -84.54572748139748,
        33.539732051779055
       ],
       [
        -84.54758646267446,
        33.54000387867488
       ],
       [
        -84.54758856678457,
        33.54093526101426
       ],
       [
        -84.54576851154451,
        33.5409410977881
       ],
       [
        -84.54559807862607,
        33.543238285205284
       ],
       [
        -84.54195375992576,
        33.54246366193466
       ],
       [
        -84.54237247783648,
        33.54474917580418
       ],
       [
        -84.54385482340483,
        33.547782630549634
       ],
       [
        -84.54109843916844,
        33.5477200936871
       ],
       [
        -84.53942041136041,
        33.54963872462973
       ],
       [
        -84.5381127069307,
        33.55022990643691
       ],
       [
        -84.53629685991086,
        33.55170410874311
       ],
       [
        -84.53531108432708,
        33.55214770355471
       ],
       [
        -84.53533002131802,
        33.55660032816733
       ],
       [
        -84.53761613694614,
        33.557289901304905
       ],
       [
        -84.54535505390905,
        33.557049759752765
       ],
       [
        -84.54577377181977,
        33.55726321891022
       ],
       [
        -84.54822295598096,
        33.556356851315854
       ],
       [
        -84.54872268213069,
        33.55528205110505
       ],
       [
        -84.54976842485242,
        33.558128729087734
       ],
       [
        -84.5539335108035,
        33.556336839519844
       ],
       [
        -84.55483512198312,
        33.55661533701434
       ],
       [
        -84.55482986170786,
        33.56272393774694
       ]
      ]
     ],
     [
      [
       [
        -84.59676161991761,
        33.595500758139764
       ],
       [
        -84.59480374546574,
        33.59769788657689
       ],
       [
        -84.59561698402098,
        33.598319086078085
       ],
       [
        -84.5949846989347,
        33.59893861792962
       ],
       [
        -84.59384637536837,
        33.59876601618902
       ],
       [
        -84.59382217810217,
        33.60626710439411
       ],
       [
        -84.59107947058146,
        33.607435292986295
       ],
       [
        -84.59110366784766,
        33.608666852265856
       ],
       [
        -84.59047559098158,
        33.6101493928204
       ],
       [
        -84.59103002399402,
        33.61040787851888
       ],
       [
        -84.58848825898826,
        33.61268588796489
       ],
       [
        -84.58794645063645,
        33.61247576410677
       ],
       [
        -84.5892268016348,
        33.6106696995167
       ],
       [
        -84.58792435748036,
        33.609020393995394
       ],
       [
        -84.58780547525947,
        33.60719932055832
       ],
       [
        -84.58727734362334,
        33.605590872453874
       ],
       [
        -84.58427583055983,
        33.60564090194391
       ],
       [
        -84.58429266344066,
        33.60717680728781
       ],
       [
        -84.5851037978858,
        33.607864712775715
       ],
       [
        -84.5843094963215,
        33.608501754948755
       ],
       [
        -84.58439892100093,
        33.61652398367499
       ],
       [
        -84.58690175996976,
        33.615978662233665
       ],
       [
        -84.58895116321116,
        33.61489302230002
       ],
       [
        -84.5903041060081,
        33.61475293972794
       ],
       [
        -84.59085748696549,
        33.61729860694561
       ],
       [
        -84.58747407791807,
        33.6198817962808
       ],
       [
        -84.58726997923797,
        33.620663923974924
       ],
       [
        -84.58567506377906,
        33.62205140849841
       ],
       [
        -84.58451149089149,
        33.62378826562727
       ],
       [
        -84.58503015403215,
        33.625228281115284
       ],
       [
        -84.58215488757489,
        33.62521077079377
       ],
       [
        -84.58223063553864,
        33.62300613793314
       ],
       [
        -84.58156152852553,
        33.62301280853181
       ],
       [
        -84.58236319447519,
        33.620905733176734
       ],
       [
        -84.58334055361856,
        33.620949092068095
       ],
       [
        -84.58378978112577,
        33.61950323980624
       ],
       [
        -84.58261253152253,
        33.61877697837598
       ],
       [
        -84.58082088176889,
        33.62092407732308
       ],
       [
        -84.57951843761444,
        33.62207725706826
       ],
       [
        -84.57940902388903,
        33.623341335516336
       ],
       [
        -84.57776360978761,
        33.62267260799961
       ],
       [
        -84.57422028837229,
        33.62078482857583
       ],
       [
        -84.5747336912377,
        33.620421280948285
       ],
       [
        -84.5747378994579,
        33.618256671679674
       ],
       [
        -84.57220139472739,
        33.61658985583686
       ],
       [
        -84.56961123518923,
        33.618144105327104
       ],
       [
        -84.56751238536039,
        33.61811658910759
       ],
       [
        -84.56750081275482,
        33.616617372056375
       ],
       [
        -84.5714376027596,
        33.61659485878586
       ],
       [
        -84.57158804663204,
        33.61590778712279
       ],
       [
        -84.57150493428293,
        33.610795607066606
       ],
       [
        -84.57322294018294,
        33.61081478503779
       ],
       [
        -84.57311247440248,
        33.60995427780928
       ],
       [
        -84.57155648498048,
        33.61031282248783
       ],
       [
        -84.571466008246,
        33.60965576851877
       ],
       [
        -84.5729515099795,
        33.60893867916168
       ],
       [
        -84.57343650735851,
        33.609362262177264
       ],
       [
        -84.57574471614271,
        33.608446722509726
       ],
       [
        -84.57796770846771,
        33.608962026257025
       ],
       [
        -84.57736698503298,
        33.60980669081369
       ],
       [
        -84.57558690788491,
        33.61119167386268
       ],
       [
        -84.57692301780102,
        33.61103908391809
       ],
       [
        -84.58038638303238,
        33.607963104106105
       ],
       [
        -84.58148893672694,
        33.60850092112393
       ],
       [
        -84.58245261915462,
        33.60974915690016
       ],
       [
        -84.58462511283712,
        33.60786971572472
       ],
       [
        -84.58321641112241,
        33.606493070924074
       ],
       [
        -84.5826966959267,
        33.60539575744276
       ],
       [
        -84.58289658638658,
        33.60291512856213
       ],
       [
        -84.58199497520697,
        33.599421402508405
       ],
       [
        -84.58238213146613,
        33.597814622053626
       ],
       [
        -84.58421901958702,
        33.598093119548125
       ],
       [
        -84.58421796753197,
        33.59893278115578
       ],
       [
        -84.58870498232898,
        33.59893278115578
       ],
       [
        -84.58894695499096,
        33.59652803033503
       ],
       [
        -84.59386005208405,
        33.596459656698656
       ],
       [
        -84.59386741646942,
        33.59547574339474
       ],
       [
        -84.59676161991761,
        33.595500758139764
       ]
      ]
     ],
     [
      [
       [
        -84.62179106166106,
        33.54196503468404
       ],
       [
        -84.61757652912253,
        33.5440395908706
       ],
       [
        -84.615848002672,
        33.541653184196186
       ],
       [
        -84.61198275241075,
        33.54420468818769
       ],
       [
        -84.61191752499752,
        33.54767423332124
       ],
       [
        -84.61110323438723,
        33.547239810582816
       ],
       [
        -84.60949885043284,
        33.54826708277808
       ],
       [
        -84.60825952958153,
        33.546931295394295
       ],
       [
        -84.6069918032438,
        33.54774927755628
       ],
       [
        -84.60823217615018,
        33.54908006199106
       ],
       [
        -84.60769247190846,
        33.54943693901994
       ],
       [
        -84.60815958435158,
        33.550660160051166
       ],
       [
        -84.61193751404352,
        33.5506017923128
       ],
       [
        -84.61195119075919,
        33.55296068276768
       ],
       [
        -84.61040572188772,
        33.55334340836641
       ],
       [
        -84.60832054877454,
        33.55106873421973
       ],
       [
        -84.60669407166407,
        33.55043002439702
       ],
       [
        -84.60461941910141,
        33.549194295993296
       ],
       [
        -84.60282987345788,
        33.5503358021908
       ],
       [
        -84.60236065690465,
        33.54973878360978
       ],
       [
        -84.60174415264414,
        33.55042418762319
       ],
       [
        -84.59793571335571,
        33.55063431148131
       ],
       [
        -84.59785575717176,
        33.54775594815495
       ],
       [
        -84.59756644203244,
        33.54520861328761
       ],
       [
        -84.59829762029362,
        33.54352762242262
       ],
       [
        -84.6006152975733,
        33.54042996316497
       ],
       [
        -84.60156004301004,
        33.53829620541521
       ],
       [
        -84.6022280979681,
        33.5384537983088
       ],
       [
        -84.60214708972909,
        33.5415156030986
       ],
       [
        -84.60103822370422,
        33.54173906815407
       ],
       [
        -84.59939175754775,
        33.54327997644698
       ],
       [
        -84.59837757647757,
        33.54495763201263
       ],
       [
        -84.59868477655277,
        33.54994307069407
       ],
       [
        -84.60107925385125,
        33.549803821946824
       ],
       [
        -84.60243745692345,
        33.54816118702419
       ],
       [
        -84.60310551188151,
        33.548779885050884
       ],
       [
        -84.60781240618441,
        33.545733922932925
       ],
       [
        -84.60770088834889,
        33.541811610914614
       ],
       [
        -84.61087178227578,
        33.54177408879709
       ],
       [
        -84.61131574950775,
        33.54079184314285
       ],
       [
        -84.61144094405894,
        33.5434951032541
       ],
       [
        -84.61176076879477,
        33.54348092823193
       ],
       [
        -84.61574279716679,
        33.54101113907414
       ],
       [
        -84.6161573068573,
        33.541453066236066
       ],
       [
        -84.61939027203228,
        33.539356830603836
       ],
       [
        -84.6214786013106,
        33.53830287601388
       ],
       [
        -84.62401405398606,
        33.537750883973885
       ],
       [
        -84.62595509555709,
        33.537623308774315
       ],
       [
        -84.62510293096493,
        33.53682783988284
       ],
       [
        -84.6202498010098,
        33.534595690802696
       ],
       [
        -84.61828877039277,
        33.53253614346315
       ],
       [
        -84.61732614002014,
        33.53305478250979
       ],
       [
        -84.61675697823698,
        33.531604761123766
       ],
       [
        -84.61609628766429,
        33.531066944105945
       ],
       [
        -84.61455397495797,
        33.53080595693296
       ],
       [
        -84.61468442978443,
        33.53255698908399
       ],
       [
        -84.61327151984952,
        33.532287663662665
       ],
       [
        -84.61305374445374,
        33.531698149505154
       ],
       [
        -84.6116702920603,
        33.53170982305283
       ],
       [
        -84.61162820985821,
        33.53105276908377
       ],
       [
        -84.60758831845831,
        33.53029232083532
       ],
       [
        -84.60738948005348,
        33.53005468075769
       ],
       [
        -84.61155351394952,
        33.52819274990375
       ],
       [
        -84.61181757976757,
        33.52984122160022
       ],
       [
        -84.6134693061993,
        33.52988291284191
       ],
       [
        -84.61427623242423,
        33.530737583296585
       ],
       [
        -84.6157975040295,
        33.52953270641171
       ],
       [
        -84.616697011099,
        33.53049494026994
       ],
       [
        -84.61662547135548,
        33.52862383734284
       ],
       [
        -84.62192151648752,
        33.52856963872864
       ],
       [
        -84.6309008063568,
        33.52847541652242
       ],
       [
        -84.63090922279721,
        33.536539336490335
       ],
       [
        -84.64058812927613,
        33.5364200995391
       ],
       [
        -84.6367355036755,
        33.53723474640175
       ],
       [
        -84.63552248420048,
        33.5377166971557
       ],
       [
        -84.63557403489803,
        33.53983377840878
       ],
       [
        -84.63592752539553,
        33.541413042644045
       ],
       [
        -84.63362668099668,
        33.54167236216736
       ],
       [
        -84.63338786449987,
        33.53745737763238
       ],
       [
        -84.62470525415526,
        33.53795600488301
       ],
       [
        -84.62175423973424,
        33.53851883664584
       ],
       [
        -84.62179106166106,
        33.54196503468404
       ]
      ]
     ],
     [
      [
       [
        -84.5350080924721,
        33.75783894886195
       ],
       [
        -84.53496495821496,
        33.751258403273404
       ],
       [
        -84.53611485438685,
        33.751143335446336
       ],
       [
        -84.5371385039525,
        33.750137742696744
       ],
       [
        -84.54375698228498,
        33.754070894437895
       ],
       [
        -84.5350080924721,
        33.75783894886195
       ]
      ]
     ],
     [
      [
       [
        -84.5350080924721,
        33.75783894886195
       ],
       [
        -84.52481473107272,
        33.762580910691916
       ],
       [
        -84.52489679136679,
        33.75772971780872
       ],
       [
        -84.5350080924721,
        33.75783894886195
       ]
      ]
     ],
     [
      [
       [
        -84.61489694490494,
        33.6156442984753
       ],
       [
        -84.61383436930237,
        33.615450851113856
       ],
       [
        -84.61221315246715,
        33.615726013309015
       ],
       [
        -84.60945887234087,
        33.61658568671269
       ],
       [
        -84.60939995725795,
        33.61336879050379
       ],
       [
        -84.60882448314449,
        33.610698883385886
       ],
       [
        -84.61114426453426,
        33.61040537704438
       ],
       [
        -84.61366078021878,
        33.615164015371015
       ],
       [
        -84.61489694490494,
        33.6156442984753
       ]
      ]
     ],
     [
      [
       [
        -84.52177744813744,
        33.78720792715893
       ],
       [
        -84.52044239027639,
        33.78783412960913
       ],
       [
        -84.51747243886443,
        33.78923078620579
       ],
       [
        -84.51519158351158,
        33.78626737274637
       ],
       [
        -84.5198300942361,
        33.78632490665991
       ],
       [
        -84.52000157920958,
        33.78676516617217
       ],
       [
        -84.5214186973647,
        33.78661341005241
       ],
       [
        -84.52177744813744,
        33.78720792715893
       ]
      ]
     ],
     [
      [
       [
        -84.61110849466249,
        33.60587770819671
       ],
       [
        -84.60882974341975,
        33.60652308861809
       ],
       [
        -84.60762934860534,
        33.60442518533619
       ],
       [
        -84.60882237903438,
        33.60378480786381
       ],
       [
        -84.60930316819316,
        33.60513310262011
       ],
       [
        -84.6105993000173,
        33.60509724815225
       ],
       [
        -84.61110849466249,
        33.60587770819671
       ]
      ]
     ],
     [
      [
       [
        -84.58757191903791,
        33.59204538802839
       ],
       [
        -84.58423795657795,
        33.58989078465779
       ],
       [
        -84.58424111274311,
        33.589061962772966
       ],
       [
        -84.58741831900032,
        33.591118174813175
       ],
       [
        -84.58807795751795,
        33.590099240866245
       ],
       [
        -84.588766001522,
        33.590748790411794
       ],
       [
        -84.58757191903791,
        33.59204538802839
       ]
      ]
     ]
    ]
   }
  },
  {
   "type": "Feature",
   "properties": {
    "name": "Union City",
    "geoid": "1378324"
   },
   "geometry": {
    "type": "MultiPolygon",
    "coordinates": [
     [
      [
       [
        -84.49977687288887,
        33.61001931614632
       ],
       [
        -84.49695105301905,
        33.61001764849665
       ],
       [
        -84.49693316808316,
        33.61237070217771
       ],
       [
        -84.48768981239581,
        33.61238904632405
       ],
       [
        -84.48759091922092,
        33.60853510794211
       ],
       [
        -84.48763720964321,
        33.60345961617862
       ],
       [
        -84.48649467785668,
        33.603463785302786
       ],
       [
        -84.48752674386274,
        33.60241733513634
       ],
       [
        -84.49595265277465,
        33.595650012785015
       ],
       [
        -84.49787265324466,
        33.59660224074524
       ],
       [
        -84.49727298186498,
        33.59493792637693
       ],
       [
        -84.49829031910032,
        33.59425168853869
       ],
       [
        -84.49904253846253,
        33.5961327973638
       ],
       [
        -84.49982211125611,
        33.59586430576731
       ],
       [
        -84.49906357956358,
        33.59314937210837
       ],
       [
        -84.4972088065068,
        33.59314603680904
       ],
       [
        -84.4979484012084,
        33.59193365550066
       ],
       [
        -84.49956856598857,
        33.590898045057045
       ],
       [
        -84.50330125731325,
        33.590006686309685
       ],
       [
        -84.50471416724817,
        33.58946886929187
       ],
       [
        -84.50661628278228,
        33.5879312962983
       ],
       [
        -84.50746844737445,
        33.58868840924741
       ],
       [
        -84.51098651946852,
        33.58651963085463
       ],
       [
        -84.5115925031785,
        33.58802134938035
       ],
       [
        -84.51116116060716,
        33.58823731001231
       ],
       [
        -84.5119943882084,
        33.58981490659791
       ],
       [
        -84.5133852049872,
        33.589809903648906
       ],
       [
        -84.51336416388617,
        33.59159011966912
       ],
       [
        -84.51588383573583,
        33.59159428879329
       ],
       [
        -84.51589751245152,
        33.59018095569996
       ],
       [
        -84.51803108009707,
        33.59020430279531
       ],
       [
        -84.51804580886781,
        33.5896297974848
       ],
       [
        -84.51590277272678,
        33.58960561656462
       ],
       [
        -84.51591855355255,
        33.58782623436924
       ],
       [
        -84.51339993375794,
        33.58777036810537
       ],
       [
        -84.51344201596001,
        33.586417070400074
       ],
       [
        -84.51200070053869,
        33.58586507836008
       ],
       [
        -84.51311272272872,
        33.58513714928015
       ],
       [
        -84.51465608749008,
        33.585789200300205
       ],
       [
        -84.51463715049915,
        33.586809801896806
       ],
       [
        -84.51603743577344,
        33.58686316668617
       ],
       [
        -84.5165845044005,
        33.585634942705944
       ],
       [
        -84.51272556646957,
        33.58349201288301
       ],
       [
        -84.51147362095762,
        33.58349117905818
       ],
       [
        -84.51140944559944,
        33.58421660666361
       ],
       [
        -84.51026270559271,
        33.583948115067116
       ],
       [
        -84.50866147780347,
        33.58607436839337
       ],
       [
        -84.50866673807873,
        33.58542982179682
       ],
       [
        -84.50738323091522,
        33.58542898797199
       ],
       [
        -84.50785349952349,
        33.583175993271
       ],
       [
        -84.50516865503066,
        33.58194276634177
       ],
       [
        -84.50518338380138,
        33.5771265941016
       ],
       [
        -84.5075441953382,
        33.577154944145946
       ],
       [
        -84.50754735150335,
        33.5757682934473
       ],
       [
        -84.5047878111018,
        33.57573327280428
       ],
       [
        -84.50482252891852,
        33.57138070717171
       ],
       [
        -84.50678355953556,
        33.57075784002084
       ],
       [
        -84.50757786109986,
        33.57082788130688
       ],
       [
        -84.50759364192564,
        33.568402284865286
       ],
       [
        -84.51097705097305,
        33.56840478633979
       ],
       [
        -84.5109475934316,
        33.5671282005192
       ],
       [
        -84.51548510687111,
        33.5671156931467
       ],
       [
        -84.51605216454416,
        33.566160963711965
       ],
       [
        -84.51606794536994,
        33.564996944243944
       ],
       [
        -84.50959991090991,
        33.56512868856769
       ],
       [
        -84.50962936845137,
        33.56112466171567
       ],
       [
        -84.51613317278317,
        33.561102982269986
       ],
       [
        -84.51631728241728,
        33.56072359197059
       ],
       [
        -84.51506428485028,
        33.559686313877314
       ],
       [
        -84.51392911744911,
        33.55937613103913
       ],
       [
        -84.51347883788684,
        33.55817625710326
       ],
       [
        -84.51182816351016,
        33.5584680957951
       ],
       [
        -84.5110307057807,
        33.55682212557313
       ],
       [
        -84.51306748436149,
        33.55680878437579
       ],
       [
        -84.51203541835541,
        33.55350266890967
       ],
       [
        -84.51201332519932,
        33.5511271019581
       ],
       [
        -84.5146908053068,
        33.55036998900899
       ],
       [
        -84.51524418626418,
        33.5492018004168
       ],
       [
        -84.5140963942024,
        33.5473898990529
       ],
       [
        -84.51232368143968,
        33.54580062891963
       ],
       [
        -84.51161249222449,
        33.5440520982431
       ],
       [
        -84.51673074005274,
        33.5440004011034
       ],
       [
        -84.51680017568617,
        33.54261291657992
       ],
       [
        -84.52524502158901,
        33.5425778959369
       ],
       [
        -84.52524291747892,
        33.5419491920122
       ],
       [
        -84.52387208974609,
        33.54195836408537
       ],
       [
        -84.52399307607708,
        33.538001865248866
       ],
       [
        -84.52543228738828,
        33.537994360825365
       ],
       [
        -84.5254385997186,
        33.53925593779894
       ],
       [
        -84.52606457247457,
        33.539251768674774
       ],
       [
        -84.52606036425436,
        33.53799019170119
       ],
       [
        -84.5293838061638,
        33.53798518875219
       ],
       [
        -84.52936171300772,
        33.539521094096095
       ],
       [
        -84.53288399332199,
        33.53948190432891
       ],
       [
        -84.53289661798262,
        33.5425236973227
       ],
       [
        -84.53150159298359,
        33.542535370870375
       ],
       [
        -84.53153105052505,
        33.5466527978998
       ],
       [
        -84.52627708759509,
        33.54666780674681
       ],
       [
        -84.52598356423556,
        33.55897339364439
       ],
       [
        -84.5225223031143,
        33.5589758951189
       ],
       [
        -84.521041009601,
        33.56158826832327
       ],
       [
        -84.52070224787424,
        33.56315585901086
       ],
       [
        -84.52353964034964,
        33.5631742031572
       ],
       [
        -84.52561324085724,
        33.564860196971196
       ],
       [
        -84.52673999181799,
        33.56356776847877
       ],
       [
        -84.52816447435848,
        33.56440576243676
       ],
       [
        -84.52970152678952,
        33.56405305453206
       ],
       [
        -84.52975307748707,
        33.56736417294717
       ],
       [
        -84.53046742286742,
        33.567184900607906
       ],
       [
        -84.530761998282,
        33.562318698877704
       ],
       [
        -84.53158680944281,
        33.56234121214821
       ],
       [
        -84.53136166966166,
        33.563251748866755
       ],
       [
        -84.53535632269433,
        33.56323173707074
       ],
       [
        -84.53536999941,
        33.56465507606208
       ],
       [
        -84.53596967078967,
        33.564983603046606
       ],
       [
        -84.53798435621435,
        33.56351106839007
       ],
       [
        -84.54014422523622,
        33.56230285620586
       ],
       [
        -84.54953276452076,
        33.5582337910168
       ],
       [
        -84.55009982219381,
        33.55928190883291
       ],
       [
        -84.54990413995414,
        33.56006737182637
       ],
       [
        -84.54797046276846,
        33.560004001139006
       ],
       [
        -84.54802622168621,
        33.5609112025582
       ],
       [
        -84.55018188248788,
        33.560948724675725
       ],
       [
        -84.55081416757416,
        33.563191713478716
       ],
       [
        -84.54939915352915,
        33.56324507826808
       ],
       [
        -84.549314989125,
        33.56394632495333
       ],
       [
        -84.55146223348623,
        33.56388128661629
       ],
       [
        -84.55133177865977,
        33.5627130980241
       ],
       [
        -84.55482986170786,
        33.56272393774694
       ],
       [
        -84.55481513293714,
        33.5636127950198
       ],
       [
        -84.56444354077354,
        33.56360195529696
       ],
       [
        -84.5639574913395,
        33.56777441476542
       ],
       [
        -84.56447825859026,
        33.57106135226035
       ],
       [
        -84.56491906965707,
        33.57218034518735
       ],
       [
        -84.56716415513816,
        33.57535888545389
       ],
       [
        -84.56805208960209,
        33.576212722083724
       ],
       [
        -84.5768861958742,
        33.58233883313783
       ],
       [
        -84.5773227987208,
        33.58446258498959
       ],
       [
        -84.57955525954125,
        33.5869131961762
       ],
       [
        -84.57949739651339,
        33.589948318571324
       ],
       [
        -84.58082088176889,
        33.58990162438063
       ],
       [
        -84.5809345037145,
        33.58717084804985
       ],
       [
        -84.58391918389718,
        33.58725673200773
       ],
       [
        -84.58424111274311,
        33.589061962772966
       ],
       [
        -84.58423795657795,
        33.58989078465779
       ],
       [
        -84.58757191903791,
        33.59204538802839
       ],
       [
        -84.58708797371398,
        33.592680762551765
       ],
       [
        -84.58891013306413,
        33.59399487048987
       ],
       [
        -84.5891805112125,
        33.592448125423125
       ],
       [
        -84.59388635346035,
        33.59241310478011
       ],
       [
        -84.59746123652724,
        33.59248898283999
       ],
       [
        -84.59761483656483,
        33.593417863704865
       ],
       [
        -84.59388004113003,
        33.59344204462505
       ],
       [
        -84.59387372879972,
        33.594229175268175
       ],
       [
        -84.59746439269239,
        33.594209163472165
       ],
       [
        -84.59796411884211,
        33.59600772363873
       ],
       [
        -84.5999482946703,
        33.594937092552094
       ],
       [
        -84.60091408120807,
        33.59578509240809
       ],
       [
        -84.60240273910674,
        33.59457521257421
       ],
       [
        -84.6038188052068,
        33.59578509240809
       ],
       [
        -84.60273413644813,
        33.59668562322862
       ],
       [
        -84.6044794957795,
        33.59672814829515
       ],
       [
        -84.60501183563584,
        33.59762534381635
       ],
       [
        -84.60565674538275,
        33.599980065147065
       ],
       [
        -84.60710332107932,
        33.599774110413115
       ],
       [
        -84.60722851563051,
        33.60045617912718
       ],
       [
        -84.61011325058325,
        33.60041615553516
       ],
       [
        -84.60982603955404,
        33.59910204759705
       ],
       [
        -84.6099564943805,
        33.597561973128975
       ],
       [
        -84.60929054353254,
        33.59587597931498
       ],
       [
        -84.6085057104637,
        33.594991291166295
       ],
       [
        -84.60705597860198,
        33.59473614076714
       ],
       [
        -84.60640686063486,
        33.59364216258516
       ],
       [
        -84.6053264000964,
        33.59452434925935
       ],
       [
        -84.60388824084023,
        33.593297792928794
       ],
       [
        -84.60477722735922,
        33.59254568292869
       ],
       [
        -84.61269394162593,
        33.5924056003566
       ],
       [
        -84.6136208021268,
        33.59379391870492
       ],
       [
        -84.6129516951137,
        33.58937965003465
       ],
       [
        -84.61477175035375,
        33.58823230706331
       ],
       [
        -84.6144193119113,
        33.58711414796115
       ],
       [
        -84.61573227661627,
        33.58598514913615
       ],
       [
        -84.61763439215039,
        33.586378714457716
       ],
       [
        -84.61796263332663,
        33.59380392460292
       ],
       [
        -84.6273154027394,
        33.59382393639894
       ],
       [
        -84.62725859176659,
        33.6020095947926
       ],
       [
        -84.62908811550211,
        33.6020196006906
       ],
       [
        -84.62813074540475,
        33.5990711960782
       ],
       [
        -84.6317435024535,
        33.59647466554567
       ],
       [
        -84.63289129451529,
        33.594520180135184
       ],
       [
        -84.63292075205675,
        33.598078944525945
       ],
       [
        -84.6347913059393,
        33.59805392978093
       ],
       [
        -84.63529103208903,
        33.59971490884991
       ],
       [
        -84.63636623235223,
        33.59908703875004
       ],
       [
        -84.6408763923604,
        33.59578676005776
       ],
       [
        -84.64175380627381,
        33.59711837831738
       ],
       [
        -84.64180746108146,
        33.59507300600001
       ],
       [
        -84.64403781779181,
        33.592760809735815
       ],
       [
        -84.64726657474657,
        33.588309018948024
       ],
       [
        -84.65024915081915,
        33.586318679069684
       ],
       [
        -84.65054477828878,
        33.585579910266915
       ],
       [
        -84.64999665760665,
        33.584395879002884
       ],
       [
        -84.650610005702,
        33.58413822712923
       ],
       [
        -84.64958951230152,
        33.58320934626435
       ],
       [
        -84.65064577557378,
        33.58282328536629
       ],
       [
        -84.65121493735694,
        33.58359290568791
       ],
       [
        -84.65216494306894,
        33.58311012110912
       ],
       [
        -84.65151792921193,
        33.582523942250944
       ],
       [
        -84.65147584700985,
        33.577522660897664
       ],
       [
        -84.65101294278693,
        33.577524328547334
       ],
       [
        -84.6514505976886,
        33.574414995741996
       ],
       [
        -84.65363045575646,
        33.574430004589004
       ],
       [
        -84.65502232459032,
        33.57503035846936
       ],
       [
        -84.65654254414055,
        33.574764368347374
       ],
       [
        -84.65665195786596,
        33.577510153525154
       ],
       [
        -84.6651714996775,
        33.57759103453404
       ],
       [
        -84.66486745576745,
        33.578403179922184
       ],
       [
        -84.66754914409515,
        33.57831312684013
       ],
       [
        -84.66753651943452,
        33.5785490992681
       ],
       [
        -84.6649169023549,
        33.578619140554146
       ],
       [
        -84.66494846400646,
        33.57960472150772
       ],
       [
        -84.66129362475563,
        33.57966058777159
       ],
       [
        -84.66129152064552,
        33.581409952272956
       ],
       [
        -84.65500338759938,
        33.58374216033316
       ],
       [
        -84.65515698763699,
        33.58430415827116
       ],
       [
        -84.6516347073227,
        33.58528973922474
       ],
       [
        -84.6519661046641,
        33.587721172440176
       ],
       [
        -84.65071626326227,
        33.587690320921325
       ],
       [
        -84.6503533042693,
        33.58900693033393
       ],
       [
        -84.649376997181,
        33.58916869235169
       ],
       [
        -84.64943065198865,
        33.59146337829438
       ],
       [
        -84.6516041977262,
        33.59132663102163
       ],
       [
        -84.65161682238683,
        33.59221965741866
       ],
       [
        -84.65368411056411,
        33.59224800746301
       ],
       [
        -84.6535725927286,
        33.5942591929622
       ],
       [
        -84.65386085581285,
        33.59692826625527
       ],
       [
        -84.65165259225859,
        33.596958283949284
       ],
       [
        -84.65166732102932,
        33.597933025180026
       ],
       [
        -84.65036066865467,
        33.597938861953864
       ],
       [
        -84.65043852072851,
        33.597301819780824
       ],
       [
        -84.64527503453303,
        33.5972718020868
       ],
       [
        -84.64255442016842,
        33.598353272896276
       ],
       [
        -84.64438078773878,
        33.60030525683226
       ],
       [
        -84.64368327523927,
        33.60197790944891
       ],
       [
        -84.64183902273302,
        33.60199291829592
       ],
       [
        -84.63934354814954,
        33.59978911926012
       ],
       [
        -84.6383483040703,
        33.600589591100594
       ],
       [
        -84.63676075299675,
        33.60319029075729
       ],
       [
        -84.6350701005281,
        33.60508890990391
       ],
       [
        -84.63484285663685,
        33.599970893073895
       ],
       [
        -84.63415902085302,
        33.59936803771904
       ],
       [
        -84.62963202796402,
        33.602037944836944
       ],
       [
        -84.63001918422319,
        33.602355632098636
       ],
       [
        -84.62499877751478,
        33.60527902196603
       ],
       [
        -84.6265957970838,
        33.60686995974896
       ],
       [
        -84.63166565037965,
        33.608545113840115
       ],
       [
        -84.6250597967078,
        33.61510064468365
       ],
       [
        -84.61886319245119,
        33.61441190537091
       ],
       [
        -84.61730404686405,
        33.61454615116915
       ],
       [
        -84.61763018393019,
        33.61728776722277
       ],
       [
        -84.61504212850213,
        33.61733612906313
       ],
       [
        -84.61737032633232,
        33.62097160533861
       ],
       [
        -84.61693056732057,
        33.62148107231207
       ],
       [
        -84.61301061019661,
        33.621440214895216
       ],
       [
        -84.6129822047102,
        33.61881033136933
       ],
       [
        -84.6125256128176,
        33.61728193044893
       ],
       [
        -84.60984708065507,
        33.61727525985026
       ],
       [
        -84.61043412737412,
        33.6186910944181
       ],
       [
        -84.60986075737075,
        33.62073563291064
       ],
       [
        -84.6099407135547,
        33.621998877533876
       ],
       [
        -84.60702862517063,
        33.621998877533876
       ],
       [
        -84.60703178133578,
        33.625399215206215
       ],
       [
        -84.60498763836964,
        33.62538420635921
       ],
       [
        -84.60494976438777,
        33.63057226447527
       ],
       [
        -84.60122233333833,
        33.629754282313286
       ],
       [
        -84.60000931386331,
        33.62929818012918
       ],
       [
        -84.59867951627751,
        33.627542145029146
       ],
       [
        -84.59856063405664,
        33.62968424102724
       ],
       [
        -84.59792834897034,
        33.62880538965239
       ],
       [
        -84.59645441984242,
        33.628129991536994
       ],
       [
        -84.59612617866618,
        33.62862528348828
       ],
       [
        -84.59369172327573,
        33.62894213692514
       ],
       [
        -84.59371486848687,
        33.62612631046131
       ],
       [
        -84.59269121892122,
        33.62756715977416
       ],
       [
        -84.59097636918636,
        33.6277480997631
       ],
       [
        -84.58831466990466,
        33.63042884660385
       ],
       [
        -84.58435894290893,
        33.62949663043963
       ],
       [
        -84.58433053742253,
        33.63305873012973
       ],
       [
        -84.58146368740569,
        33.633087913998914
       ],
       [
        -84.58150261344261,
        33.63122181402082
       ],
       [
        -84.57932696359497,
        33.631261003788005
       ],
       [
        -84.57927962111762,
        33.633076240451246
       ],
       [
        -84.5760193025113,
        33.63307540662641
       ],
       [
        -84.57570368599569,
        33.63456378395479
       ],
       [
        -84.57235078654479,
        33.63349982346683
       ],
       [
        -84.56884323500124,
        33.63194223867724
       ],
       [
        -84.56809101563901,
        33.62969424692525
       ],
       [
        -84.56972485713486,
        33.62973176904277
       ],
       [
        -84.56968067082266,
        33.62782814694715
       ],
       [
        -84.57244862766463,
        33.62892379277879
       ],
       [
        -84.572820003098,
        33.62788317938618
       ],
       [
        -84.57135133424534,
        33.62726781665882
       ],
       [
        -84.57137868767668,
        33.62545674911975
       ],
       [
        -84.57270638115239,
        33.62460374631475
       ],
       [
        -84.57173533433934,
        33.62459290659191
       ],
       [
        -84.57169325213725,
        33.6225958961149
       ],
       [
        -84.56971538863938,
        33.62258005344306
       ],
       [
        -84.56905048984649,
        33.62331882224582
       ],
       [
        -84.56902313641514,
        33.62461291838792
       ],
       [
        -84.56729987023986,
        33.623710719917725
       ],
       [
        -84.5683656020076,
        33.62093241557142
       ],
       [
        -84.56747345932345,
        33.62091573907474
       ],
       [
        -84.56743874150673,
        33.6228151920462
       ],
       [
        -84.56613945351745,
        33.623122873409876
       ],
       [
        -84.5661625987286,
        33.624114291137296
       ],
       [
        -84.56724937159737,
        33.62453370502871
       ],
       [
        -84.56740823191024,
        33.62784482344382
       ],
       [
        -84.56346828574029,
        33.627849826392826
       ],
       [
        -84.56401535436736,
        33.62613131341032
       ],
       [
        -84.56367133236533,
        33.62466461552762
       ],
       [
        -84.56492853815254,
        33.6245211976562
       ],
       [
        -84.56477599016999,
        33.62228487945188
       ],
       [
        -84.5595094025794,
        33.622249858808864
       ],
       [
        -84.5595840984881,
        33.62383495981796
       ],
       [
        -84.56092652073453,
        33.623213760316766
       ],
       [
        -84.56312952401352,
        33.62563685528386
       ],
       [
        -84.56152408800409,
        33.625664371503376
       ],
       [
        -84.56107591255191,
        33.62662076858777
       ],
       [
        -84.56302747467348,
        33.626985150040156
       ],
       [
        -84.56258981977182,
        33.62792403680304
       ],
       [
        -84.55821432281031,
        33.62799074278975
       ],
       [
        -84.55821432281031,
        33.62826590498491
       ],
       [
        -84.56266451568051,
        33.628211706370706
       ],
       [
        -84.56228367175167,
        33.63083992224693
       ],
       [
        -84.55570411945612,
        33.63080323395424
       ],
       [
        -84.55571779617179,
        33.62458373451874
       ],
       [
        -84.5548004041664,
        33.62458206686907
       ],
       [
        -84.55474464524865,
        33.621949681868685
       ],
       [
        -84.55381042036242,
        33.62387331576032
       ],
       [
        -84.55257004745604,
        33.624649606680606
       ],
       [
        -84.54515516344917,
        33.62465627727928
       ],
       [
        -84.54515726755926,
        33.6259878955389
       ],
       [
        -84.54241876825877,
        33.62601541175842
       ],
       [
        -84.54261234638834,
        33.62742124042824
       ],
       [
        -84.54096272406672,
        33.62815667393168
       ],
       [
        -84.53942777574578,
        33.62572940984041
       ],
       [
        -84.53693861349261,
        33.62668163780064
       ],
       [
        -84.53584447623848,
        33.628008253111254
       ],
       [
        -84.5352185034825,
        33.62799574573875
       ],
       [
        -84.53522481581281,
        33.63025707868808
       ],
       [
        -84.53387292507092,
        33.631116752091756
       ],
       [
        -84.53242529731929,
        33.63316462588363
       ],
       [
        -84.52961315416515,
        33.63103670490771
       ],
       [
        -84.53039588312389,
        33.629170604929605
       ],
       [
        -84.53045795437195,
        33.62735203296703
       ],
       [
        -84.52873468819669,
        33.62110501731202
       ],
       [
        -84.52703772339773,
        33.62109667906368
       ],
       [
        -84.52696828776429,
        33.61887703735604
       ],
       [
        -84.52826967986368,
        33.619046303797305
       ],
       [
        -84.52808872639473,
        33.61624882147982
       ],
       [
        -84.52760267696067,
        33.612198100437105
       ],
       [
        -84.52723971796772,
        33.61087231895132
       ],
       [
        -84.52629602458602,
        33.609345585680586
       ],
       [
        -84.52747011802411,
        33.60876941272041
       ],
       [
        -84.52818867162468,
        33.60989424242125
       ],
       [
        -84.52880727999528,
        33.609756661323665
       ],
       [
        -84.52881359232559,
        33.61120418123518
       ],
       [
        -84.52942062809063,
        33.61389493397394
       ],
       [
        -84.53269462341262,
        33.61398415323116
       ],
       [
        -84.53310702899303,
        33.61420595063695
       ],
       [
        -84.5333227002787,
        33.61099489120189
       ],
       [
        -84.53231903975905,
        33.60985838795339
       ],
       [
        -84.5337372099692,
        33.60888614819715
       ],
       [
        -84.5337813962814,
        33.607391934094935
       ],
       [
        -84.53445050329451,
        33.607347741378746
       ],
       [
        -84.53475349514949,
        33.60514560999261
       ],
       [
        -84.53542155010754,
        33.60629878973779
       ],
       [
        -84.5352405966386,
        33.604904634615636
       ],
       [
        -84.53773712327713,
        33.60368141358442
       ],
       [
        -84.53848303030902,
        33.605455792830796
       ],
       [
        -84.54024417046617,
        33.60553083706584
       ],
       [
        -84.54020524442925,
        33.60245485725386
       ],
       [
        -84.54274595737995,
        33.6015067984178
       ],
       [
        -84.54267757380157,
        33.60403995826296
       ],
       [
        -84.54365177677978,
        33.604300945435945
       ],
       [
        -84.54355498771498,
        33.608074002809005
       ],
       [
        -84.53919632363433,
        33.60809318078018
       ],
       [
        -84.53968132101332,
        33.610613833252835
       ],
       [
        -84.54024101430102,
        33.611988810403815
       ],
       [
        -84.54349291646692,
        33.61751206610307
       ],
       [
        -84.54689631456031,
        33.617321120216126
       ],
       [
        -84.54735921878321,
        33.61648562773263
       ],
       [
        -84.5557440975481,
        33.61655233371933
       ],
       [
        -84.55574514960315,
        33.61582023551524
       ],
       [
        -84.55483827814828,
        33.61487884727785
       ],
       [
        -84.55813331457131,
        33.61486383843084
       ],
       [
        -84.5568697964538,
        33.61233484770985
       ],
       [
        -84.56464343123343,
        33.612303996190995
       ],
       [
        -84.5646528997289,
        33.60954903894004
       ],
       [
        -84.56569653834053,
        33.60918882661183
       ],
       [
        -84.56659604541004,
        33.60966160529261
       ],
       [
        -84.56978587632787,
        33.61314699309799
       ],
       [
        -84.56828564582365,
        33.60930472826373
       ],
       [
        -84.5684182047602,
        33.60825827809728
       ],
       [
        -84.57013305449506,
        33.6076695977646
       ],
       [
        -84.57133555341956,
        33.6076078947269
       ],
       [
        -84.57245073177474,
        33.60823493100193
       ],
       [
        -84.57342703886303,
        33.60722266765367
       ],
       [
        -84.5743339103179,
        33.60753618579119
       ],
       [
        -84.57457483092483,
        33.60684994795295
       ],
       [
        -84.57067170668171,
        33.602530735313735
       ],
       [
        -84.57041184908385,
        33.60283925050225
       ],
       [
        -84.57129873149273,
        33.60556002093502
       ],
       [
        -84.57023826000025,
        33.604872115447115
       ],
       [
        -84.56776908679309,
        33.60452024136725
       ],
       [
        -84.56615102612302,
        33.60317027896128
       ],
       [
        -84.56471076275676,
        33.60261411779712
       ],
       [
        -84.56467078466478,
        33.60827995754296
       ],
       [
        -84.5629191130031,
        33.60827328694429
       ],
       [
        -84.55968088755289,
        33.60759705500406
       ],
       [
        -84.55956831766231,
        33.604073311256315
       ],
       [
        -84.55684454713254,
        33.60640802079102
       ],
       [
        -84.55491402611203,
        33.6064297002367
       ],
       [
        -84.55488141240541,
        33.60740193999294
       ],
       [
        -84.55694449236249,
        33.60736024875125
       ],
       [
        -84.55692029509629,
        33.60940728871829
       ],
       [
        -84.55753048702648,
        33.60921384135684
       ],
       [
        -84.55754626785226,
        33.61056296993797
       ],
       [
        -84.55620489766089,
        33.61080894826395
       ],
       [
        -84.5558671879892,
        33.610042663241664
       ],
       [
        -84.55485511102911,
        33.61006184121285
       ],
       [
        -84.55520754947155,
        33.608976201279205
       ],
       [
        -84.55402293548293,
        33.60725602064702
       ],
       [
        -84.55232491862891,
        33.608228260403266
       ],
       [
        -84.55266999268599,
        33.606467222354226
       ],
       [
        -84.5533412038092,
        33.606271273518274
       ],
       [
        -84.5521629021509,
        33.60474203877304
       ],
       [
        -84.55301401468802,
        33.60418337613438
       ],
       [
        -84.55409763139163,
        33.60418587760888
       ],
       [
        -84.55419757662158,
        33.60305521113421
       ],
       [
        -84.5563343004323,
        33.60318778928279
       ],
       [
        -84.55652261828662,
        33.60105403153303
       ],
       [
        -84.55594924828324,
        33.600280242087244
       ],
       [
        -84.55494558776358,
        33.60028441121141
       ],
       [
        -84.55495505625906,
        33.5988468971979
       ],
       [
        -84.5529593078253,
        33.599364702419706
       ],
       [
        -84.54987994268794,
        33.598431652430655
       ],
       [
        -84.54898043561843,
        33.59880770743071
       ],
       [
        -84.5483229012109,
        33.59769621892722
       ],
       [
        -84.54956748233748,
        33.59588932051232
       ],
       [
        -84.54687842962443,
        33.59579676595577
       ],
       [
        -84.5459904951605,
        33.59700831343932
       ],
       [
        -84.54453129480329,
        33.59818900940401
       ],
       [
        -84.54035148008148,
        33.60006761675462
       ],
       [
        -84.5352163993724,
        33.60000091076791
       ],
       [
        -84.53510277742677,
        33.59595602649903
       ],
       [
        -84.5339612976953,
        33.59595602649903
       ],
       [
        -84.53119544496344,
        33.59184527006827
       ],
       [
        -84.5320697027117,
        33.59183776564477
       ],
       [
        -84.53261466722867,
        33.5872042010432
       ],
       [
        -84.53193398760999,
        33.5864620969411
       ],
       [
        -84.52842433195633,
        33.58669223259523
       ],
       [
        -84.52578472583072,
        33.586569660344665
       ],
       [
        -84.5257984025464,
        33.57532886775987
       ],
       [
        -84.5251114105974,
        33.57533803983304
       ],
       [
        -84.52141448914449,
        33.57837316222817
       ],
       [
        -84.52060335469935,
        33.57958304206205
       ],
       [
        -84.52058757387357,
        33.58354371002271
       ],
       [
        -84.51824464727265,
        33.58351786145286
       ],
       [
        -84.51848135965936,
        33.587051611098616
       ],
       [
        -84.51911048858048,
        33.58709413616514
       ],
       [
        -84.51909365569965,
        33.58876095200795
       ],
       [
        -84.52016675185276,
        33.58820812614313
       ],
       [
        -84.52076221501221,
        33.58879597265098
       ],
       [
        -84.5207274971955,
        33.593607141942144
       ],
       [
        -84.5199374038514,
        33.59358462867163
       ],
       [
        -84.51992057097057,
        33.594495999215
       ],
       [
        -84.51909996802996,
        33.59449766686467
       ],
       [
        -84.51908208309408,
        33.59586764106664
       ],
       [
        -84.51741667994668,
        33.59586263811764
       ],
       [
        -84.51717470728471,
        33.59384478201979
       ],
       [
        -84.51584911791912,
        33.59382477022377
       ],
       [
        -84.51588173162573,
        33.59172686694187
       ],
       [
        -84.50740427201627,
        33.59172436546737
       ],
       [
        -84.50723489115289,
        33.59668729087829
       ],
       [
        -84.50205983235183,
        33.59666394378294
       ],
       [
        -84.50205562413163,
        33.59819984912685
       ],
       [
        -84.50005882364282,
        33.59821068884969
       ],
       [
        -84.50003357432158,
        33.59740521406022
       ],
       [
        -84.4981745930446,
        33.59742272438173
       ],
       [
        -84.4989731028291,
        33.59958566600067
       ],
       [
        -84.49720985856186,
        33.599564820379825
       ],
       [
        -84.49744551889351,
        33.600451176178176
       ],
       [
        -84.49364233988034,
        33.600398645213644
       ],
       [
        -84.49287118352719,
        33.60092895780796
       ],
       [
        -84.49276282185681,
        33.60310774209874
       ],
       [
        -84.49231675051475,
        33.60447187952688
       ],
       [
        -84.49991153593554,
        33.60458027675528
       ],
       [
        -84.4994865056945,
        33.60677240224341
       ],
       [
        -84.49977687288887,
        33.61001931614632
       ]
      ],
      [
       [
        -84.61489694490494,
        33.6156442984753
       ],
       [
        -84.61366078021878,
        33.615164015371015
       ],
       [
        -84.61114426453426,
        33.61040537704438
       ],
       [
        -84.60882448314449,
        33.610698883385886
       ],
       [
        -84.60939995725795,
        33.61336879050379
       ],
       [
        -84.60945887234087,
        33.61658568671269
       ],
       [
        -84.61221315246715,
        33.615726013309015
       ],
       [
        -84.61383436930237,
        33.615450851113856
       ],
       [
        -84.61489694490494,
        33.6156442984753
       ]
      ],
      [
       [
        -84.61110849466249,
        33.60587770819671
       ],
       [
        -84.6105993000173,
        33.60509724815225
       ],
       [
        -84.60930316819316,
        33.60513310262011
       ],
       [
        -84.60882237903438,
        33.60378480786381
       ],
       [
        -84.60762934860534,
        33.60442518533619
       ],
       [
        -84.60882974341975,
        33.60652308861809
       ],
       [
        -84.61110849466249,
        33.60587770819671
       ]
      ],
      [
       [
        -84.59676161991761,
        33.595500758139764
       ],
       [
        -84.59386741646942,
        33.59547574339474
       ],
       [
        -84.59386005208405,
        33.596459656698656
       ],
       [
        -84.58894695499096,
        33.59652803033503
       ],
       [
        -84.58870498232898,
        33.59893278115578
       ],
       [
        -84.58421796753197,
        33.59893278115578
       ],
       [
        -84.58421901958702,
        33.598093119548125
       ],
       [
        -84.58238213146613,
        33.597814622053626
       ],
       [
        -84.58199497520697,
        33.599421402508405
       ],
       [
        -84.58289658638658,
        33.60291512856213
       ],
       [
        -84.5826966959267,
        33.60539575744276
       ],
       [
        -84.58321641112241,
        33.606493070924074
       ],
       [
        -84.58462511283712,
        33.60786971572472
       ],
       [
        -84.58245261915462,
        33.60974915690016
       ],
       [
        -84.58148893672694,
        33.60850092112393
       ],
       [
        -84.58038638303238,
        33.607963104106105
       ],
       [
        -84.57692301780102,
        33.61103908391809
       ],
       [
        -84.57558690788491,
        33.61119167386268
       ],
       [
        -84.57736698503298,
        33.60980669081369
       ],
       [
        -84.57796770846771,
        33.608962026257025
       ],
       [
        -84.57574471614271,
        33.608446722509726
       ],
       [
        -84.57343650735851,
        33.609362262177264
       ],
       [
        -84.5729515099795,
        33.60893867916168
       ],
       [
        -84.571466008246,
        33.60965576851877
       ],
       [
        -84.57155648498048,
        33.61031282248783
       ],
       [
        -84.57311247440248,
        33.60995427780928
       ],
       [
        -84.57322294018294,
        33.61081478503779
       ],
       [
        -84.57150493428293,
        33.610795607066606
       ],
       [
        -84.57158804663204,
        33.61590778712279
       ],
       [
        -84.5714376027596,
        33.61659485878586
       ],
       [
        -84.56750081275482,
        33.616617372056375
       ],
       [
        -84.56751238536039,
        33.61811658910759
       ],
       [
        -84.56961123518923,
        33.618144105327104
       ],
       [
        -84.57220139472739,
        33.61658985583686
       ],
       [
        -84.5747378994579,
        33.618256671679674
       ],
       [
        -84.5747336912377,
        33.620421280948285
       ],
       [
        -84.57422028837229,
        33.62078482857583
       ],
       [
        -84.57776360978761,
        33.62267260799961
       ],
       [
        -84.57940902388903,
        33.623341335516336
       ],
       [
        -84.57951843761444,
        33.62207725706826
       ],
       [
        -84.58082088176889,
        33.62092407732308
       ],
       [
        -84.58261253152253,
        33.61877697837598
       ],
       [
        -84.58378978112577,
        33.61950323980624
       ],
       [
        -84.58334055361856,
        33.620949092068095
       ],
       [
        -84.58236319447519,
        33.620905733176734
       ],
       [
        -84.58156152852553,
        33.62301280853181
       ],
       [
        -84.58223063553864,
        33.62300613793314
       ],
       [
        -84.58215488757489,
        33.62521077079377
       ],
       [
        -84.58503015403215,
        33.625228281115284
       ],
       [
        -84.58451149089149,
        33.62378826562727
       ],
       [
        -84.58567506377906,
        33.62205140849841
       ],
       [
        -84.58726997923797,
        33.620663923974924
       ],
       [
        -84.58747407791807,
        33.6198817962808
       ],
       [
        -84.59085748696549,
        33.61729860694561
       ],
       [
        -84.5903041060081,
        33.61475293972794
       ],
       [
        -84.58895116321116,
        33.61489302230002
       ],
       [
        -84.58690175996976,
        33.615978662233665
       ],
       [
        -84.58439892100093,
        33.61652398367499
       ],
       [
        -84.5843094963215,
        33.608501754948755
       ],
       [
        -84.5851037978858,
        33.607864712775715
       ],
       [
        -84.58429266344066,
        33.60717680728781
       ],
       [
        -84.58427583055983,
        33.60564090194391
       ],
       [
        -84.58727734362334,
        33.605590872453874
       ],
       [
        -84.58780547525947,
        33.60719932055832
       ],
       [
        -84.58792435748036,
        33.609020393995394
       ],
       [
        -84.5892268016348,
        33.6106696995167
       ],
       [
        -84.58794645063645,
        33.61247576410677
       ],
       [
        -84.58848825898826,
        33.61268588796489
       ],
       [
        -84.59103002399402,
        33.61040787851888
       ],
       [
        -84.59047559098158,
        33.6101493928204
       ],
       [
        -84.59110366784766,
        33.608666852265856
       ],
       [
        -84.59107947058146,
        33.607435292986295
       ],
       [
        -84.59382217810217,
        33.60626710439411
       ],
       [
        -84.59384637536837,
        33.59876601618902
       ],
       [
        -84.5949846989347,
        33.59893861792962
       ],
       [
        -84.59561698402098,
        33.598319086078085
       ],
       [
        -84.59480374546574,
        33.59769788657689
       ],
       [
        -84.59676161991761,
        33.595500758139764
       ]
      ]
     ],
     [
      [
       [
        -84.66703048095448,
        33.5821111989582
       ],
       [
        -84.66628352186753,
        33.58563410888111
       ],
       [
        -84.66128836448036,
        33.58565161920262
       ],
       [
        -84.66129572886572,
        33.58241888032188
       ],
       [
        -84.66183858927259,
        33.58213537987838
       ],
       [
        -84.66703048095448,
        33.5821111989582
       ]
      ]
     ]
    ]
   }
  }
 ]
}
