{
 "type": "FeatureCollection",
 "features": [
  {
   "type": "Feature",
   "properties": {
    "name": "Rest of Gwinnett County",
    "geoid": "13135",
    "remainder": true
   },
   "geometry": {
    "type": "Polygon",
    "coordinates": [
     [
      [
       -84.01098367926367,
       34.149517324828324
      ],
      [
       -84.01043766269166,
       34.14932387746688
      ],
      [
       -83.99672728125329,
       34.14434177408478
      ],
      [
       -83.99170371837972,
       34.14257906838607
      ],
      [
       -83.98781111468712,
       34.141269963396965
      ],
      [
       -83.98053931016732,
       34.138657590192594
      ],
      [
       -83.97947778661978,
       34.1382756984187
      ],
      [
       -83.97375355508156,
       34.136217818728824
      ],
      [
       -83.9705710885491,
       34.13512133907234
      ],
      [
       -83.96953797048798,
       34.1347135987286
      ],
      [
       -83.96400942118942,
       34.13271825590126
      ],
      [
       -83.96286057707258,
       34.13208204755305
      ],
      [
       -83.95960867490668,
       34.13113899166599
      ],
      [
       -83.95631784670384,
       34.1299607971758
      ],
      [
       -83.95022223973224,
       34.12777367463668
      ],
      [
       -83.93959753576154,
       34.123984774591776
      ],
      [
       -83.93575437865638,
       34.12279740802841
      ],
      [
       -83.93353033427633,
       34.121934399325404
      ],
      [
       -83.91463121732122,
       34.11510704158604
      ],
      [
       -83.8900972935073,
       34.106179279090284
      ],
      [
       -83.86803043879044,
       34.09828129026429
      ],
      [
       -83.8556751042591,
       34.10545468530969
      ],
      [
       -83.85578030976431,
       34.10550971774872
      ],
      [
       -83.84452647687247,
       34.11196435578736
      ],
      [
       -83.82735167814768,
       34.121901880156884
      ],
      [
       -83.82168741374741,
       34.12511210576711
      ],
      [
       -83.81968535298336,
       34.12649625499126
      ],
      [
       -83.81768224016425,
       34.127492675667675
      ],
      [
       -83.82383255399856,
       34.11257304791605
      ],
      [
       -83.82761363985564,
       34.10352271316972
      ],
      [
       -83.83274766850967,
       34.0910511951302
      ],
      [
       -83.83902002073002,
       34.07598898333199
      ],
      [
       -83.84954057125057,
       34.05061736128836
      ],
      [
       -83.85570982207582,
       34.03548260672961
      ],
      [
       -83.86335194997395,
       34.01702922933223
      ],
      [
       -83.86487427363427,
       34.01348213848914
      ],
      [
       -83.86580534235534,
       34.01072217828918
      ],
      [
       -83.86747284961285,
       34.0071409006279
      ],
      [
       -83.8691151075491,
       34.0043159020909
      ],
      [
       -83.8666028000848,
       34.004084098787104
      ],
      [
       -83.86557599435399,
       34.00284586890887
      ],
      [
       -83.86427775841976,
       34.00204206176906
      ],
      [
       -83.8625302949783,
       34.00001336594837
      ],
      [
       -83.86215365926967,
       33.999077814484814
      ],
      [
       -83.86060713834314,
       33.99703327599228
      ],
      [
       -83.85830208572409,
       33.99531226153526
      ],
      [
       -83.85705645254245,
       33.99484281815382
      ],
      [
       -83.85570771796571,
       33.993150153741155
      ],
      [
       -83.8520854924215,
       33.99160841162341
      ],
      [
       -83.85033908103507,
       33.99138994951695
      ],
      [
       -83.84872522858522,
       33.989940761955765
      ],
      [
       -83.84493993450793,
       33.988099676722676
      ],
      [
       -83.84341971495772,
       33.98755518910619
      ],
      [
       -83.84226981878582,
       33.98594090422791
      ],
      [
       -83.84084954446554,
       33.98503537045837
      ],
      [
       -83.83888956590357,
       33.98424907364008
      ],
      [
       -83.83721574631575,
       33.98205861580162
      ],
      [
       -83.83722837097638,
       33.980891261034266
      ],
      [
       -83.83671812427612,
       33.97926280113381
      ],
      [
       -83.83490332931133,
       33.97630939357239
      ],
      [
       -83.83517896773496,
       33.97510284903785
      ],
      [
       -83.83431943875743,
       33.97384627501328
      ],
      [
       -83.83436993739994,
       33.972623053982055
      ],
      [
       -83.83321267684268,
       33.97031169154269
      ],
      [
       -83.83281815619816,
       33.96780438026738
      ],
      [
       -83.83151992026391,
       33.96594411706312
      ],
      [
       -83.82567154622954,
       33.9651177966528
      ],
      [
       -83.82442380893781,
       33.964399873470875
      ],
      [
       -83.82328548537149,
       33.96296736240637
      ],
      [
       -83.8206343066403,
       33.96113961837062
      ],
      [
       -83.81970323791924,
       33.95965374251674
      ],
      [
       -83.81767382372382,
       33.95756000835901
      ],
      [
       -83.81646396041396,
       33.956983001574
      ],
      [
       -83.81566124240925,
       33.95578562911263
      ],
      [
       -83.81350347749748,
       33.954229711972715
      ],
      [
       -83.81286593213594,
       33.95237111641812
      ],
      [
       -83.81320364180765,
       33.95149976946677
      ],
      [
       -83.81283121431922,
       33.95048166934467
      ],
      [
       -83.81345718707519,
       33.949390192637196
      ],
      [
       -83.81206531824132,
       33.94745405137305
      ],
      [
       -83.81109321937322,
       33.94677365030865
      ],
      [
       -83.80901751475551,
       33.94660271621772
      ],
      [
       -83.80807592548392,
       33.94568384125084
      ],
      [
       -83.80814851728252,
       33.944984262215264
      ],
      [
       -83.8072711033691,
       33.94356175704876
      ],
      [
       -83.80592657701257,
       33.94252864807965
      ],
      [
       -83.80493238498839,
       33.94223097261398
      ],
      [
       -83.8044494917195,
       33.940705073168076
      ],
      [
       -83.805732998883,
       33.93836285920986
      ],
      [
       -83.80589606741607,
       33.93737060765761
      ],
      [
       -83.80446527254527,
       33.93635500901001
      ],
      [
       -83.80339217639218,
       33.934535603222606
      ],
      [
       -83.80329117910718,
       33.93321982763483
      ],
      [
       -83.80228436242236,
       33.93182400486301
      ],
      [
       -83.8004096003196,
       33.93172894883195
      ],
      [
       -83.799104,
       33.929843670882676
      ],
      [
       -83.80990124099924,
       33.921296966335966
      ],
      [
       -83.81885843771244,
       33.91412940806441
      ],
      [
       -83.8624534949595,
       33.879413111108114
      ],
      [
       -83.87909805793805,
       33.86604022842323
      ],
      [
       -83.8926096009716,
       33.855276383643385
      ],
      [
       -83.90193922517322,
       33.847793639584644
      ],
      [
       -83.92138330664531,
       33.83305078269778
      ],
      [
       -83.930976996665,
       33.82581735226435
      ],
      [
       -83.9515288921069,
       33.81018063515564
      ],
      [
       -83.96562116952917,
       33.799527689078694
      ],
      [
       -83.97436900728701,
       33.7925369016719
      ],
      [
       -83.98220050509451,
       33.78615980934281
      ],
      [
       -83.99367316543716,
       33.77704193478494
      ],
      [
       -84.00279132657333,
       33.76952500390801
      ],
      [
       -84.01751168086167,
       33.75760797938298
      ],
      [
       -84.0237124933385,
       33.75280764981465
      ],
      [
       -84.02641311865712,
       33.75310782675483
      ],
      [
       -84.03072023204024,
       33.75511234165534
      ],
      [
       -84.03241298861899,
       33.75610792850693
      ],
      [
       -84.03821507223107,
       33.757803928218934
      ],
      [
       -84.03841285858086,
       33.75740786142286
      ],
      [
       -84.04031287000487,
       33.75770803836304
      ],
      [
       -84.04211293619893,
       33.76010778623479
      ],
      [
       -84.04311659671859,
       33.761009984704984
      ],
      [
       -84.04331333101334,
       33.76230741614642
      ],
      [
       -84.0462106906267,
       33.764506212233215
      ],
      [
       -84.04861253231053,
       33.765606861013865
      ],
      [
       -84.04961303666504,
       33.765306684073686
      ],
      [
       -84.05211482357882,
       33.76670834361934
      ],
      [
       -84.05331521839322,
       33.76800911036011
      ],
      [
       -84.0548143968424,
       33.77020707262208
      ],
      [
       -84.05830616756016,
       33.772760244263246
      ],
      [
       -84.0690003071643,
       33.774618005993005
      ],
      [
       -84.07051526643927,
       33.774808951879955
      ],
      [
       -84.07591441296641,
       33.77750720904221
      ],
      [
       -84.08731448151048,
       33.79000624330124
      ],
      [
       -84.09131544687345,
       33.79250605015305
      ],
      [
       -84.09333223640823,
       33.795126761605765
      ],
      [
       -84.09621486725086,
       33.796906143801145
      ],
      [
       -84.09791498821498,
       33.79950600963301
      ],
      [
       -84.10084811770011,
       33.80081678227178
      ],
      [
       -84.10291119765719,
       33.801207012294014
      ],
      [
       -84.104058989719,
       33.80173982636283
      ],
      [
       -84.10498900638501,
       33.803138984433986
      ],
      [
       -84.11341491529691,
       33.807504891263896
      ],
      [
       -84.1205972951373,
       33.816803705810706
      ],
      [
       -84.12017752517153,
       33.817073031232034
      ],
      [
       -84.12178611734612,
       33.81806778425879
      ],
      [
       -84.12252781615781,
       33.81806695043395
      ],
      [
       -84.12281607924209,
       33.818904944391946
      ],
      [
       -84.1261026992247,
       33.82286978147678
      ],
      [
       -84.12625735131735,
       33.82304988764089
      ],
      [
       -84.12791644213443,
       33.825305383816385
      ],
      [
       -84.13212045412246,
       33.829355271034274
      ],
      [
       -84.13338292018491,
       33.83130475349576
      ],
      [
       -84.13336924346925,
       33.83345268626769
      ],
      [
       -84.13682314020514,
       33.836696264871264
      ],
      [
       -84.13823605014005,
       33.83704313600214
      ],
      [
       -84.14126596868996,
       33.83894509044809
      ],
      [
       -84.14322384314184,
       33.839310305725306
      ],
      [
       -84.14440424891025,
       33.8391894011244
      ],
      [
       -84.1454278984759,
       33.83990315518216
      ],
      [
       -84.14635791514192,
       33.84115722773223
      ],
      [
       -84.14885023356024,
       33.84313506023806
      ],
      [
       -84.14994542286942,
       33.84587500864201
      ],
      [
       -84.15304162088762,
       33.847875354418356
      ],
      [
       -84.15403476085676,
       33.84810715772216
      ],
      [
       -84.15584955582156,
       33.85043936578237
      ],
      [
       -84.15690792320392,
       33.85233381580482
      ],
      [
       -84.1584071016531,
       33.85360206337707
      ],
      [
       -84.16146858185458,
       33.853917249164255
      ],
      [
       -84.1656746979527,
       33.855736654951656
      ],
      [
       -84.16917172894573,
       33.85743098701399
      ],
      [
       -84.16999548805148,
       33.85749519152619
      ],
      [
       -84.17138946099546,
       33.858533303444304
      ],
      [
       -84.17284234902235,
       33.85865837716938
      ],
      [
       -84.17493909474109,
       33.859633952224954
      ],
      [
       -84.17931459170259,
       33.864281691848696
      ],
      [
       -84.18202678962679,
       33.865417361272364
      ],
      [
       -84.18823601854402,
       33.866581380740385
      ],
      [
       -84.19340266090467,
       33.86781794296895
      ],
      [
       -84.19628844791245,
       33.87098230821331
      ],
      [
       -84.19867766493566,
       33.87176777120678
      ],
      [
       -84.20061134212133,
       33.87150178108478
      ],
      [
       -84.20300792352992,
       33.87259659309159
      ],
      [
       -84.20458811021811,
       33.87447686809187
      ],
      [
       -84.20508678431278,
       33.876802405553406
      ],
      [
       -84.20715828071027,
       33.87745779187279
      ],
      [
       -84.21326861645261,
       33.88279593845894
      ],
      [
       -84.21535904984106,
       33.884146734689736
      ],
      [
       -84.21787451347052,
       33.88645226035526
      ],
      [
       -84.22272027904027,
       33.89210225742926
      ],
      [
       -84.22422050954451,
       33.89210225742926
      ],
      [
       -84.23222033616034,
       33.90200225968126
      ],
      [
       -84.23671997561797,
       33.90420188959289
      ],
      [
       -84.23861051854652,
       33.905301704548705
      ],
      [
       -84.24402334178934,
       33.90750216828517
      ],
      [
       -84.2468680986501,
       33.90956505092405
      ],
      [
       -84.25242084521484,
       33.91160125116825
      ],
      [
       -84.25602202965803,
       33.91440123496024
      ],
      [
       -84.258285000075,
       33.91788995806496
      ],
      [
       -84.2587984029404,
       33.918577029728034
      ],
      [
       -84.25900460573061,
       33.91881216833117
      ],
      [
       -84.25901302217102,
       33.91882384187885
      ],
      [
       -84.25982205250605,
       33.91890138758839
      ],
      [
       -84.26142222824022,
       33.922200832455836
      ],
      [
       -84.26352528628928,
       33.92700533114834
      ],
      [
       -84.26486455237055,
       33.9307958988429
      ],
      [
       -84.26492767567368,
       33.93120530683631
      ],
      [
       -84.26533692508892,
       33.93257611486312
      ],
      [
       -84.26720747897147,
       33.93637418698119
      ],
      [
       -84.26928633975434,
       33.94015224730325
      ],
      [
       -84.2681111942612,
       33.94068422754723
      ],
      [
       -84.2691706136986,
       33.941132825307825
      ],
      [
       -84.2704656934677,
       33.94400785333485
      ],
      [
       -84.26990810429011,
       33.945913976904976
      ],
      [
       -84.26586821289021,
       33.94792516240416
      ],
      [
       -84.27147040604241,
       33.95589235869136
      ],
      [
       -84.27532513575314,
       33.954098801473805
      ],
      [
       -84.27683167858768,
       33.95710223852524
      ],
      [
       -84.27709258824059,
       33.95761420697321
      ],
      [
       -84.27643610588811,
       33.95777680281581
      ],
      [
       -84.27519362887163,
       33.958056134135134
      ],
      [
       -84.27412158477358,
       33.958299610986614
      ],
      [
       -84.27302113518914,
       33.95939609064309
      ],
      [
       -84.2724951076631,
       33.958839929478934
      ],
      [
       -84.26874137523737,
       33.96159738820439
      ],
      [
       -84.26762198866199,
       33.96377617249517
      ],
      [
       -84.26574722655923,
       33.964630842949845
      ],
      [
       -84.26021657315057,
       33.96755173134273
      ],
      [
       -84.25808931783531,
       33.968183770566775
      ],
      [
       -84.26006612927813,
       33.96986225995726
      ],
      [
       -84.26125389943189,
       33.97127059010159
      ],
      [
       -84.26265418470618,
       33.97340101255202
      ],
      [
       -84.26192931877532,
       33.97455085699786
      ],
      [
       -84.26159686937886,
       33.97719991849492
      ],
      [
       -84.26333591637992,
       33.98330101480402
      ],
      [
       -84.2633054067834,
       33.98598092781993
      ],
      [
       -84.26227649694249,
       33.9874051006361
      ],
      [
       -84.26013451285651,
       33.98753684495985
      ],
      [
       -84.25671533393734,
       33.986016782287784
      ],
      [
       -84.25535502675503,
       33.98593506745407
      ],
      [
       -84.25407046753647,
       33.986422021157026
      ],
      [
       -84.25210628075428,
       33.98924118292018
      ],
      [
       -84.24975178154779,
       33.99212871831972
      ],
      [
       -84.24946983079383,
       33.993181005260006
      ],
      [
       -84.24974546921747,
       33.99620528793229
      ],
      [
       -84.24895116765316,
       33.99776120507221
      ],
      [
       -84.24749933168133,
       33.99860503580404
      ],
      [
       -84.24345102384102,
       33.99928793834294
      ],
      [
       -84.24050526969526,
       33.999403006170006
      ],
      [
       -84.23719655655655,
       34.00018013091513
      ],
      [
       -84.23546697805098,
       34.001153204496205
      ],
      [
       -84.23323030901031,
       34.00162264787765
      ],
      [
       -84.23042026996627,
       34.00312436640337
      ],
      [
       -84.2281352063932,
       34.00392483824384
      ],
      [
       -84.22635512924512,
       34.004125790028795
      ],
      [
       -84.22190809254009,
       34.00356629356529
      ],
      [
       -84.21957253032453,
       34.00346873605974
      ],
      [
       -84.21509287991287,
       34.00393734561635
      ],
      [
       -84.21248904365905,
       34.00378475567176
      ],
      [
       -84.20897202362002,
       34.001671843542844
      ],
      [
       -84.20654282850482,
       33.99982408771109
      ],
      [
       -84.2036338962859,
       33.998613374052375
      ],
      [
       -84.2013014902355,
       33.9959468022338
      ],
      [
       -84.20131306284107,
       33.99417158916259
      ],
      [
       -84.20280172073971,
       33.99257314695615
      ],
      [
       -84.20455970473171,
       33.991880238519244
      ],
      [
       -84.20477537601738,
       33.99098387682288
      ],
      [
       -84.20404419775619,
       33.9898848956919
      ],
      [
       -84.202767002923,
       33.98969478362979
      ],
      [
       -84.19622006433406,
       33.99072205582506
      ],
      [
       -84.19333848554649,
       33.990992215071216
      ],
      [
       -84.19170253994054,
       33.99145165255465
      ],
      [
       -84.18699669769269,
       33.99371715462816
      ],
      [
       -84.18406567231767,
       33.99561410612511
      ],
      [
       -84.18222457597658,
       33.99739682361982
      ],
      [
       -84.1807296057476,
       33.999362982577985
      ],
      [
       -84.18030983578184,
       34.000396091547096
      ],
      [
       -84.18023303576304,
       34.002535686070686
      ],
      [
       -84.18049078925078,
       34.00493793541694
      ],
      [
       -84.18035928236928,
       34.00656306001806
      ],
      [
       -84.17944925474926,
       34.008089793288796
      ],
      [
       -84.17875384635984,
       34.01006429049529
      ],
      [
       -84.17806685441086,
       34.012975172990174
      ],
      [
       -84.17620787313388,
       34.017274373833374
      ],
      [
       -84.17505797696198,
       34.02092485895586
      ],
      [
       -84.17400486985487,
       34.022881012016015
      ],
      [
       -84.17086132935933,
       34.02669325915626
      ],
      [
       -84.16950523039723,
       34.02800486561987
      ],
      [
       -84.16824802461002,
       34.0286886019836
      ],
      [
       -84.1650560895821,
       34.02888204934505
      ],
      [
       -84.16196620389421,
       34.02968001971102
      ],
      [
       -84.15973795129395,
       34.03097578350278
      ],
      [
       -84.15752442746442,
       34.03231073706174
      ],
      [
       -84.15688267388268,
       34.0324183004653
      ],
      [
       -84.15459235003435,
       34.03125011187311
      ],
      [
       -84.15285961536361,
       34.03065392711693
      ],
      [
       -84.14865244721045,
       34.02996101868002
      ],
      [
       -84.14276935535935,
       34.029663343214345
      ],
      [
       -84.13891988592388,
       34.03064975799276
      ],
      [
       -84.13495153426753,
       34.031125871972876
      ],
      [
       -84.13216884865484,
       34.031972204179205
      ],
      [
       -84.12865182861583,
       34.03312788539889
      ],
      [
       -84.1247707975288,
       34.03323378115278
      ],
      [
       -84.1228244956825,
       34.03353229044329
      ],
      [
       -84.11947159623159,
       34.03508403845904
      ],
      [
       -84.11728226966827,
       34.035823641086644
      ],
      [
       -84.1154274966115,
       34.03723280505581
      ],
      [
       -84.1143522963483,
       34.03956417929118
      ],
      [
       -84.11364531535331,
       34.04052307785008
      ],
      [
       -84.11188733136133,
       34.04201312282812
      ],
      [
       -84.10677434380834,
       34.04526337203038
      ],
      [
       -84.10400849107648,
       34.046471584214586
      ],
      [
       -84.10213898924899,
       34.0467259007889
      ],
      [
       -84.10064401902002,
       34.04727205605506
      ],
      [
       -84.09851886781486,
       34.0489813969644
      ],
      [
       -84.09769300459901,
       34.05070824819525
      ],
      [
       -84.09813486772087,
       34.05158126279626
      ],
      [
       -84.10035891210092,
       34.05326392131092
      ],
      [
       -84.10343617312817,
       34.05355992912693
      ],
      [
       -84.10621149435549,
       34.054788153107154
      ],
      [
       -84.10868171961772,
       34.05716872300773
      ],
      [
       -84.11128765998166,
       34.062637780092786
      ],
      [
       -84.11371685509685,
       34.064615612598615
      ],
      [
       -84.11495722800322,
       34.06524765182265
      ],
      [
       -84.11780093280893,
       34.06531519163419
      ],
      [
       -84.117863004057,
       34.067438943485946
      ],
      [
       -84.11678254351854,
       34.07078758401859
      ],
      [
       -84.1146616005336,
       34.07475909170209
      ],
      [
       -84.11340018652619,
       34.07633835593736
      ],
      [
       -84.11324027415827,
       34.07787592893093
      ],
      [
       -84.11374946880346,
       34.08038073873174
      ],
      [
       -84.1138936003456,
       34.084397272956274
      ],
      [
       -84.11356851533452,
       34.086395951082956
      ],
      [
       -84.11211036703237,
       34.08902083165983
      ],
      [
       -84.11036605975606,
       34.09132635732536
      ],
      [
       -84.1099021034781,
       34.092540406283405
      ],
      [
       -84.11038815291215,
       34.09621924145024
      ],
      [
       -84.11031556111357,
       34.097535850862855
      ],
      [
       -84.10960542395343,
       34.09870320563021
      ],
      [
       -84.10714256307656,
       34.100029820940826
      ],
      [
       -84.10540351607551,
       34.10222278025378
      ],
      [
       -84.10261030991231,
       34.10378786946687
      ],
      [
       -84.10162558638359,
       34.1050827994338
      ],
      [
       -84.10134258357458,
       34.10630518664019
      ],
      [
       -84.1020706056706,
       34.11251134487835
      ],
      [
       -84.10180233163233,
       34.11567821159721
      ],
      [
       -84.10144147674947,
       34.11680887807188
      ],
      [
       -84.09901122957923,
       34.11793537542238
      ],
      [
       -84.09774981557182,
       34.11946877929178
      ],
      [
       -84.09788447861848,
       34.12181766384867
      ],
      [
       -84.09722063188063,
       34.12316595860496
      ],
      [
       -84.09539005609005,
       34.123864703815705
      ],
      [
       -84.09426751334951,
       34.124634324137325
      ],
      [
       -84.09334486106886,
       34.12624527371628
      ],
      [
       -84.09327647749048,
       34.1282156017986
      ],
      [
       -84.09476303127903,
       34.131707660202665
      ],
      [
       -84.09461574357174,
       34.13249979379479
      ],
      [
       -84.09247481154081,
       34.133636297043296
      ],
      [
       -84.09083886593487,
       34.13538732919433
      ],
      [
       -84.08847910645311,
       34.13907700408401
      ],
      [
       -84.08591314418115,
       34.141801109816114
      ],
      [
       -84.08512936316737,
       34.14315941047041
      ],
      [
       -84.08529243170044,
       34.144206694461694
      ],
      [
       -84.08651491967092,
       34.14634128603629
      ],
      [
       -84.08541341803142,
       34.14881774579275
      ],
      [
       -84.0831251982932,
       34.15100236685737
      ],
      [
       -84.08225094054494,
       34.152639165006164
      ],
      [
       -84.08157867736668,
       34.15303773327673
      ],
      [
       -84.07958503304303,
       34.15563426380927
      ],
      [
       -84.07822788202589,
       34.15681162447463
      ],
      [
       -84.07682549264149,
       34.15757374037274
      ],
      [
       -84.07593966228767,
       34.158587671370675
      ],
      [
       -84.07619636372036,
       34.16124006816707
      ],
      [
       -84.07587233076433,
       34.162204803499804
      ],
      [
       -84.07462354141754,
       34.163687344054345
      ],
      [
       -84.07207967230167,
       34.16468876767977
      ],
      [
       -84.06779675618476,
       34.16580525913226
      ],
      [
       -84.06428078820079,
       34.16711436412137
      ],
      [
       -84.06284052483453,
       34.16787314472015
      ],
      [
       -84.05526152023953,
       34.16516238018538
      ],
      [
       -84.01098367926367,
       34.149517324828324
      ]
     ]
    ]
   }
  },
  {
   "type": "Feature",
   "properties": {
    "name": "Berkeley Lake",
    "geoid": "1307248"
   },
   "geometry": {
    "type": "Polygon",
    "coordinates": [
     [
      [
       -84.19373195413596,
       33.99049608929509
      ],
      [
       -84.1909703096243,
       33.99121484630185
      ],
      [
       -84.18481052729453,
       33.99449511319811
      ],
      [
       -84.18193631289232,
       33.99700075682376
      ],
      [
       -84.17869913949714,
       33.99219875960576
      ],
      [
       -84.1784519065599,
       33.99182687372988
      ],
      [
       -84.17629308959309,
       33.98839485071385
      ],
      [
       -84.17494751118151,
       33.98819473275373
      ],
      [
       -84.17086132935933,
       33.9851320941391
      ],
      [
       -84.16938950434151,
       33.983124243939244
      ],
      [
       -84.17103386638786,
       33.98241882812983
      ],
      [
       -84.17067721972522,
       33.98162169158869
      ],
      [
       -84.1720775049995,
       33.980997156788156
      ],
      [
       -84.17259511608512,
       33.979196095147095
      ],
      [
       -84.17345043684243,
       33.97782028417129
      ],
      [
       -84.17492226186026,
       33.976822195845195
      ],
      [
       -84.17907051493052,
       33.975187899170905
      ],
      [
       -84.17772388446389,
       33.97292406474707
      ],
      [
       -84.17959023012622,
       33.9724145977736
      ],
      [
       -84.17866021346022,
       33.97109798836099
      ],
      [
       -84.17809631195232,
       33.97138732557833
      ],
      [
       -84.17750716112316,
       33.97054266102166
      ],
      [
       -84.17523577426577,
       33.97103711914812
      ],
      [
       -84.17483388923588,
       33.97035838573339
      ],
      [
       -84.17843402162401,
       33.96786775095475
      ],
      [
       -84.18121355107155,
       33.9690200968751
      ],
      [
       -84.18288105832906,
       33.968232966231966
      ],
      [
       -84.1855659028219,
       33.96707561736262
      ],
      [
       -84.18874626524426,
       33.966739585954585
      ],
      [
       -84.18875257757458,
       33.964880156575155
      ],
      [
       -84.1901191970872,
       33.964683373914376
      ],
      [
       -84.19107025485425,
       33.96566478574379
      ],
      [
       -84.19085879178878,
       33.96671290355991
      ],
      [
       -84.18983303811304,
       33.96667287996788
      ],
      [
       -84.1915542001782,
       33.96906012046712
      ],
      [
       -84.19411700628501,
       33.96723321025621
      ],
      [
       -84.19480820645421,
       33.96720736168636
      ],
      [
       -84.19599387249787,
       33.96566895486796
      ],
      [
       -84.19747937423138,
       33.96498688615389
      ],
      [
       -84.19842201555801,
       33.9662542999013
      ],
      [
       -84.19501125307926,
       33.96806536744037
      ],
      [
       -84.19551097922898,
       33.96898174093274
      ],
      [
       -84.19425377344177,
       33.96950871822772
      ],
      [
       -84.19507858460258,
       33.970445103516106
      ],
      [
       -84.19352154312554,
       33.97158160676461
      ],
      [
       -84.19256206891806,
       33.971493221332224
      ],
      [
       -84.19168781116981,
       33.97217278857179
      ],
      [
       -84.19451678720479,
       33.976265200856204
      ],
      [
       -84.1905294985575,
       33.97824887013587
      ],
      [
       -84.19125226037826,
       33.97894177857278
      ],
      [
       -84.19044849031849,
       33.97956631337332
      ],
      [
       -84.1912775096995,
       33.98123312921613
      ],
      [
       -84.19341528556528,
       33.98307338062438
      ],
      [
       -84.19258311001911,
       33.98397974821875
      ],
      [
       -84.19382137881537,
       33.98544894757595
      ],
      [
       -84.19358782259383,
       33.987308376955376
      ],
      [
       -84.19253787165187,
       33.98887013086913
      ],
      [
       -84.19373195413596,
       33.99049608929509
      ]
     ]
    ]
   }
  },
  {
   "type": "Feature",
   "properties": {
    "name": "Buford",
    "geoid": "1311784"
   },
   "geometry": {
    "type": "MultiPolygon",
    "coordinates": [
     [
      [
       [
        -84.01098367926367,
        34.149517324828324
       ],
       [
        -84.01043766269166,
        34.14932387746688
       ],
       [
        -84.00949922958523,
        34.14880690606991
       ],
       [
        -84.0097853885594,
        34.14617035194535
       ],
       [
        -84.00954867617267,
        34.14527482407382
       ],
       [
        -84.00840614438614,
        34.1457867925218
       ],
       [
        -84.00740353592154,
        34.14428590782091
       ],
       [
        -84.00647036309036,
        34.14456273766574
       ],
       [
        -84.00537096556097,
        34.14380479089179
       ],
       [
        -84.00243678402079,
        34.14450687140187
       ],
       [
        -84.00284392932593,
        34.14552413769914
       ],
       [
        -84.00193074554075,
        34.145039685470685
       ],
       [
        -83.99946052027852,
        34.144897935248935
       ],
       [
        -83.99908493662494,
        34.143939036690035
       ],
       [
        -83.99726382932982,
        34.14330866511567
       ],
       [
        -83.99672728125329,
        34.14434177408478
       ],
       [
        -83.9966567935648,
        34.14539572867473
       ],
       [
        -83.99428335736735,
        34.146562249617254
       ],
       [
        -83.99186678691278,
        34.14515558712259
       ],
       [
        -83.99170371837972,
        34.14257906838607
       ],
       [
        -83.99005935633336,
        34.14305184706685
       ],
       [
        -83.99102724698125,
        34.14437512707813
       ],
       [
        -83.98940392603592,
        34.144051603042605
       ],
       [
        -83.98961644115644,
        34.14315774282075
       ],
       [
        -83.98852335595735,
        34.143417062344064
       ],
       [
        -83.98874007929808,
        34.14495296768797
       ],
       [
        -83.98569648403249,
        34.1460802988633
       ],
       [
        -83.98426989738189,
        34.144089958984964
       ],
       [
        -83.98421203435403,
        34.14312272217772
       ],
       [
        -83.97910535913135,
        34.14479704244405
       ],
       [
        -83.97861825764225,
        34.145309010892014
       ],
       [
        -83.97916953448953,
        34.14600858992759
       ],
       [
        -83.97965347981348,
        34.145192275415276
       ],
       [
        -83.98144618162218,
        34.14486041313142
       ],
       [
        -83.98095381985782,
        34.146061954716956
       ],
       [
        -83.97912324406724,
        34.14717260939561
       ],
       [
        -83.97801963831763,
        34.14592520744421
       ],
       [
        -83.97706542438543,
        34.146448015615015
       ],
       [
        -83.97994805522805,
        34.14964406620307
       ],
       [
        -83.98093067464667,
        34.14872602506103
       ],
       [
        -83.98175232964233,
        34.14939808787709
       ],
       [
        -83.97930735370136,
        34.15140260277761
       ],
       [
        -83.97718535866136,
        34.150999865382865
       ],
       [
        -83.97534847054047,
        34.151124939107945
       ],
       [
        -83.97452471143471,
        34.15205882292182
       ],
       [
        -83.97390505100906,
        34.15367977839878
       ],
       [
        -83.97495394989595,
        34.15517899545
       ],
       [
        -83.97401236062436,
        34.15687833046133
       ],
       [
        -83.97483085945485,
        34.1580757029227
       ],
       [
        -83.97064052418253,
        34.1598700939651
       ],
       [
        -83.96913608545809,
        34.158400894607894
       ],
       [
        -83.9653770927571,
        34.161224225495225
       ],
       [
        -83.96595993125592,
        34.159961814696814
       ],
       [
        -83.96448705418305,
        34.158291663554664
       ],
       [
        -83.9629741990182,
        34.15997098676999
       ],
       [
        -83.96212203442603,
        34.15820661342161
       ],
       [
        -83.95996426951427,
        34.15866188178089
       ],
       [
        -83.95932882826283,
        34.158027341082345
       ],
       [
        -83.95782859775859,
        34.158644371459374
       ],
       [
        -83.9560116986837,
        34.15825330761231
       ],
       [
        -83.9543178900499,
        34.156983392390394
       ],
       [
        -83.95350570354971,
        34.15772633031733
       ],
       [
        -83.95419269549869,
        34.15866021413122
       ],
       [
        -83.95901952407752,
        34.16002768685869
       ],
       [
        -83.95565820818621,
        34.1637849015599
       ],
       [
        -83.95315116099717,
        34.16000017063917
       ],
       [
        -83.95054101241301,
        34.16121005047305
       ],
       [
        -83.95020225068625,
        34.16073393649294
       ],
       [
        -83.94911126959727,
        34.1612283946194
       ],
       [
        -83.9510481029481,
        34.164230997846
       ],
       [
        -83.95212225115625,
        34.16434106272406
       ],
       [
        -83.95425055852655,
        34.165380842291846
       ],
       [
        -83.95147208113409,
        34.16850601776902
       ],
       [
        -83.95150785100586,
        34.16758464132764
       ],
       [
        -83.9507387987628,
        34.16711186264686
       ],
       [
        -83.95203177442177,
        34.16569185895486
       ],
       [
        -83.95121748381149,
        34.16447280704781
       ],
       [
        -83.94986033279433,
        34.16562932209232
       ],
       [
        -83.94844216258416,
        34.167638839941844
       ],
       [
        -83.94689774576774,
        34.167060165507166
       ],
       [
        -83.9482065022525,
        34.165626820617824
       ],
       [
        -83.94719547734748,
        34.16513236249136
       ],
       [
        -83.94629912644312,
        34.16607208307909
       ],
       [
        -83.94506401381201,
        34.16617714500815
       ],
       [
        -83.94394883545684,
        34.165614313245314
       ],
       [
        -83.94581728522928,
        34.16398085039585
       ],
       [
        -83.94426760813761,
        34.163488893743896
       ],
       [
        -83.9429115091755,
        34.164162624209624
       ],
       [
        -83.94353116960117,
        34.164767981038985
       ],
       [
        -83.94198885689485,
        34.1658702974693
       ],
       [
        -83.94122506492707,
        34.16432271857772
       ],
       [
        -83.9409389059529,
        34.165379174642176
       ],
       [
        -83.94149228691029,
        34.166236346571345
       ],
       [
        -83.94046442912443,
        34.167064334631334
       ],
       [
        -83.93953336040336,
        34.16572771342272
       ],
       [
        -83.93838977656178,
        34.16627386868887
       ],
       [
        -83.93725671327071,
        34.16446363497464
       ],
       [
        -83.93827510256111,
        34.16397167832268
       ],
       [
        -83.93699264745264,
        34.16247663039563
       ],
       [
        -83.93696845018646,
        34.161967997247
       ],
       [
        -83.9384265984886,
        34.16232904340004
       ],
       [
        -83.93989316323116,
        34.16338466563967
       ],
       [
        -83.9404255030875,
        34.162559179054185
       ],
       [
        -83.93826773817574,
        34.161456862623865
       ],
       [
        -83.93917566168567,
        34.160066876625876
       ],
       [
        -83.94109250599051,
        34.16132094917595
       ],
       [
        -83.94205513636314,
        34.15932810782311
       ],
       [
        -83.94465792056192,
        34.163071981326986
       ],
       [
        -83.94520078096878,
        34.16268925572826
       ],
       [
        -83.94618445244245,
        34.163734872069874
       ],
       [
        -83.94713340609941,
        34.16304363128263
       ],
       [
        -83.94659685802286,
        34.16054465825566
       ],
       [
        -83.9479455925996,
        34.15984424539525
       ],
       [
        -83.94751004180804,
        34.159124654563655
       ],
       [
        -83.94848424478624,
        34.15841006668107
       ],
       [
        -83.94915966412967,
        34.16025698868799
       ],
       [
        -83.95070197683597,
        34.15880196435297
       ],
       [
        -83.94939322035123,
        34.15776301861002
       ],
       [
        -83.94687565261165,
        34.15824830466331
       ],
       [
        -83.9456173947694,
        34.15643807094907
       ],
       [
        -83.94689143343743,
        34.15578185080485
       ],
       [
        -83.94685355945556,
        34.153652262179264
       ],
       [
        -83.94497353707753,
        34.15072136788837
       ],
       [
        -83.94406771767771,
        34.15115162150262
       ],
       [
        -83.94362585455585,
        34.150415354174356
       ],
       [
        -83.94396566833767,
        34.14953983809884
       ],
       [
        -83.94230657752058,
        34.151649414928414
       ],
       [
        -83.94336494490294,
        34.15318031732332
       ],
       [
        -83.93925351375951,
        34.1550705982216
       ],
       [
        -83.93762072431872,
        34.152753399008404
       ],
       [
        -83.93629723906324,
        34.153232014463015
       ],
       [
        -83.93589956225357,
        34.154321823520824
       ],
       [
        -83.93500426340427,
        34.15424261016161
       ],
       [
        -83.93462026331026,
        34.15271921219021
       ],
       [
        -83.94458112054312,
        34.14493295589196
       ],
       [
        -83.94406350945751,
        34.144550230293234
       ],
       [
        -83.9410861936602,
        34.14583015141315
       ],
       [
        -83.9392735028055,
        34.14552830682331
       ],
       [
        -83.94819598170199,
        34.14127663399564
       ],
       [
        -83.94924803675404,
        34.139565625436624
       ],
       [
        -83.94713340609941,
        34.137937165536165
       ],
       [
        -83.94517447959248,
        34.13585593875094
       ],
       [
        -83.94769415144215,
        34.13453766168866
       ],
       [
        -83.9453144029144,
        34.13322772287472
       ],
       [
        -83.94499036995838,
        34.132724926499925
       ],
       [
        -83.94691142248342,
        34.13255482623383
       ],
       [
        -83.94597088526689,
        34.13173267494768
       ],
       [
        -83.94667365804166,
        34.130816301455305
       ],
       [
        -83.94804553782954,
        34.13130325515826
       ],
       [
        -83.94823490773891,
        34.130747093994096
       ],
       [
        -83.94959100670101,
        34.13001082666583
       ],
       [
        -83.95036005894406,
        34.1305227951138
       ],
       [
        -83.95059466722067,
        34.128344010823014
       ],
       [
        -83.95022223973224,
        34.12777367463668
       ],
       [
        -83.95064200969802,
        34.12714580453681
       ],
       [
        -83.9470502937503,
        34.12191522135422
       ],
       [
        -83.94819177348177,
        34.12138991170892
       ],
       [
        -83.95043685896286,
        34.123051724602725
       ],
       [
        -83.95213697992698,
        34.1228340963211
       ],
       [
        -83.95239683752483,
        34.123901392108394
       ],
       [
        -83.95152678799678,
        34.12434081779582
       ],
       [
        -83.95265038279238,
        34.12562991098891
       ],
       [
        -83.95353095287095,
        34.12605933077833
       ],
       [
        -83.95239683752483,
        34.123901392108394
       ],
       [
        -83.95878281169081,
        34.12088961680862
       ],
       [
        -83.96053132718733,
        34.123413604580605
       ],
       [
        -83.95831675130275,
        34.12451758866059
       ],
       [
        -83.95906581449981,
        34.125545694680696
       ],
       [
        -83.95863868014868,
        34.125995126266126
       ],
       [
        -83.95776442240042,
        34.12479024938125
       ],
       [
        -83.95502171487972,
        34.12610519114419
       ],
       [
        -83.95627576450177,
        34.12665134641035
       ],
       [
        -83.9564156878237,
        34.12748767271867
       ],
       [
        -83.95543201635002,
        34.12823894889395
       ],
       [
        -83.95631784670384,
        34.1299607971758
       ],
       [
        -83.95773180869381,
        34.13277328834029
       ],
       [
        -83.95960867490668,
        34.13113899166599
       ],
       [
        -83.96350127859928,
        34.127437643228646
       ],
       [
        -83.9608984944005,
        34.123933911276914
       ],
       [
        -83.9632572018272,
        34.12159586644287
       ],
       [
        -83.96374535537136,
        34.120521066232065
       ],
       [
        -83.96637338889138,
        34.11961970158671
       ],
       [
        -83.96649858344259,
        34.11829892304993
       ],
       [
        -83.96492996935997,
        34.11821637439137
       ],
       [
        -83.96549807908808,
        34.1170706990697
       ],
       [
        -83.9628006099346,
        34.113210923913925
       ],
       [
        -83.9619779028839,
        34.11465761000061
       ],
       [
        -83.96150763427563,
        34.1137328982599
       ],
       [
        -83.96197579877379,
        34.112037732372734
       ],
       [
        -83.96124777667778,
        34.11222867825968
       ],
       [
        -83.95960341463142,
        34.109945665864664
       ],
       [
        -83.95945507486907,
        34.10888920980021
       ],
       [
        -83.96036825865426,
        34.10962130800431
       ],
       [
        -83.96190005081004,
        34.109277772172774
       ],
       [
        -83.96486684605685,
        34.10617427614128
       ],
       [
        -83.96992512674713,
        34.109239416230416
       ],
       [
        -83.9715779052339,
        34.10739166039866
       ],
       [
        -83.96770844675244,
        34.102087700630705
       ],
       [
        -83.96885518675919,
        34.10057264090764
       ],
       [
        -83.96988725276525,
        34.10060265860166
       ],
       [
        -83.97031333506133,
        34.09995310905611
       ],
       [
        -83.97189878202478,
        34.10068520726021
       ],
       [
        -83.97343688651088,
        34.099433636184635
       ],
       [
        -83.97514016364016,
        34.10042922303622
       ],
       [
        -83.97452891965492,
        34.101216353679355
       ],
       [
        -83.97617222964622,
        34.10179002516503
       ],
       [
        -83.97631215296815,
        34.10107376963277
       ],
       [
        -83.97514016364016,
        34.10042922303622
       ],
       [
        -83.9785624987245,
        34.09774680854581
       ],
       [
        -83.97940414276614,
        34.09904423998724
       ],
       [
        -83.98157558439358,
        34.09806783110683
       ],
       [
        -83.98179546389946,
        34.09635015194915
       ],
       [
        -83.98264131616132,
        34.09594324543025
       ],
       [
        -83.98177547485348,
        34.09463997721498
       ],
       [
        -83.98524515241515,
        34.09209931294632
       ],
       [
        -83.98802047364248,
        34.09615587076287
       ],
       [
        -83.98875270395871,
        34.09499768806869
       ],
       [
        -83.9878794982655,
        34.094535749110754
       ],
       [
        -83.98459498239298,
        34.0897029003739
       ],
       [
        -83.98151772136572,
        34.09129467198167
       ],
       [
        -83.9792778961599,
        34.092120992392
       ],
       [
        -83.97676032842033,
        34.0894735985446
       ],
       [
        -83.97830158907159,
        34.08813614351114
       ],
       [
        -83.97939783043583,
        34.08937937633838
       ],
       [
        -83.98118948018949,
        34.0886873017263
       ],
       [
        -83.97984074561275,
        34.0868136973247
       ],
       [
        -83.97810906299706,
        34.086406790805796
       ],
       [
        -83.97829738085139,
        34.085963195994196
       ],
       [
        -83.97680977500778,
        34.085228596315595
       ],
       [
        -83.97778713415113,
        34.08475081468582
       ],
       [
        -83.97967452091451,
        34.085527105606104
       ],
       [
        -83.9810485048125,
        34.084011212058215
       ],
       [
        -83.98306003407204,
        34.08266708642609
       ],
       [
        -83.98408683980284,
        34.0805992008382
       ],
       [
        -83.98411524528925,
        34.07979622752323
       ],
       [
        -83.98047092658892,
        34.07828617074917
       ],
       [
        -83.97887075085475,
        34.07508261573762
       ],
       [
        -83.97795230679431,
        34.074070352389356
       ],
       [
        -83.97672035032835,
        34.07474241520542
       ],
       [
        -83.97582294736895,
        34.073610081081085
       ],
       [
        -83.97325067276667,
        34.073355764506765
       ],
       [
        -83.97444685936085,
        34.07229013636914
       ],
       [
        -83.97315493575694,
        34.071301220116226
       ],
       [
        -83.97378511673311,
        34.07062415435116
       ],
       [
        -83.97272464524065,
        34.07022725373026
       ],
       [
        -83.97198820670421,
        34.072080012511016
       ],
       [
        -83.97102452427653,
        34.07072004420704
       ],
       [
        -83.96869211822612,
        34.07085262235562
       ],
       [
        -83.96824078660879,
        34.07311478912979
       ],
       [
        -83.96639863821264,
        34.07079675609176
       ],
       [
        -83.96692361368362,
        34.06920081535982
       ],
       [
        -83.96445444047644,
        34.07022725373026
       ],
       [
        -83.96209047277448,
        34.07055494688995
       ],
       [
        -83.96324562922163,
        34.07122200675701
       ],
       [
        -83.9639946924187,
        34.07317482451783
       ],
       [
        -83.96118465337466,
        34.07435218518319
       ],
       [
        -83.95836198967,
        34.070309802388806
       ],
       [
        -83.95958237353037,
        34.06974113385213
       ],
       [
        -83.95899848297648,
        34.069345900880904
       ],
       [
        -83.96113415473215,
        34.06699117955018
       ],
       [
        -83.96043243401243,
        34.06599225739926
       ],
       [
        -83.96429137194337,
        34.06434628717729
       ],
       [
        -83.96487631455231,
        34.06668183053683
       ],
       [
        -83.96793358653359,
        34.064329610680616
       ],
       [
        -83.96950535678135,
        34.0667943968894
       ],
       [
        -83.97586608162608,
        34.071005212300214
       ],
       [
        -83.97689814763214,
        34.07251610289911
       ],
       [
        -83.97853724940325,
        34.07171312958413
       ],
       [
        -83.98077707460908,
        34.07207584338685
       ],
       [
        -83.98389536578337,
        34.0722175936086
       ],
       [
        -83.98694106515906,
        34.07192075196775
       ],
       [
        -83.99024767418767,
        34.071321231912236
       ],
       [
        -83.99246645829245,
        34.074685715116715
       ],
       [
        -83.98992574534175,
        34.075984814207814
       ],
       [
        -83.98812988736789,
        34.07660434605935
       ],
       [
        -83.98887474234475,
        34.07766997419698
       ],
       [
        -83.99045492903292,
        34.07675526835427
       ],
       [
        -83.99143965256165,
        34.078198619141624
       ],
       [
        -83.9904402002622,
        34.078657222800224
       ],
       [
        -83.99015193717794,
        34.07952606827707
       ],
       [
        -83.99097254011853,
        34.08069425686926
       ],
       [
        -83.99220975685975,
        34.08075095695796
       ],
       [
        -83.99146911010311,
        34.081351310838315
       ],
       [
        -83.99250748843949,
        34.08285302936403
       ],
       [
        -83.99353534622534,
        34.081689843720845
       ],
       [
        -83.99298091321292,
        34.08170735404236
       ],
       [
        -83.9936373955654,
        34.08052499042799
       ],
       [
        -83.9931523981864,
        34.07945269169169
       ],
       [
        -83.99357322020722,
        34.07857467414168
       ],
       [
        -83.99503768083969,
        34.07896407033907
       ],
       [
        -83.99619599345199,
        34.07771333308833
       ],
       [
        -83.99801815280215,
        34.07784841271142
       ],
       [
        -83.99670624015224,
        34.07557123709024
       ],
       [
        -83.99421602584403,
        34.076842819961826
       ],
       [
        -83.99490512190312,
        34.07441638969539
       ],
       [
        -83.99674937440938,
        34.07263033690134
       ],
       [
        -83.99811178570178,
        34.07235100558201
       ],
       [
        -83.99878930915531,
        34.07334992773293
       ],
       [
        -83.9999086957307,
        34.07277959154659
       ],
       [
        -83.99926273392873,
        34.071873223952224
       ],
       [
        -84.00765918529919,
        34.06764323057023
       ],
       [
        -84.01549594338194,
        34.07889486287787
       ],
       [
        -84.01257543855743,
        34.08012475450776
       ],
       [
        -84.01415246908047,
        34.08354427015127
       ],
       [
        -84.01362749360949,
        34.08521358746859
       ],
       [
        -84.01759163704564,
        34.08770839137139
       ],
       [
        -84.01698144511545,
        34.0895302986333
       ],
       [
        -84.0186742016942,
        34.09046001332302
       ],
       [
        -84.01960421836021,
        34.08947193089493
       ],
       [
        -84.02115494750694,
        34.09055923847824
       ],
       [
        -84.01692463414264,
        34.09259877402177
       ],
       [
        -84.01589467224667,
        34.093265833888836
       ],
       [
        -84.01711821227221,
        34.09503687783588
       ],
       [
        -84.02155262431663,
        34.09292896865597
       ],
       [
        -84.02232588477989,
        34.094026282137285
       ],
       [
        -84.01732967533768,
        34.0964868992219
       ],
       [
        -84.01579051879652,
        34.09421806184906
       ],
       [
        -84.01445756504556,
        34.09336839434339
       ],
       [
        -84.0134297072597,
        34.094392331239334
       ],
       [
        -84.01498990490191,
        34.0968837998428
       ],
       [
        -84.01828914954515,
        34.10167912646213
       ],
       [
        -84.0237145974486,
        34.10902595707296
       ],
       [
        -84.02486554567554,
        34.11079616719517
       ],
       [
        -84.0223321971102,
        34.11218281789382
       ],
       [
        -84.02331166036366,
        34.112958274989275
       ],
       [
        -84.02072044877045,
        34.114268213803214
       ],
       [
        -84.02243214234014,
        34.115093700388705
       ],
       [
        -84.02302970960972,
        34.11600673858174
       ],
       [
        -84.02718111884512,
        34.11404308109808
       ],
       [
        -84.03005112502713,
        34.118163009602014
       ],
       [
        -84.0252022032922,
        34.120470202917204
       ],
       [
        -84.0274536011036,
        34.12383968907069
       ],
       [
        -84.02536211566012,
        34.124912821631824
       ],
       [
        -84.0269401982382,
        34.12598178506879
       ],
       [
        -84.02785022585823,
        34.12615271915972
       ],
       [
        -84.0289590918831,
        34.127823704126705
       ],
       [
        -84.03161132266932,
        34.1265637948028
       ],
       [
        -84.03265496128095,
        34.12704741320641
       ],
       [
        -84.0362024909165,
        34.12680810547911
       ],
       [
        -84.03722719253719,
        34.12705908675409
       ],
       [
        -84.0397679054879,
        34.12897938534639
       ],
       [
        -84.04172472788473,
        34.12970231147732
       ],
       [
        -84.0427304925145,
        34.12964394373895
       ],
       [
        -84.04643057013257,
        34.128504105191105
       ],
       [
        -84.04710809358609,
        34.130768773439776
       ],
       [
        -84.04787714582915,
        34.133221052276056
       ],
       [
        -84.04839265280465,
        34.13393230485931
       ],
       [
        -84.04931740919541,
        34.13536064679965
       ],
       [
        -84.04374151741952,
        34.13808475253175
       ],
       [
        -84.03885261759261,
        34.14074798905099
       ],
       [
        -84.03498631527631,
        34.140984795303794
       ],
       [
        -84.03366809029609,
        34.141961204184206
       ],
       [
        -84.03238247902247,
        34.14013512779813
       ],
       [
        -84.03089802934403,
        34.140172649915655
       ],
       [
        -84.02959874135475,
        34.14070296250996
       ],
       [
        -84.02833101501702,
        34.141942860037865
       ],
       [
        -84.0307297005357,
        34.14324112530413
       ],
       [
        -84.03133147602547,
        34.14272832303133
       ],
       [
        -84.03221204610405,
        34.143482100681105
       ],
       [
        -84.02889176035976,
        34.14502717809818
       ],
       [
        -84.02949248379448,
        34.14522062545963
       ],
       [
        -84.02865083975284,
        34.1470366959477
       ],
       [
        -84.0330052956133,
        34.148350803885805
       ],
       [
        -84.03426565756565,
        34.147722933785936
       ],
       [
        -84.03308104357704,
        34.150482893985895
       ],
       [
        -84.0285508945229,
        34.148483382034385
       ],
       [
        -84.02739258191058,
        34.14669399394099
       ],
       [
        -84.02643310770311,
        34.147321030216034
       ],
       [
        -84.02692231330231,
        34.14763871747772
       ],
       [
        -84.02669401735602,
        34.14876521482822
       ],
       [
        -84.02754933811333,
        34.149562351369354
       ],
       [
        -84.02676134887935,
        34.15035782026082
       ],
       [
        -84.02731472983673,
        34.1511707994738
       ],
       [
        -84.02465092644492,
        34.15320366441867
       ],
       [
        -84.02422168798368,
        34.15306524949625
       ],
       [
        -84.02445524420524,
        34.15142511604812
       ],
       [
        -84.02459832369232,
        34.14706337834238
       ],
       [
        -84.02542208279809,
        34.145349034484035
       ],
       [
        -84.02462357301357,
        34.144199190038194
       ],
       [
        -84.02201447648447,
        34.14544409051509
       ],
       [
        -84.0210486899467,
        34.1447761968232
       ],
       [
        -84.0236136001636,
        34.142775851046856
       ],
       [
        -84.02414067974468,
        34.14100397327498
       ],
       [
        -84.02236375876176,
        34.14107985133485
       ],
       [
        -84.0217682956023,
        34.1423480989071
       ],
       [
        -84.02117809271809,
        34.14213213827514
       ],
       [
        -84.02037327060327,
        34.145002997178
       ],
       [
        -84.01954635533235,
        34.14528733144633
       ],
       [
        -84.01861528661128,
        34.14231141061441
       ],
       [
        -84.01809767552568,
        34.14160766245467
       ],
       [
        -84.01823233857233,
        34.14023185147885
       ],
       [
        -84.02037958293359,
        34.1395205988956
       ],
       [
        -84.01911816892617,
        34.13902280546981
       ],
       [
        -84.02465618672018,
        34.13650798977099
       ],
       [
        -84.02536842799043,
        34.13750691192191
       ],
       [
        -84.02733471888271,
        34.1365822001812
       ],
       [
        -84.02512961149361,
        34.14111820727721
       ],
       [
        -84.0262994967115,
        34.1416626948937
       ],
       [
        -84.02806694919894,
        34.13964900792001
       ],
       [
        -84.02775133268334,
        34.13864424899525
       ],
       [
        -84.0284562095682,
        34.13602103606804
       ],
       [
        -84.0292420946921,
        34.135626636921636
       ],
       [
        -84.02645099263898,
        34.131605933572935
       ],
       [
        -84.02484345251945,
        34.132366381821384
       ],
       [
        -84.02231852039452,
        34.131434999482
       ],
       [
        -84.02271514514915,
        34.12960725544626
       ],
       [
        -84.02569561711162,
        34.130525296588296
       ],
       [
        -84.02413226330427,
        34.12827563718664
       ],
       [
        -84.02620901997702,
        34.1272567032397
       ],
       [
        -84.02505491558492,
        34.12663883903784
       ],
       [
        -84.02577452124052,
        34.12619107510208
       ],
       [
        -84.02453835655436,
        34.12527386778487
       ],
       [
        -84.02506859230058,
        34.124725211044215
       ],
       [
        -84.02306232331632,
        34.124013958460964
       ],
       [
        -84.02077305152305,
        34.124572621099624
       ],
       [
        -84.02042587335588,
        34.12674223331724
       ],
       [
        -84.02263518896518,
        34.12565409190909
       ],
       [
        -84.022792997223,
        34.12658630807331
       ],
       [
        -84.02168728736329,
        34.12710077799578
       ],
       [
        -84.02294554520554,
        34.12765026856127
       ],
       [
        -84.02273303008504,
        34.1295197038387
       ],
       [
        -84.01874153321754,
        34.12825229009129
       ],
       [
        -84.01430606911806,
        34.13054113926014
       ],
       [
        -84.01679523137123,
        34.13152088343988
       ],
       [
        -84.01568952151152,
        34.13204702691003
       ],
       [
        -84.01451963629364,
        34.13109563277464
       ],
       [
        -84.01366957581158,
        34.131465851000854
       ],
       [
        -84.01210832611433,
        34.12926705491406
       ],
       [
        -84.01154547666148,
        34.13080296025796
       ],
       [
        -84.01051972298572,
        34.13200867096767
       ],
       [
        -84.01099735597936,
        34.13316185071285
       ],
       [
        -84.01221037545437,
        34.13293505035805
       ],
       [
        -84.01313407979008,
        34.134396745291745
       ],
       [
        -84.01343601959002,
        34.133467030602034
       ],
       [
        -84.01414405264005,
        34.13353873953774
       ],
       [
        -84.01403358685958,
        34.13448262924963
       ],
       [
        -84.01554118174919,
        34.134154936089935
       ],
       [
        -84.01585048593448,
        34.13459936472637
       ],
       [
        -84.0144565129905,
        34.13581841663342
       ],
       [
        -84.01377583337184,
        34.13529560846261
       ],
       [
        -84.01279742217342,
        34.13642627493728
       ],
       [
        -84.01335501135101,
        34.13723174972675
       ],
       [
        -84.01599672158672,
        34.13873096677797
       ],
       [
        -84.01540651870252,
        34.13915121449422
       ],
       [
        -84.01555696257496,
        34.14107901751002
       ],
       [
        -84.01609666681667,
        34.14167520226621
       ],
       [
        -84.01744750550351,
        34.141459241634244
       ],
       [
        -84.01656693542493,
        34.14311188245488
       ],
       [
        -84.01525186660987,
        34.14346375653476
       ],
       [
        -84.01422506087906,
        34.142987642554644
       ],
       [
        -84.01403358685958,
        34.141888661423664
       ],
       [
        -84.01164016161616,
        34.14219717661218
       ],
       [
        -84.01164752600152,
        34.14076716702217
       ],
       [
        -84.01048605722406,
        34.14111320432821
       ],
       [
        -84.01011889001089,
        34.13969570211071
       ],
       [
        -84.00827884572485,
        34.14049617395118
       ],
       [
        -84.00693852758853,
        34.13761280767581
       ],
       [
        -84.00760763460164,
        34.136918231589235
       ],
       [
        -84.00565186425986,
        34.13713085692186
       ],
       [
        -84.00525944772545,
        34.13641293373993
       ],
       [
        -84.00433258722458,
        34.13686736827437
       ],
       [
        -84.00440623107824,
        34.137772902043906
       ],
       [
        -84.00566869714069,
        34.13717004668905
       ],
       [
        -84.00609793560193,
        34.13891190676691
       ],
       [
        -84.00459875715276,
        34.14039611497112
       ],
       [
        -84.00557716835117,
        34.140751324350326
       ],
       [
        -84.00657346448547,
        34.140358592853595
       ],
       [
        -84.00916888429889,
        34.141657691944694
       ],
       [
        -84.0096423090723,
        34.14248484617985
       ],
       [
        -84.01164016161616,
        34.14219717661218
       ],
       [
        -84.0110404902365,
        34.14293928071428
       ],
       [
        -84.01219249051849,
        34.145098053209054
       ],
       [
        -84.01129719166919,
        34.14540406692307
       ],
       [
        -84.01178324110325,
        34.14610114448415
       ],
       [
        -84.01255650156651,
        34.14923382438483
       ],
       [
        -84.01098367926367,
        34.149517324828324
       ]
      ],
      [
       [
        -83.99073372362173,
        34.09526034289134
       ],
       [
        -83.99073372362173,
        34.09526034289134
       ],
       [
        -83.99073372362173,
        34.09526034289134
       ],
       [
        -83.99073372362173,
        34.09526034289134
       ]
      ],
      [
       [
        -84.02769136554537,
        34.14399490295391
       ],
       [
        -84.02769136554537,
        34.14399490295391
       ],
       [
        -84.02769136554537,
        34.14399490295391
       ],
       [
        -84.02769136554537,
        34.14399490295391
       ]
      ],
      [
       [
        -83.97442161003961,
        34.14510222233322
       ],
       [
        -83.97442161003961,
        34.14510222233322
       ],
       [
        -83.97442161003961,
        34.14510222233322
       ],
       [
        -83.97442161003961,
        34.14510222233322
       ]
      ],
      [
       [
        -83.96701198630798,
        34.143818965913965
       ],
       [
        -83.96701198630798,
        34.143818965913965
       ],
       [
        -83.96701198630798,
        34.143818965913965
       ],
       [
        -83.96701198630798,
        34.143818965913965
       ]
      ],
      [
       [
        -83.97404813049613,
        34.10541632936733
       ],
       [
        -83.97346634405234,
        34.10515784366885
       ],
       [
        -83.97286562061763,
        34.10612424665125
       ],
       [
        -83.97404813049613,
        34.10541632936733
       ]
      ],
      [
       [
        -83.95992008320208,
        34.15009766691267
       ],
       [
        -83.95992008320208,
        34.15009766691267
       ],
       [
        -83.95992008320208,
        34.15009766691267
       ],
       [
        -83.95992008320208,
        34.15009766691267
       ]
      ],
      [
       [
        -83.99831693643694,
        34.13824901602402
       ],
       [
        -83.9979360925081,
        34.13794300231
       ],
       [
        -83.99696925391525,
        34.13890940529241
       ],
       [
        -83.99831693643694,
        34.13824901602402
       ]
      ],
      [
       [
        -83.97223333553133,
        34.144479355182355
       ],
       [
        -83.97223333553133,
        34.144479355182355
       ],
       [
        -83.97223333553133,
        34.144479355182355
       ],
       [
        -83.97223333553133,
        34.144479355182355
       ]
      ],
      [
       [
        -83.95785174296974,
        34.153364592611595
       ],
       [
        -83.95785174296974,
        34.153364592611595
       ],
       [
        -83.95785174296974,
        34.153364592611595
       ],
       [
        -83.95785174296974,
        34.153364592611595
       ]
      ],
      [
       [
        -84.0275524942785,
        34.145403233098236
       ],
       [
        -84.0275524942785,
        34.145403233098236
       ],
       [
        -84.0275524942785,
        34.145403233098236
       ],
       [
        -84.0275524942785,
        34.145403233098236
       ]
      ],
      [
       [
        -83.98495268111068,
        34.09775681444382
       ],
       [
        -83.98495268111068,
        34.09775681444382
       ],
       [
        -83.98495268111068,
        34.09775681444382
       ],
       [
        -83.98495268111068,
        34.09775681444382
       ]
      ],
      [
       [
        -84.00794639632839,
        34.14282087758788
       ],
       [
        -84.00794639632839,
        34.14282087758788
       ],
       [
        -84.00794639632839,
        34.14282087758788
       ],
       [
        -84.00794639632839,
        34.14282087758788
       ]
      ],
      [
       [
        -83.96040508058108,
        34.15174864008364
       ],
       [
        -83.9591931131611,
        34.15078473857574
       ],
       [
        -83.95889222541622,
        34.15106990666891
       ],
       [
        -83.9600557983038,
        34.15201212873113
       ],
       [
        -83.96040508058108,
        34.15174864008364
       ]
      ],
      [
       [
        -84.01144342732142,
        34.137675344538344
       ],
       [
        -84.0099652899733,
        34.136487144150145
       ],
       [
        -84.01049973393974,
        34.13785628452729
       ],
       [
        -84.01144342732142,
        34.137675344538344
       ]
      ],
      [
       [
        -83.97694022983423,
        34.14744527011627
       ],
       [
        -83.9759029035529,
        34.14657058786559
       ],
       [
        -83.97542527055927,
        34.146954981113986
       ],
       [
        -83.97646364889565,
        34.14782882953983
       ],
       [
        -83.97694022983423,
        34.14744527011627
       ]
      ],
      [
       [
        -83.94815284744485,
        34.15604533945234
       ],
       [
        -83.9481012967473,
        34.15531824419725
       ],
       [
        -83.94689248549248,
        34.15580936702437
       ],
       [
        -83.94691983892383,
        34.15648393131493
       ],
       [
        -83.94815284744485,
        34.15604533945234
       ]
      ],
      [
       [
        -83.97150846960047,
        34.11350693172994
       ],
       [
        -83.97032595972196,
        34.11252385225085
       ],
       [
        -83.96868896206097,
        34.11281902624203
       ],
       [
        -83.97150846960047,
        34.11350693172994
       ]
      ],
      [
       [
        -83.96812085233285,
        34.144430993342
       ],
       [
        -83.96675738898539,
        34.144426824217824
       ],
       [
        -83.9664365121945,
        34.145294002045006
       ],
       [
        -83.96742228777829,
        34.14555332156832
       ],
       [
        -83.96812085233285,
        34.144430993342
       ]
      ],
      [
       [
        -83.99628752224152,
        34.091905031760035
       ],
       [
        -83.99493563149963,
        34.09262128729229
       ],
       [
        -83.99426442037642,
        34.09418220738121
       ],
       [
        -83.9949187986188,
        34.094173869132874
       ],
       [
        -83.99628752224152,
        34.091905031760035
       ]
      ],
      [
       [
        -84.00698692212092,
        34.084960938543944
       ],
       [
        -84.00581177662778,
        34.086847884142884
       ],
       [
        -84.00690380977181,
        34.08763084566185
       ],
       [
        -84.00698692212092,
        34.084960938543944
       ]
      ],
      [
       [
        -83.97972501955702,
        34.13129408308509
       ],
       [
        -83.97956615924416,
        34.130210110801116
       ],
       [
        -83.977743999894,
        34.13210122552423
       ],
       [
        -83.9783584000444,
        34.13248228347329
       ],
       [
        -83.97972501955702,
        34.13129408308509
       ]
      ],
      [
       [
        -83.99290937346937,
        34.09505438815739
       ],
       [
        -83.99233600346601,
        34.0947934009844
       ],
       [
        -83.99040758655559,
        34.09570477152777
       ],
       [
        -83.98937657260457,
        34.096655331838335
       ],
       [
        -83.98963643020242,
        34.09702138094038
       ],
       [
        -83.99290937346937,
        34.09505438815739
       ]
      ],
      [
       [
        -84.0127101016041,
        34.139750734549736
       ],
       [
        -84.01187371783772,
        34.13787212719913
       ],
       [
        -84.01089846280446,
        34.139236264627264
       ],
       [
        -84.01146026020226,
        34.140327741334744
       ],
       [
        -84.0127101016041,
        34.139750734549736
       ]
      ],
      [
       [
        -83.95166881542882,
        34.126664687607686
       ],
       [
        -83.94878092431092,
        34.122602293017295
       ],
       [
        -83.94804343371943,
        34.122965840644845
       ],
       [
        -83.95092501250701,
        34.126997383716386
       ],
       [
        -83.95166881542882,
        34.126664687607686
       ]
      ],
      [
       [
        -83.9609795026395,
        34.15546332971833
       ],
       [
        -83.95922783097782,
        34.153110276037275
       ],
       [
        -83.95701430714831,
        34.1547303976894
       ],
       [
        -83.95756347988548,
        34.155504187135186
       ],
       [
        -83.95877334319535,
        34.15444272812173
       ],
       [
        -83.95997794622994,
        34.15597613199113
       ],
       [
        -83.9609795026395,
        34.15546332971833
       ]
      ],
      [
       [
        -83.97819743562144,
        34.144270065149065
       ],
       [
        -83.97669194484195,
        34.14204458666759
       ],
       [
        -83.97502233347433,
        34.14227889144589
       ],
       [
        -83.97506546773147,
        34.14313272807573
       ],
       [
        -83.97576087612087,
        34.142798364317365
       ],
       [
        -83.97606492003092,
        34.14496881035981
       ],
       [
        -83.97819743562144,
        34.144270065149065
       ]
      ],
      [
       [
        -83.97798807666608,
        34.10620762913463
       ],
       [
        -83.97708330932132,
        34.1058640933031
       ],
       [
        -83.97424696890097,
        34.109231911806916
       ],
       [
        -83.9757251062491,
        34.110219994234996
       ],
       [
        -83.97798807666608,
        34.10620762913463
       ]
      ],
      [
       [
        -83.9704963926404,
        34.14822406251106
       ],
       [
        -83.96780102759703,
        34.14693830461731
       ],
       [
        -83.96725395896996,
        34.14786968695669
       ],
       [
        -83.96570849009849,
        34.147040865071865
       ],
       [
        -83.96515195297596,
        34.14822072721173
       ],
       [
        -83.96276484006285,
        34.149891712178714
       ],
       [
        -83.96378848962848,
        34.15085894898595
       ],
       [
        -83.96347813338814,
        34.15131505117005
       ],
       [
        -83.96089639029039,
        34.14915711250011
       ],
       [
        -83.96009893256094,
        34.1499309019459
       ],
       [
        -83.9613372013572,
        34.15090230787731
       ],
       [
        -83.96040928880129,
        34.15158937954038
       ],
       [
        -83.96271223731024,
        34.15464784903085
       ],
       [
        -83.96515195297596,
        34.15355720614821
       ],
       [
        -83.96956637597438,
        34.14899535048235
       ],
       [
        -83.9704963926404,
        34.14822406251106
       ]
      ],
      [
       [
        -83.97599548439749,
        34.113889657328656
       ],
       [
        -83.97521485954886,
        34.11276983057683
       ],
       [
        -83.9717251929412,
        34.114279053526054
       ],
       [
        -83.96981781713181,
        34.11395386184086
       ],
       [
        -83.9699651048391,
        34.11341938012238
       ],
       [
        -83.96841121952721,
        34.113520272927275
       ],
       [
        -83.96608617786218,
        34.11665962342663
       ],
       [
        -83.96828918114117,
        34.117750266309265
       ],
       [
        -83.96746857820058,
        34.118689153072154
       ],
       [
        -83.97072153242154,
        34.11984900341601
       ],
       [
        -83.97599548439749,
        34.113889657328656
       ]
      ],
      [
       [
        -83.98053931016732,
        34.138657590192594
       ],
       [
        -83.9791285043425,
        34.13659887667788
       ],
       [
        -83.9779502026842,
        34.136950750757755
       ],
       [
        -83.97795125473925,
        34.13480698710999
       ],
       [
        -83.97715800523001,
        34.133707172154175
       ],
       [
        -83.97805751229951,
        34.13279997073497
       ],
       [
        -83.97745573680973,
        34.13239806716507
       ],
       [
        -83.97375355508156,
        34.136217818728824
       ],
       [
        -83.9705710885491,
        34.13512133907234
       ],
       [
        -83.97222912731112,
        34.13344785263085
       ],
       [
        -83.97171151622551,
        34.13247227757528
       ],
       [
        -83.96953797048798,
        34.1347135987286
       ],
       [
        -83.96898038131039,
        34.13597600952701
       ],
       [
        -83.9684006989767,
        34.13637291014791
       ],
       [
        -83.96934018413819,
        34.137420194139196
       ],
       [
        -83.96996615689416,
        34.137115014250014
       ],
       [
        -83.9712465078925,
        34.138730132953135
       ],
       [
        -83.9697830993151,
        34.14023518677819
       ],
       [
        -83.97158526961927,
        34.14140337537038
       ],
       [
        -83.9727299055159,
        34.14087222895123
       ],
       [
        -83.97222071087072,
        34.14011511600212
       ],
       [
        -83.97458573062772,
        34.13899862454963
       ],
       [
        -83.97611436661836,
        34.14122326920627
       ],
       [
        -83.97841521101721,
        34.13984579058079
       ],
       [
        -83.978612997367,
        34.13875514769815
       ],
       [
        -83.97947778661978,
        34.1382756984187
       ],
       [
        -83.98053931016732,
        34.138657590192594
       ]
      ],
      [
       [
        -83.96440183772384,
        34.1368556947267
       ],
       [
        -83.96307098808299,
        34.13508881990382
       ],
       [
        -83.9617937932498,
        34.135708351755355
       ],
       [
        -83.96056814911415,
        34.13398566964867
       ],
       [
        -83.95811580878781,
        34.13359877492578
       ],
       [
        -83.95701641125841,
        34.13379889288589
       ],
       [
        -83.9528408047568,
        34.13778124029224
       ],
       [
        -83.9516625030985,
        34.13958563723264
       ],
       [
        -83.95604536444536,
        34.14281003786504
       ],
       [
        -83.95943087760288,
        34.14006758798659
       ],
       [
        -83.96440183772384,
        34.1368556947267
       ]
      ]
     ],
     [
      [
       [
        -83.99729854714654,
        34.162479131870136
       ],
       [
        -83.99556055220056,
        34.16215394018494
       ],
       [
        -83.99196988830789,
        34.163538089409094
       ],
       [
        -83.99137547720348,
        34.16245995389895
       ],
       [
        -83.99126395936796,
        34.163448870151875
       ],
       [
        -83.99067586059385,
        34.16221064027364
       ],
       [
        -83.98826455041456,
        34.16325458896559
       ],
       [
        -83.98654864862465,
        34.16088902791203
       ],
       [
        -83.98601630876831,
        34.162115584242585
       ],
       [
        -83.98506104278104,
        34.161952154575154
       ],
       [
        -83.98557234153634,
        34.16042959042859
       ],
       [
        -83.98387327262728,
        34.15979504973005
       ],
       [
        -83.98494005645006,
        34.15938230643731
       ],
       [
        -83.98596054985055,
        34.15989010576111
       ],
       [
        -83.987828999623,
        34.15830166945267
       ],
       [
        -83.98626143759543,
        34.1581790972021
       ],
       [
        -83.98438141521741,
        34.15674408466309
       ],
       [
        -83.98351346979948,
        34.157095958742964
       ],
       [
        -83.98236146951747,
        34.155962790793794
       ],
       [
        -83.98185648309249,
        34.15650310928611
       ],
       [
        -83.98077391844392,
        34.155771844906845
       ],
       [
        -83.97963033460233,
        34.15711930583831
       ],
       [
        -83.9782794959155,
        34.15518316457417
       ],
       [
        -83.97878027412027,
        34.1543876956827
       ],
       [
        -83.98040149095549,
        34.15312695253395
       ],
       [
        -83.97840995074195,
        34.15238985138085
       ],
       [
        -83.98029312928513,
        34.151394264529266
       ],
       [
        -83.98057192387392,
        34.151825351968355
       ],
       [
        -83.98308633544833,
        34.15080391654692
       ],
       [
        -83.98361236297436,
        34.151512667655666
       ],
       [
        -83.98252453805054,
        34.15216138337639
       ],
       [
        -83.98397637402238,
        34.15209717886418
       ],
       [
        -83.98127574870375,
        34.153293717500716
       ],
       [
        -83.98273074084074,
        34.15423677338777
       ],
       [
        -83.98223627496627,
        34.15486714496215
       ],
       [
        -83.9840174041694,
        34.15539578990679
       ],
       [
        -83.98693896104896,
        34.1541683997514
       ],
       [
        -83.987929996908,
        34.15514897775598
       ],
       [
        -83.9891850985851,
        34.15700590566091
       ],
       [
        -83.99070321402522,
        34.15809571471872
       ],
       [
        -83.99117348263349,
        34.15890869393169
       ],
       [
        -83.99307980638781,
        34.15969999369899
       ],
       [
        -83.99580147280747,
        34.16037038886539
       ],
       [
        -83.99729854714654,
        34.162479131870136
       ]
      ],
      [
       [
        -83.98868958065557,
        34.15737695771196
       ],
       [
        -83.98752600776801,
        34.1573310973461
       ],
       [
        -83.98806886817486,
        34.15799398808899
       ],
       [
        -83.98868958065557,
        34.15737695771196
       ]
      ]
     ],
     [
      [
       [
        -83.95981277358678,
        34.066431683086684
       ],
       [
        -83.95942246116246,
        34.06718962986063
       ],
       [
        -83.95748352370153,
        34.066664320215324
       ],
       [
        -83.95790644983245,
        34.06751982449482
       ],
       [
        -83.95721524966325,
        34.068416186191186
       ],
       [
        -83.95649564400765,
        34.067992603175604
       ],
       [
        -83.95587177536177,
        34.06874221170121
       ],
       [
        -83.95445255309656,
        34.0694492951603
       ],
       [
        -83.95482708469508,
        34.069969601856606
       ],
       [
        -83.95370033373433,
        34.07033314948415
       ],
       [
        -83.95302807055607,
        34.06858295115795
       ],
       [
        -83.95463981889581,
        34.06787503387404
       ],
       [
        -83.95519951218351,
        34.065836332155335
       ],
       [
        -83.95422425715026,
        34.064426334361336
       ],
       [
        -83.9572404989845,
        34.062983817398816
       ],
       [
        -83.95771392375792,
        34.06433961657862
       ],
       [
        -83.95730467434268,
        34.06582799390699
       ],
       [
        -83.95981277358678,
        34.066431683086684
       ]
      ]
     ],
     [
      [
       [
        -83.98683165143365,
        34.069586042433045
       ],
       [
        -83.98584166762967,
        34.07112111395212
       ],
       [
        -83.98438351932752,
        34.07117864786565
       ],
       [
        -83.98575013884013,
        34.06863298064798
       ],
       [
        -83.98683165143365,
        34.069586042433045
       ]
      ]
     ],
     [
      [
       [
        -83.9792778961599,
        34.092120992392
       ],
       [
        -83.97963138665739,
        34.09327583978684
       ],
       [
        -83.97765667932468,
        34.09388786721487
       ],
       [
        -83.9792778961599,
        34.092120992392
       ]
      ]
     ]
    ]
   }
  },
  {
   "type": "Feature",
   "properties": {
    "name": "Dacula",
    "geoid": "1321184"
   },
   "geometry": {
    "type": "MultiPolygon",
    "coordinates": [
     [
      [
       [
        -83.92743157113956,
        33.9841731955802
       ],
       [
        -83.91940018287218,
        33.98967393800894
       ],
       [
        -83.91687735485735,
        33.990688702831704
       ],
       [
        -83.91564119017119,
        33.99086964282065
       ],
       [
        -83.90968550652151,
        33.99051776874077
       ],
       [
        -83.90543625616625,
        33.99001330471631
       ],
       [
        -83.90537102875302,
        33.990346834649834
       ],
       [
        -83.91133618089818,
        33.991079766678766
       ],
       [
        -83.91342030195631,
        33.994201606856606
       ],
       [
        -83.91058501359102,
        33.99533560863061
       ],
       [
        -83.91244189075789,
        34.00007006603707
       ],
       [
        -83.91357495404895,
        33.99931628838729
       ],
       [
        -83.91265545793345,
        33.99705578926279
       ],
       [
        -83.91520984759984,
        33.996824819783825
       ],
       [
        -83.91639025336825,
        33.997952984783986
       ],
       [
        -83.91578532171332,
        33.99825733084833
       ],
       [
        -83.91597048340249,
        33.99963064034964
       ],
       [
        -83.91424826928227,
        33.999572272611275
       ],
       [
        -83.91215362767363,
        34.00161430962931
       ],
       [
        -83.91349815403015,
        34.00258404791105
       ],
       [
        -83.91381271849072,
        34.00366968784469
       ],
       [
        -83.91440186931987,
        34.00308767811068
       ],
       [
        -83.91570536552936,
        34.00393234266735
       ],
       [
        -83.91473221460622,
        34.005086356237356
       ],
       [
        -83.91537607229807,
        34.00695579151479
       ],
       [
        -83.91643443968044,
        34.0065121967032
       ],
       [
        -83.91738339333739,
        34.007627854330856
       ],
       [
        -83.91897304852105,
        34.00628372869873
       ],
       [
        -83.91965372813972,
        34.004902914773915
       ],
       [
        -83.91891202932803,
        34.00435175655876
       ],
       [
        -83.9206395037235,
        34.002975945582946
       ],
       [
        -83.92282988234189,
        34.00533316838817
       ],
       [
        -83.92192511499711,
        34.00589016337717
       ],
       [
        -83.91750437966837,
        34.00936637910938
       ],
       [
        -83.91575691622691,
        34.00997006828907
       ],
       [
        -83.91540552983953,
        34.00880938412038
       ],
       [
        -83.90995798878,
        34.011511810406816
       ],
       [
        -83.90472191078591,
        34.00358630536131
       ],
       [
        -83.90109442496643,
        34.00531982719083
       ],
       [
        -83.90169514840115,
        34.00401906045006
       ],
       [
        -83.90489129164929,
        33.99968400513901
       ],
       [
        -83.90216857317458,
        33.997661979916984
       ],
       [
        -83.90058312621113,
        33.99850080769981
       ],
       [
        -83.90027697819097,
        33.99817228071528
       ],
       [
        -83.89883355865956,
        33.999130345449345
       ],
       [
        -83.89660951427952,
        33.99691320521621
       ],
       [
        -83.89778676388276,
        33.99635120727821
       ],
       [
        -83.89490097687498,
        33.99622196442897
       ],
       [
        -83.89238235708035,
        33.995403982266986
       ],
       [
        -83.88991318387319,
        33.99358791177892
       ],
       [
        -83.88874224660024,
        33.991896915015914
       ],
       [
        -83.88835719445119,
        33.990819613330615
       ],
       [
        -83.88472865657666,
        33.99313264341964
       ],
       [
        -83.88406375778376,
        33.99216624043724
       ],
       [
        -83.88480545659546,
        33.99180102516003
       ],
       [
        -83.884492996245,
        33.991128962343964
       ],
       [
        -83.88177343393544,
        33.98732588727689
       ],
       [
        -83.87908648533248,
        33.98329100890601
       ],
       [
        -83.87440273624074,
        33.9857658010128
       ],
       [
        -83.87464681301282,
        33.98612101039201
       ],
       [
        -83.87147065881067,
        33.987673592232596
       ],
       [
        -83.86782002778003,
        33.98350530188831
       ],
       [
        -83.86874057595058,
        33.982232885191884
       ],
       [
        -83.87083732166933,
        33.980571072298076
       ],
       [
        -83.86817772649772,
        33.97691891952592
       ],
       [
        -83.8660168054208,
        33.973445205268206
       ],
       [
        -83.86592948485148,
        33.97296408833909
       ],
       [
        -83.86036621773621,
        33.965322083737085
       ],
       [
        -83.8618148975429,
        33.964550795765795
       ],
       [
        -83.8612047056127,
        33.96365860319361
       ],
       [
        -83.8683144936545,
        33.9591918035588
       ],
       [
        -83.87073842849443,
        33.96098202547703
       ],
       [
        -83.87312764551764,
        33.96152484544385
       ],
       [
        -83.87614178324178,
        33.96063432052132
       ],
       [
        -83.87562101599102,
        33.958593951152956
       ],
       [
        -83.87687822177823,
        33.95800276934577
       ],
       [
        -83.87755784934185,
        33.95928685958986
       ],
       [
        -83.87866987153187,
        33.958978344401345
       ],
       [
        -83.87922851276451,
        33.96095534308235
       ],
       [
        -83.87981976770376,
        33.96077273544374
       ],
       [
        -83.87926954291154,
        33.95795524133025
       ],
       [
        -83.88039945003744,
        33.95746495232795
       ],
       [
        -83.88092968578368,
        33.9584471979822
       ],
       [
        -83.88074768025967,
        33.95956785855886
       ],
       [
        -83.88195438740439,
        33.960200731607735
       ],
       [
        -83.88327682060482,
        33.962021805044806
       ],
       [
        -83.87967247999649,
        33.96360773987874
       ],
       [
        -83.87971771836372,
        33.96490767279467
       ],
       [
        -83.88254038206838,
        33.96363692374793
       ],
       [
        -83.88289913284113,
        33.964133883348886
       ],
       [
        -83.88433308387708,
        33.963482666153666
       ],
       [
        -83.88361032205633,
        33.962478741053744
       ],
       [
        -83.88914413163013,
        33.96001812396913
       ],
       [
        -83.8898426961847,
        33.96063098522199
       ],
       [
        -83.88916412067611,
        33.962574630909636
       ],
       [
        -83.88494748402748,
        33.96438236314936
       ],
       [
        -83.88468131409931,
        33.963993800776805
       ],
       [
        -83.88148622290622,
        33.96537378087678
       ],
       [
        -83.88193965863366,
        33.966151739446744
       ],
       [
        -83.87577672013872,
        33.96919436626537
       ],
       [
        -83.87816488510688,
        33.97275062918163
       ],
       [
        -83.87813332345533,
        33.973601964336964
       ],
       [
        -83.87305505371906,
        33.97353525835026
       ],
       [
        -83.87445218282818,
        33.97567318522419
       ],
       [
        -83.8792947922328,
        33.97394466634367
       ],
       [
        -83.8817324037884,
        33.97283484548985
       ],
       [
        -83.88275605335406,
        33.97209274138774
       ],
       [
        -83.88243412450812,
        33.97158660971361
       ],
       [
        -83.88038051304652,
        33.970686912717916
       ],
       [
        -83.87992707731908,
        33.97016910749611
       ],
       [
        -83.8853377964518,
        33.967488360655366
       ],
       [
        -83.88495274430274,
        33.96629098819399
       ],
       [
        -83.8871304982605,
        33.96535376908077
       ],
       [
        -83.88811101356902,
        33.96637103537804
       ],
       [
        -83.88658553374353,
        33.96709896445797
       ],
       [
        -83.8888222027842,
        33.97036589015689
       ],
       [
        -83.88285915474916,
        33.973583620190624
       ],
       [
        -83.88532411973613,
        33.973956339891345
       ],
       [
        -83.88062143365343,
        33.97628437882738
       ],
       [
        -83.88139574617175,
        33.97740087027987
       ],
       [
        -83.88626676106276,
        33.97514620792921
       ],
       [
        -83.88695585712186,
        33.97559480568981
       ],
       [
        -83.88715048730649,
        33.97715405812906
       ],
       [
        -83.88842031775432,
        33.979574651621654
       ],
       [
        -83.89660846222446,
        33.97571904559005
       ],
       [
        -83.89747956380756,
        33.97622434343935
       ],
       [
        -83.898700999723,
        33.976185153672155
       ],
       [
        -83.8997761999862,
        33.97719574937075
       ],
       [
        -83.90088927423128,
        33.976346915689916
       ],
       [
        -83.89943428209428,
        33.974373252308254
       ],
       [
        -83.89870731205332,
        33.97291322502423
       ],
       [
        -83.89684833077634,
        33.973295950622955
       ],
       [
        -83.89569948665948,
        33.971700843715844
       ],
       [
        -83.8967589060969,
        33.97120888706389
       ],
       [
        -83.8949114974255,
        33.96852313727414
       ],
       [
        -83.89662424305024,
        33.96771516101016
       ],
       [
        -83.89647695534296,
        33.96915601032301
       ],
       [
        -83.89761317479918,
        33.970812820267824
       ],
       [
        -83.9000023918224,
        33.96952873002373
       ],
       [
        -83.90180982240182,
        33.96763177852678
       ],
       [
        -83.90544151644151,
        33.96635102358203
       ],
       [
        -83.90490181219981,
        33.96713898804999
       ],
       [
        -83.90577606994808,
        33.96854981966882
       ],
       [
        -83.90888384057185,
        33.96930776644277
       ],
       [
        -83.90951717771318,
        33.97020996491297
       ],
       [
        -83.90904164882964,
        33.971202216465215
       ],
       [
        -83.91167599468,
        33.971851766010765
       ],
       [
        -83.91531715721516,
        33.973372662507664
       ],
       [
        -83.91615143687143,
        33.97209774433674
       ],
       [
        -83.91723400152,
        33.97185426748527
       ],
       [
        -83.91747387007187,
        33.97325009025709
       ],
       [
        -83.91815665380065,
        33.972703101166104
       ],
       [
        -83.91785997427597,
        33.971094653061655
       ],
       [
        -83.91896989235589,
        33.969051782218784
       ],
       [
        -83.918203996278,
        33.96718568224068
       ],
       [
        -83.9184564894905,
        33.96653112974613
       ],
       [
        -83.91763378243978,
        33.96578985946886
       ],
       [
        -83.91685526170126,
        33.965916600843606
       ],
       [
        -83.91635237938638,
        33.96329672321573
       ],
       [
        -83.9178505057805,
        33.96272138408039
       ],
       [
        -83.91844176071976,
        33.96565894896995
       ],
       [
        -83.91977997474598,
        33.96524870715171
       ],
       [
        -83.91959902127702,
        33.964113871552875
       ],
       [
        -83.92113712576312,
        33.96351101619802
       ],
       [
        -83.92034913652914,
        33.96228862899163
       ],
       [
        -83.92253004665204,
        33.96288481374781
       ],
       [
        -83.92405552647753,
        33.96504525389226
       ],
       [
        -83.92315496735297,
        33.9665327973958
       ],
       [
        -83.92234488496288,
        33.966817965488964
       ],
       [
        -83.92059636946637,
        33.96875577440278
       ],
       [
        -83.92230701098102,
        33.970064879391884
       ],
       [
        -83.92252689048689,
        33.970741945156945
       ],
       [
        -83.92227755343956,
        33.97277481010181
       ],
       [
        -83.92073103251303,
        33.97231787409287
       ],
       [
        -83.92124864359864,
        33.97307081791782
       ],
       [
        -83.91785892222092,
        33.97465008215308
       ],
       [
        -83.91577795732796,
        33.973592792263794
       ],
       [
        -83.9129637100637,
        33.973215903438906
       ],
       [
        -83.91138562748563,
        33.97269476291776
       ],
       [
        -83.91016313951513,
        33.97166915837216
       ],
       [
        -83.90872077203878,
        33.972007691254696
       ],
       [
        -83.90746672241673,
        33.97047678885979
       ],
       [
        -83.90739202650802,
        33.96962878900379
       ],
       [
        -83.90533841504642,
        33.968754940577945
       ],
       [
        -83.90511748348548,
        33.970003176354176
       ],
       [
        -83.90325955426356,
        33.97201186037886
       ],
       [
        -83.90073357008357,
        33.97305330759631
       ],
       [
        -83.89929856699257,
        33.973135856254856
       ],
       [
        -83.90038007958609,
        33.974134778405784
       ],
       [
        -83.90216541700941,
        33.97404972827273
       ],
       [
        -83.90485657383257,
        33.974591714414714
       ],
       [
        -83.90615796593197,
        33.97523125806226
       ],
       [
        -83.90514904513705,
        33.975679021998026
       ],
       [
        -83.90683233322034,
        33.97771021929322
       ],
       [
        -83.90707535793736,
        33.97867578845079
       ],
       [
        -83.90895748442549,
        33.978979300690305
       ],
       [
        -83.91002216413817,
        33.976605401388404
       ],
       [
        -83.91141929324729,
        33.97574406033506
       ],
       [
        -83.91413885555686,
        33.97507116369417
       ],
       [
        -83.91509412154412,
        33.97604590492491
       ],
       [
        -83.91563592989593,
        33.97736084668785
       ],
       [
        -83.91529716816916,
        33.977747741410745
       ],
       [
        -83.91399261990462,
        33.97741587912688
       ],
       [
        -83.9149762913783,
        33.97898763893864
       ],
       [
        -83.91389898700498,
        33.979036000779004
       ],
       [
        -83.91274803877803,
        33.98008662006962
       ],
       [
        -83.91338137591937,
        33.98087124923825
       ],
       [
        -83.9130121045961,
        33.98161335334036
       ],
       [
        -83.91392423632624,
        33.98244300905001
       ],
       [
        -83.91507834071834,
        33.98494114825215
       ],
       [
        -83.91607358479759,
        33.984510060813065
       ],
       [
        -83.91730133304333,
        33.983018348185354
       ],
       [
        -83.92192511499711,
        33.98091794342895
       ],
       [
        -83.92413969088169,
        33.98405229097929
       ],
       [
        -83.92406078675279,
        33.985212975147974
       ],
       [
        -83.92626589414189,
        33.98321596467097
       ],
       [
        -83.92743157113956,
        33.9841731955802
       ]
      ]
     ],
     [
      [
       [
        -83.92736739578139,
        33.95934272585373
       ],
       [
        -83.92600077626878,
        33.960933663636666
       ],
       [
        -83.92682243126443,
        33.96118214343714
       ],
       [
        -83.92511494591494,
        33.96199929177429
       ],
       [
        -83.92563360905561,
        33.9627489002999
       ],
       [
        -83.92457524167324,
        33.962440385111385
       ],
       [
        -83.92259316995516,
        33.962902324069326
       ],
       [
        -83.91983783777384,
        33.958960000255004
       ],
       [
        -83.91847016620616,
        33.956029105964106
       ],
       [
        -83.91986098298499,
        33.95517026638527
       ],
       [
        -83.91958955278156,
        33.953957051252054
       ],
       [
        -83.92331067150067,
        33.957089731152735
       ],
       [
        -83.92435851833251,
        33.95849472599773
       ],
       [
        -83.92702126966927,
        33.95892998256098
       ],
       [
        -83.92736739578139,
        33.95934272585373
       ]
      ]
     ]
    ]
   }
  },
  {
   "type": "Feature",
   "properties": {
    "name": "Duluth",
    "geoid": "1324600"
   },
   "geometry": {
    "type": "MultiPolygon",
    "coordinates": [
     [
      [
       [
        -84.15973795129395,
        34.03097578350278
       ],
       [
        -84.157252997261,
        34.02756460610761
       ],
       [
        -84.1535708045788,
        34.01800563821264
       ],
       [
        -84.15557602150803,
        34.01737276516377
       ],
       [
        -84.15635454224655,
        34.01796394697095
       ],
       [
        -84.15693001636002,
        34.01744614174915
       ],
       [
        -84.1587121976182,
        34.01822660179361
       ],
       [
        -84.16022820894821,
        34.01820825764726
       ],
       [
        -84.16098358447559,
        34.01734024599525
       ],
       [
        -84.16032078979279,
        34.01713429126129
       ],
       [
        -84.15912144703344,
        34.01790974835675
       ],
       [
        -84.15833661396461,
        34.017206834021835
       ],
       [
        -84.15765067407067,
        34.015479982790986
       ],
       [
        -84.15485536379737,
        34.016438881349885
       ],
       [
        -84.15453133084134,
        34.015780159731165
       ],
       [
        -84.15572015305015,
        34.015618397713396
       ],
       [
        -84.15525935293735,
        34.0144276958507
       ],
       [
        -84.15412208142608,
        34.01455193575094
       ],
       [
        -84.1541831006191,
        34.01394324362224
       ],
       [
        -84.15229676591076,
        34.0139223980014
       ],
       [
        -84.15088806419607,
        34.01262663420964
       ],
       [
        -84.15043883668883,
        34.013282854353854
       ],
       [
        -84.14955826661027,
        34.01248405016305
       ],
       [
        -84.14731107701908,
        34.01317695859996
       ],
       [
        -84.15071973538774,
        34.01864184656085
       ],
       [
        -84.15155506709907,
        34.02284182224882
       ],
       [
        -84.15285961536361,
        34.03065392711693
       ],
       [
        -84.14865244721045,
        34.02996101868002
       ],
       [
        -84.14276935535935,
        34.029663343214345
       ],
       [
        -84.13891988592388,
        34.03064975799276
       ],
       [
        -84.13495153426753,
        34.031125871972876
       ],
       [
        -84.13216884865484,
        34.031972204179205
       ],
       [
        -84.13181746226746,
        34.03084737447838
       ],
       [
        -84.13086219628019,
        34.031044157139156
       ],
       [
        -84.12911894105893,
        34.02511733022033
       ],
       [
        -84.12535468808268,
        34.02601702721603
       ],
       [
        -84.12175771185971,
        34.02767216951117
       ],
       [
        -84.12191762422762,
        34.02519570975471
       ],
       [
        -84.11991135524336,
        34.02438022906723
       ],
       [
        -84.11703503673104,
        34.025268252515254
       ],
       [
        -84.115842006302,
        34.02343717318018
       ],
       [
        -84.11779777664377,
        34.02290519293619
       ],
       [
        -84.1166584010224,
        34.02146767892268
       ],
       [
        -84.11396724419924,
        34.02286933846834
       ],
       [
        -84.11256275070475,
        34.024210962625965
       ],
       [
        -84.1122544985745,
        34.02496474027574
       ],
       [
        -84.11172005460806,
        34.02395914752615
       ],
       [
        -84.10925824578625,
        34.0243843981914
       ],
       [
        -84.10553081473681,
        34.02578188861289
       ],
       [
        -84.10626514916315,
        34.027035961162966
       ],
       [
        -84.10545822293822,
        34.02777806526507
       ],
       [
        -84.10435987746388,
        34.02613793181693
       ],
       [
        -84.10189175631176,
        34.028080743679745
       ],
       [
        -84.09854622124622,
        34.03306701618602
       ],
       [
        -84.09809488962888,
        34.03289107914608
       ],
       [
        -84.09825690610691,
        34.031964699755704
       ],
       [
        -84.0969712948333,
        34.03040461349161
       ],
       [
        -84.09632638508639,
        34.030713128680134
       ],
       [
        -84.09514492726292,
        34.030083590930595
       ],
       [
        -84.09428855445056,
        34.028852031651034
       ],
       [
        -84.0966178043358,
        34.0277247004757
       ],
       [
        -84.10904047039047,
        34.02414925958826
       ],
       [
        -84.10786427284228,
        34.02242407600708
       ],
       [
        -84.11130764902765,
        34.020739749842754
       ],
       [
        -84.10582118193118,
        34.01278422710323
       ],
       [
        -84.1077495988416,
        34.011732773987774
       ],
       [
        -84.11014512819513,
        34.01320530864431
       ],
       [
        -84.11603032415633,
        34.01126166295666
       ],
       [
        -84.11880985360385,
        34.01540660620561
       ],
       [
        -84.11345278927878,
        34.018957032348034
       ],
       [
        -84.1151266088666,
        34.021410978833984
       ],
       [
        -84.11686249970249,
        34.020348685995685
       ],
       [
        -84.12585967450768,
        34.01404413642714
       ],
       [
        -84.12715685838685,
        34.01534990611691
       ],
       [
        -84.12947453566653,
        34.012458201593205
       ],
       [
        -84.12669605827406,
        34.01327284845585
       ],
       [
        -84.12473397560197,
        34.01332704707005
       ],
       [
        -84.12432472618673,
        34.011621875284874
       ],
       [
        -84.12382605209206,
        34.01120162756863
       ],
       [
        -84.1286676094416,
        34.00873267223567
       ],
       [
        -84.12578077037877,
        34.00586598245698
       ],
       [
        -84.12414166860766,
        34.00576925877626
       ],
       [
        -84.1241122110662,
        34.00642297744598
       ],
       [
        -84.12509167431968,
        34.00641380537281
       ],
       [
        -84.12482445233645,
        34.00863511473012
       ],
       [
        -84.12556089087289,
        34.00922296123797
       ],
       [
        -84.12442467141668,
        34.00979913419813
       ],
       [
        -84.12354304928304,
        34.00928216280116
       ],
       [
        -84.12258778329578,
        34.00976327973028
       ],
       [
        -84.12053101566902,
        34.00756781894282
       ],
       [
        -84.11920647835848,
        34.0055457937208
       ],
       [
        -84.11770414374415,
        34.002153794296795
       ],
       [
        -84.11654477907678,
        34.00099894690195
       ],
       [
        -84.11895608925609,
        33.997983002478
       ],
       [
        -84.11870885631886,
        33.99763112839813
       ],
       [
        -84.11633962834162,
        33.99690986991687
       ],
       [
        -84.11753686699086,
        33.99455264711165
       ],
       [
        -84.11849844530845,
        33.99512465094765
       ],
       [
        -84.11981035795836,
        33.99485615935116
       ],
       [
        -84.12020487860288,
        33.99721671745572
       ],
       [
        -84.12212593112793,
        34.00134164890865
       ],
       [
        -84.12535047986248,
        33.99961896680197
       ],
       [
        -84.1236955972656,
        33.99717836151336
       ],
       [
        -84.12389864389064,
        33.99579587993888
       ],
       [
        -84.12675707746708,
        33.99428832463933
       ],
       [
        -84.12577024982825,
        33.992986724073724
       ],
       [
        -84.12820891343891,
        33.99195027980528
       ],
       [
        -84.12724838717638,
        33.98773612909513
       ],
       [
        -84.12997110565111,
        33.98640117553618
       ],
       [
        -84.13127144569545,
        33.987881214616216
       ],
       [
        -84.12997952209152,
        33.98851408766509
       ],
       [
        -84.13039508383709,
        33.9892661976652
       ],
       [
        -84.13179536911137,
        33.988618315769315
       ],
       [
        -84.13237294733494,
        33.98945964502665
       ],
       [
        -84.13139874435674,
        33.98992908840809
       ],
       [
        -84.13172382936783,
        33.99040687003787
       ],
       [
        -84.13402572582173,
        33.98981068528169
       ],
       [
        -84.1350641041581,
        33.9913540950491
       ],
       [
        -84.13573426322627,
        33.99100639009339
       ],
       [
        -84.13610669071468,
        33.99216540661241
       ],
       [
        -84.1347085095505,
        33.99297088140188
       ],
       [
        -84.13516194527794,
        33.99368213398514
       ],
       [
        -84.13932387506388,
        33.99160507632408
       ],
       [
        -84.13808034599235,
        33.98983236472737
       ],
       [
        -84.13875471328072,
        33.989502170093175
       ],
       [
        -84.13878627493227,
        33.98820640630141
       ],
       [
        -84.14096823711023,
        33.98855327743228
       ],
       [
        -84.14226121276921,
        33.98923367849668
       ],
       [
        -84.14262417176217,
        33.99108810492711
       ],
       [
        -84.14401814470614,
        33.99072372347472
       ],
       [
        -84.14262732792733,
        33.988339818274824
       ],
       [
        -84.14594761367161,
        33.98917614458315
       ],
       [
        -84.14715852903653,
        33.98736591086891
       ],
       [
        -84.14807171282172,
        33.987470138973144
       ],
       [
        -84.14818323065722,
        33.98892266183366
       ],
       [
        -84.14966347211548,
        33.989993292920296
       ],
       [
        -84.14823898957499,
        33.990697874904875
       ],
       [
        -84.14844519236519,
        33.991676785259784
       ],
       [
        -84.1496035049775,
        33.99250310567011
       ],
       [
        -84.15092699023299,
        33.99272907220008
       ],
       [
        -84.15163081506282,
        33.991887742942744
       ],
       [
        -84.15069553812154,
        33.99056613058113
       ],
       [
        -84.15191066170667,
        33.99110978437279
       ],
       [
        -84.15244089745289,
        33.98917030780931
       ],
       [
        -84.15181071647672,
        33.98901605021505
       ],
       [
        -84.15224626726827,
        33.98787120871821
       ],
       [
        -84.14969398171198,
        33.987124101667106
       ],
       [
        -84.1493468035448,
        33.985961749848755
       ],
       [
        -84.1485503978704,
        33.985578190425194
       ],
       [
        -84.15019581197181,
        33.984794395081394
       ],
       [
        -84.15093856283856,
        33.98539474896175
       ],
       [
        -84.1517717904398,
        33.983793805280804
       ],
       [
        -84.15241354402154,
        33.98339773848474
       ],
       [
        -84.15096696832497,
        33.98129483225384
       ],
       [
        -84.15407053072853,
        33.979787276954276
       ],
       [
        -84.15371598817599,
        33.97922778049078
       ],
       [
        -84.15479224049425,
        33.97871998116698
       ],
       [
        -84.15434196093196,
        33.97798288001388
       ],
       [
        -84.15757703021703,
        33.97652285272986
       ],
       [
        -84.15935710736511,
        33.97672213686514
       ],
       [
        -84.16030395691196,
        33.97777108850609
       ],
       [
        -84.15868694829695,
        33.97776358408259
       ],
       [
        -84.15967798415598,
        33.97917858482559
       ],
       [
        -84.16123502563302,
        33.97808377281878
       ],
       [
        -84.15946652109052,
        33.976316064171066
       ],
       [
        -84.15534667350667,
        33.975461393716394
       ],
       [
        -84.15435984586784,
        33.97486687660988
       ],
       [
        -84.15273547286748,
        33.972393752152755
       ],
       [
        -84.15122472181272,
        33.97145986833887
       ],
       [
        -84.14994857903457,
        33.97259970688671
       ],
       [
        -84.14874292394492,
        33.97166665689766
       ],
       [
        -84.14759723599323,
        33.97209607668708
       ],
       [
        -84.14539633682433,
        33.9703758960549
       ],
       [
        -84.14300711980111,
        33.97104295592196
       ],
       [
        -84.14170046742646,
        33.96912015585516
       ],
       [
        -84.1431985938206,
        33.968238803005804
       ],
       [
        -84.14440950918551,
        33.968136242551246
       ],
       [
        -84.14347212813412,
        33.96727740297241
       ],
       [
        -84.1459107917448,
        33.96597496858197
       ],
       [
        -84.14763616203017,
        33.9684580989371
       ],
       [
        -84.15225783987384,
        33.9662001012871
       ],
       [
        -84.1541852047292,
        33.96898507623208
       ],
       [
        -84.15664385738586,
        33.9678268935379
       ],
       [
        -84.16204195185796,
        33.97563066015766
       ],
       [
        -84.16360951388552,
        33.97664375733076
       ],
       [
        -84.16648267623268,
        33.97855488384989
       ],
       [
        -84.16773462174461,
        33.97796536969237
       ],
       [
        -84.16712653392453,
        33.97613595800696
       ],
       [
        -84.17201964197164,
        33.97272227913728
       ],
       [
        -84.17492226186026,
        33.976822195845195
       ],
       [
        -84.17345043684243,
        33.97782028417129
       ],
       [
        -84.17259511608512,
        33.979196095147095
       ],
       [
        -84.1720775049995,
        33.980997156788156
       ],
       [
        -84.17067721972522,
        33.98162169158869
       ],
       [
        -84.16897078643079,
        33.98242466490367
       ],
       [
        -84.16938950434151,
        33.983124243939244
       ],
       [
        -84.17086132935933,
        33.9851320941391
       ],
       [
        -84.17494751118151,
        33.98819473275373
       ],
       [
        -84.17629308959309,
        33.98839485071385
       ],
       [
        -84.1784519065599,
        33.99182687372988
       ],
       [
        -84.17869913949714,
        33.99219875960576
       ],
       [
        -84.18193631289232,
        33.99700075682376
       ],
       [
        -84.18222457597658,
        33.99739682361982
       ],
       [
        -84.1807296057476,
        33.999362982577985
       ],
       [
        -84.18030983578184,
        34.000396091547096
       ],
       [
        -84.18023303576304,
        34.002535686070686
       ],
       [
        -84.18049078925078,
        34.00493793541694
       ],
       [
        -84.18035928236928,
        34.00656306001806
       ],
       [
        -84.17944925474926,
        34.008089793288796
       ],
       [
        -84.17875384635984,
        34.01006429049529
       ],
       [
        -84.17806685441086,
        34.012975172990174
       ],
       [
        -84.17620787313388,
        34.017274373833374
       ],
       [
        -84.17505797696198,
        34.02092485895586
       ],
       [
        -84.17400486985487,
        34.022881012016015
       ],
       [
        -84.17086132935933,
        34.02669325915626
       ],
       [
        -84.16950523039723,
        34.02800486561987
       ],
       [
        -84.16824802461002,
        34.0286886019836
       ],
       [
        -84.1650560895821,
        34.02888204934505
       ],
       [
        -84.16196620389421,
        34.02968001971102
       ],
       [
        -84.15973795129395,
        34.03097578350278
       ]
      ],
      [
       [
        -84.15485115557715,
        33.98337105609006
       ],
       [
        -84.15415890335291,
        33.98271566977067
       ],
       [
        -84.15281227288627,
        33.984129002864
       ],
       [
        -84.15389694164494,
        33.98531720325221
       ],
       [
        -84.15485115557715,
        33.98337105609006
       ]
      ],
      [
       [
        -84.12537152096353,
        34.01797311904412
       ],
       [
        -84.12537152096353,
        34.01797311904412
       ],
       [
        -84.12537152096353,
        34.01797311904412
       ],
       [
        -84.12537152096353,
        34.01797311904412
       ]
      ]
     ],
     [
      [
       [
        -84.15796418647619,
        33.976252693483694
       ],
       [
        -84.15430198283998,
        33.97791784167684
       ],
       [
        -84.15342351687151,
        33.97647532471433
       ],
       [
        -84.15534141323141,
        33.97561064836165
       ],
       [
        -84.15796418647619,
        33.976252693483694
       ]
      ]
     ]
    ]
   }
  },
  {
   "type": "Feature",
   "properties": {
    "name": "Grayson",
    "geoid": "1334596"
   },
   "geometry": {
    "type": "Polygon",
    "coordinates": [
     [
      [
       -83.97629005981206,
       33.88407085662986
      ],
      [
       -83.9738598126418,
       33.884225114224115
      ],
      [
       -83.9738535003115,
       33.88565178851479
      ],
      [
       -83.97301080421481,
       33.88573600482301
      ],
      [
       -83.97093194343195,
       33.8826792029822
      ],
      [
       -83.96616929021128,
       33.88567930473431
      ],
      [
       -83.96821448523248,
       33.88828167204068
      ],
      [
       -83.97158316550916,
       33.88666738716239
      ],
      [
       -83.97373356603556,
       33.88984175830476
      ],
      [
       -83.97268677125876,
       33.88964164034464
      ],
      [
       -83.97037435425436,
       33.89097325860426
      ],
      [
       -83.96984201439801,
       33.89163031257331
      ],
      [
       -83.9692255101375,
       33.89124425167525
      ],
      [
       -83.96817345508545,
       33.891922151265156
      ],
      [
       -83.9718808970889,
       33.89323375772876
      ],
      [
       -83.969094003256,
       33.8938733013763
      ],
      [
       -83.97084146669746,
       33.896539873194875
      ],
      [
       -83.96961687461688,
       33.897135224126224
      ],
      [
       -83.96880363606164,
       33.89897297405997
      ],
      [
       -83.96767583304583,
       33.899585001488006
      ],
      [
       -83.96919920876121,
       33.901797972596974
      ],
      [
       -83.96514143242543,
       33.903709932940934
      ],
      [
       -83.96495311457112,
       33.90344477664378
      ],
      [
       -83.95758452098652,
       33.90702188518089
      ],
      [
       -83.95544148484548,
       33.903908383251384
      ],
      [
       -83.95863868014868,
       33.90242417504718
      ],
      [
       -83.95908685560086,
       33.90307038929339
      ],
      [
       -83.96000214349614,
       33.90262762830663
      ],
      [
       -83.9604397983978,
       33.903357225036224
      ],
      [
       -83.96255863727264,
       33.90238998822899
      ],
      [
       -83.96132352464153,
       33.90125265115565
      ],
      [
       -83.96219252211452,
       33.900717335612335
      ],
      [
       -83.95550881636882,
       33.90369825939326
      ],
      [
       -83.9540191064151,
       33.901681237120236
      ],
      [
       -83.95333106241107,
       33.90196890668791
      ],
      [
       -83.95287973079373,
       33.90118594516895
      ],
      [
       -83.95035585072385,
       33.899901854924856
      ],
      [
       -83.94923751620351,
       33.900598932485934
      ],
      [
       -83.9491480915241,
       33.89923312740813
      ],
      [
       -83.9485336913737,
       33.898697811864814
      ],
      [
       -83.94671468818869,
       33.89859858670959
      ],
      [
       -83.94294201877202,
       33.90045968373869
      ],
      [
       -83.94130502111102,
       33.898046594669594
      ],
      [
       -83.94258116388916,
       33.8974845967316
      ],
      [
       -83.94068325657526,
       33.89463291579992
      ],
      [
       -83.94482098909499,
       33.892836023283024
      ],
      [
       -83.94786879258079,
       33.89110416910317
      ],
      [
       -83.94753529112928,
       33.89073311705212
      ],
      [
       -83.95036847538448,
       33.88904712323813
      ],
      [
       -83.94998447529048,
       33.888698584457586
      ],
      [
       -83.94838745572146,
       33.889537412240415
      ],
      [
       -83.9466705018765,
       33.888105735000735
      ],
      [
       -83.93761967226366,
       33.892614225877224
      ],
      [
       -83.93707996802196,
       33.89249165362666
      ],
      [
       -83.93525991278192,
       33.89022615155315
      ],
      [
       -83.93598688282289,
       33.889688334535336
      ],
      [
       -83.94416976701777,
       33.885764354867355
      ],
      [
       -83.94222767339167,
       33.883928272583276
      ],
      [
       -83.9394797055957,
       33.881820363403364
      ],
      [
       -83.94122085670686,
       33.88098403709504
      ],
      [
       -83.94038447294048,
       33.880497083392086
      ],
      [
       -83.94177318560918,
       33.87991423983324
      ],
      [
       -83.94412978892579,
       33.8814368039798
      ],
      [
       -83.94679464437264,
       33.88010101659602
      ],
      [
       -83.94714182253982,
       33.88093317378018
      ],
      [
       -83.9496394012334,
       33.87970161450062
      ],
      [
       -83.94954366422367,
       33.87935974631875
      ],
      [
       -83.95123431669232,
       33.87852091853592
      ],
      [
       -83.95264512251713,
       33.88011435779336
      ],
      [
       -83.95393494201095,
       33.87949732741633
      ],
      [
       -83.95661347417348,
       33.88331624515525
      ],
      [
       -83.95733518393918,
       33.88254662483363
      ],
      [
       -83.95796115669516,
       33.88380236503337
      ],
      [
       -83.95903951312351,
       33.88342797768298
      ],
      [
       -83.96025253259853,
       33.88503725961226
      ],
      [
       -83.96116466432866,
       33.88459366480067
      ],
      [
       -83.9615391959272,
       33.88513314946815
      ],
      [
       -83.96824499482899,
       33.88183036930137
      ],
      [
       -83.96566325173126,
       33.878063148702154
      ],
      [
       -83.96702881918881,
       33.87741776828077
      ],
      [
       -83.96718136717136,
       33.87645886972187
      ],
      [
       -83.96849327982127,
       33.87555333595234
      ],
      [
       -83.969094003256,
       33.87644636234936
      ],
      [
       -83.97043852961252,
       33.87581098782599
      ],
      [
       -83.96920552109152,
       33.87401826443327
      ],
      [
       -83.97396712225712,
       33.87176693738194
      ],
      [
       -83.97641735847336,
       33.87541158573059
      ],
      [
       -83.97648153383153,
       33.876463872670875
      ],
      [
       -83.9746983005183,
       33.879708285099284
      ],
      [
       -83.97407232776233,
       33.88043788182888
      ],
      [
       -83.97651940781341,
       33.884060850731856
      ],
      [
       -83.97629005981206,
       33.88407085662986
      ]
     ]
    ]
   }
  },
  {
   "type": "Feature",
   "properties": {
    "name": "Lawrenceville",
    "geoid": "1345488"
   },
   "geometry": {
    "type": "MultiPolygon",
    "coordinates": [
     [
      [
       [
        -84.04688926613527,
        33.959041715088716
       ],
       [
        -84.04303348436949,
        33.95865898948999
       ],
       [
        -84.03742813505214,
        33.95915928439029
       ],
       [
        -84.0346202001182,
        33.9598596972507
       ],
       [
        -84.02482451552852,
        33.96281977541078
       ],
       [
        -84.02210495321896,
        33.96397128750629
       ],
       [
        -84.01890775791576,
        33.96584572573273
       ],
       [
        -84.00792956344756,
        33.97255968329468
       ],
       [
        -84.00652401789802,
        33.973532756875755
       ],
       [
        -84.00933721310722,
        33.97767603247503
       ],
       [
        -84.01018411742412,
        33.976798014925016
       ],
       [
        -84.01203363020564,
        33.976363592186594
       ],
       [
        -84.01264592624592,
        33.9784072968543
       ],
       [
        -84.01215251242651,
        33.97957131632232
       ],
       [
        -84.01108678065879,
        33.980189180524185
       ],
       [
        -84.01467428838629,
        33.985407256334256
       ],
       [
        -84.015779998246,
        33.98570326415027
       ],
       [
        -84.01953267861668,
        33.98753100818601
       ],
       [
        -84.0169867053907,
        33.98878174543675
       ],
       [
        -84.01644805320406,
        33.988001285392286
       ],
       [
        -84.01549594338194,
        33.98848323614624
       ],
       [
        -84.01555696257496,
        33.9897197983748
       ],
       [
        -84.01199786033386,
        33.990697874904875
       ],
       [
        -84.0115517889918,
        33.989298716833716
       ],
       [
        -84.01238712070312,
        33.98906691352992
       ],
       [
        -84.01161280818481,
        33.98824226076926
       ],
       [
        -84.01033561335161,
        33.98807382815283
       ],
       [
        -84.00963494468695,
        33.98591338800839
       ],
       [
        -84.0099957995698,
        33.985108747043746
       ],
       [
        -84.00162880574081,
        33.9891502960133
       ],
       [
        -83.99967513950914,
        33.987435952154954
       ],
       [
        -84.00258512378312,
        33.98664798768699
       ],
       [
        -83.9974816047256,
        33.979367029238034
       ],
       [
        -83.99273368027568,
        33.97826221133322
       ],
       [
        -83.99265161998161,
        33.97805792424893
       ],
       [
        -83.98537876340676,
        33.979462085269084
       ],
       [
        -83.98523884008483,
        33.98068864159964
       ],
       [
        -83.98400267539867,
        33.981283992531
       ],
       [
        -83.98617622113622,
        33.98193687737588
       ],
       [
        -83.98625091704491,
        33.98257308572409
       ],
       [
        -83.98775325165926,
        33.98263729023629
       ],
       [
        -83.98874954779355,
        33.9844566960237
       ],
       [
        -83.98807097228497,
        33.98567408028108
       ],
       [
        -83.98892944920745,
        33.98575162599063
       ],
       [
        -83.98915353693354,
        33.984264916311915
       ],
       [
        -83.99021926870127,
        33.984836086323085
       ],
       [
        -83.99154275395675,
        33.98495865857366
       ],
       [
        -83.99154064984666,
        33.985960082199085
       ],
       [
        -83.99227393221793,
        33.98505204695505
       ],
       [
        -83.99414553815554,
        33.98780366890667
       ],
       [
        -83.9898805069745,
        33.98874422331922
       ],
       [
        -83.98620357456757,
        33.98825226666727
       ],
       [
        -83.98572383746384,
        33.9888226028536
       ],
       [
        -83.98426463710663,
        33.989111106246106
       ],
       [
        -83.98438983165784,
        33.9895496981087
       ],
       [
        -83.98318522862323,
        33.99072372347472
       ],
       [
        -83.98211634069034,
        33.98873338359638
       ],
       [
        -83.98327675741275,
        33.987996282443284
       ],
       [
        -83.9837564945165,
        33.98675304961605
       ],
       [
        -83.98288223676823,
        33.98657961405062
       ],
       [
        -83.98332936016536,
        33.98480273332974
       ],
       [
        -83.98131151857552,
        33.98184765811866
       ],
       [
        -83.98011848814649,
        33.9813531999922
       ],
       [
        -83.98030364983565,
        33.98043182355082
       ],
       [
        -83.97274147812148,
        33.981892684659684
       ],
       [
        -83.97272254113054,
        33.979407052830055
       ],
       [
        -83.97647522150122,
        33.976583721942724
       ],
       [
        -83.98026893201893,
        33.97494358849459
       ],
       [
        -83.98175758991759,
        33.975086172541175
       ],
       [
        -83.98131572679573,
        33.972894047053046
       ],
       [
        -83.97973554010754,
        33.972704768815774
       ],
       [
        -83.97565251445052,
        33.974083915090915
       ],
       [
        -83.97540002123802,
        33.97372120128821
       ],
       [
        -83.97364624546624,
        33.974986113561116
       ],
       [
        -83.96973575683775,
        33.976985625512626
       ],
       [
        -83.9699125020865,
        33.977234939137944
       ],
       [
        -83.96374325126125,
        33.97895095064595
       ],
       [
        -83.96128775476976,
        33.97535966708667
       ],
       [
        -83.96708142194142,
        33.97292906769607
       ],
       [
        -83.96441656649456,
        33.96904511162011
       ],
       [
        -83.9693002060462,
        33.96679461839362
       ],
       [
        -83.96816293453493,
        33.96502023914724
       ],
       [
        -83.96737704941106,
        33.96541630594331
       ],
       [
        -83.96690046847247,
        33.96468420773921
       ],
       [
        -83.96771055086255,
        33.96431315568816
       ],
       [
        -83.96697726849126,
        33.96321417455718
       ],
       [
        -83.96318881824882,
        33.964991055278055
       ],
       [
        -83.96391578828978,
        33.966071692262695
       ],
       [
        -83.95852716231316,
        33.96847060630961
       ],
       [
        -83.95787804434605,
        33.967488360655366
       ],
       [
        -83.96202419330619,
        33.96553721054421
       ],
       [
        -83.95895008844408,
        33.96108625358126
       ],
       [
        -83.9622325002065,
        33.95964123514424
       ],
       [
        -83.95988852155052,
        33.95569640985541
       ],
       [
        -83.95829676225677,
        33.956615284822284
       ],
       [
        -83.9577780991161,
        33.95591737343638
       ],
       [
        -83.95692067424868,
        33.95634429175129
       ],
       [
        -83.95712372087372,
        33.95719312543213
       ],
       [
        -83.95576867396667,
        33.95520195172895
       ],
       [
        -83.9551427012107,
        33.9553311945782
       ],
       [
        -83.95294495820696,
        33.952019242338245
       ],
       [
        -83.95208122100922,
        33.95160900052
       ],
       [
        -83.9533037089797,
        33.95077934481035
       ],
       [
        -83.9530406952167,
        33.949974703845704
       ],
       [
        -83.9519739113939,
        33.949732894643894
       ],
       [
        -83.9538434132214,
        33.94734315267016
       ],
       [
        -83.95498068473269,
        33.94771503854604
       ],
       [
        -83.96219673033472,
        33.94425883460983
       ],
       [
        -83.96067545872945,
        33.943401662680664
       ],
       [
        -83.95997584211985,
        33.94384775896676
       ],
       [
        -83.95854294313894,
        33.941738182137186
       ],
       [
        -83.96706353700554,
        33.93578800812301
       ],
       [
        -83.9687626059146,
        33.93827697525198
       ],
       [
        -83.96628922448723,
        33.93982788944289
       ],
       [
        -83.96900352652153,
        33.94153973182674
       ],
       [
        -83.96892567444768,
        33.942236809387815
       ],
       [
        -83.97011134049134,
        33.94256783784684
       ],
       [
        -83.97057634882435,
        33.94031901227002
       ],
       [
        -83.9736757030077,
        33.938793112824115
       ],
       [
        -83.97001455142654,
        33.93344496033996
       ],
       [
        -83.97108449141449,
        33.9330047008277
       ],
       [
        -83.9682470989391,
        33.931990769829774
       ],
       [
        -83.9659736079716,
        33.931952413887416
       ],
       [
        -83.9646417062757,
        33.93230095266795
       ],
       [
        -83.9612099026959,
        33.92723963592664
       ],
       [
        -83.95882699800299,
        33.92836613327714
       ],
       [
        -83.95744459766459,
        33.92636662132562
       ],
       [
        -83.96004948597349,
        33.9255327964918
       ],
       [
        -83.9592131022071,
        33.92431207693508
       ],
       [
        -83.968729992208,
        33.9197643962914
       ],
       [
        -83.97015131858332,
        33.921884812843814
       ],
       [
        -83.97265415755216,
        33.9209575996286
       ],
       [
        -83.97370516054916,
        33.92101013059313
       ],
       [
        -83.97485295261095,
        33.92047314740015
       ],
       [
        -83.97502443758444,
        33.920995121746124
       ],
       [
        -83.97310338505939,
        33.92189481874182
       ],
       [
        -83.97376933590733,
        33.92403107796608
       ],
       [
        -83.97468251969252,
        33.92377425991726
       ],
       [
        -83.97568723226723,
        33.927371380250385
       ],
       [
        -83.97491607591408,
        33.92779412944113
       ],
       [
        -83.97557887059688,
        33.92972860305561
       ],
       [
        -83.97648048177648,
        33.93136623502924
       ],
       [
        -83.97782921635321,
        33.930699175162175
       ],
       [
        -83.97851936446736,
        33.93170393408693
       ],
       [
        -83.98242459282059,
        33.929763623698626
       ],
       [
        -83.98358290543291,
        33.92901484899785
       ],
       [
        -83.98539664834264,
        33.928657971968974
       ],
       [
        -83.98690319117719,
        33.92755065258965
       ],
       [
        -83.99300931869932,
        33.9273522022792
       ],
       [
        -83.9923623048423,
        33.92433792550493
       ],
       [
        -83.99105039219239,
        33.92230339291039
       ],
       [
        -83.99470207527807,
        33.920567369606374
       ],
       [
        -83.99432438751438,
        33.9199987010697
       ],
       [
        -83.99644848666449,
        33.91895058325358
       ],
       [
        -83.99612445370845,
        33.918266013065015
       ],
       [
        -83.9964853085913,
        33.916004680115684
       ],
       [
        -83.99752579103779,
        33.916195626002626
       ],
       [
        -83.99855575293375,
        33.915009093264096
       ],
       [
        -83.99913543526743,
        33.91346234819735
       ],
       [
        -84.00120377549977,
        33.91405102853003
       ],
       [
        -84.00049469039469,
        33.91627984231084
       ],
       [
        -84.00242731552531,
        33.91684267407368
       ],
       [
        -84.00264509092109,
        33.916244821667824
       ],
       [
        -84.00526470800071,
        33.91794082137982
       ],
       [
        -84.00494277915477,
        33.919331641202646
       ],
       [
        -84.00233473468073,
        33.918069230404235
       ],
       [
        -84.00015172044772,
        33.91743218823119
       ],
       [
        -83.99875248722849,
        33.92175640381941
       ],
       [
        -84.00018749031949,
        33.9221458000168
       ],
       [
        -83.99989081079481,
        33.92310636622537
       ],
       [
        -83.99843792276792,
        33.92272030532731
       ],
       [
        -83.99800447608648,
        33.924081941280946
       ],
       [
        -84.00197493185293,
        33.9258238013588
       ],
       [
        -84.00249990732391,
        33.92436210642511
       ],
       [
        -84.00487965585165,
        33.92581296163596
       ],
       [
        -84.00796428126428,
        33.92238260626961
       ],
       [
        -84.00780226478626,
        33.9206224020454
       ],
       [
        -84.00573918482918,
        33.919916152411155
       ],
       [
        -84.00595485611485,
        33.91860871507172
       ],
       [
        -84.00804949772349,
        33.91906898637999
       ],
       [
        -84.00782540999741,
        33.92047898417399
       ],
       [
        -84.0135022990583,
        33.92012127332028
       ],
       [
        -84.01555065024465,
        33.92063240794341
       ],
       [
        -84.01653326966327,
        33.91952425473926
       ],
       [
        -84.01986723212323,
        33.921684694883695
       ],
       [
        -84.02066153368753,
        33.92171137727838
       ],
       [
        -84.0180555933236,
        33.92393602193503
       ],
       [
        -84.0163965025065,
        33.92119273823174
       ],
       [
        -84.01563376259377,
        33.92180226418527
       ],
       [
        -84.01493414598414,
        33.92119607353108
       ],
       [
        -84.01349283056283,
        33.922411790138796
       ],
       [
        -84.01587994347594,
        33.9260355928666
       ],
       [
        -84.01826705638905,
        33.924320415183416
       ],
       [
        -84.019034004522,
        33.92481987625888
       ],
       [
        -84.02025333632733,
        33.9237283995514
       ],
       [
        -84.02142111743511,
        33.92460224797725
       ],
       [
        -84.0220313093653,
        33.92578794689095
       ],
       [
        -84.0201092047852,
        33.925877999973004
       ],
       [
        -84.0172171054471,
        33.928085134308134
       ],
       [
        -84.01787043163444,
        33.92807596223496
       ],
       [
        -84.02133379686579,
        33.93311976865477
       ],
       [
        -84.0248928991069,
        33.93144294691395
       ],
       [
        -84.0266372063832,
        33.93457312534013
       ],
       [
        -84.02674451599852,
        33.93318897611598
       ],
       [
        -84.02795017108816,
        33.93234597920898
       ],
       [
        -84.0288843959744,
        33.9337418019808
       ],
       [
        -84.03074758547159,
        33.93282876378777
       ],
       [
        -84.02853721780721,
        33.931668913443914
       ],
       [
        -84.02799961767562,
        33.93215503332203
       ],
       [
        -84.02742624767225,
        33.931315371714376
       ],
       [
        -84.02808904235505,
        33.93100685652586
       ],
       [
        -84.03273386540987,
        33.930428182091184
       ],
       [
        -84.03580902232702,
        33.92943092758993
       ],
       [
        -84.03723245281245,
        33.92757233203533
       ],
       [
        -84.0378984036604,
        33.92850788349889
       ],
       [
        -84.03725244185844,
        33.929689413288415
       ],
       [
        -84.03591633194233,
        33.93105688601589
       ],
       [
        -84.0340584027204,
        33.932110840605844
       ],
       [
        -84.03257605715206,
        33.93354501932002
       ],
       [
        -84.03110318007919,
        33.936395032602036
       ],
       [
        -84.02956191942792,
        33.93463482837783
       ],
       [
        -84.02858035206435,
        33.93523434843335
       ],
       [
        -84.02785548613349,
        33.9365075989546
       ],
       [
        -84.02768084499485,
        33.93834868418769
       ],
       [
        -84.02433636198437,
        33.938272806127806
       ],
       [
        -84.02458149081149,
        33.937735822934826
       ],
       [
        -84.02233535327535,
        33.934448885439885
       ],
       [
        -84.0179325028825,
        33.93637835610536
       ],
       [
        -84.01950427313027,
        33.93899573225873
       ],
       [
        -84.01893300723701,
        33.93934593868894
       ],
       [
        -84.02006922669322,
        33.940654209853214
       ],
       [
        -84.0195737087637,
        33.94093103969804
       ],
       [
        -84.01740647535648,
        33.939114969209975
       ],
       [
        -84.01537074883075,
        33.94013473698174
       ],
       [
        -84.01673736834337,
        33.941394646305646
       ],
       [
        -84.01579051879652,
        33.942673733600735
       ],
       [
        -84.01393469368469,
        33.941285415252416
       ],
       [
        -84.01321298391899,
        33.9418816000086
       ],
       [
        -84.01423768553968,
        33.94259118494219
       ],
       [
        -84.01325717023117,
        33.94338415235915
       ],
       [
        -84.0123787042627,
        33.94257033932134
       ],
       [
        -84.01087742170343,
        33.94387027223728
       ],
       [
        -84.01297206331206,
        33.947116352315355
       ],
       [
        -84.01479317060716,
        33.94595316667217
       ],
       [
        -84.01766948911948,
        33.9487273018943
       ],
       [
        -84.01715819036419,
        33.9495135987126
       ],
       [
        -84.02002714449114,
        33.95354514178415
       ],
       [
        -84.02743992438792,
        33.95005892015392
       ],
       [
        -84.02989962909963,
        33.953667714034715
       ],
       [
        -84.03085173892174,
        33.95380362748263
       ],
       [
        -84.03153978292578,
        33.95260792267092
       ],
       [
        -84.03232882421483,
        33.95278636118536
       ],
       [
        -84.03292007915408,
        33.951417220808224
       ],
       [
        -84.03402894517895,
        33.95287891574192
       ],
       [
        -84.0342888027768,
        33.95418385160686
       ],
       [
        -84.0371062062062,
        33.954153000088
       ],
       [
        -84.03993518224118,
        33.95375776711677
       ],
       [
        -84.04320707345308,
        33.95368272288172
       ],
       [
        -84.04688926613527,
        33.959041715088716
       ]
      ],
      [
       [
        -83.98433722890523,
        33.987981273596276
       ],
       [
        -83.98433722890523,
        33.987981273596276
       ],
       [
        -83.98433722890523,
        33.987981273596276
       ],
       [
        -83.98433722890523,
        33.987981273596276
       ]
      ],
      [
       [
        -84.01167172326772,
        33.96727406767307
       ],
       [
        -84.01044292296692,
        33.967561737240736
       ],
       [
        -84.01138135607336,
        33.96808621306121
       ],
       [
        -84.01167172326772,
        33.96727406767307
       ]
      ],
      [
       [
        -83.9860604950805,
        33.98549314029214
       ],
       [
        -83.98466652213652,
        33.985367232742234
       ],
       [
        -83.98451502620902,
        33.98657627875128
       ],
       [
        -83.98591636353837,
        33.986544593407594
       ],
       [
        -83.9860604950805,
        33.98549314029214
       ]
      ],
      [
       [
        -83.96822184961785,
        33.944287184654186
       ],
       [
        -83.96594730659531,
        33.94292721635022
       ],
       [
        -83.96519403517803,
        33.94282382207082
       ],
       [
        -83.9625880948141,
        33.94407372549673
       ],
       [
        -83.96457332269732,
        33.94697877121777
       ],
       [
        -83.96569481338281,
        33.94613827578528
       ],
       [
        -83.9664301998642,
        33.94455234095134
       ],
       [
        -83.96789360844161,
        33.94481582959883
       ],
       [
        -83.96822184961785,
        33.944287184654186
       ]
      ]
     ],
     [
      [
       [
        -83.9588490911591,
        33.93502672604973
       ],
       [
        -83.96224617692218,
        33.933369916104915
       ],
       [
        -83.96384950882151,
        33.935756322779326
       ],
       [
        -83.9620504946825,
        33.936615162358166
       ],
       [
        -83.9611267903468,
        33.93596060986361
       ],
       [
        -83.96060076282076,
        33.93646340623841
       ],
       [
        -83.9588490911591,
        33.93502672604973
       ]
      ]
     ],
     [
      [
       [
        -83.9588490911591,
        33.93502672604973
       ],
       [
        -83.9568564988905,
        33.9359997996308
       ],
       [
        -83.9563693974014,
        33.93532273386574
       ],
       [
        -83.95472187918988,
        33.9348115992426
       ],
       [
        -83.9570669099009,
        33.933428283843284
       ],
       [
        -83.9588490911591,
        33.93502672604973
       ]
      ]
     ]
    ]
   }
  },
  {
   "type": "Feature",
   "properties": {
    "name": "Lilburn",
    "geoid": "1346356"
   },
   "geometry": {
    "type": "Polygon",
    "coordinates": [
     [
      [
       -84.13157233344033,
       33.868149805252806
      ],
      [
       -84.13256862957464,
       33.868524192603196
      ],
      [
       -84.13492628494629,
       33.867449392392395
      ],
      [
       -84.13672319497519,
       33.87005175969876
      ],
      [
       -84.13868843381243,
       33.869572310419315
      ],
      [
       -84.13903245581446,
       33.87008094356795
      ],
      [
       -84.14117759606559,
       33.86912621413322
      ],
      [
       -84.14508598058399,
       33.8677378957849
      ],
      [
       -84.1465578056018,
       33.86705582707083
      ],
      [
       -84.14645786037185,
       33.867702041317045
      ],
      [
       -84.14559307111907,
       33.87036611166111
      ],
      [
       -84.14683028786028,
       33.870181836372836
      ],
      [
       -84.14889231576231,
       33.870441989720995
      ],
      [
       -84.1495772036012,
       33.87191785967686
      ],
      [
       -84.15273547286748,
       33.87220302777003
      ],
      [
       -84.15212422888223,
       33.87385566859067
      ],
      [
       -84.15325308395309,
       33.87439265178365
      ],
      [
       -84.15496477752278,
       33.873582174045175
      ],
      [
       -84.15441665684065,
       33.872714996218
      ],
      [
       -84.15551395025994,
       33.87145592071892
      ],
      [
       -84.15645343542144,
       33.872890933257935
      ],
      [
       -84.15891734835334,
       33.87174775941076
      ],
      [
       -84.15967377593577,
       33.872624943135946
      ],
      [
       -84.15606207094207,
       33.874999676262675
      ],
      [
       -84.1574065972986,
       33.87530068702769
      ],
      [
       -84.156950005406,
       33.87587018938919
      ],
      [
       -84.15719303012303,
       33.87689996305897
      ],
      [
       -84.15813882761482,
       33.877104250143255
      ],
      [
       -84.16146858185458,
       33.878971183946184
      ],
      [
       -84.16114875711875,
       33.87914128421229
      ],
      [
       -84.16271526709127,
       33.880622990941994
      ],
      [
       -84.16504872519673,
       33.87955903045403
      ],
      [
       -84.16499927860927,
       33.8784909008419
      ],
      [
       -84.16413764552165,
       33.87861180544281
      ],
      [
       -84.1645753004233,
       33.87706422655123
      ],
      [
       -84.165700999329,
       33.87873938064238
      ],
      [
       -84.16653317487517,
       33.8776996010746
      ],
      [
       -84.16771358064358,
       33.87845004342505
      ],
      [
       -84.16650582144382,
       33.87963574233874
      ],
      [
       -84.16671097217898,
       33.88105324455625
      ],
      [
       -84.16771147653347,
       33.88250576741677
      ],
      [
       -84.16562945958546,
       33.88370897665198
      ],
      [
       -84.16544745406145,
       33.88610038627539
      ],
      [
       -84.16105512421912,
       33.88783891105391
      ],
      [
       -84.16373996871197,
       33.8917211994802
      ],
      [
       -84.1616853051953,
       33.89191631449132
      ],
      [
       -84.15890156752756,
       33.893573124436124
      ],
      [
       -84.16071215427215,
       33.89484470730771
      ],
      [
       -84.16274998490799,
       33.89584362945863
      ],
      [
       -84.16244804510805,
       33.89490390887091
      ],
      [
       -84.1635064124904,
       33.89529580654281
      ],
      [
       -84.16308664252465,
       33.895921175168176
      ],
      [
       -84.16360214950015,
       33.89660074240774
      ],
      [
       -84.162427004007,
       33.89655905116605
      ],
      [
       -84.16029659252659,
       33.90106003761904
      ],
      [
       -84.15401898003098,
       33.90425858968159
      ],
      [
       -84.15340668399068,
       33.904875620058625
      ],
      [
       -84.14825897862097,
       33.904983183462186
      ],
      [
       -84.1472206002846,
       33.90527502215402
      ],
      [
       -84.1435626048686,
       33.907006042509046
      ],
      [
       -84.14206973874974,
       33.90635315766416
      ],
      [
       -84.14082726173326,
       33.90691265412766
      ],
      [
       -84.1404116999877,
       33.90627060900561
      ],
      [
       -84.13828128850729,
       33.90684011136711
      ],
      [
       -84.13941435179835,
       33.908203414970416
      ],
      [
       -84.14206132230932,
       33.90700103956004
      ],
      [
       -84.14242322924723,
       33.90752218008118
      ],
      [
       -84.1391060996681,
       33.909042242753245
      ],
      [
       -84.13748698694299,
       33.906884304083306
      ],
      [
       -84.1353955014995,
       33.90770562154462
      ],
      [
       -84.13341974211174,
       33.90650324613425
      ],
      [
       -84.13349864624064,
       33.9059645952916
      ],
      [
       -84.13197947874548,
       33.905663584526586
      ],
      [
       -84.12947137950138,
       33.906871796710796
      ],
      [
       -84.12740198721399,
       33.903850015513015
      ],
      [
       -84.12628154858355,
       33.90437365750866
      ],
      [
       -84.12608060606861,
       33.903289685224685
      ],
      [
       -84.1235199040719,
       33.90452541362841
      ],
      [
       -84.124026994607,
       33.905301704548705
      ],
      [
       -84.12316115329915,
       33.905700272819274
      ],
      [
       -84.12252571204772,
       33.904776394903394
      ],
      [
       -84.1136632002892,
       33.90900888975989
      ],
      [
       -84.1146395073775,
       33.91041471842972
      ],
      [
       -84.11529072945473,
       33.91016206950507
      ],
      [
       -84.11593353509153,
       33.9116787968778
      ],
      [
       -84.11490883347084,
       33.91230833462733
      ],
      [
       -84.11623968311169,
       33.914336196623196
      ],
      [
       -84.11495407183807,
       33.91503827713328
      ],
      [
       -84.11518762805963,
       33.91666673703374
      ],
      [
       -84.11728542583343,
       33.915933805004805
      ],
      [
       -84.1187341056401,
       33.91798834939535
      ],
      [
       -84.11581254876054,
       33.91929662055962
      ],
      [
       -84.11356535916936,
       33.91952091943992
      ],
      [
       -84.11290466859667,
       33.91902896278796
      ],
      [
       -84.11274475622875,
       33.91579789155689
      ],
      [
       -84.11348014271015,
       33.91578538418439
      ],
      [
       -84.11257958358559,
       33.9145012939403
      ],
      [
       -84.11324027415827,
       33.91280195892896
      ],
      [
       -84.11093627359428,
       33.90835934021434
      ],
      [
       -84.10986422949622,
       33.90867035687736
      ],
      [
       -84.11022929259929,
       33.9108332984963
      ],
      [
       -84.10752445906046,
       33.90894968819669
      ],
      [
       -84.1062640971081,
       33.90980686012586
      ],
      [
       -84.10696581782781,
       33.910284641755645
      ],
      [
       -84.1056781024441,
       33.91177385290886
      ],
      [
       -84.10386751569952,
       33.91227414780915
      ],
      [
       -84.10278705516106,
       33.911456999472
      ],
      [
       -84.09937839679239,
       33.910141223884224
      ],
      [
       -84.10301745521745,
       33.9084593991944
      ],
      [
       -84.10427255689456,
       33.908054160325165
      ],
      [
       -84.10491957075158,
       33.90876124378425
      ],
      [
       -84.10707312744313,
       33.908121700136704
      ],
      [
       -84.10748237685837,
       33.90764225085725
      ],
      [
       -84.10704682606682,
       33.90599878210978
      ],
      [
       -84.10870065660866,
       33.905338392841394
      ],
      [
       -84.10738979601379,
       33.90424191318492
      ],
      [
       -84.10879744567345,
       33.90350814733115
      ],
      [
       -84.10884689226089,
       33.902490881033884
      ],
      [
       -84.1150456006276,
       33.90029375259675
      ],
      [
       -84.11607135430336,
       33.902401661776665
      ],
      [
       -84.11688669696869,
       33.9020748024418
      ],
      [
       -84.11574626929227,
       33.899790956221956
      ],
      [
       -84.1154054034554,
       33.89752628797329
      ],
      [
       -84.11408297025497,
       33.8978247972638
      ],
      [
       -84.1137684057944,
       33.89715440209741
      ],
      [
       -84.11654372702172,
       33.896319743438745
      ],
      [
       -84.11425235111835,
       33.89394834561135
      ],
      [
       -84.11261114523714,
       33.89107998818299
      ],
      [
       -84.1116863888464,
       33.88885284205185
      ],
      [
       -84.11059751186751,
       33.88932061778362
      ],
      [
       -84.11022403232403,
       33.888716928603934
      ],
      [
       -84.11132027368828,
       33.88814492476793
      ],
      [
       -84.1103323939944,
       33.887487036974036
      ],
      [
       -84.107979998898,
       33.887427001586005
      ],
      [
       -84.10709522059922,
       33.88637304699605
      ],
      [
       -84.1081314948255,
       33.88614874811575
      ],
      [
       -84.10623043134643,
       33.88373482522183
      ],
      [
       -84.11019878300279,
       33.88196294744995
      ],
      [
       -84.11129502436702,
       33.883606416197416
      ],
      [
       -84.11230604927205,
       33.88629883658584
      ],
      [
       -84.1121535012895,
       33.887437841308845
      ],
      [
       -84.11447328267928,
       33.88553171773872
      ],
      [
       -84.11574942545742,
       33.883457161552165
      ],
      [
       -84.11524549108749,
       33.88240737608638
      ],
      [
       -84.11390622500622,
       33.88101322096422
      ],
      [
       -84.11600928305528,
       33.880024304711306
      ],
      [
       -84.11671205583005,
       33.8810349004099
      ],
      [
       -84.11831223156423,
       33.880291962482964
      ],
      [
       -84.11792086708486,
       33.87970911892412
      ],
      [
       -84.11905182626583,
       33.87900870606371
      ],
      [
       -84.11778725609325,
       33.87711425604126
      ],
      [
       -84.11892137143937,
       33.876633139112144
      ],
      [
       -84.11963887298488,
       33.87769626577527
      ],
      [
       -84.12050997456798,
       33.876904132183135
      ],
      [
       -84.11788825337825,
       33.8729518024708
      ],
      [
       -84.11899396323797,
       33.87247568849069
      ],
      [
       -84.12088766233167,
       33.875299853202854
      ],
      [
       -84.12525474285275,
       33.873331192770195
      ],
      [
       -84.1246961016201,
       33.87236729126229
      ],
      [
       -84.12587545533346,
       33.87097563761464
      ],
      [
       -84.12743565297565,
       33.87199707303608
      ],
      [
       -84.12874546151546,
       33.87081470942171
      ],
      [
       -84.12955028363028,
       33.87131500432201
      ],
      [
       -84.1301531111751,
       33.8703486013396
      ],
      [
       -84.12970388366789,
       33.86963484728185
      ],
      [
       -84.13090322642722,
       33.86899363598464
      ],
      [
       -84.12280976691177,
       33.865850116361116
      ],
      [
       -84.12486232631832,
       33.86490205752506
      ],
      [
       -84.12817314356714,
       33.8653097978688
      ],
      [
       -84.12672341170541,
       33.86572420881121
      ],
      [
       -84.12678022267822,
       33.866210328689334
      ],
      [
       -84.12940825619826,
       33.86640794517495
      ],
      [
       -84.12922835478436,
       33.865435705418705
      ],
      [
       -84.13006158238558,
       33.865280613999616
      ],
      [
       -84.13127986213586,
       33.86588763847864
      ],
      [
       -84.1304319057639,
       33.86643129227029
      ],
      [
       -84.13157233344033,
       33.868149805252806
      ]
     ]
    ]
   }
  },
  {
   "type": "Feature",
   "properties": {
    "name": "Mountain Park",
    "geoid": "1353186"
   },
   "geometry": {
    "type": "Polygon",
    "coordinates": [
     [
      [
       -84.16917172894573,
       33.85743098701399
      ],
      [
       -84.16637747072747,
       33.85866087864388
      ],
      [
       -84.16595664870665,
       33.8579663025573
      ],
      [
       -84.16351062071062,
       33.859006082125084
      ],
      [
       -84.16341698781099,
       33.86182691153791
      ],
      [
       -84.1598378965239,
       33.8610155999746
      ],
      [
       -84.1600462034242,
       33.86228217989718
      ],
      [
       -84.15891208807808,
       33.86501128857829
      ],
      [
       -84.15732243289443,
       33.86602271810172
      ],
      [
       -84.15653549571549,
       33.86488538102839
      ],
      [
       -84.15201691926691,
       33.8661010976361
      ],
      [
       -84.15122156564756,
       33.86486536923237
      ],
      [
       -84.14822426080426,
       33.866228672835675
      ],
      [
       -84.14859248007248,
       33.86688322533023
      ],
      [
       -84.14645786037185,
       33.867702041317045
      ],
      [
       -84.1465578056018,
       33.86705582707083
      ],
      [
       -84.14508598058399,
       33.8677378957849
      ],
      [
       -84.14117759606559,
       33.86912621413322
      ],
      [
       -84.13903245581446,
       33.87008094356795
      ],
      [
       -84.13868843381243,
       33.869572310419315
      ],
      [
       -84.13672319497519,
       33.87005175969876
      ],
      [
       -84.13492628494629,
       33.867449392392395
      ],
      [
       -84.13256862957464,
       33.868524192603196
      ],
      [
       -84.13157233344033,
       33.868149805252806
      ],
      [
       -84.13275589537389,
       33.86520223446524
      ],
      [
       -84.13474953969754,
       33.86390563684864
      ],
      [
       -84.13554068509669,
       33.86307097818998
      ],
      [
       -84.13373746273746,
       33.86181523799024
      ],
      [
       -84.13164071701871,
       33.86077712607213
      ],
      [
       -84.13094530862931,
       33.85968898466399
      ],
      [
       -84.1303003988824,
       33.8569948966259
      ],
      [
       -84.12763764754564,
       33.85268902518403
      ],
      [
       -84.1267654939075,
       33.85184185915286
      ],
      [
       -84.12437417277417,
       33.850220903675904
      ],
      [
       -84.12219747087147,
       33.847140754739755
      ],
      [
       -84.11662368320569,
       33.84911358429659
      ],
      [
       -84.11078372561173,
       33.85249224252325
      ],
      [
       -84.10937291978692,
       33.850330134729134
      ],
      [
       -84.10740347272947,
       33.85005997548298
      ],
      [
       -84.1073172042152,
       33.84903520476221
      ],
      [
       -84.10636614644815,
       33.84857826875327
      ],
      [
       -84.10554449145249,
       33.849627220394225
      ],
      [
       -84.10467444192444,
       33.84888428246728
      ],
      [
       -84.10290383327184,
       33.843983893918896
      ],
      [
       -84.10325101143901,
       33.8428598980429
      ],
      [
       -84.10227996462596,
       33.84046598694499
      ],
      [
       -84.10141833153833,
       33.83916271872972
      ],
      [
       -84.10345195395395,
       33.83934032341933
      ],
      [
       -84.10528147768947,
       33.83791531677832
      ],
      [
       -84.10876483196684,
       33.83743586749887
      ],
      [
       -84.10868382372783,
       33.836401090880095
      ],
      [
       -84.107979998898,
       33.83555726014826
      ],
      [
       -84.10630828342028,
       33.83451414528115
      ],
      [
       -84.10462394328194,
       33.83383207656708
      ],
      [
       -84.10435356513356,
       33.83316168140068
      ],
      [
       -84.104725992622,
       33.831585752464754
      ],
      [
       -84.10578856822457,
       33.830008155879156
      ],
      [
       -84.1056781024441,
       33.828965874836875
      ],
      [
       -84.10466392137393,
       33.82754086819587
      ],
      [
       -84.1029922058962,
       33.82655778871679
      ],
      [
       -84.10177182203581,
       33.82528036907137
      ],
      [
       -84.11610291595491,
       33.82264881789582
      ],
      [
       -84.1173496011916,
       33.822567103062106
      ],
      [
       -84.12625735131735,
       33.82304988764089
      ],
      [
       -84.12791644213443,
       33.825305383816385
      ],
      [
       -84.13212045412246,
       33.829355271034274
      ],
      [
       -84.13338292018491,
       33.83130475349576
      ],
      [
       -84.13336924346925,
       33.83345268626769
      ],
      [
       -84.13682314020514,
       33.836696264871264
      ],
      [
       -84.13823605014005,
       33.83704313600214
      ],
      [
       -84.14126596868996,
       33.83894509044809
      ],
      [
       -84.14322384314184,
       33.839310305725306
      ],
      [
       -84.14440424891025,
       33.8391894011244
      ],
      [
       -84.1454278984759,
       33.83990315518216
      ],
      [
       -84.14635791514192,
       33.84115722773223
      ],
      [
       -84.14885023356024,
       33.84313506023806
      ],
      [
       -84.14994542286942,
       33.84587500864201
      ],
      [
       -84.15304162088762,
       33.847875354418356
      ],
      [
       -84.15403476085676,
       33.84810715772216
      ],
      [
       -84.15584955582156,
       33.85043936578237
      ],
      [
       -84.15690792320392,
       33.85233381580482
      ],
      [
       -84.1584071016531,
       33.85360206337707
      ],
      [
       -84.16146858185458,
       33.853917249164255
      ],
      [
       -84.1656746979527,
       33.855736654951656
      ],
      [
       -84.16917172894573,
       33.85743098701399
      ]
     ]
    ]
   }
  },
  {
   "type": "Feature",
   "properties": {
    "name": "Norcross",
    "geoid": "1355776"
   },
   "geometry": {
    "type": "Polygon",
    "coordinates": [
     [
      [
       -84.22934401764802,
       33.95090191706092
      ],
      [
       -84.22651819777819,
       33.952603753546754
      ],
      [
       -84.2219912048892,
       33.95474168042068
      ],
      [
       -84.22369763818364,
       33.9570888973279
      ],
      [
       -84.22316003805204,
       33.95733987860288
      ],
      [
       -84.22438252602252,
       33.95885493832594
      ],
      [
       -84.22242465157065,
       33.95977381329281
      ],
      [
       -84.22130736910538,
       33.95819871818172
      ],
      [
       -84.22031528119128,
       33.95830211246111
      ],
      [
       -84.22034158256758,
       33.956827910154914
      ],
      [
       -84.21912751103751,
       33.95593404993305
      ],
      [
       -84.21439641946841,
       33.95837882434583
      ],
      [
       -84.21381252891453,
       33.958921644312646
      ],
      [
       -84.21117502689903,
       33.96010817705118
      ],
      [
       -84.21251534503534,
       33.961961769656774
      ],
      [
       -84.21212187644588,
       33.96272305173005
      ],
      [
       -84.21278782729382,
       33.9637077988588
      ],
      [
       -84.21395981662181,
       33.96408969063269
      ],
      [
       -84.21332121920521,
       33.96498938762839
      ],
      [
       -84.21419021667822,
       33.96627514552215
      ],
      [
       -84.2152022936383,
       33.96593661263962
      ],
      [
       -84.21646686381087,
       33.967852742107745
      ],
      [
       -84.2147457017457,
       33.96774601252901
      ],
      [
       -84.210063004709,
       33.96830467516768
      ],
      [
       -84.20771586988786,
       33.968804136243136
      ],
      [
       -84.2074034095374,
       33.96744083263984
      ],
      [
       -84.20773691098891,
       33.96604167456868
      ],
      [
       -84.20471646093446,
       33.96648526938027
      ],
      [
       -84.20461756775957,
       33.96614673649774
      ],
      [
       -84.2080861932662,
       33.96464084884785
      ],
      [
       -84.20836077963477,
       33.963145800920806
      ],
      [
       -84.20840917416717,
       33.960585124856124
      ],
      [
       -84.20778846168646,
       33.96113795072095
      ],
      [
       -84.20734449445449,
       33.96056594688495
      ],
      [
       -84.20819455493655,
       33.960169880088884
      ],
      [
       -84.20835551935951,
       33.96009817115317
      ],
      [
       -84.20793048911848,
       33.95551880516581
      ],
      [
       -84.20697732724133,
       33.95498515727216
      ],
      [
       -84.20472698148498,
       33.95506937358038
      ],
      [
       -84.20278804402405,
       33.95478587313688
      ],
      [
       -84.2016655012835,
       33.95406711613012
      ],
      [
       -84.2001031995312,
       33.95232608987709
      ],
      [
       -84.19898170884571,
       33.953129063192065
      ],
      [
       -84.19752987287387,
       33.95101615106315
      ],
      [
       -84.19763613043413,
       33.950108949643955
      ],
      [
       -84.19684498503499,
       33.94883486529787
      ],
      [
       -84.19587078205679,
       33.94931264692765
      ],
      [
       -84.19522797641997,
       33.948206161373164
      ],
      [
       -84.19971709532709,
       33.94548205564106
      ],
      [
       -84.19922578561778,
       33.94474495448796
      ],
      [
       -84.20080281614082,
       33.94367182192683
      ],
      [
       -84.19861454163254,
       33.943906960529965
      ],
      [
       -84.19696281520082,
       33.94297641201541
      ],
      [
       -84.19836625664026,
       33.94206170617271
      ],
      [
       -84.19770135784735,
       33.94163228638329
      ],
      [
       -84.19553096827497,
       33.943073969520974
      ],
      [
       -84.19499652430852,
       33.9425027995098
      ],
      [
       -84.19402442544042,
       33.943137340208345
      ],
      [
       -84.19293028818629,
       33.94156891569592
      ],
      [
       -84.19184351531752,
       33.942058370873376
      ],
      [
       -84.19120596995597,
       33.93937929168229
      ],
      [
       -84.18879781594181,
       33.93839204307905
      ],
      [
       -84.1908935096055,
       33.937690796393795
      ],
      [
       -84.19077147121948,
       33.937306403145406
      ],
      [
       -84.18791408969808,
       33.9379717953628
      ],
      [
       -84.18452962859563,
       33.93635417518518
      ],
      [
       -84.18364485029684,
       33.93698704823405
      ],
      [
       -84.18048447692047,
       33.935420291371294
      ],
      [
       -84.17992267952268,
       33.93398694648195
      ],
      [
       -84.18059915092115,
       33.93369677543978
      ],
      [
       -84.17833618050417,
       33.9329971964042
      ],
      [
       -84.17682122122922,
       33.933513333976336
      ],
      [
       -84.17669392256792,
       33.93294966838867
      ],
      [
       -84.17244677632277,
       33.93403530832231
      ],
      [
       -84.17140313771114,
       33.93444721779022
      ],
      [
       -84.16776618339618,
       33.93653428134928
      ],
      [
       -84.16466788126787,
       33.9381468985779
      ],
      [
       -84.16315186993786,
       33.93840288280188
      ],
      [
       -84.15994836230436,
       33.93783504809005
      ],
      [
       -84.15925716213516,
       33.9371187925578
      ],
      [
       -84.16143702020302,
       33.93515930419831
      ],
      [
       -84.16498875805875,
       33.93315562312262
      ],
      [
       -84.17157251857452,
       33.93073502963003
      ],
      [
       -84.17298753261953,
       33.930362309929315
      ],
      [
       -84.17557348393748,
       33.930808406215405
      ],
      [
       -84.17759868991268,
       33.93041400706901
      ],
      [
       -84.17620892518893,
       33.928422833365836
      ],
      [
       -84.17832565995366,
       33.927402231769236
      ],
      [
       -84.17899581902182,
       33.92562618487319
      ],
      [
       -84.18406882848282,
       33.92321392962893
      ],
      [
       -84.18248022535423,
       33.92158380207881
      ],
      [
       -84.18334080638681,
       33.920619900570905
      ],
      [
       -84.18560588091388,
       33.92390683806584
      ],
      [
       -84.19699332479732,
       33.91855618410719
      ],
      [
       -84.1984925032465,
       33.91769067392968
      ],
      [
       -84.20442819785019,
       33.91369498532599
      ],
      [
       -84.2058653050513,
       33.91310713881814
      ],
      [
       -84.20812406724806,
       33.91264186456087
      ],
      [
       -84.2106710925291,
       33.920137949816954
      ],
      [
       -84.21195775585775,
       33.92172721995022
      ],
      [
       -84.21819118204118,
       33.925994735449734
      ],
      [
       -84.21969667282067,
       33.92760902032802
      ],
      [
       -84.2235997970638,
       33.93432381171481
      ],
      [
       -84.2243194027194,
       33.93501004955305
      ],
      [
       -84.22688852115652,
       33.935694619741625
      ],
      [
       -84.22983848352249,
       33.93526686760187
      ],
      [
       -84.23238340469341,
       33.93552201800102
      ],
      [
       -84.23373213927013,
       33.936129876304875
      ],
      [
       -84.23508297795698,
       33.93745482396583
      ],
      [
       -84.23830542258142,
       33.94208588709289
      ],
      [
       -84.2402675052535,
       33.94370934404434
      ],
      [
       -84.23674206877406,
       33.94553875572976
      ],
      [
       -84.23319348708348,
       33.94813111713812
      ],
      [
       -84.22907574360974,
       33.950549209156215
      ],
      [
       -84.22934401764802,
       33.95090191706092
      ]
     ]
    ]
   }
  },
  {
   "type": "Feature",
   "properties": {
    "name": "Peachtree Corners",
    "geoid": "1359735"
   },
   "geometry": {
    "type": "Polygon",
    "coordinates": [
     [
      [
       -84.27683167858768,
       33.95710223852524
      ],
      [
       -84.27643610588811,
       33.95777680281581
      ],
      [
       -84.27519362887163,
       33.958056134135134
      ],
      [
       -84.27484119042919,
       33.957540830387835
      ],
      [
       -84.27396903679103,
       33.9581586945897
      ],
      [
       -84.27303691601492,
       33.9579860928491
      ],
      [
       -84.2724951076631,
       33.958839929478934
      ],
      [
       -84.26874137523737,
       33.96159738820439
      ],
      [
       -84.26762198866199,
       33.96377617249517
      ],
      [
       -84.26574722655923,
       33.964630842949845
      ],
      [
       -84.26021657315057,
       33.96755173134273
      ],
      [
       -84.25808931783531,
       33.968183770566775
      ],
      [
       -84.26006612927813,
       33.96986225995726
      ],
      [
       -84.26125389943189,
       33.97127059010159
      ],
      [
       -84.26101613499013,
       33.97137815350516
      ],
      [
       -84.26241221204421,
       33.97344603909304
      ],
      [
       -84.26151375702976,
       33.974700945467944
      ],
      [
       -84.26137698987299,
       33.977656854503856
      ],
      [
       -84.26311498481898,
       33.98347778566879
      ],
      [
       -84.26307395467195,
       33.985809993729
      ],
      [
       -84.26261315455915,
       33.98669384805285
      ],
      [
       -84.26113291310091,
       33.98737591676692
      ],
      [
       -84.25986097854297,
       33.98715995613496
      ],
      [
       -84.25698045181045,
       33.98567741558042
      ],
      [
       -84.25443027036427,
       33.98593006450507
      ],
      [
       -84.25265966171166,
       33.98748931694432
      ],
      [
       -84.25142875730076,
       33.989618905569905
      ],
      [
       -84.24944668558268,
       33.99192276358576
      ],
      [
       -84.24900377040576,
       33.99395312705613
      ],
      [
       -84.24956030752831,
       33.99599099495
      ],
      [
       -84.24891118956118,
       33.99737514417414
      ],
      [
       -84.24800747427147,
       33.99801218634719
      ],
      [
       -84.24607064092064,
       33.99856334456235
      ],
      [
       -84.24165726997727,
       33.99922873677974
      ],
      [
       -84.23917547210947,
       33.999153692544695
      ],
      [
       -84.23597196447597,
       34.00010258520559
      ],
      [
       -84.23523026566427,
       34.00094141298842
      ],
      [
       -84.23297676374277,
       34.001294954717956
      ],
      [
       -84.23097680708881,
       34.00246814625915
      ],
      [
       -84.22840768865169,
       34.00344705661406
      ],
      [
       -84.22503585220986,
       34.0036796937427
      ],
      [
       -84.2198166070966,
       34.003156051747055
      ],
      [
       -84.21576514309115,
       34.003607150982155
      ],
      [
       -84.21202193121593,
       34.003317813764816
      ],
      [
       -84.20992623755224,
       34.00204206176906
      ],
      [
       -84.20653651617451,
       33.999424685615686
      ],
      [
       -84.20374436206636,
       33.998393244296246
      ],
      [
       -84.20242613708614,
       33.996978243553244
      ],
      [
       -84.20180858077057,
       33.99474275917376
      ],
      [
       -84.20243770969171,
       33.99349785869686
      ],
      [
       -84.20474697053098,
       33.99236302309802
      ],
      [
       -84.2054024008284,
       33.99095802825303
      ],
      [
       -84.20495948565149,
       33.98991991633492
      ],
      [
       -84.20345294281694,
       33.98910526947227
      ],
      [
       -84.20040198316599,
       33.98942128908429
      ],
      [
       -84.19684814120014,
       33.99011086222186
      ],
      [
       -84.19373195413596,
       33.99049608929509
      ],
      [
       -84.19253787165187,
       33.98887013086913
      ],
      [
       -84.19358782259383,
       33.987308376955376
      ],
      [
       -84.19382137881537,
       33.98544894757595
      ],
      [
       -84.19258311001911,
       33.98397974821875
      ],
      [
       -84.19341528556528,
       33.98307338062438
      ],
      [
       -84.1912775096995,
       33.98123312921613
      ],
      [
       -84.19044849031849,
       33.97956631337332
      ],
      [
       -84.19125226037826,
       33.97894177857278
      ],
      [
       -84.1905294985575,
       33.97824887013587
      ],
      [
       -84.19451678720479,
       33.976265200856204
      ],
      [
       -84.19168781116981,
       33.97217278857179
      ],
      [
       -84.19256206891806,
       33.971493221332224
      ],
      [
       -84.19352154312554,
       33.97158160676461
      ],
      [
       -84.19507858460258,
       33.970445103516106
      ],
      [
       -84.19425377344177,
       33.96950871822772
      ],
      [
       -84.19551097922898,
       33.96898174093274
      ],
      [
       -84.19501125307926,
       33.96806536744037
      ],
      [
       -84.19842201555801,
       33.9662542999013
      ],
      [
       -84.19747937423138,
       33.96498688615389
      ],
      [
       -84.19599387249787,
       33.96566895486796
      ],
      [
       -84.19480820645421,
       33.96720736168636
      ],
      [
       -84.19411700628501,
       33.96723321025621
      ],
      [
       -84.1915542001782,
       33.96906012046712
      ],
      [
       -84.18983303811304,
       33.96667287996788
      ],
      [
       -84.19085879178878,
       33.96671290355991
      ],
      [
       -84.19107025485425,
       33.96566478574379
      ],
      [
       -84.1901191970872,
       33.964683373914376
      ],
      [
       -84.18875257757458,
       33.964880156575155
      ],
      [
       -84.18874626524426,
       33.966739585954585
      ],
      [
       -84.1855659028219,
       33.96707561736262
      ],
      [
       -84.18288105832906,
       33.968232966231966
      ],
      [
       -84.18121355107155,
       33.9690200968751
      ],
      [
       -84.17843402162401,
       33.96786775095475
      ],
      [
       -84.17483388923588,
       33.97035838573339
      ],
      [
       -84.17523577426577,
       33.97103711914812
      ],
      [
       -84.17750716112316,
       33.97054266102166
      ],
      [
       -84.17809631195232,
       33.97138732557833
      ],
      [
       -84.17866021346022,
       33.97109798836099
      ],
      [
       -84.17959023012622,
       33.9724145977736
      ],
      [
       -84.17772388446389,
       33.97292406474707
      ],
      [
       -84.17907051493052,
       33.975187899170905
      ],
      [
       -84.17492226186026,
       33.976822195845195
      ],
      [
       -84.17201964197164,
       33.97272227913728
      ],
      [
       -84.16712653392453,
       33.97613595800696
      ],
      [
       -84.16773462174461,
       33.97796536969237
      ],
      [
       -84.16648267623268,
       33.97855488384989
      ],
      [
       -84.16360951388552,
       33.97664375733076
      ],
      [
       -84.16993552091353,
       33.972031872174874
      ],
      [
       -84.182880006274,
       33.96272138408039
      ],
      [
       -84.1908914054954,
       33.95599408532109
      ],
      [
       -84.19763613043413,
       33.950108949643955
      ],
      [
       -84.19752987287387,
       33.95101615106315
      ],
      [
       -84.19898170884571,
       33.953129063192065
      ],
      [
       -84.2001031995312,
       33.95232608987709
      ],
      [
       -84.20205160548761,
       33.95473167452268
      ],
      [
       -84.20272281661082,
       33.95502934998835
      ],
      [
       -84.20708463685664,
       33.955251981218986
      ],
      [
       -84.2077832014112,
       33.955461271252275
      ],
      [
       -84.20819455493655,
       33.960169880088884
      ],
      [
       -84.20734449445449,
       33.96056594688495
      ],
      [
       -84.20778846168646,
       33.96113795072095
      ],
      [
       -84.20840917416717,
       33.960585124856124
      ],
      [
       -84.20836077963477,
       33.963145800920806
      ],
      [
       -84.2080861932662,
       33.96464084884785
      ],
      [
       -84.20461756775957,
       33.96614673649774
      ],
      [
       -84.20471646093446,
       33.96648526938027
      ],
      [
       -84.20773691098891,
       33.96604167456868
      ],
      [
       -84.2074034095374,
       33.96744083263984
      ],
      [
       -84.20771586988786,
       33.968804136243136
      ],
      [
       -84.210063004709,
       33.96830467516768
      ],
      [
       -84.2147457017457,
       33.96774601252901
      ],
      [
       -84.21646686381087,
       33.967852742107745
      ],
      [
       -84.2152022936383,
       33.96593661263962
      ],
      [
       -84.21419021667822,
       33.96627514552215
      ],
      [
       -84.21332121920521,
       33.96498938762839
      ],
      [
       -84.21395981662181,
       33.96408969063269
      ],
      [
       -84.21278782729382,
       33.9637077988588
      ],
      [
       -84.21212187644588,
       33.96272305173005
      ],
      [
       -84.21251534503534,
       33.961961769656774
      ],
      [
       -84.21117502689903,
       33.96010817705118
      ],
      [
       -84.21381252891453,
       33.958921644312646
      ],
      [
       -84.21439641946841,
       33.95837882434583
      ],
      [
       -84.21912751103751,
       33.95593404993305
      ],
      [
       -84.22034158256758,
       33.956827910154914
      ],
      [
       -84.22031528119128,
       33.95830211246111
      ],
      [
       -84.22130736910538,
       33.95819871818172
      ],
      [
       -84.22242465157065,
       33.95977381329281
      ],
      [
       -84.22438252602252,
       33.95885493832594
      ],
      [
       -84.22316003805204,
       33.95733987860288
      ],
      [
       -84.22369763818364,
       33.9570888973279
      ],
      [
       -84.2219912048892,
       33.95474168042068
      ],
      [
       -84.22651819777819,
       33.952603753546754
      ],
      [
       -84.22934401764802,
       33.95090191706092
      ],
      [
       -84.23421398048399,
       33.94807274939975
      ],
      [
       -84.24037691897892,
       33.94462488371189
      ],
      [
       -84.24035903404304,
       33.94349088193788
      ],
      [
       -84.23835171300371,
       33.94183407199307
      ],
      [
       -84.23524604649005,
       33.93736977383278
      ],
      [
       -84.23366375569175,
       33.935923921570925
      ],
      [
       -84.23075903169303,
       33.93508425996326
      ],
      [
       -84.22661709095308,
       33.93556537689238
      ],
      [
       -84.22468972609772,
       33.93504840549541
      ],
      [
       -84.22342305181505,
       33.93376264760165
      ],
      [
       -84.22279813111413,
       33.93214502742403
      ],
      [
       -84.23006257124857,
       33.93041984384285
      ],
      [
       -84.23083477965677,
       33.930879281326284
      ],
      [
       -84.23278318561319,
       33.930169696392696
      ],
      [
       -84.23820232118632,
       33.92912408005108
      ],
      [
       -84.24253047567048,
       33.928151840294845
      ],
      [
       -84.2472805042305,
       33.926523380394386
      ],
      [
       -84.24990853775054,
       33.925271809318815
      ],
      [
       -84.25165915735715,
       33.923836796779796
      ],
      [
       -84.25496261022062,
       33.92148290927391
      ],
      [
       -84.25654595307395,
       33.92059988877489
      ],
      [
       -84.25632081329282,
       33.91981109048209
      ],
      [
       -84.258285000075,
       33.91788995806496
      ],
      [
       -84.2587984029404,
       33.918577029728034
      ],
      [
       -84.25900460573061,
       33.91881216833117
      ],
      [
       -84.25901302217102,
       33.91882384187885
      ],
      [
       -84.25868583304984,
       33.91979274633575
      ],
      [
       -84.2607489130069,
       33.92184562307663
      ],
      [
       -84.26120550489951,
       33.9228753967464
      ],
      [
       -84.26042908827108,
       33.923478252101255
      ],
      [
       -84.26319494100294,
       33.926590920205925
      ],
      [
       -84.26193037083037,
       33.92731217868718
      ],
      [
       -84.26410076040275,
       33.92967773974074
      ],
      [
       -84.26486455237055,
       33.9307958988429
      ],
      [
       -84.26492767567368,
       33.93120530683631
      ],
      [
       -84.26533692508892,
       33.93257611486312
      ],
      [
       -84.26720747897147,
       33.93637418698119
      ],
      [
       -84.26928633975434,
       33.94015224730325
      ],
      [
       -84.2681111942612,
       33.94068422754723
      ],
      [
       -84.2691706136986,
       33.941132825307825
      ],
      [
       -84.2704656934677,
       33.94400785333485
      ],
      [
       -84.26990810429011,
       33.945913976904976
      ],
      [
       -84.26586821289021,
       33.94792516240416
      ],
      [
       -84.27147040604241,
       33.95589235869136
      ],
      [
       -84.27532513575314,
       33.954098801473805
      ],
      [
       -84.27683167858768,
       33.95710223852524
      ]
     ]
    ]
   }
  },
  {
   "type": "Feature",
   "properties": {
    "name": "Rest Haven",
    "geoid": "1364792"
   },
   "geometry": {
    "type": "MultiPolygon",
    "coordinates": [
     [
      [
       [
        -83.98053931016732,
        34.138657590192594
       ],
       [
        -83.97947778661978,
        34.1382756984187
       ],
       [
        -83.978612997367,
        34.13875514769815
       ],
       [
        -83.97783342457342,
        34.13920207780908
       ],
       [
        -83.97645733656533,
        34.13872012705513
       ],
       [
        -83.97146849150849,
        34.13850166494867
       ],
       [
        -83.9712465078925,
        34.138730132953135
       ],
       [
        -83.96996615689416,
        34.137115014250014
       ],
       [
        -83.96898038131039,
        34.13597600952701
       ],
       [
        -83.96953797048798,
        34.1347135987286
       ],
       [
        -83.97171151622551,
        34.13247227757528
       ],
       [
        -83.97222912731112,
        34.13344785263085
       ],
       [
        -83.9705710885491,
        34.13512133907234
       ],
       [
        -83.97375355508156,
        34.136217818728824
       ],
       [
        -83.97745573680973,
        34.13239806716507
       ],
       [
        -83.97805751229951,
        34.13279997073497
       ],
       [
        -83.97715800523001,
        34.133707172154175
       ],
       [
        -83.97795125473925,
        34.13480698710999
       ],
       [
        -83.9779502026842,
        34.136950750757755
       ],
       [
        -83.9791285043425,
        34.13659887667788
       ],
       [
        -83.98053931016732,
        34.138657590192594
       ]
      ]
     ],
     [
      [
       [
        -83.97972501955702,
        34.13129408308509
       ],
       [
        -83.9783584000444,
        34.13248228347329
       ],
       [
        -83.977743999894,
        34.13210122552423
       ],
       [
        -83.97956615924416,
        34.130210110801116
       ],
       [
        -83.97972501955702,
        34.13129408308509
       ]
      ]
     ]
    ]
   }
  },
  {
   "type": "Feature",
   "properties": {
    "name": "Snellville",
    "geoid": "1371604"
   },
   "geometry": {
    "type": "Polygon",
    "coordinates": [
     [
      [
       -84.0429124980385,
       33.86007337791238
      ],
      [
       -84.04109244279844,
       33.85885432600533
      ],
      [
       -84.03639501699102,
       33.861127332502335
      ],
      [
       -84.0389914888595,
       33.865077160740164
      ],
      [
       -84.03803937903737,
       33.86553993352294
      ],
      [
       -84.0385874997195,
       33.86631539061839
      ],
      [
       -84.03653073209273,
       33.866818186993186
      ],
      [
       -84.03614147172347,
       33.86759030878931
      ],
      [
       -84.03663698965299,
       33.86855337647238
      ],
      [
       -84.03561544419745,
       33.869333002692
      ],
      [
       -84.03420043015242,
       33.86737434815735
      ],
      [
       -84.03271808458409,
       33.86810728018628
      ],
      [
       -84.03257605715206,
       33.86891525645026
      ],
      [
       -84.03406366299566,
       33.86999172431073
      ],
      [
       -84.03702414591214,
       33.87044532502033
      ],
      [
       -84.03678743352543,
       33.871074862769866
      ],
      [
       -84.0396584917625,
       33.87525482666183
      ],
      [
       -84.03479273714673,
       33.87763873186174
      ],
      [
       -84.02946828652829,
       33.869659862026865
      ],
      [
       -84.02465092644492,
       33.87190535230435
      ],
      [
       -84.02733892710293,
       33.875914382105385
      ],
      [
       -84.0250991018971,
       33.876980844067845
      ],
      [
       -84.02591234045234,
       33.87797893239394
      ],
      [
       -84.02535790743991,
       33.87827494020994
      ],
      [
       -84.02788704778504,
       33.88094568115268
      ],
      [
       -84.02555884995485,
       33.882047997583
      ],
      [
       -84.02377666869667,
       33.88029696543197
      ],
      [
       -84.02293397259997,
       33.88137176564277
      ],
      [
       -84.02252893140493,
       33.88089481783782
      ],
      [
       -84.019154990853,
       33.88251077036577
      ],
      [
       -84.01914131413731,
       33.88321034940135
      ],
      [
       -84.016648995719,
       33.884334345277345
      ],
      [
       -84.01726339586939,
       33.88446275430176
      ],
      [
       -84.01430922528323,
       33.88587191827092
      ],
      [
       -84.01384000873001,
       33.887135996718996
      ],
      [
       -84.01317510993711,
       33.886988409723415
      ],
      [
       -84.01273745503545,
       33.888067379058384
      ],
      [
       -84.01339288533289,
       33.88901126877027
      ],
      [
       -84.00968228716428,
       33.89051715642016
      ],
      [
       -84.00842192521192,
       33.890126926397926
      ],
      [
       -84.00638304252104,
       33.89109499703
      ],
      [
       -84.00660081791682,
       33.88599282287183
      ],
      [
       -83.99831378027179,
       33.889304775111775
      ],
      [
       -83.9959413961294,
       33.88568097238397
      ],
      [
       -83.99625385647985,
       33.885445833780835
      ],
      [
       -84.00409166661767,
       33.88168611760512
      ],
      [
       -84.00219586341386,
       33.87887612791513
      ],
      [
       -84.00075244388245,
       33.879554861329865
      ],
      [
       -84.00007386837387,
       33.87854676710577
      ],
      [
       -83.99884085985286,
       33.87916463130763
      ],
      [
       -83.99760364311165,
       33.877311872526874
      ],
      [
       -84.00166352355753,
       33.87539490923391
      ],
      [
       -84.00011910674111,
       33.87309188504289
      ],
      [
       -83.99662628396828,
       33.87474535968836
      ],
      [
       -83.9933564968665,
       33.8732177925928
      ],
      [
       -83.99372787229987,
       33.87115991290292
      ],
      [
       -83.99239702265902,
       33.87071715191615
      ],
      [
       -83.99155958683758,
       33.86867594872295
      ],
      [
       -83.99470207527807,
       33.86650466885567
      ],
      [
       -83.99577517143118,
       33.86726261562962
      ],
      [
       -83.99531647542848,
       33.8682456951087
      ],
      [
       -83.99626753319554,
       33.86764867652768
      ],
      [
       -83.99732274441274,
       33.86886189166089
      ],
      [
       -83.99826538573939,
       33.86803223595124
      ],
      [
       -84.00017907387907,
       33.86713337278037
      ],
      [
       -83.99921013117613,
       33.86670478681579
      ],
      [
       -83.99660419081219,
       33.86285668520769
      ],
      [
       -83.99960675593076,
       33.86144168446469
      ],
      [
       -84.00045471230271,
       33.86260403628304
      ],
      [
       -84.00124164948164,
       33.86223631953132
      ],
      [
       -83.99794871716871,
       33.85734760453061
      ],
      [
       -83.99622860715861,
       33.85814807637108
      ],
      [
       -83.9952828096668,
       33.85674725065025
      ],
      [
       -83.9938215051995,
       33.857750341925346
      ],
      [
       -83.99451586153386,
       33.858534971093974
      ],
      [
       -83.99276418987219,
       33.85948302993003
      ],
      [
       -83.99223605823606,
       33.86043525789026
      ],
      [
       -83.99143334023134,
       33.86043359024059
      ],
      [
       -83.98920087941087,
       33.85745683558384
      ],
      [
       -83.98433617685018,
       33.859675643466645
      ],
      [
       -83.9848359029999,
       33.85781037731338
      ],
      [
       -83.97896227964428,
       33.8595930948081
      ],
      [
       -83.97762090945291,
       33.85870423753524
      ],
      [
       -83.97696021888022,
       33.85914533087233
      ],
      [
       -83.976289007757,
       33.85851412547313
      ],
      [
       -83.97417437710237,
       33.860039191094195
      ],
      [
       -83.97247636024836,
       33.86005586759087
      ],
      [
       -83.97150952165552,
       33.858750931725936
      ],
      [
       -83.96961161434162,
       33.85811972632673
      ],
      [
       -83.96865529629929,
       33.85667470788971
      ],
      [
       -83.9628995031095,
       33.85940214892115
      ],
      [
       -83.96554752567552,
       33.86350206562907
      ],
      [
       -83.97031754328154,
       33.862137094376095
      ],
      [
       -83.9741365031205,
       33.86755612197113
      ],
      [
       -83.97332747278547,
       33.86836493205993
      ],
      [
       -83.97308865628865,
       33.87046283534184
      ],
      [
       -83.9702638884739,
       33.86631539061839
      ],
      [
       -83.96522033655434,
       33.86867261342361
      ],
      [
       -83.96138349177949,
       33.86771788398889
      ],
      [
       -83.96210204538005,
       33.86567584697085
      ],
      [
       -83.96141715754116,
       33.86460688353389
      ],
      [
       -83.95720157294757,
       33.86336031540732
      ],
      [
       -83.95728889351689,
       33.86172101578402
      ],
      [
       -83.95818945264145,
       33.86197866765767
      ],
      [
       -83.95809687179687,
       33.86115735019635
      ],
      [
       -83.95726574830574,
       33.86099558817859
      ],
      [
       -83.95709321127721,
       33.85858666823367
      ],
      [
       -83.95875651031452,
       33.85774116985217
      ],
      [
       -83.95911420903221,
       33.8581855984886
      ],
      [
       -83.9622325002065,
       33.85671473148173
      ],
      [
       -83.96149185344986,
       33.85559990767891
      ],
      [
       -83.96090901495101,
       33.85584505218005
      ],
      [
       -83.95979278454078,
       33.8541698980889
      ],
      [
       -83.95848718422118,
       33.85471271805572
      ],
      [
       -83.95796536491537,
       33.85381302106002
      ],
      [
       -83.96053448335249,
       33.852660675139674
      ],
      [
       -83.96105945882346,
       33.85367877526178
      ],
      [
       -83.96166754664354,
       33.8536104016254
      ],
      [
       -83.95981487769687,
       33.85091881506182
      ],
      [
       -83.95879017607618,
       33.85138909226809
      ],
      [
       -83.95837461433061,
       33.850813753132755
      ],
      [
       -83.95541518346919,
       33.85222792005092
      ],
      [
       -83.95550145198345,
       33.85095133423034
      ],
      [
       -83.95334579118179,
       33.850244250771254
      ],
      [
       -83.9509691988192,
       33.847395071314075
      ],
      [
       -83.9556013972134,
       33.84518793697894
      ],
      [
       -83.95681231257831,
       33.84548894774395
      ],
      [
       -83.95707848250649,
       33.844662627333626
      ],
      [
       -83.96121095475095,
       33.84378460978361
      ],
      [
       -83.96238294407894,
       33.845658214185214
      ],
      [
       -83.96467326792727,
       33.84558483759984
      ],
      [
       -83.96498678033278,
       33.84645535072635
      ],
      [
       -83.96337292788293,
       33.847220801923804
      ],
      [
       -83.96398943214344,
       33.84819137403038
      ],
      [
       -83.9721176094756,
       33.844359115094115
      ],
      [
       -83.97009871583072,
       33.84135567804268
      ],
      [
       -83.9743185086445,
       33.839488744239745
      ],
      [
       -83.97569354459755,
       33.84154162098062
      ],
      [
       -83.97776714510515,
       33.840576885647884
      ],
      [
       -83.97987861959461,
       33.84366620665721
      ],
      [
       -83.98842130661731,
       33.83957712967213
      ],
      [
       -83.98726404606005,
       33.83790114175614
      ],
      [
       -83.98827822713022,
       33.837380001235005
      ],
      [
       -83.9905959044099,
       33.840663603430606
      ],
      [
       -83.99303562007562,
       33.83946122802023
      ],
      [
       -83.99024557007758,
       33.83579406640107
      ],
      [
       -83.98943548768749,
       33.83617095522596
      ],
      [
       -83.98914827665827,
       33.83462587780888
      ],
      [
       -83.99087154283355,
       33.8340422004252
      ],
      [
       -83.99182470471071,
       33.83408389166689
      ],
      [
       -83.99227603632804,
       33.834772630979636
      ],
      [
       -84.00736776604977,
       33.82770596551297
      ],
      [
       -84.0020064935045,
       33.81983966203067
      ],
      [
       -84.00494593531994,
       33.81849136727437
      ],
      [
       -84.00729201808602,
       33.821961746232745
      ],
      [
       -84.00810315253115,
       33.82156734708635
      ],
      [
       -84.01109624915425,
       33.825919912718916
      ],
      [
       -84.01145815609216,
       33.82580734636635
      ],
      [
       -84.00917624868424,
       33.83039421677722
      ],
      [
       -84.0112004026044,
       33.83354440699941
      ],
      [
       -84.01259437554837,
       33.833681154272156
      ],
      [
       -84.01089635869435,
       33.83118968566869
      ],
      [
       -84.01735702876903,
       33.828087023462025
      ],
      [
       -84.01565164752965,
       33.83000565440466
      ],
      [
       -84.01623974630374,
       33.831790873373876
      ],
      [
       -84.01622712164313,
       33.83305161652262
      ],
      [
       -84.01897193327393,
       33.832240304959306
      ],
      [
       -84.01923915525715,
       33.832669724748726
      ],
      [
       -84.0154990995471,
       33.83446828491529
      ],
      [
       -84.01646593813993,
       33.835904131279136
      ],
      [
       -84.01865842086842,
       33.83487685908386
      ],
      [
       -84.01925388402789,
       33.8369856020886
      ],
      [
       -84.02162942433543,
       33.84045931634632
      ],
      [
       -84.02228485463286,
       33.83873996953897
      ],
      [
       -84.02322749595949,
       33.839236095315094
      ],
      [
       -84.024895003217,
       33.8383955998826
      ],
      [
       -84.0270411955232,
       33.83939869115769
      ],
      [
       -84.02773870802271,
       33.839062659749665
      ],
      [
       -84.03319045730245,
       33.84719912247812
      ],
      [
       -84.03404051778452,
       33.84679388360889
      ],
      [
       -84.03480641386241,
       33.849722276425275
      ],
      [
       -84.03679795407595,
       33.849432939207944
      ],
      [
       -84.03648654578055,
       33.84982983982884
      ],
      [
       -84.03734186653787,
       33.85308675962976
      ],
      [
       -84.0369505020585,
       33.85316180386481
      ],
      [
       -84.03769535703536,
       33.8553038998629
      ],
      [
       -84.038455992838,
       33.854971203754204
      ],
      [
       -84.04101985099985,
       33.858740092003096
      ],
      [
       -84.0419446073906,
       33.85831400751301
      ],
      [
       -84.0429124980385,
       33.86007337791238
      ]
     ],
     [
      [
       -83.9639462978863,
       33.86355292894393
      ],
      [
       -83.96322037990038,
       33.8634336919927
      ],
      [
       -83.96348549777349,
       33.86436840963141
      ],
      [
       -83.9639462978863,
       33.86355292894393
      ]
     ]
    ]
   }
  },
  {
   "type": "Feature",
   "properties": {
    "name": "Sugar Hill",
    "geoid": "1374180"
   },
   "geometry": {
    "type": "MultiPolygon",
    "coordinates": [
     [
      [
       [
        -84.06798823020424,
        34.081269596004596
       ],
       [
        -84.0651098075818,
        34.08180908067208
       ],
       [
        -84.06484784587384,
        34.0823468976899
       ],
       [
        -84.06213459589459,
        34.0818957984548
       ],
       [
        -84.0615443930104,
        34.08322991818892
       ],
       [
        -84.06460271704671,
        34.08380775879876
       ],
       [
        -84.06622393388193,
        34.08376690138191
       ],
       [
        -84.0667447011327,
        34.08471996316697
       ],
       [
        -84.06436600466,
        34.0858522972913
       ],
       [
        -84.06476788968989,
        34.0874373983004
       ],
       [
        -84.06385365384965,
        34.087896001959
       ],
       [
        -84.06267850835651,
        34.086626920561926
       ],
       [
        -84.05984427204628,
        34.08794936674837
       ],
       [
        -84.05828512645913,
        34.08899831838932
       ],
       [
        -84.0588563923524,
        34.089827140274146
       ],
       [
        -84.0576865071345,
        34.09032910282411
       ],
       [
        -84.05850290185491,
        34.09151563556264
       ],
       [
        -84.05794952089752,
        34.092417000208
       ],
       [
        -84.05956547745748,
        34.09438566064066
       ],
       [
        -84.05938031576831,
        34.09542627403328
       ],
       [
        -84.05641246846646,
        34.09174577121677
       ],
       [
        -84.05681856171657,
        34.09075268583969
       ],
       [
        -84.05354246228447,
        34.08719058614959
       ],
       [
        -84.05427995287596,
        34.089532800107804
       ],
       [
        -84.05583278613278,
        34.09120962184863
       ],
       [
        -84.05446301045501,
        34.09185333462034
       ],
       [
        -84.05328996907197,
        34.09374778464279
       ],
       [
        -84.0514415083455,
        34.093502640141644
       ],
       [
        -84.05289334431734,
        34.09450406376707
       ],
       [
        -84.05233154691955,
        34.095316209155214
       ],
       [
        -84.05372236369837,
        34.09730905050805
       ],
       [
        -84.05611473688674,
        34.09658112142812
       ],
       [
        -84.0582767100187,
        34.09839218896719
       ],
       [
        -84.05786956471357,
        34.09941612586313
       ],
       [
        -84.0534298923939,
        34.101525702692705
       ],
       [
        -84.05226105923106,
        34.1011187961738
       ],
       [
        -84.05294805118005,
        34.10080777951078
       ],
       [
        -84.0502021874942,
        34.09670035837936
       ],
       [
        -84.0506977054237,
        34.09648523157223
       ],
       [
        -84.05137943709744,
        34.09749666109566
       ],
       [
        -84.0522557989558,
        34.09708391780292
       ],
       [
        -84.05109012195813,
        34.09511525737026
       ],
       [
        -84.04985711343711,
        34.09504021313521
       ],
       [
        -84.04955306952706,
        34.095753133368135
       ],
       [
        -84.04843263089663,
        34.09613919426619
       ],
       [
        -84.04911436257036,
        34.09715812821313
       ],
       [
        -84.04838108019908,
        34.097468311051315
       ],
       [
        -84.05012223131023,
        34.10000564002064
       ],
       [
        -84.05093231370032,
        34.09932523895624
       ],
       [
        -84.0512573987114,
        34.09980302058602
       ],
       [
        -84.05029582039381,
        34.10025662129562
       ],
       [
        -84.05172766731967,
        34.10233201130701
       ],
       [
        -84.05083973285574,
        34.10268221773722
       ],
       [
        -84.04880821455022,
        34.09975132344633
       ],
       [
        -84.04696185793385,
        34.10035834792535
       ],
       [
        -84.04862620902621,
        34.1028223003093
       ],
       [
        -84.04947416539817,
        34.102397049644054
       ],
       [
        -84.0502021874942,
        34.104063865486864
       ],
       [
        -84.0512332014452,
        34.10378786946687
       ],
       [
        -84.05214638523039,
        34.10430817616318
       ],
       [
        -84.05553926277327,
        34.10927527069827
       ],
       [
        -84.0543052021972,
        34.10910016748317
       ],
       [
        -84.05405691720492,
        34.111708371563374
       ],
       [
        -84.05545825453426,
        34.11175673340374
       ],
       [
        -84.05615366292366,
        34.11064441107541
       ],
       [
        -84.05831353194553,
        34.10958962266062
       ],
       [
        -84.05779907702508,
        34.11092874534375
       ],
       [
        -84.05902472116072,
        34.110681933192936
       ],
       [
        -84.05952865553066,
        34.11195101459002
       ],
       [
        -84.05734248513248,
        34.11192516602017
       ],
       [
        -84.05542248466249,
        34.116687973470974
       ],
       [
        -84.05449352005152,
        34.11687224875925
       ],
       [
        -84.05264716343517,
        34.116392799479804
       ],
       [
        -84.05277341004141,
        34.11540721852622
       ],
       [
        -84.05164876319077,
        34.11609762548863
       ],
       [
        -84.04901757350557,
        34.11408477233977
       ],
       [
        -84.04700499219099,
        34.11502532675233
       ],
       [
        -84.04972876272076,
        34.11909189046689
       ],
       [
        -84.05352457734858,
        34.117279155278155
       ],
       [
        -84.05593483547284,
        34.11919611857112
       ],
       [
        -84.05562132306733,
        34.12115894222995
       ],
       [
        -84.05616944374944,
        34.121732613715615
       ],
       [
        -84.05419894463694,
        34.124128192463196
       ],
       [
        -84.05342147595347,
        34.1244242002792
       ],
       [
        -84.05485332287932,
        34.126566296277296
       ],
       [
        -84.05333731154931,
        34.126904829159834
       ],
       [
        -84.05354035817436,
        34.12803216033516
       ],
       [
        -84.05534673669874,
        34.12718916342816
       ],
       [
        -84.05548981618581,
        34.12664717728618
       ],
       [
        -84.05724359195759,
        34.126832286399285
       ],
       [
        -84.05783484689685,
        34.130757933716936
       ],
       [
        -84.058121005871,
        34.13116484023584
       ],
       [
        -84.05988845835846,
        34.130321843328844
       ],
       [
        -84.05935611850212,
        34.12923286809587
       ],
       [
        -84.06162434919435,
        34.12851160961461
       ],
       [
        -84.05900157594958,
        34.12612603676504
       ],
       [
        -84.06020933514934,
        34.126877312940316
       ],
       [
        -84.06220403152803,
        34.12545063864964
       ],
       [
        -84.06328764823165,
        34.127066591177595
       ],
       [
        -84.06266167547568,
        34.12953804798505
       ],
       [
        -84.06353488116888,
        34.12855913763014
       ],
       [
        -84.06556113919913,
        34.12757188902689
       ],
       [
        -84.06701402722602,
        34.12972899387199
       ],
       [
        -84.06819127682928,
        34.1297881954352
       ],
       [
        -84.0678746082586,
        34.13120403000303
       ],
       [
        -84.0685416111616,
        34.131199860878866
       ],
       [
        -84.06642803256203,
        34.13278996483697
       ],
       [
        -84.06554851453852,
        34.132695742630744
       ],
       [
        -84.06305514406515,
        34.13384058412758
       ],
       [
        -84.06565477209877,
        34.13751608399509
       ],
       [
        -84.06476578557978,
        34.13936967660068
       ],
       [
        -84.06330868933269,
        34.140778840569844
       ],
       [
        -84.0615528094508,
        34.14133333408434
       ],
       [
        -84.0614454998355,
        34.14044280916181
       ],
       [
        -84.05818097300897,
        34.13558911480412
       ],
       [
        -84.05710051247051,
        34.13588762409463
       ],
       [
        -84.05547298330498,
        34.1353272938063
       ],
       [
        -84.05469235845636,
        34.134607702974705
       ],
       [
        -84.05280917991318,
        34.13430835985936
       ],
       [
        -84.0505946040286,
        34.13446011597912
       ],
       [
        -84.04863252135652,
        34.13368465888366
       ],
       [
        -84.04839265280465,
        34.13393230485931
       ],
       [
        -84.04787714582915,
        34.133221052276056
       ],
       [
        -84.04710809358609,
        34.130768773439776
       ],
       [
        -84.04832742539142,
        34.130563652530654
       ],
       [
        -84.04808755683956,
        34.129524706787706
       ],
       [
        -84.04997494360295,
        34.128565808228814
       ],
       [
        -84.04486721632522,
        34.121348220467226
       ],
       [
        -84.04881137071537,
        34.11953798675299
       ],
       [
        -84.04671988527188,
        34.11666462637563
       ],
       [
        -84.04397612569612,
        34.11831976867077
       ],
       [
        -84.04310607616807,
        34.118028763803764
       ],
       [
        -84.04368575850175,
        34.119674734025736
       ],
       [
        -84.04235596091596,
        34.11980897982398
       ],
       [
        -84.04211819647419,
        34.12128401595502
       ],
       [
        -84.03901568612568,
        34.12449507539008
       ],
       [
        -84.03967953286353,
        34.12599762774063
       ],
       [
        -84.0390283107863,
        34.12633365914866
       ],
       [
        -84.04151536892937,
        34.12756688607789
       ],
       [
        -84.04119764830365,
        34.12824311801812
       ],
       [
        -84.0427304925145,
        34.12964394373895
       ],
       [
        -84.04172472788473,
        34.12970231147732
       ],
       [
        -84.0397679054879,
        34.12897938534639
       ],
       [
        -84.03722719253719,
        34.12705908675409
       ],
       [
        -84.0362024909165,
        34.12680810547911
       ],
       [
        -84.03265496128095,
        34.12704741320641
       ],
       [
        -84.03161132266932,
        34.1265637948028
       ],
       [
        -84.0301153003853,
        34.126055995479
       ],
       [
        -84.02785022585823,
        34.12615271915972
       ],
       [
        -84.0269401982382,
        34.12598178506879
       ],
       [
        -84.02536211566012,
        34.124912821631824
       ],
       [
        -84.0274536011036,
        34.12383968907069
       ],
       [
        -84.0252022032922,
        34.120470202917204
       ],
       [
        -84.03005112502713,
        34.118163009602014
       ],
       [
        -84.02718111884512,
        34.11404308109808
       ],
       [
        -84.02562302531302,
        34.113521940576945
       ],
       [
        -84.0262184884725,
        34.112648925975925
       ],
       [
        -84.02486554567554,
        34.11079616719517
       ],
       [
        -84.0237145974486,
        34.10902595707296
       ],
       [
        -84.01828914954515,
        34.10167912646213
       ],
       [
        -84.01498990490191,
        34.0968837998428
       ],
       [
        -84.0134297072597,
        34.094392331239334
       ],
       [
        -84.01445756504556,
        34.09336839434339
       ],
       [
        -84.01579051879652,
        34.09421806184906
       ],
       [
        -84.01732967533768,
        34.0964868992219
       ],
       [
        -84.02232588477989,
        34.094026282137285
       ],
       [
        -84.02155262431663,
        34.09292896865597
       ],
       [
        -84.01711821227221,
        34.09503687783588
       ],
       [
        -84.01589467224667,
        34.093265833888836
       ],
       [
        -84.01692463414264,
        34.09259877402177
       ],
       [
        -84.02115494750694,
        34.09055923847824
       ],
       [
        -84.01960421836021,
        34.08947193089493
       ],
       [
        -84.0186742016942,
        34.09046001332302
       ],
       [
        -84.01698144511545,
        34.0895302986333
       ],
       [
        -84.01759163704564,
        34.08770839137139
       ],
       [
        -84.01969048687448,
        34.08931934095034
       ],
       [
        -84.02048689254889,
        34.08858891039591
       ],
       [
        -84.0204647993928,
        34.08761416916517
       ],
       [
        -84.02124016396617,
        34.08805025955326
       ],
       [
        -84.0209782022582,
        34.08680619290119
       ],
       [
        -84.0228235068195,
        34.085290299353304
       ],
       [
        -84.02106447077247,
        34.083012289907295
       ],
       [
        -84.02255944100143,
        34.08279299397599
       ],
       [
        -84.02383137555937,
        34.084965941492946
       ],
       [
        -84.02522008822808,
        34.084525681980686
       ],
       [
        -84.02628687205087,
        34.08615330805631
       ],
       [
        -84.0252285046685,
        34.08652269245769
       ],
       [
        -84.02519799507199,
        34.08792685347785
       ],
       [
        -84.02701489414689,
        34.08726813185913
       ],
       [
        -84.02883705349706,
        34.089911356582355
       ],
       [
        -84.02964082355682,
        34.08935936454237
       ],
       [
        -84.03081070877471,
        34.08961034581735
       ],
       [
        -84.03252976672977,
        34.08845883372184
       ],
       [
        -84.03138302672302,
        34.08844882782383
       ],
       [
        -84.02957349203349,
        34.0850017959608
       ],
       [
        -84.03205002962603,
        34.08411210486311
       ],
       [
        -84.03314627099027,
        34.084442299497304
       ],
       [
        -84.03394793693994,
        34.08552960708061
       ],
       [
        -84.03496948239548,
        34.08505099162599
       ],
       [
        -84.03442241376841,
        34.084288041903044
       ],
       [
        -84.0359762990803,
        34.08372771161471
       ],
       [
        -84.03538609619609,
        34.08294891921992
       ],
       [
        -84.03792680914681,
        34.08174904528405
       ],
       [
        -84.04064216323616,
        34.08275213655914
       ],
       [
        -84.04044016866617,
        34.08334998896499
       ],
       [
        -84.0429146021486,
        34.08477666325567
       ],
       [
        -84.04435696962497,
        34.083843613266616
       ],
       [
        -84.04144593329593,
        34.079822909917915
       ],
       [
        -84.04474307382907,
        34.07804436154736
       ],
       [
        -84.04387512841113,
        34.076308338243344
       ],
       [
        -84.04277152266152,
        34.074940031691035
       ],
       [
        -84.04697132642933,
        34.07294885798786
       ],
       [
        -84.04632957284757,
        34.07202081094781
       ],
       [
        -84.04689873463073,
        34.07120783173483
       ],
       [
        -84.04503133691334,
        34.07200663592564
       ],
       [
        -84.04320707345308,
        34.06974530297631
       ],
       [
        -84.04253481027482,
        34.06810600335301
       ],
       [
        -84.04143436069036,
        34.067528162743166
       ],
       [
        -84.04343747350947,
        34.06420537078037
       ],
       [
        -84.04882083921083,
        34.072054997766
       ],
       [
        -84.0565324027424,
        34.068396174395176
       ],
       [
        -84.0574255974816,
        34.06811934455035
       ],
       [
        -84.05794426062226,
        34.06860212912913
       ],
       [
        -84.0569342877723,
        34.06982284868585
       ],
       [
        -84.0531553060253,
        34.072897160848164
       ],
       [
        -84.05384440208441,
        34.0735859001609
       ],
       [
        -84.05438726249126,
        34.07395695221195
       ],
       [
        -84.05681750966151,
        34.07136792610293
       ],
       [
        -84.0599358008358,
        34.06682107928408
       ],
       [
        -84.06165591084591,
        34.065999761822766
       ],
       [
        -84.06315088107488,
        34.06614985029285
       ],
       [
        -84.06382419630819,
        34.06602310891811
       ],
       [
        -84.06606612562412,
        34.06683108518209
       ],
       [
        -84.06741801636602,
        34.065748780547786
       ],
       [
        -84.06863734817135,
        34.06665764961665
       ],
       [
        -84.06965047718647,
        34.068221071180076
       ],
       [
        -84.06949161687362,
        34.070604976379975
       ],
       [
        -84.07026382528183,
        34.07261366040466
       ],
       [
        -84.06402198265798,
        34.07552787819888
       ],
       [
        -84.06798823020424,
        34.081269596004596
       ]
      ],
      [
       [
        -84.04110296334896,
        34.08698463141563
       ],
       [
        -84.04110296334896,
        34.08698463141563
       ],
       [
        -84.04110296334896,
        34.08698463141563
       ],
       [
        -84.04110296334896,
        34.08698463141563
       ]
      ],
      [
       [
        -84.04679458118058,
        34.07611822618123
       ],
       [
        -84.04605183031383,
        34.07485581538282
       ],
       [
        -84.04521544654745,
        34.07525771895272
       ],
       [
        -84.04489351770151,
        34.07613073355373
       ],
       [
        -84.04533958904359,
        34.07689118180218
       ],
       [
        -84.04679458118058,
        34.07611822618123
       ]
      ],
      [
       [
        -84.04849785830986,
        34.099316900707905
       ],
       [
        -84.04750366628566,
        34.09782768955469
       ],
       [
        -84.04643583040783,
        34.0982370975481
       ],
       [
        -84.04609391251591,
        34.099095103302105
       ],
       [
        -84.04679773734574,
        34.100119040198045
       ],
       [
        -84.04849785830986,
        34.099316900707905
       ]
      ],
      [
       [
        -84.0411766072026,
        34.08634925689226
       ],
       [
        -84.03840233803034,
        34.087671703078705
       ],
       [
        -84.03769851320051,
        34.08651018508519
       ],
       [
        -84.03462966861366,
        34.08799522711423
       ],
       [
        -84.03550077019678,
        34.08921594667095
       ],
       [
        -84.03842443118643,
        34.08777092823393
       ],
       [
        -84.04051276046476,
        34.088412139531144
       ],
       [
        -84.03981945618546,
        34.08711971103871
       ],
       [
        -84.0411766072026,
        34.08634925689226
       ]
      ]
     ],
     [
      [
       [
        -84.10173815627415,
        34.1126064009094
       ],
       [
        -84.10152774526374,
        34.11519125789426
       ],
       [
        -84.10069241355241,
        34.1169031002781
       ],
       [
        -84.09898598025798,
        34.1176452043802
       ],
       [
        -84.09754571689172,
        34.11876586495687
       ],
       [
        -84.09730058806458,
        34.11961636628737
       ],
       [
        -84.09733214971615,
        34.12265065485766
       ],
       [
        -84.09535954649354,
        34.12345112669813
       ],
       [
        -84.09413285030286,
        34.124328310423316
       ],
       [
        -84.0931355021135,
        34.125896734935736
       ],
       [
        -84.0911344934045,
        34.12467184625485
       ],
       [
        -84.09243483344883,
        34.123864703815705
       ],
       [
        -84.09062845492446,
        34.12393307745208
       ],
       [
        -84.09245587454987,
        34.122382163261165
       ],
       [
        -84.0918014963075,
        34.12201194503495
       ],
       [
        -84.08969843825844,
        34.1244859033169
       ],
       [
        -84.08694205402206,
        34.124144868959874
       ],
       [
        -84.08541657419657,
        34.12810970604471
       ],
       [
        -84.08718823490423,
        34.12736926959227
       ],
       [
        -84.08908298605299,
        34.13019093282993
       ],
       [
        -84.09200454293254,
        34.12984906464807
       ],
       [
        -84.09215393474993,
        34.13031267125567
       ],
       [
        -84.09430749144148,
        34.13230718025818
       ],
       [
        -84.09190354564754,
        34.1335770954801
       ],
       [
        -84.09066948507149,
        34.13486118572419
       ],
       [
        -84.08927656418257,
        34.13730596013696
       ],
       [
        -84.0875774952735,
        34.13962566082466
       ],
       [
        -84.08651702378103,
        34.14062875209975
       ],
       [
        -84.0846611986692,
        34.143183591390596
       ],
       [
        -84.0837438066638,
        34.14550912885213
       ],
       [
        -84.08309153253153,
        34.145315681490686
       ],
       [
        -84.08157131298131,
        34.14892280772181
       ],
       [
        -84.07881808491008,
        34.15166609142509
       ],
       [
        -84.07407752484552,
        34.1448945999496
       ],
       [
        -84.0756513992034,
        34.14412331197831
       ],
       [
        -84.07603013902214,
        34.14285673205573
       ],
       [
        -84.0733957931718,
        34.14393403374103
       ],
       [
        -84.07130956800357,
        34.140994801201806
       ],
       [
        -84.0667752107292,
        34.14318108991609
       ],
       [
        -84.06939798397399,
        34.147040865071865
       ],
       [
        -84.06467636090036,
        34.14936973783274
       ],
       [
        -84.0633655003055,
        34.14837581863082
       ],
       [
        -84.06253016859417,
        34.146748192555194
       ],
       [
        -84.06368322093122,
        34.145603351058355
       ],
       [
        -84.06386522645522,
        34.14371974075874
       ],
       [
        -84.06607138589939,
        34.14262993170093
       ],
       [
        -84.06518660760061,
        34.14131498993799
       ],
       [
        -84.06403671142871,
        34.141896165847164
       ],
       [
        -84.06351173595773,
        34.1412732986963
       ],
       [
        -84.06721707385107,
        34.13969903741004
       ],
       [
        -84.06577155020955,
        34.13739934851835
       ],
       [
        -84.0682017973798,
        34.13497458590159
       ],
       [
        -84.06896874551275,
        34.135925146212145
       ],
       [
        -84.06968624705824,
        34.135104662575664
       ],
       [
        -84.07090031858831,
        34.136521330968336
       ],
       [
        -84.07273931081932,
        34.136090243529246
       ],
       [
        -84.07618163494963,
        34.136658078241084
       ],
       [
        -84.07580605129606,
        34.137369330824335
       ],
       [
        -84.07675184878785,
        34.13767367688868
       ],
       [
        -84.077441996902,
        34.13687820799721
       ],
       [
        -84.08154921982522,
        34.13760863855164
       ],
       [
        -84.08072440866441,
        34.13620197605698
       ],
       [
        -84.07941039190439,
        34.13597100657801
       ],
       [
        -84.07843092865093,
        34.13520889067989
       ],
       [
        -84.07736098866299,
        34.13501294184395
       ],
       [
        -84.07434053860854,
        34.13520138625639
       ],
       [
        -84.07273825876426,
        34.1335795969546
       ],
       [
        -84.07046476779676,
        34.133176025735025
       ],
       [
        -84.07002921700521,
        34.13270408087908
       ],
       [
        -84.07314540406941,
        34.12943381988082
       ],
       [
        -84.07377663710064,
        34.129573902452904
       ],
       [
        -84.07363671377871,
        34.128574980301984
       ],
       [
        -84.07170619275819,
        34.12887599106699
       ],
       [
        -84.06949266892867,
        34.125711625822625
       ],
       [
        -84.07242053813854,
        34.124249930888936
       ],
       [
        -84.07435947559948,
        34.12349031646532
       ],
       [
        -84.07477398528998,
        34.12412402333903
       ],
       [
        -84.07703800776201,
        34.12382884934785
       ],
       [
        -84.07718634752435,
        34.12324517196417
       ],
       [
        -84.07904322469122,
        34.12366958880459
       ],
       [
        -84.08178803632204,
        34.12355035185335
       ],
       [
        -84.08101793202393,
        34.12593759235259
       ],
       [
        -84.08393738479339,
        34.128108872219876
       ],
       [
        -84.08491684804684,
        34.12393140980241
       ],
       [
        -84.08136195402595,
        34.12314678063378
       ],
       [
        -84.08208892406692,
        34.12227376603277
       ],
       [
        -84.08129251839252,
        34.12171677104377
       ],
       [
        -84.0790284959205,
        34.123304373527375
       ],
       [
        -84.07668662137462,
        34.12301086718587
       ],
       [
        -84.07552725670726,
        34.12246637956938
       ],
       [
        -84.07593966228767,
        34.12059527664228
       ],
       [
        -84.07420903172704,
        34.11914358760659
       ],
       [
        -84.07443206739806,
        34.117124063859066
       ],
       [
        -84.07553567314767,
        34.116707985266984
       ],
       [
        -84.07689598032998,
        34.11874418551119
       ],
       [
        -84.07822998613598,
        34.12016835832736
       ],
       [
        -84.07921365760966,
        34.1190993948904
       ],
       [
        -84.08094218406018,
        34.118293920100925
       ],
       [
        -84.08020784963385,
        34.11822221116521
       ],
       [
        -84.08028885787286,
        34.11709904911405
       ],
       [
        -84.07724105438706,
        34.11667213079913
       ],
       [
        -84.07739781058982,
        34.11573407786108
       ],
       [
        -84.07818790393391,
        34.11595921056621
       ],
       [
        -84.07883596984597,
        34.114968626663625
       ],
       [
        -84.08030358664358,
        34.115918353149354
       ],
       [
        -84.0802067975788,
        34.11529298452399
       ],
       [
        -84.08272646942847,
        34.1140756002666
       ],
       [
        -84.08209628845229,
        34.11309835756136
       ],
       [
        -84.08330404765205,
        34.1125371934482
       ],
       [
        -84.08443185066785,
        34.11288406457906
       ],
       [
        -84.08574902359302,
        34.11484188528889
       ],
       [
        -84.08757013088812,
        34.113971372162375
       ],
       [
        -84.08521352757153,
        34.11042428131928
       ],
       [
        -84.08806880498281,
        34.110529343248345
       ],
       [
        -84.09065265219066,
        34.10979390974491
       ],
       [
        -84.08959323275323,
        34.10826717647418
       ],
       [
        -84.09289878972679,
        34.107661819644825
       ],
       [
        -84.09390034613635,
        34.10819796901297
       ],
       [
        -84.09639056044456,
        34.107039786318786
       ],
       [
        -84.0993321063701,
        34.11132314449014
       ],
       [
        -84.1016781891362,
        34.112010216153216
       ],
       [
        -84.10173815627415,
        34.1126064009094
       ]
      ],
      [
       [
        -84.07715794203794,
        34.12552985200885
       ],
       [
        -84.07565665947865,
        34.125885895212896
       ],
       [
        -84.0759649116089,
        34.12626028256329
       ],
       [
        -84.07715794203794,
        34.12552985200885
       ]
      ],
      [
       [
        -84.07563141015741,
        34.12598261889362
       ],
       [
        -84.073601995962,
        34.12598928949229
       ],
       [
        -84.07460039620639,
        34.12766360975861
       ],
       [
        -84.07563141015741,
        34.12598261889362
       ]
      ]
     ],
     [
      [
       [
        -84.07697383240384,
        34.112487997783
       ],
       [
        -84.07397126728527,
        34.11434575951276
       ],
       [
        -84.07423743721344,
        34.11521460498961
       ],
       [
        -84.07211123395324,
        34.11585164716265
       ],
       [
        -84.07283399577399,
        34.11704901962402
       ],
       [
        -84.07171776536376,
        34.11754681304981
       ],
       [
        -84.07229113536714,
        34.119180275899275
       ],
       [
        -84.07188399006199,
        34.12075870630971
       ],
       [
        -84.0726824998465,
        34.12206280834981
       ],
       [
        -84.07068043908244,
        34.12177013583314
       ],
       [
        -84.06921177022977,
        34.11963971338272
       ],
       [
        -84.07103392957993,
        34.1187717017307
       ],
       [
        -84.07077196787196,
        34.117702738293744
       ],
       [
        -84.06901924415524,
        34.116457003992004
       ],
       [
        -84.06831331521532,
        34.11681638249539
       ],
       [
        -84.06689304089504,
        34.11628606990107
       ],
       [
        -84.0659788050548,
        34.114991973758976
       ],
       [
        -84.06673838880239,
        34.11460674668575
       ],
       [
        -84.06617448729449,
        34.11329514022214
       ],
       [
        -84.06567581319982,
        34.1135577950448
       ],
       [
        -84.06496567603968,
        34.11199770878071
       ],
       [
        -84.06083951612551,
        34.11189764980065
       ],
       [
        -84.05902261705062,
        34.109221072084075
       ],
       [
        -84.0612172038892,
        34.10816378219479
       ],
       [
        -84.06002312140512,
        34.106476120731124
       ],
       [
        -84.06418715530116,
        34.10449578675079
       ],
       [
        -84.06676153401354,
        34.105568085487086
       ],
       [
        -84.06839537550937,
        34.104821812260816
       ],
       [
        -84.07173354618955,
        34.10963131390231
       ],
       [
        -84.07284977659978,
        34.11039593127494
       ],
       [
        -84.07464773868374,
        34.110101591108595
       ],
       [
        -84.07549148683549,
        34.11220616498917
       ],
       [
        -84.07643623227223,
        34.11176006870307
       ],
       [
        -84.07697383240384,
        34.112487997783
       ]
      ]
     ],
     [
      [
       [
        -84.08887888737289,
        34.10722239395739
       ],
       [
        -84.08670008136008,
        34.10880165819266
       ],
       [
        -84.08573219071219,
        34.109165205820204
       ],
       [
        -84.08457387809987,
        34.108373072228076
       ],
       [
        -84.08423196020796,
        34.10710482465583
       ],
       [
        -84.08311783390783,
        34.105777375520375
       ],
       [
        -84.07978281939282,
        34.10737998685099
       ],
       [
        -84.07818685187885,
        34.10501275814776
       ],
       [
        -84.07571347045148,
        34.10603502739403
       ],
       [
        -84.07443837972838,
        34.104142245021244
       ],
       [
        -84.07272037382837,
        34.10396464033164
       ],
       [
        -84.07274036287436,
        34.103208361207365
       ],
       [
        -84.07175563934564,
        34.10177168101868
       ],
       [
        -84.07428793585593,
        34.10143898490999
       ],
       [
        -84.07462985374785,
        34.1018016987127
       ],
       [
        -84.0761626979587,
        34.10098621802522
       ],
       [
        -84.07690334471535,
        34.10166411761512
       ],
       [
        -84.08081067717868,
        34.09972964400065
       ],
       [
        -84.07994904409104,
        34.09872988802489
       ],
       [
        -84.08120098960299,
        34.098248771095776
       ],
       [
        -84.08148083624684,
        34.09874072774773
       ],
       [
        -84.08268228311628,
        34.09827712114012
       ],
       [
        -84.0824055926376,
        34.09778182918883
       ],
       [
        -84.08439608079608,
        34.09701220886721
       ],
       [
        -84.08532294129694,
        34.09838301689402
       ],
       [
        -84.08061078671878,
        34.10078026329126
       ],
       [
        -84.08121677042877,
        34.10142064076364
       ],
       [
        -84.08203421720421,
        34.10103874898975
       ],
       [
        -84.08343976275376,
        34.10256714991015
       ],
       [
        -84.08365543403943,
        34.10339513797014
       ],
       [
        -84.08301683662283,
        34.10545802060902
       ],
       [
        -84.08514514399315,
        34.10444992638493
       ],
       [
        -84.0869431060771,
        34.106788805043806
       ],
       [
        -84.08818873925874,
        34.10619095263795
       ],
       [
        -84.08887888737289,
        34.10722239395739
       ]
      ]
     ],
     [
      [
       [
        -84.07277192452592,
        34.09685795127295
       ],
       [
        -84.0714494913255,
        34.09787021462122
       ],
       [
        -84.06887406055806,
        34.09923935499836
       ],
       [
        -84.06742958897159,
        34.10051177169478
       ],
       [
        -84.06652271751672,
        34.099940601683606
       ],
       [
        -84.06616396674397,
        34.10049175989876
       ],
       [
        -84.06747272322872,
        34.10271890602991
       ],
       [
        -84.0645374896335,
        34.10222278025378
       ],
       [
        -84.06242811925412,
        34.10166161614062
       ],
       [
        -84.06118774634774,
        34.09681459238159
       ],
       [
        -84.06659320520521,
        34.097897730840735
       ],
       [
        -84.07059311851312,
        34.09402961743662
       ],
       [
        -84.07277192452592,
        34.09685795127295
       ]
      ]
     ],
     [
      [
       [
        -84.06632913938714,
        34.11656706887007
       ],
       [
        -84.06354014144414,
        34.117910360677364
       ],
       [
        -84.0629594070554,
        34.1166070924621
       ],
       [
        -84.06142445873446,
        34.115770766153766
       ],
       [
        -84.06170851359852,
        34.11472931893632
       ],
       [
        -84.06381367575767,
        34.11396386773887
       ],
       [
        -84.0631834947815,
        34.112507175754175
       ],
       [
        -84.06452907319307,
        34.11221283558784
       ],
       [
        -84.06632913938714,
        34.11656706887007
       ]
      ]
     ],
     [
      [
       [
        -84.04597923851524,
        34.12691066593367
       ],
       [
        -84.04145855795656,
        34.127426803505806
       ],
       [
        -84.0414554017914,
        34.12440418848319
       ],
       [
        -84.04582353436753,
        34.12434081779582
       ],
       [
        -84.04597923851524,
        34.12691066593367
       ]
      ]
     ],
     [
      [
       [
        -84.04144593329593,
        34.079822909917915
       ],
       [
        -84.03924398207198,
        34.08099776910877
       ],
       [
        -84.03812249138649,
        34.07932761796662
       ],
       [
        -84.0377647926688,
        34.07953023740124
       ],
       [
        -84.03670747734148,
        34.07789010395311
       ],
       [
        -84.03931867798067,
        34.07662185638086
       ],
       [
        -84.04144593329593,
        34.079822909917915
       ]
      ]
     ],
     [
      [
       [
        -84.07012284990485,
        34.13246060402761
       ],
       [
        -84.0673633095033,
        34.13547321315222
       ],
       [
        -84.06639647091048,
        34.13506380515881
       ],
       [
        -84.06697404913405,
        34.133154346289345
       ],
       [
        -84.06870467969468,
        34.131860250147255
       ],
       [
        -84.07012284990485,
        34.13246060402761
       ]
      ]
     ],
     [
      [
       [
        -84.05031686149486,
        34.14716176967277
       ],
       [
        -84.04998546415347,
        34.14803311662412
       ],
       [
        -84.04714596756797,
        34.14876604865305
       ],
       [
        -84.048055995188,
        34.14723598008298
       ],
       [
        -84.04866934328334,
        34.14747528781029
       ],
       [
        -84.049490998279,
        34.14597023398524
       ],
       [
        -84.05031686149486,
        34.14716176967277
       ]
      ]
     ]
    ]
   }
  },
  {
   "type": "Feature",
   "properties": {
    "name": "Suwanee",
    "geoid": "1374936"
   },
   "geometry": {
    "type": "Polygon",
    "coordinates": [
     [
      [
       -84.06798823020424,
       34.081269596004596
      ],
      [
       -84.06402198265798,
       34.07552787819888
      ],
      [
       -84.07026382528183,
       34.07261366040466
      ],
      [
       -84.06949161687362,
       34.070604976379975
      ],
      [
       -84.06965047718647,
       34.068221071180076
      ],
      [
       -84.07088453776254,
       34.06703620609121
      ],
      [
       -84.06863734817135,
       34.06665764961665
      ],
      [
       -84.06741801636602,
       34.065748780547786
      ],
      [
       -84.06606612562412,
       34.06683108518209
      ],
      [
       -84.06382419630819,
       34.06602310891811
      ],
      [
       -84.06315088107488,
       34.06614985029285
      ],
      [
       -84.06165591084591,
       34.065999761822766
      ],
      [
       -84.0599358008358,
       34.06682107928408
      ],
      [
       -84.05918147736348,
       34.06667015698916
      ],
      [
       -84.05796845788846,
       34.06877222939523
      ],
      [
       -84.05634198077799,
       34.07096935783236
      ],
      [
       -84.05384440208441,
       34.0735859001609
      ],
      [
       -84.0531553060253,
       34.072897160848164
      ],
      [
       -84.0569342877723,
       34.06982284868585
      ],
      [
       -84.05794426062226,
       34.06860212912913
      ],
      [
       -84.0574255974816,
       34.06811934455035
      ],
      [
       -84.0565324027424,
       34.068396174395176
      ],
      [
       -84.04882083921083,
       34.072054997766
      ],
      [
       -84.04343747350947,
       34.06420537078037
      ],
      [
       -84.0393270944211,
       34.05821433934934
      ],
      [
       -84.04077787833788,
       34.05776490776391
      ],
      [
       -84.04352795024396,
       34.0563890967881
      ],
      [
       -84.04243907326507,
       34.055782906133906
      ],
      [
       -84.04069160982361,
       34.05575789138889
      ],
      [
       -84.0395027876148,
       34.05450131736432
      ],
      [
       -84.03945334102734,
       34.053409006832005
      ],
      [
       -84.03883368060168,
       34.05270359102259
      ],
      [
       -84.03564174557374,
       34.0542936949807
      ],
      [
       -84.03459495079694,
       34.052300853627855
      ],
      [
       -84.03507468790069,
       34.052080723871725
      ],
      [
       -84.03180384874385,
       34.047474675489674
      ],
      [
       -84.03530298384699,
       34.04472138588839
      ],
      [
       -84.03593842509842,
       34.04396093763994
      ],
      [
       -84.03472645767846,
       34.04226076880377
      ],
      [
       -84.03333038062438,
       34.04115678472379
      ],
      [
       -84.02948511940912,
       34.044019305378306
      ],
      [
       -84.02688654343055,
       34.040242912705914
      ],
      [
       -84.03062028681029,
       34.03845018931319
      ],
      [
       -84.0285992890553,
       34.035494280277284
      ],
      [
       -84.02660774884176,
       34.03499315155215
      ],
      [
       -84.02403863040463,
       34.031271791318794
      ],
      [
       -84.02479716209716,
       34.03115338819239
      ],
      [
       -84.02574716780917,
       34.02942737078637
      ],
      [
       -84.02749673536073,
       34.03152527406828
      ],
      [
       -84.02988595238395,
       34.03520994600895
      ],
      [
       -84.03007847845848,
       34.035797792516796
      ],
      [
       -84.03253818317019,
       34.036534893669895
      ],
      [
       -84.0360794004754,
       34.035856160255165
      ],
      [
       -84.03767115976916,
       34.03537671097571
      ],
      [
       -84.0386443106923,
       34.03465128337029
      ],
      [
       -84.04199721014321,
       34.033145395720396
      ],
      [
       -84.04026763163763,
       34.033565643436646
      ],
      [
       -84.03810250234051,
       34.03100997032097
      ],
      [
       -84.04076314956716,
       34.02971920947821
      ],
      [
       -84.04151642098442,
       34.03051384454485
      ],
      [
       -84.04313132548933,
       34.02945321935622
      ],
      [
       -84.04103773593573,
       34.0269850978481
      ],
      [
       -84.04238857462258,
       34.026122922969925
      ],
      [
       -84.04171315527915,
       34.02451364104064
      ],
      [
       -84.04304610903012,
       34.023453849676855
      ],
      [
       -84.04363315574915,
       34.02514317879018
      ],
      [
       -84.0445757970758,
       34.024706254577254
      ],
      [
       -84.04438747922148,
       34.02414008751509
      ],
      [
       -84.04601606044206,
       34.02391829010929
      ],
      [
       -84.04697027437427,
       34.025242403945406
      ],
      [
       -84.04583931519332,
       34.02599618159518
      ],
      [
       -84.04473570944371,
       34.025911965286966
      ],
      [
       -84.04518914517115,
       34.026738285697284
      ],
      [
       -84.04689347435547,
       34.02568933405634
      ],
      [
       -84.04763832933233,
       34.026498144145144
      ],
      [
       -84.04873036247636,
       34.02580773718274
      ],
      [
       -84.04950151882952,
       34.02662071639572
      ],
      [
       -84.050177990228,
       34.02618962895663
      ],
      [
       -84.04939105304905,
       34.02536831149531
      ],
      [
       -84.0499496942817,
       34.02498725354626
      ],
      [
       -84.05096492740692,
       34.025680995807996
      ],
      [
       -84.05098702056301,
       34.023548905707905
      ],
      [
       -84.05292595802396,
       34.02263670133971
      ],
      [
       -84.05482702150302,
       34.02352222331322
      ],
      [
       -84.05501218319218,
       34.02418261258161
      ],
      [
       -84.0517402919803,
       34.026719941550944
      ],
      [
       -84.05300696626297,
       34.02768717835818
      ],
      [
       -84.05449667621667,
       34.031049993912994
      ],
      [
       -84.05773174550174,
       34.02957495778196
      ],
      [
       -84.0579852907693,
       34.029937671584676
      ],
      [
       -84.05901946088547,
       34.02870110935611
      ],
      [
       -84.05999471591872,
       34.02944821640722
      ],
      [
       -84.06037766395767,
       34.03110502635203
      ],
      [
       -84.05886165262766,
       34.03119591325891
      ],
      [
       -84.06099416821817,
       34.034336931407935
      ],
      [
       -84.06513505690306,
       34.032343256230256
      ],
      [
       -84.06542121587721,
       34.03132515610816
      ],
      [
       -84.06643224078223,
       34.031741234700235
      ],
      [
       -84.06522342952744,
       34.03452120669621
      ],
      [
       -84.0620598999859,
       34.0359136941687
      ],
      [
       -84.06322557698357,
       34.03747794955695
      ],
      [
       -84.06916442775243,
       34.03510905320405
      ],
      [
       -84.07110546932347,
       34.03400673677374
      ],
      [
       -84.06696458063858,
       34.031502760797764
      ],
      [
       -84.07509065386066,
       34.027571276706276
      ],
      [
       -84.07362303706303,
       34.02543835278136
      ],
      [
       -84.07593545406745,
       34.02427516713817
      ],
      [
       -84.07608905410505,
       34.02318035513136
      ],
      [
       -84.0770821940742,
       34.02350137769238
      ],
      [
       -84.07832887931087,
       34.02284182224882
      ],
      [
       -84.07963763579563,
       34.02297273274773
      ],
      [
       -84.07883807395608,
       34.02357725575226
      ],
      [
       -84.07981753720954,
       34.02399583581884
      ],
      [
       -84.08118415672216,
       34.02737032492133
      ],
      [
       -84.08334928601928,
       34.026332213003215
      ],
      [
       -84.08199108294708,
       34.02432603045303
      ],
      [
       -84.08937440530241,
       34.02069138800239
      ],
      [
       -84.09168050997651,
       34.02401668143968
      ],
      [
       -84.09020132057331,
       34.02469708250408
      ],
      [
       -84.09169734285734,
       34.026940071307074
      ],
      [
       -84.09037385760186,
       34.028435119234125
      ],
      [
       -84.0876059007599,
       34.02817413206113
      ],
      [
       -84.08414148347349,
       34.028597715076714
      ],
      [
       -84.08379640941641,
       34.031244275099276
      ],
      [
       -84.08602992229193,
       34.031693706684706
      ],
      [
       -84.08580162634563,
       34.032195669234675
      ],
      [
       -84.08670744574545,
       34.03289524827025
      ],
      [
       -84.08919029566829,
       34.03259340368041
      ],
      [
       -84.09084412621013,
       34.02987013177314
      ],
      [
       -84.09171417573818,
       34.029172220387224
      ],
      [
       -84.09358472962073,
       34.02847430900131
      ],
      [
       -84.0966178043358,
       34.0277247004757
      ],
      [
       -84.09428855445056,
       34.028852031651034
      ],
      [
       -84.09514492726292,
       34.030083590930595
      ],
      [
       -84.09632638508639,
       34.030713128680134
      ],
      [
       -84.0969712948333,
       34.03040461349161
      ],
      [
       -84.09825690610691,
       34.031964699755704
      ],
      [
       -84.09809488962888,
       34.03289107914608
      ],
      [
       -84.09723956887157,
       34.03268762588663
      ],
      [
       -84.09856726234726,
       34.034096789855795
      ],
      [
       -84.10517942834943,
       34.043615734158735
      ],
      [
       -84.10663547254147,
       34.04318297906998
      ],
      [
       -84.107293006949,
       34.04461132101032
      ],
      [
       -84.10536248592848,
       34.04571613891514
      ],
      [
       -84.1014541014101,
       34.046668366875366
      ],
      [
       -84.09853464864065,
       34.04868538914839
      ],
      [
       -84.09737317986318,
       34.050088716343716
      ],
      [
       -84.09732268122067,
       34.05070991584492
      ],
      [
       -84.09485771623372,
       34.0504606022196
      ],
      [
       -84.09229596218196,
       34.05171217329517
      ],
      [
       -84.09195930456531,
       34.0530638033508
      ],
      [
       -84.0914217044337,
       34.052850344193345
      ],
      [
       -84.09099877830278,
       34.054457124648124
      ],
      [
       -84.08967003277203,
       34.057628994316
      ],
      [
       -84.09316285554486,
       34.06269031105731
      ],
      [
       -84.09232647177848,
       34.06342324308625
      ],
      [
       -84.08994251503051,
       34.0673689021999
      ],
      [
       -84.08967844921244,
       34.07024226257727
      ],
      [
       -84.09199717854717,
       34.07088013857514
      ],
      [
       -84.0931113048473,
       34.072125872876875
      ],
      [
       -84.09952147627948,
       34.08130128134828
      ],
      [
       -84.09896914737715,
       34.082235998987
      ],
      [
       -84.0969008071448,
       34.08241276985177
      ],
      [
       -84.09541846157646,
       34.08351508628209
      ],
      [
       -84.09414652701852,
       34.08157227441928
      ],
      [
       -84.09362365565765,
       34.08189663227964
      ],
      [
       -84.09182043329844,
       34.081598956813956
      ],
      [
       -84.09160476201276,
       34.08242194192494
      ],
      [
       -84.09272625269826,
       34.08290722797823
      ],
      [
       -84.09176888260089,
       34.08341335965236
      ],
      [
       -84.09069789055789,
       34.082637902556904
      ],
      [
       -84.08889045997846,
       34.08345421706922
      ],
      [
       -84.08540605364605,
       34.08201336775637
      ],
      [
       -84.08497365901965,
       34.079457694640695
      ],
      [
       -84.08418040951041,
       34.077523221026226
      ],
      [
       -84.08334192163392,
       34.07845627101527
      ],
      [
       -84.0814377019897,
       34.079031610150615
      ],
      [
       -84.0780627093827,
       34.080449112368115
      ],
      [
       -84.07673712001711,
       34.08190413670314
      ],
      [
       -84.07493494971295,
       34.08305481497382
      ],
      [
       -84.07436157970957,
       34.083852785339786
      ],
      [
       -84.0729128999029,
       34.08439227000727
      ],
      [
       -84.0731148944729,
       34.08633925099425
      ],
      [
       -84.07181665853865,
       34.08633341422042
      ],
      [
       -84.06941271274471,
       34.088958294797294
      ],
      [
       -84.06792826306626,
       34.08838962626063
      ],
      [
       -84.06769575889976,
       34.08937520721421
      ],
      [
       -84.06586623516424,
       34.086871231238234
      ],
      [
       -84.06715710671311,
       34.0874890954401
      ],
      [
       -84.06778097535897,
       34.087189752324754
      ],
      [
       -84.06730439442039,
       34.086075762346766
      ],
      [
       -84.07005446632647,
       34.08489423255723
      ],
      [
       -84.06987772107772,
       34.08402872237973
      ],
      [
       -84.06798823020424,
       34.081269596004596
      ]
     ]
    ]
   }
  }
 ]
}
