{
 "type": "FeatureCollection",
 "features": [
  {
   "type": "Feature",
   "properties": {
    "name": "Rest of Montgomery County",
    "geoid": "24031",
    "remainder": true
   },
   "geometry": {
    "type": "Polygon",
    "coordinates": [
     [
      [
       -77.00527766071366,
       39.17565263210063
      ],
      [
       -77.00442402903603,
       39.17430517064317
      ],
      [
       -77.00300217708518,
       39.17417508784309
      ],
      [
       -76.99834797591598,
       39.17509384875185
      ],
      [
       -76.99742667831268,
       39.17410391046191
      ],
      [
       -76.99937771250272,
       39.172353928641925
      ],
      [
       -77.00139901515402,
       39.17087883877684
      ],
      [
       -77.0009748018508,
       39.169537104235104
      ],
      [
       -76.998982994603,
       39.16813564614365
      ],
      [
       -76.99716642475242,
       39.16639711815512
      ],
      [
       -76.99441033954935,
       39.166807001695
      ],
      [
       -76.9927317040857,
       39.16645765983566
      ],
      [
       -76.9904059047689,
       39.16661228656029
      ],
      [
       -76.98713798756398,
       39.16629076114876
      ],
      [
       -76.98615596412996,
       39.16573688658489
      ],
      [
       -76.98335303328604,
       39.165313094821094
      ],
      [
       -76.98205523553224,
       39.16428715877516
      ],
      [
       -76.98064466123566,
       39.16423561653362
      ],
      [
       -76.98012675665076,
       39.16372183037983
      ],
      [
       -76.97851058204158,
       39.16358111187911
      ],
      [
       -76.9774392048852,
       39.162825159003155
      ],
      [
       -76.97557058432258,
       39.16320068104868
      ],
      [
       -76.97334194633495,
       39.16207493304293
      ],
      [
       -76.97300274919475,
       39.16139997511797
      ],
      [
       -76.97359786233586,
       39.16043867140667
      ],
      [
       -76.97389281637082,
       39.158651873699874
      ],
      [
       -76.97669921726222,
       39.15415788111588
      ],
      [
       -76.97669834975035,
       39.15199228884029
      ],
      [
       -76.97530686071487,
       39.14953707825508
      ],
      [
       -76.97290125030625,
       39.14947326405127
      ],
      [
       -76.97039240598541,
       39.14872385622186
      ],
      [
       -76.9685446057076,
       39.14852505043305
      ],
      [
       -76.9669076108136,
       39.14876230837031
      ],
      [
       -76.96406737695938,
       39.14819534371334
      ],
      [
       -76.96319292499693,
       39.14606002227802
      ],
      [
       -76.96221784165785,
       39.14565995630796
      ],
      [
       -76.95914164457565,
       39.145129807537806
      ],
      [
       -76.95553886778987,
       39.14486473315273
      ],
      [
       -76.95247741840942,
       39.146267827505824
      ],
      [
       -76.95169405519306,
       39.146207285825284
      ],
      [
       -76.95001021465822,
       39.144355037653035
      ],
      [
       -76.95014467899767,
       39.14350581786382
      ],
      [
       -76.95261275026076,
       39.14298466853267
      ],
      [
       -76.95258672490473,
       39.141809014547015
      ],
      [
       -76.95242883774483,
       39.14042882785683
      ],
      [
       -76.95306732647933,
       39.1389701006081
      ],
      [
       -76.95546512928114,
       39.13809224624025
      ],
      [
       -76.958072002443,
       39.13545131995932
      ],
      [
       -76.95851703603104,
       39.13402286355086
      ],
      [
       -76.94857882007682,
       39.12959677582477
      ],
      [
       -76.94674923754825,
       39.12940696947497
      ],
      [
       -76.94522328417328,
       39.13021691898492
      ],
      [
       -76.94369212572713,
       39.13210516491316
      ],
      [
       -76.94193367917168,
       39.13265822134622
      ],
      [
       -76.93949597082397,
       39.132484777612774
      ],
      [
       -76.93827798416199,
       39.132779304707306
      ],
      [
       -76.93568672621373,
       39.13426584840385
      ],
      [
       -76.93341471263271,
       39.13660406628207
      ],
      [
       -76.92910231113932,
       39.13839168211968
      ],
      [
       -76.92775593272094,
       39.13807261110061
      ],
      [
       -76.92643818219419,
       39.13530569267369
      ],
      [
       -76.92475434165934,
       39.134297755505756
      ],
      [
       -76.91909903179503,
       39.132227066405065
      ],
      [
       -76.91764334688135,
       39.13013510590311
      ],
      [
       -76.91630911362911,
       39.12884736799537
      ],
      [
       -76.91575303852204,
       39.12723974093774
      ],
      [
       -76.91500177324478,
       39.12669732020532
      ],
      [
       -76.91145017965918,
       39.12668913889714
      ],
      [
       -76.91001791756592,
       39.12645760787561
      ],
      [
       -76.90783005263606,
       39.12557239033039
      ],
      [
       -76.90502365174466,
       39.12537685706486
      ],
      [
       -76.90283318427919,
       39.12556175462976
      ],
      [
       -76.89872291305092,
       39.12650505946306
      ],
      [
       -76.89502210742411,
       39.12772898316698
      ],
      [
       -76.89366358383958,
       39.12837612464413
      ],
      [
       -76.88910394146394,
       39.13115040624841
      ],
      [
       -76.88850535827537,
       39.130967144945146
      ],
      [
       -76.88880204733405,
       39.12998620609421
      ],
      [
       -76.89427517970618,
       39.12386086065886
      ],
      [
       -76.9007927963668,
       39.121126667464665
      ],
      [
       -76.9013454014264,
       39.12181635174435
      ],
      [
       -76.90293034560835,
       39.12110294167094
      ],
      [
       -76.90240723595224,
       39.120316717954715
      ],
      [
       -76.9072921952782,
       39.11790814082614
      ],
      [
       -76.90389675382876,
       39.11461761867562
      ],
      [
       -76.9047339027809,
       39.11228512771313
      ],
      [
       -76.90744400985501,
       39.106238322836326
      ],
      [
       -76.90883376386677,
       39.1038501989782
      ],
      [
       -76.90922674674275,
       39.10409563822364
      ],
      [
       -76.91045514354714,
       39.10317605918406
      ],
      [
       -76.90980884720585,
       39.10247901172701
      ],
      [
       -76.91429561858462,
       39.096307032835035
      ],
      [
       -76.91758262105063,
       39.091273073911076
      ],
      [
       -76.92159573094973,
       39.08620720788521
      ],
      [
       -76.92714867441367,
       39.07865831482631
      ],
      [
       -76.92867723032423,
       39.076722617310615
      ],
      [
       -76.9303176952657,
       39.074039966357965
      ],
      [
       -76.9349961867672,
       39.06800788783589
      ],
      [
       -76.93588278389579,
       39.06661297479098
      ],
      [
       -76.9383282998503,
       39.06354089356889
      ],
      [
       -76.94153722624823,
       39.05894708902509
      ],
      [
       -76.94385695298196,
       39.05605172405972
      ],
      [
       -76.94645775356075,
       39.05248221930022
      ],
      [
       -76.94768788538889,
       39.05065124252924
      ],
      [
       -76.94899609328509,
       39.04920805976606
      ],
      [
       -76.95199594932295,
       39.04480815222615
      ],
      [
       -76.95557964084765,
       39.03993781946582
      ],
      [
       -76.9575246024546,
       39.03766832457632
      ],
      [
       -76.96007508734509,
       39.03384029047829
      ],
      [
       -76.96209725750826,
       39.03120836363637
      ],
      [
       -76.96618584093984,
       39.026203857421855
      ],
      [
       -76.96849168748369,
       39.02282824966625
      ],
      [
       -76.9697651949052,
       39.02134825101625
      ],
      [
       -76.97172316919017,
       39.018555970533974
      ],
      [
       -76.97189233400434,
       39.018353892221896
      ],
      [
       -76.97809764639265,
       39.0098076976957
      ],
      [
       -76.98026122099023,
       39.00720113290913
      ],
      [
       -76.9836289020599,
       39.002266985944985
      ],
      [
       -76.98569271279271,
       38.99998031030831
      ],
      [
       -76.9882648854799,
       38.99628808592609
      ],
      [
       -76.98905865883866,
       38.99557713024513
      ],
      [
       -76.98988366262466,
       38.993985865803864
      ],
      [
       -76.99109817923917,
       38.99240523706324
      ],
      [
       -76.98857111716912,
       38.989827306855304
      ],
      [
       -76.98681961070861,
       38.988375124653125
      ],
      [
       -76.98478703040303,
       38.98718228992029
      ],
      [
       -76.98693238725139,
       38.97809531092331
      ],
      [
       -76.98675107727108,
       38.977148733566736
      ],
      [
       -76.98890077167877,
       38.97622260948061
      ],
      [
       -76.99137318050118,
       38.97564337286137
      ],
      [
       -76.99418305144005,
       38.97529075847876
      ],
      [
       -76.99726271856971,
       38.97241011986812
      ],
      [
       -76.99866635277135,
       38.97075995000795
      ],
      [
       -77.0024356918357,
       38.96567281258081
      ],
      [
       -77.0094182948573,
       38.9710962017742
      ],
      [
       -77.01091909038809,
       38.972442845100844
      ],
      [
       -77.01949791524592,
       38.97908524921325
      ],
      [
       -77.02038884993385,
       38.97987310919111
      ],
      [
       -77.02314667016067,
       38.98183907754708
      ],
      [
       -77.0349803995454,
       38.99109131896932
      ],
      [
       -77.03682472977573,
       38.99270467294267
      ],
      [
       -77.04088208278009,
       38.99584465902266
      ],
      [
       -77.04255638068439,
       38.994286937944935
      ],
      [
       -77.0523289018719,
       38.98681822170622
      ],
      [
       -77.05434413194013,
       38.985298134646136
      ],
      [
       -77.06923323812224,
       38.97366186001986
      ],
      [
       -77.08216784006684,
       38.963572670770674
      ],
      [
       -77.0826015960006,
       38.963233146481144
      ],
      [
       -77.08349773575974,
       38.96253200837001
      ],
      [
       -77.10062502256002,
       38.94916375080175
      ],
      [
       -77.10251533091933,
       38.94790464747265
      ],
      [
       -77.11257933609434,
       38.940228126006126
      ],
      [
       -77.11690995533695,
       38.93676906890707
      ],
      [
       -77.118860989527,
       38.935356156984156
      ],
      [
       -77.11979182976083,
       38.9343744000024
      ],
      [
       -77.12449808164209,
       38.93844787334587
      ],
      [
       -77.12819975478075,
       38.940873631221635
      ],
      [
       -77.12913927013327,
       38.94225381791182
      ],
      [
       -77.12997208152608,
       38.94423205823006
      ],
      [
       -77.13173573315274,
       38.94751276281076
      ],
      [
       -77.13293463455364,
       38.94923738257538
      ],
      [
       -77.13525262626362,
       38.953512934230936
      ],
      [
       -77.13637518662019,
       38.95474094858895
      ],
      [
       -77.13801131400231,
       38.95582006313806
      ],
      [
       -77.13946613140413,
       38.95741623636424
      ],
      [
       -77.14089579096179,
       38.95840372026172
      ],
      [
       -77.14254666604566,
       38.960521042819046
      ],
      [
       -77.14508066821067,
       38.96314560648361
      ],
      [
       -77.14754526942627,
       38.9645756991537
      ],
      [
       -77.14997256763156,
       38.9653971024951
      ],
      [
       -77.15727528253228,
       38.96605406154206
      ],
      [
       -77.15886976934478,
       38.9658528013608
      ],
      [
       -77.16068807421908,
       38.96619068938869
      ],
      [
       -77.16278918796219,
       38.967241987489984
      ],
      [
       -77.16554874321274,
       38.967763954951955
      ],
      [
       -77.16839157960258,
       38.96706363497164
      ],
      [
       -77.16914024234424,
       38.96627495686296
      ],
      [
       -77.17100973041873,
       38.96649012526812
      ],
      [
       -77.1722841053521,
       38.967452247110245
      ],
      [
       -77.17526227359328,
       38.968118205596205
      ],
      [
       -77.17774075499875,
       38.96798730466531
      ],
      [
       -77.17981410836211,
       38.968327647085644
      ],
      [
       -77.18120039232639,
       38.96876534707335
      ],
      [
       -77.1831627041707,
       38.96864671810472
      ],
      [
       -77.18416988544888,
       38.967849858687856
      ],
      [
       -77.18967511576011,
       38.96757005794806
      ],
      [
       -77.19122015439615,
       38.9680593001773
      ],
      [
       -77.19435707730908,
       38.96819183736984
      ],
      [
       -77.19471188966288,
       38.967672324300324
      ],
      [
       -77.19777420655521,
       38.96673965516766
      ],
      [
       -77.20069164896564,
       38.96726080449881
      ],
      [
       -77.2045702945253,
       38.96842336839137
      ],
      [
       -77.20619340922941,
       38.96958920480721
      ],
      [
       -77.2081696012636,
       38.970251890769894
      ],
      [
       -77.21025596730497,
       38.9700539031119
      ],
      [
       -77.21151993209592,
       38.96934376556177
      ],
      [
       -77.21364793870694,
       38.969796191904194
      ],
      [
       -77.21485985278585,
       38.97055623543424
      ],
      [
       -77.21910025079426,
       38.971590352788354
      ],
      [
       -77.22116579655079,
       38.97134409541209
      ],
      [
       -77.2239531121811,
       38.97221867725668
      ],
      [
       -77.22638301292201,
       38.97410528692329
      ],
      [
       -77.22758278183478,
       38.976702852270854
      ],
      [
       -77.22878081572381,
       38.978745724923726
      ],
      [
       -77.23022088542389,
       38.979752025830024
      ],
      [
       -77.23094005276205,
       38.97928323687124
      ],
      [
       -77.23213288157989,
       38.979344596682594
      ],
      [
       -77.23487508659309,
       38.975976352104354
      ],
      [
       -77.23620931984532,
       38.97692211133011
      ],
      [
       -77.23990231786532,
       38.980709238887236
      ],
      [
       -77.24154972290172,
       38.98161490970291
      ],
      [
       -77.24506661601262,
       38.982782382380385
      ],
      [
       -77.24532166450166,
       38.984016941784944
      ],
      [
       -77.24771079218479,
       38.989483691911694
      ],
      [
       -77.24854273606573,
       38.99246577874378
      ],
      [
       -77.25033935314335,
       38.99481708671509
      ],
      [
       -77.25297225166125,
       38.99552067921868
      ],
      [
       -77.25363329570429,
       38.997827808125805
      ],
      [
       -77.25472462563363,
       38.9993478951859
      ],
      [
       -77.25502478473979,
       39.0008777998158
      ],
      [
       -77.2557586997797,
       39.001991275859275
      ],
      [
       -77.25532407633408,
       39.004876005124004
      ],
      [
       -77.2544019112189,
       39.006351913119914
      ],
      [
       -77.2532593980894,
       39.0091581018261
      ],
      [
       -77.25143415312016,
       39.01161413054213
      ],
      [
       -77.25066987516487,
       39.01228990659791
      ],
      [
       -77.24790771737872,
       39.013883625431625
      ],
      [
       -77.24686757064957,
       39.0148662005442
      ],
      [
       -77.24652403595003,
       39.01597394967195
      ],
      [
       -77.24530778431179,
       39.01777710999511
      ],
      [
       -77.24484106292707,
       39.02033867758668
      ],
      [
       -77.24491566894767,
       39.02122225887026
      ],
      [
       -77.24509264136864,
       39.02214592856393
      ],
      [
       -77.2463167006137,
       39.02468131596932
      ],
      [
       -77.2477932058122,
       39.02612940751741
      ],
      [
       -77.24909100356601,
       39.026874724692725
      ],
      [
       -77.25050938546939,
       39.0272257028137
      ],
      [
       -77.25174819241619,
       39.028152645030644
      ],
      [
       -77.25437762088661,
       39.02956719321519
      ],
      [
       -77.25615341767941,
       39.03012434030234
      ],
      [
       -77.25904917229317,
       39.03050722552523
      ],
      [
       -77.26033742741643,
       39.03118872849673
      ],
      [
       -77.26807563327463,
       39.03222611837412
      ],
      [
       -77.27319135075734,
       39.033872197580195
      ],
      [
       -77.27503741601141,
       39.03428371738172
      ],
      [
       -77.27763734907835,
       39.03583325715126
      ],
      [
       -77.27921535316536,
       39.03711526814327
      ],
      [
       -77.28607303447804,
       39.041348276996274
      ],
      [
       -77.28771523444324,
       39.04293136012936
      ],
      [
       -77.29038803850703,
       39.04493987128787
      ],
      [
       -77.29306604764204,
       39.046468957786956
      ],
      [
       -77.29514113602913,
       39.04738117364917
      ],
      [
       -77.29977191437791,
       39.048915987063985
      ],
      [
       -77.30466207877508,
       39.05137037951838
      ],
      [
       -77.30696879283079,
       39.05208624398424
      ],
      [
       -77.30825878297779,
       39.05219996416796
      ],
      [
       -77.3129312018962,
       39.05179826193626
      ],
      [
       -77.31694517930718,
       39.052690024528026
      ],
      [
       -77.31852665344165,
       39.05358915029715
      ],
      [
       -77.32017058843059,
       39.053558061326065
      ],
      [
       -77.32301429233229,
       39.05544630725431
      ],
      [
       -77.32390262448462,
       39.05558375323175
      ],
      [
       -77.32687992521393,
       39.05737627785428
      ],
      [
       -77.32831825989025,
       39.057678168126166
      ],
      [
       -77.32915974640174,
       39.058151047739045
      ],
      [
       -77.33340187943388,
       39.059330792378795
      ],
      [
       -77.33395621951722,
       39.05987403124203
      ],
      [
       -77.33419131523331,
       39.06130330578131
      ],
      [
       -77.33713738553539,
       39.06226460949261
      ],
      [
       -77.34014418166818,
       39.062909296577295
      ],
      [
       -77.34210822853623,
       39.06292565919366
      ],
      [
       -77.34280917812518,
       39.06301728984529
      ],
      [
       -77.35170898237398,
       39.062309606687606
      ],
      [
       -77.35882171217571,
       39.06264504032304
      ],
      [
       -77.36228915711015,
       39.062559954717955
      ],
      [
       -77.36790022386923,
       39.06186863417663
      ],
      [
       -77.36815266982266,
       39.06158965156765
      ],
      [
       -77.3724668063398,
       39.06183918146718
      ],
      [
       -77.3741784072544,
       39.061737733245735
      ],
      [
       -77.3788968043018,
       39.06256322724123
      ],
      [
       -77.38076282232882,
       39.06261722387522
      ],
      [
       -77.38436733413833,
       39.06211570968371
      ],
      [
       -77.38681805516406,
       39.062240883698884
      ],
      [
       -77.39254536851337,
       39.06326191095991
      ],
      [
       -77.39755177950077,
       39.064524286812286
      ],
      [
       -77.39896842638042,
       39.06469691241491
      ],
      [
       -77.40159611982712,
       39.06444983690784
      ],
      [
       -77.40544613749513,
       39.064524286812286
      ],
      [
       -77.40891705247705,
       39.06507161632962
      ],
      [
       -77.4146781987892,
       39.066270996109
      ],
      [
       -77.4161252085842,
       39.06645425741226
      ],
      [
       -77.42000472165572,
       39.066369171807175
      ],
      [
       -77.42766138139838,
       39.0679048033528
      ],
      [
       -77.43076013378914,
       39.06926617303417
      ],
      [
       -77.43483830707831,
       39.07020211469011
      ],
      [
       -77.44169772341472,
       39.07131313634114
      ],
      [
       -77.44541761430261,
       39.07123377765178
      ],
      [
       -77.44961637174137,
       39.07230225650026
      ],
      [
       -77.45186235996636,
       39.07232598229398
      ],
      [
       -77.45472861917662,
       39.07280704321504
      ],
      [
       -77.45771806507206,
       39.073662808050805
      ],
      [
       -77.46097123457523,
       39.07505608483409
      ],
      [
       -77.46222305420005,
       39.07606074947875
      ],
      [
       -77.46426083957684,
       39.079828241896244
      ],
      [
       -77.46608695205795,
       39.08220409379209
      ],
      [
       -77.46882395199995,
       39.085345716133716
      ],
      [
       -77.46909721823822,
       39.086640817218814
      ],
      [
       -77.46830170985571,
       39.08833598427398
      ],
      [
       -77.46890896816296,
       39.08967935507736
      ],
      [
       -77.47012782233682,
       39.09050812159612
      ],
      [
       -77.47283098931598,
       39.09318177310978
      ],
      [
       -77.47435607517907,
       39.09560098593899
      ],
      [
       -77.47619606785007,
       39.09956482975283
      ],
      [
       -77.47895041802941,
       39.10341004459804
      ],
      [
       -77.48101509627409,
       39.10568935705736
      ],
      [
       -77.48540123627623,
       39.109310404058405
      ],
      [
       -77.48995914362814,
       39.11145227054027
      ],
      [
       -77.4954314084884,
       39.11318425348225
      ],
      [
       -77.49764443126243,
       39.11376103570903
      ],
      [
       -77.50071715829715,
       39.11415292037092
      ],
      [
       -77.50464525203326,
       39.11542265940066
      ],
      [
       -77.50693461585162,
       39.115989624057626
      ],
      [
       -77.50827231915132,
       39.11663431114231
      ],
      [
       -77.51220735298234,
       39.11804395054195
      ],
      [
       -77.51428504390505,
       39.11820021352821
      ],
      [
       -77.5158882058362,
       39.118651821739824
      ],
      [
       -77.51844736584536,
       39.11978166039966
      ],
      [
       -77.52020234235334,
       39.120964677562675
      ],
      [
       -77.52224880284881,
       39.12343870515671
      ],
      [
       -77.52466395588796,
       39.127719983727985
      ],
      [
       -77.52517492037792,
       39.129266250974254
      ],
      [
       -77.52569022242722,
       39.13204625949426
      ],
      [
       -77.52694637961137,
       39.13560512855313
      ],
      [
       -77.52725781637182,
       39.13861094117894
      ],
      [
       -77.52722138087339,
       39.140544184302186
      ],
      [
       -77.52761696628497,
       39.143722622530625
      ],
      [
       -77.52732201225001,
       39.14696078430878
      ],
      [
       -77.52510725445225,
       39.14844896426696
      ],
      [
       -77.52426923798824,
       39.15038466178266
      ],
      [
       -77.52371403039302,
       39.15270406265206
      ],
      [
       -77.52176733376233,
       39.15943482489283
      ],
      [
       -77.52129800984201,
       39.16187285473085
      ],
      [
       -77.51915005045805,
       39.166153315171314
      ],
      [
       -77.51860438549339,
       39.16773967082767
      ],
      [
       -77.51762236205936,
       39.16941683900484
      ],
      [
       -77.51364395263495,
       39.1752222952903
      ],
      [
       -77.51078897107897,
       39.17877707369507
      ],
      [
       -77.5075305965046,
       39.181401637359635
      ],
      [
       -77.50355825966325,
       39.18259938087738
      ],
      [
       -77.50082125972126,
       39.182983902361904
      ],
      [
       -77.48973706059006,
       39.18555365126165
      ],
      [
       -77.4863286064626,
       39.18591281069081
      ],
      [
       -77.48493104484405,
       39.1863186035766
      ],
      [
       -77.4812016113256,
       39.18790904988705
      ],
      [
       -77.47867194671994,
       39.1896713036693
      ],
      [
       -77.47671136989936,
       39.1917469015549
      ],
      [
       -77.47520016422617,
       39.1950046984727
      ],
      [
       -77.4749268979879,
       39.19739118606918
      ],
      [
       -77.47549511826112,
       39.19879264416064
      ],
      [
       -77.4759948050968,
       39.20182709136509
      ],
      [
       -77.47559921968522,
       39.20335290534091
      ],
      [
       -77.47459203840704,
       39.20515361127161
      ],
      [
       -77.47504140955441,
       39.205485772383774
      ],
      [
       -77.47415567993768,
       39.20776263045063
      ],
      [
       -77.4728656897907,
       39.20947988703789
      ],
      [
       -77.46987797891897,
       39.21221735275535
      ],
      [
       -77.46440918410619,
       39.21577213116013
      ],
      [
       -77.46131216673916,
       39.21766037708838
      ],
      [
       -77.45985908436109,
       39.218886755184755
      ],
      [
       -77.45880765997765,
       39.22027021439821
      ],
      [
       -77.45493421948922,
       39.22158413249213
      ],
      [
       -77.43150792901892,
       39.2321731996712
      ],
      [
       -77.39804018868219,
       39.247252168780165
      ],
      [
       -77.39213763793563,
       39.25010335468136
      ],
      [
       -77.3782557130317,
       39.2563775999256
      ],
      [
       -77.33903376647777,
       39.274725001653
      ],
      [
       -77.32790272170573,
       39.279911132909135
      ],
      [
       -77.32495057882058,
       39.28118987137787
      ],
      [
       -77.31389761011661,
       39.28643736244536
      ],
      [
       -77.31165335691536,
       39.28734221513022
      ],
      [
       -77.30946202193802,
       39.28856532070332
      ],
      [
       -77.30357768894069,
       39.291120343248345
      ],
      [
       -77.30134037583437,
       39.2918402983683
      ],
      [
       -77.28596199295899,
       39.29921329330129
      ],
      [
       -77.28376718793419,
       39.30036113083913
      ],
      [
       -77.27349758244658,
       39.305437632565635
      ],
      [
       -77.26741285420785,
       39.30829618164418
      ],
      [
       -77.26117804641605,
       39.3108422047502
      ],
      [
       -77.25628961704261,
       39.313209875337876
      ],
      [
       -77.24706970091471,
       39.317428157836154
      ],
      [
       -77.23640537752738,
       39.32257910946711
      ],
      [
       -77.23361806189706,
       39.32377685298485
      ],
      [
       -77.22687489215089,
       39.32728908858709
      ],
      [
       -77.21749014876815,
       39.331409195387195
      ],
      [
       -77.20001412219712,
       39.33946614768415
      ],
      [
       -77.19340541679041,
       39.34237623900424
      ],
      [
       -77.19167906817407,
       39.34303237992038
      ],
      [
       -77.18772061152261,
       39.345004893322894
      ],
      [
       -77.18083083227083,
       39.348162878280874
      ],
      [
       -77.1752909014849,
       39.350610725688725
      ],
      [
       -77.1714591015661,
       39.3524866996547
      ],
      [
       -77.16880104520405,
       39.353502
      ],
      [
       -77.1722363921994,
       39.35151066958867
      ],
      [
       -77.1802253089873,
       39.346551160569156
      ],
      [
       -77.18380986802387,
       39.34545895592696
      ],
      [
       -77.18711335321535,
       39.34059516821317
      ],
      [
       -77.18680365147866,
       39.33820295370095
      ],
      [
       -77.1857288042748,
       39.33672704570505
      ],
      [
       -77.18482832695632,
       39.33634497861298
      ],
      [
       -77.18462793171493,
       39.335296953034955
      ],
      [
       -77.18262311178911,
       39.332214236112236
      ],
      [
       -77.18148927377827,
       39.32929432722233
      ],
      [
       -77.18019581358381,
       39.32823975659775
      ],
      [
       -77.17855274610675,
       39.32546302060102
      ],
      [
       -77.17552426217726,
       39.32257829133629
      ],
      [
       -77.17476518929318,
       39.322246948354945
      ],
      [
       -77.17327567141668,
       39.320480603918604
      ],
      [
       -77.1728557956728,
       39.31947512114312
      ],
      [
       -77.1719292929983,
       39.315328016026015
      ],
      [
       -77.17034695135195,
       39.31310924524725
      ],
      [
       -77.16886263854664,
       39.31239092638893
      ],
      [
       -77.16677714001715,
       39.31213566957367
      ],
      [
       -77.165678002481,
       39.31056813092613
      ],
      [
       -77.16565718219618,
       39.30969273095073
      ],
      [
       -77.16493888236988,
       39.308993229101226
      ],
      [
       -77.16459014259914,
       39.30744368933169
      ],
      [
       -77.16233287671987,
       39.307922295860294
      ],
      [
       -77.16093878514879,
       39.30671964355764
      ],
      [
       -77.15977371671072,
       39.30489602996403
      ],
      [
       -77.15741234940735,
       39.30415807596607
      ],
      [
       -77.15341311969811,
       39.30203175396975
      ],
      [
       -77.15146815809116,
       39.29998888131688
      ],
      [
       -77.14990316668217,
       39.29900303368103
      ],
      [
       -77.14912500853701,
       39.299287743205745
      ],
      [
       -77.14804235372635,
       39.29792964604764
      ],
      [
       -77.14543374554074,
       39.295956314514314
      ],
      [
       -77.14359375286975,
       39.29303231497031
      ],
      [
       -77.14005864200965,
       39.292094737052736
      ],
      [
       -77.14019484137285,
       39.28928363956164
      ],
      [
       -77.1378863922934,
       39.28815216464017
      ],
      [
       -77.13809893270093,
       39.2872244042924
      ],
      [
       -77.13975935041535,
       39.28562414041214
      ],
      [
       -77.13956416024516,
       39.284081963819965
      ],
      [
       -77.1400143989044,
       39.283443003651
      ],
      [
       -77.13835398118998,
       39.28097224858025
      ],
      [
       -77.13646974541375,
       39.27923862937663
      ],
      [
       -77.1364628053188,
       39.27828796136596
      ],
      [
       -77.134137006002,
       39.2766606991687
      ],
      [
       -77.1341265958596,
       39.27385287420088
      ],
      [
       -77.13462715020715,
       39.27230497069297
      ],
      [
       -77.13420727446328,
       39.27104586736387
      ],
      [
       -77.13323826370727,
       39.27035618308418
      ],
      [
       -77.1314347065347,
       39.27006738290538
      ],
      [
       -77.13058714744015,
       39.2684123042603
      ],
      [
       -77.12618278968878,
       39.26863238145038
      ],
      [
       -77.12349610543511,
       39.268091596979595
      ],
      [
       -77.12139065413265,
       39.26718674429474
      ],
      [
       -77.1169941039881,
       39.267535268023266
      ],
      [
       -77.11539267708068,
       39.26629825422626
      ],
      [
       -77.11501617693018,
       39.26517414248214
      ],
      [
       -77.11379125017325,
       39.26453763670563
      ],
      [
       -77.11285086730886,
       39.26482889127689
      ],
      [
       -77.11080874437275,
       39.264138388866385
      ],
      [
       -77.10779934570435,
       39.26445827801628
      ],
      [
       -77.10523931818332,
       39.264503275211275
      ],
      [
       -77.10490792864994,
       39.26536313070113
      ],
      [
       -77.10345397875997,
       39.265953003021004
      ],
      [
       -77.10181177879478,
       39.265292771450774
      ],
      [
       -77.09748896715897,
       39.26480598361398
      ],
      [
       -77.09551624517225,
       39.26350188308988
      ],
      [
       -77.09319825346225,
       39.26246694760495
      ],
      [
       -77.08917733595634,
       39.26226895994696
      ],
      [
       -77.086160997193,
       39.260572974760976
      ],
      [
       -77.08357320929221,
       39.26039707663507
      ],
      [
       -77.08210364418865,
       39.260033008421004
      ],
      [
       -77.07880883411583,
       39.258300207348206
      ],
      [
       -77.07843667152467,
       39.25720309392109
      ],
      [
       -77.077413007521,
       39.2562736973117
      ],
      [
       -77.07432726780827,
       39.256014349842346
      ],
      [
       -77.07239271634371,
       39.254913963891966
      ],
      [
       -77.07160935312736,
       39.25505631865432
      ],
      [
       -77.06975461275461,
       39.25376121756922
      ],
      [
       -77.0700833997524,
       39.253185253473255
      ],
      [
       -77.0693303994514,
       39.25249066040866
      ],
      [
       -77.06886888313788,
       39.25291608843409
      ],
      [
       -77.06730475924076,
       39.251572717630715
      ],
      [
       -77.06557233804133,
       39.25095584699385
      ],
      [
       -77.06437864171164,
       39.248809071727074
      ],
      [
       -77.06218817424617,
       39.24732498242298
      ],
      [
       -77.06109771182871,
       39.24497367445167
      ],
      [
       -77.06074636952238,
       39.24314597020397
      ],
      [
       -77.0615253951794,
       39.24127081436881
      ],
      [
       -77.05976694862395,
       39.2401737009417
      ],
      [
       -77.05911024214025,
       39.24066621569421
      ],
      [
       -77.05773436831836,
       39.240236697014694
      ],
      [
       -77.05725376674377,
       39.23915921872722
      ],
      [
       -77.055909990861,
       39.238326361554364
      ],
      [
       -77.05353474336775,
       39.238824603222604
      ],
      [
       -77.05025034343734,
       39.237579408117405
      ],
      [
       -77.04481191153991,
       39.23766612998413
      ],
      [
       -77.04320441204942,
       39.23557171508971
      ],
      [
       -77.04119265202866,
       39.23440506054306
      ],
      [
       -77.03848775002575,
       39.23144588137388
      ],
      [
       -77.03588000935201,
       39.22967381002181
      ],
      [
       -77.03451628069628,
       39.22614439367239
      ],
      [
       -77.03207423478923,
       39.22440504755305
      ],
      [
       -77.03232494571894,
       39.220316847854846
      ],
      [
       -77.02229217097117,
       39.21399106036906
      ],
      [
       -77.01929318244518,
       39.21292012712813
      ],
      [
       -77.01757030387631,
       39.20975068833869
      ],
      [
       -77.00942002988103,
       39.20673178561979
      ],
      [
       -77.01216483742984,
       39.1951805965986
      ],
      [
       -77.00497403156004,
       39.19331607646408
      ],
      [
       -77.00434074789675,
       39.19260021199821
      ],
      [
       -77.00403798625499,
       39.19092386195186
      ],
      [
       -77.00432860273061,
       39.18925732947533
      ],
      [
       -77.00544422299222,
       39.1876587018567
      ],
      [
       -77.00639241346342,
       39.1856191017271
      ],
      [
       -77.0075462042472,
       39.184899146607144
      ],
      [
       -77.00771623657324,
       39.18264765059565
      ],
      [
       -77.00841805367405,
       39.18157017230817
      ],
      [
       -77.00726166035466,
       39.18031515963316
      ],
      [
       -77.00450123759224,
       39.17911823424623
      ],
      [
       -77.00183797615898,
       39.17890879275679
      ],
      [
       -76.99932566179066,
       39.17837537146337
      ],
      [
       -76.99891966623667,
       39.17753924176724
      ],
      [
       -76.99957810774411,
       39.1770909060789
      ],
      [
       -77.00285296504397,
       39.176145146853145
      ],
      [
       -77.00535660429361,
       39.17628831974632
      ],
      [
       -77.00527766071366,
       39.17565263210063
      ]
     ]
    ]
   }
  },
  {
   "type": "Feature",
   "properties": {
    "name": "Ashton-Sandy Spring",
    "geoid": "2402762"
   },
   "geometry": {
    "type": "Polygon",
    "coordinates": [
     [
      [
       -77.03942119279519,
       39.17502512576313
      ],
      [
       -77.0355677050797,
       39.17619996161796
      ],
      [
       -77.03295822938223,
       39.17667038683839
      ],
      [
       -77.03115033465033,
       39.176361133389136
      ],
      [
       -77.02798391633392,
       39.17795894287694
      ],
      [
       -77.02782429415029,
       39.1788547961228
      ],
      [
       -77.0269854101744,
       39.17914523256323
      ],
      [
       -77.02617602160203,
       39.177314255792254
      ],
      [
       -77.02423019248319,
       39.175345833043835
      ],
      [
       -77.02139169365269,
       39.174487613815614
      ],
      [
       -77.02040099509999,
       39.1757009018189
      ],
      [
       -77.01784530513831,
       39.17572380948181
      ],
      [
       -77.01543188712289,
       39.1771719010299
      ],
      [
       -77.01359536449937,
       39.17593734162534
      ],
      [
       -77.01196183965284,
       39.1760936046116
      ],
      [
       -77.00959006220707,
       39.17569681116481
      ],
      [
       -77.00785764100765,
       39.175940614148615
      ],
      [
       -77.00527766071366,
       39.17565263210063
      ],
      [
       -77.00442402903603,
       39.17430517064317
      ],
      [
       -77.00300217708518,
       39.17417508784309
      ],
      [
       -76.99834797591598,
       39.17509384875185
      ],
      [
       -76.99742667831268,
       39.17410391046191
      ],
      [
       -76.99937771250272,
       39.172353928641925
      ],
      [
       -77.00139901515402,
       39.17087883877684
      ],
      [
       -77.0009748018508,
       39.169537104235104
      ],
      [
       -76.998982994603,
       39.16813564614365
      ],
      [
       -76.99716642475242,
       39.16639711815512
      ],
      [
       -76.99441033954935,
       39.166807001695
      ],
      [
       -76.9927317040857,
       39.16645765983566
      ],
      [
       -76.9904059047689,
       39.16661228656029
      ],
      [
       -76.98713798756398,
       39.16629076114876
      ],
      [
       -76.98615596412996,
       39.16573688658489
      ],
      [
       -76.98335303328604,
       39.165313094821094
      ],
      [
       -76.98205523553224,
       39.16428715877516
      ],
      [
       -76.98064466123566,
       39.16423561653362
      ],
      [
       -76.98012675665076,
       39.16372183037983
      ],
      [
       -76.97851058204158,
       39.16358111187911
      ],
      [
       -76.9774392048852,
       39.162825159003155
      ],
      [
       -76.97557058432258,
       39.16320068104868
      ],
      [
       -76.97334194633495,
       39.16207493304293
      ],
      [
       -76.97300274919475,
       39.16139997511797
      ],
      [
       -76.97359786233586,
       39.16043867140667
      ],
      [
       -76.97389281637082,
       39.158651873699874
      ],
      [
       -76.97669921726222,
       39.15415788111588
      ],
      [
       -76.97669834975035,
       39.15199228884029
      ],
      [
       -76.97530686071487,
       39.14953707825508
      ],
      [
       -76.97290125030625,
       39.14947326405127
      ],
      [
       -76.97039240598541,
       39.14872385622186
      ],
      [
       -76.9685446057076,
       39.14852505043305
      ],
      [
       -76.9669076108136,
       39.14876230837031
      ],
      [
       -76.96406737695938,
       39.14819534371334
      ],
      [
       -76.96319292499693,
       39.14606002227802
      ],
      [
       -76.96221784165785,
       39.14565995630796
      ],
      [
       -76.95914164457565,
       39.145129807537806
      ],
      [
       -76.95553886778987,
       39.14486473315273
      ],
      [
       -76.95247741840942,
       39.146267827505824
      ],
      [
       -76.95169405519306,
       39.146207285825284
      ],
      [
       -76.95001021465822,
       39.144355037653035
      ],
      [
       -76.95014467899767,
       39.14350581786382
      ],
      [
       -76.95261275026076,
       39.14298466853267
      ],
      [
       -76.95258672490473,
       39.141809014547015
      ],
      [
       -76.95939322301723,
       39.13920408602208
      ],
      [
       -76.9615168920689,
       39.13849231221031
      ],
      [
       -76.96253882104882,
       39.139723599091596
      ],
      [
       -76.96442392433693,
       39.14033801533601
      ],
      [
       -76.96512574143775,
       39.13971705404505
      ],
      [
       -76.96705595534296,
       39.1395297020877
      ],
      [
       -76.97024492896793,
       39.13843095239895
      ],
      [
       -76.9719226969197,
       39.13652388946189
      ],
      [
       -76.97351024363725,
       39.13480336035136
      ],
      [
       -76.97383816312316,
       39.134902354180355
      ],
      [
       -76.97494510826611,
       39.13324318488119
      ],
      [
       -76.97766822801823,
       39.133486987864984
      ],
      [
       -76.97997233953834,
       39.13297238358038
      ],
      [
       -76.98201706501007,
       39.133113102081104
      ],
      [
       -76.98257400762901,
       39.132240156498156
      ],
      [
       -76.9837572938163,
       39.13174436922237
      ],
      [
       -76.9840479102919,
       39.1298823034803
      ],
      [
       -76.98564933719933,
       39.129177074715074
      ],
      [
       -76.98728112702213,
       39.12803578222378
      ],
      [
       -76.98754832067732,
       39.12711702131502
      ],
      [
       -76.9898906027196,
       39.12629561797362
      ],
      [
       -76.99229361059261,
       39.13026437057237
      ],
      [
       -76.99488660356461,
       39.13602482966283
      ],
      [
       -77.00087677300978,
       39.134902354180355
      ],
      [
       -77.00722522485623,
       39.133289000207
      ],
      [
       -77.01444986368887,
       39.12883673229473
      ],
      [
       -77.01780713461613,
       39.12752526859327
      ],
      [
       -77.01914223538024,
       39.12718901682702
      ],
      [
       -77.02394131103131,
       39.12652224021024
      ],
      [
       -77.02756924566124,
       39.12533676865477
      ],
      [
       -77.02827713534514,
       39.12766435083235
      ],
      [
       -77.03028976287776,
       39.13195871949672
      ],
      [
       -77.03118763766064,
       39.134985803523804
      ],
      [
       -77.03388212952113,
       39.138871106779106
      ],
      [
       -77.03839058869659,
       39.141857284265285
      ],
      [
       -77.04358871980672,
       39.144134960462964
      ],
      [
       -77.04297625642826,
       39.14432067615868
      ],
      [
       -77.04029824729325,
       39.146250646758645
      ],
      [
       -77.04112238356738,
       39.14739193924994
      ],
      [
       -77.04299881173681,
       39.14881794126594
      ],
      [
       -77.04251821016221,
       39.15002795674596
      ],
      [
       -77.04241931380932,
       39.15155377072177
      ],
      [
       -77.04039714364615,
       39.15299204470004
      ],
      [
       -77.0403208026018,
       39.15572705602506
      ],
      [
       -77.03878704162004,
       39.15452113119913
      ],
      [
       -77.03738427493028,
       39.154334597372596
      ],
      [
       -77.03602575134575,
       39.15367763832564
      ],
      [
       -77.03573600238201,
       39.15542598388399
      ],
      [
       -77.03738427493028,
       39.15824117202917
      ],
      [
       -77.03967190372491,
       39.15947327704128
      ],
      [
       -77.04044312177513,
       39.160716835884834
      ],
      [
       -77.04012214238415,
       39.1630166016146
      ],
      [
       -77.04094627865828,
       39.163645744213746
      ],
      [
       -77.04088121526821,
       39.16436897185697
      ],
      [
       -77.04326600539201,
       39.16494739034539
      ],
      [
       -77.04171662919663,
       39.16654192730993
      ],
      [
       -77.04200724567225,
       39.16702626075426
      ],
      [
       -77.04096883396683,
       39.167509776067774
      ],
      [
       -77.04080227168828,
       39.169646733764736
      ],
      [
       -77.03973262955563,
       39.169775998434
      ],
      [
       -77.03829602990304,
       39.172349019857016
      ],
      [
       -77.0392528954929,
       39.17289716750517
      ],
      [
       -77.03942119279519,
       39.17502512576313
      ]
     ]
    ]
   }
  },
  {
   "type": "Feature",
   "properties": {
    "name": "Aspen Hill",
    "geoid": "2402825"
   },
   "geometry": {
    "type": "Polygon",
    "coordinates": [
     [
      [
       -77.10127999401999,
       39.11763324887125
      ],
      [
       -77.09918235032436,
       39.1162636978817
      ],
      [
       -77.09714543245943,
       39.11531384800185
      ],
      [
       -77.08521974681675,
       39.111309097647094
      ],
      [
       -77.08304489456489,
       39.11046233225033
      ],
      [
       -77.08001467561168,
       39.10894633584434
      ],
      [
       -77.07826577168677,
       39.109388126486124
      ],
      [
       -77.07591134447834,
       39.10941267041067
      ],
      [
       -77.07691765824465,
       39.101304994002994
      ],
      [
       -77.07741474254475,
       39.099339025647026
      ],
      [
       -77.07873422809523,
       39.09585706088506
      ],
      [
       -77.07945513045713,
       39.093167864885864
      ],
      [
       -77.07701134952634,
       39.09379128056928
      ],
      [
       -77.0757898928169,
       39.09370783122583
      ],
      [
       -77.07160067800868,
       39.09264262490063
      ],
      [
       -77.06935815983115,
       39.091494787362784
      ],
      [
       -77.06489481127281,
       39.091368795216795
      ],
      [
       -77.06515506483306,
       39.09321531647332
      ],
      [
       -77.06245363287763,
       39.098399811467814
      ],
      [
       -77.06234866394166,
       39.100904928032925
      ],
      [
       -77.0563741097101,
       39.10346813188613
      ],
      [
       -77.05773783836584,
       39.10683964898765
      ],
      [
       -77.05856197463997,
       39.106473126381125
      ],
      [
       -77.06101182815382,
       39.10833682838483
      ],
      [
       -77.06433092855893,
       39.1118956974437
      ],
      [
       -77.0644758030408,
       39.112402938550936
      ],
      [
       -77.06095804241804,
       39.11229985406786
      ],
      [
       -77.05918831820831,
       39.11248720602521
      ],
      [
       -77.05275658522258,
       39.11502832034632
      ],
      [
       -77.05162795228296,
       39.11560837509637
      ],
      [
       -77.0481874002164,
       39.11822802997603
      ],
      [
       -77.04522658221258,
       39.11960903479704
      ],
      [
       -77.04183894836994,
       39.11971620993421
      ],
      [
       -77.03901606475307,
       39.12078387065187
      ],
      [
       -77.03519901253601,
       39.120729055887054
      ],
      [
       -77.03400358118259,
       39.1204827985108
      ],
      [
       -77.0353647073027,
       39.11918360677161
      ],
      [
       -77.03658963405964,
       39.116644946842946
      ],
      [
       -77.0370711031461,
       39.11345996356796
      ],
      [
       -77.0370711031461,
       39.108627264825266
      ],
      [
       -77.03739121502521,
       39.10745979214779
      ],
      [
       -77.04057324855525,
       39.10169933305733
      ],
      [
       -77.03914966158067,
       39.101318084096086
      ],
      [
       -77.03933097156097,
       39.09859370847171
      ],
      [
       -77.04235858797858,
       39.099622098910096
      ],
      [
       -77.04496632865234,
       39.09487203138003
      ],
      [
       -77.0453115983756,
       39.093132685260684
      ],
      [
       -77.05167306290006,
       39.09334130861931
      ],
      [
       -77.0529725956776,
       39.09269825779626
      ],
      [
       -77.05524374174674,
       39.092082205290204
      ],
      [
       -77.05520557122458,
       39.09034694982495
      ],
      [
       -77.05365706254106,
       39.09037722066522
      ],
      [
       -77.05359633671034,
       39.08846197641998
      ],
      [
       -77.05403876776276,
       39.0869967041247
      ],
      [
       -77.05542678675079,
       39.08461267092067
      ],
      [
       -77.05588483301683,
       39.08189729473529
      ],
      [
       -77.05555084094784,
       39.079469082467085
      ],
      [
       -77.0562969011539,
       39.07983887759688
      ],
      [
       -77.06147941705042,
       39.078557684735685
      ],
      [
       -77.06673306892007,
       39.07775100774901
      ],
      [
       -77.0694266932687,
       39.07655735488535
      ],
      [
       -77.06833362831563,
       39.07560832313632
      ],
      [
       -77.07053363841165,
       39.077416392244395
      ],
      [
       -77.07249074518475,
       39.07554778145578
      ],
      [
       -77.07738437962938,
       39.06975868778669
      ],
      [
       -77.08042934628435,
       39.06974396143196
      ],
      [
       -77.0812448074398,
       39.06875893192693
      ],
      [
       -77.08333464352864,
       39.06771417887218
      ],
      [
       -77.0858296076596,
       39.067049856647856
      ],
      [
       -77.08652361715362,
       39.06595192508993
      ],
      [
       -77.08762275468976,
       39.06525405950206
      ],
      [
       -77.086913997494,
       39.06420112513913
      ],
      [
       -77.08776762917164,
       39.06233905939706
      ],
      [
       -77.08743970968571,
       39.06101205121005
      ],
      [
       -77.08788994834495,
       39.06036736412536
      ],
      [
       -77.08919208365809,
       39.059865031803035
      ],
      [
       -77.0948447909868,
       39.06308601283401
      ],
      [
       -77.10524972832573,
       39.0692629005109
      ],
      [
       -77.1092107875128,
       39.07173610997411
      ],
      [
       -77.11112712122812,
       39.07290031012831
      ],
      [
       -77.11082782963383,
       39.07529497903298
      ],
      [
       -77.10818972604473,
       39.0752957971638
      ],
      [
       -77.1077282097312,
       39.07571140761941
      ],
      [
       -77.10959162522262,
       39.08008186244986
      ],
      [
       -77.11120606480806,
       39.0817713025893
      ],
      [
       -77.10972522205023,
       39.08274815078615
      ],
      [
       -77.10992388226788,
       39.08353028384828
      ],
      [
       -77.11149928381928,
       39.08464294176094
      ],
      [
       -77.11323517506618,
       39.08734113719914
      ],
      [
       -77.11526515283616,
       39.08851597305397
      ],
      [
       -77.11672604282104,
       39.086419103767106
      ],
      [
       -77.11826067131467,
       39.088331893619895
      ],
      [
       -77.11776965959766,
       39.08886286052086
      ],
      [
       -77.11843157115257,
       39.08964335732136
      ],
      [
       -77.11942313721714,
       39.08922201995002
      ],
      [
       -77.1188982925373,
       39.0935982016962
      ],
      [
       -77.11769505357705,
       39.094039174207175
      ],
      [
       -77.1191863064773,
       39.09521401006201
      ],
      [
       -77.12075043037443,
       39.0949293005373
      ],
      [
       -77.12235966488866,
       39.09779766718567
      ],
      [
       -77.1219848997619,
       39.09928175648976
      ],
      [
       -77.12367481287981,
       39.098245184743185
      ],
      [
       -77.12519382615983,
       39.09875978902779
      ],
      [
       -77.12543412694713,
       39.099819268437265
      ],
      [
       -77.12500037101337,
       39.10150134539934
      ],
      [
       -77.12345793491293,
       39.10199713267513
      ],
      [
       -77.12079640850341,
       39.102137851175854
      ],
      [
       -77.12054396254996,
       39.10247819359619
      ],
      [
       -77.11580561272962,
       39.103716843654844
      ],
      [
       -77.11368541372542,
       39.10727325832126
      ],
      [
       -77.11273115067115,
       39.10838264371064
      ],
      [
       -77.11017632822133,
       39.10813065941866
      ],
      [
       -77.10776464522965,
       39.10759314747115
      ],
      [
       -77.10772734221935,
       39.108573268191265
      ],
      [
       -77.10902427246127,
       39.109560752088754
      ],
      [
       -77.1072987913568,
       39.1102398006678
      ],
      [
       -77.10469018317119,
       39.11027907094707
      ],
      [
       -77.10508663609464,
       39.11308198712999
      ],
      [
       -77.10351470459071,
       39.11354832169632
      ],
      [
       -77.103958003155,
       39.11489414689215
      ],
      [
       -77.10262203487903,
       39.115047137355134
      ],
      [
       -77.10184387673388,
       39.115627192105194
      ],
      [
       -77.10237826404426,
       39.1171031001011
      ],
      [
       -77.10127999401999,
       39.11763324887125
      ]
     ]
    ]
   }
  },
  {
   "type": "Feature",
   "properties": {
    "name": "Barnesville",
    "geoid": "2404475"
   },
   "geometry": {
    "type": "Polygon",
    "coordinates": [
     [
      [
       -77.39142888073988,
       39.223677729255726
      ],
      [
       -77.39011026270126,
       39.22472820922621
      ],
      [
       -77.38731774199974,
       39.224930287538285
      ],
      [
       -77.38452261876262,
       39.22771275045075
      ],
      [
       -77.38055375196875,
       39.22457521876322
      ],
      [
       -77.3800957057027,
       39.2240287073767
      ],
      [
       -77.38036463438164,
       39.22247671321471
      ],
      [
       -77.37714963540063,
       39.222181367989364
      ],
      [
       -77.37692841987442,
       39.22457521876322
      ],
      [
       -77.37613204398004,
       39.22784283325083
      ],
      [
       -77.3744829039199,
       39.22734459158259
      ],
      [
       -77.37444993846894,
       39.226879075147075
      ],
      [
       -77.37253533977734,
       39.225879319287316
      ],
      [
       -77.37309401742002,
       39.225335262293264
      ],
      [
       -77.37213281427081,
       39.22415388139188
      ],
      [
       -77.37365963515764,
       39.22217809546609
      ],
      [
       -77.37362319965919,
       39.21580567452367
      ],
      [
       -77.37484118632119,
       39.215574143502145
      ],
      [
       -77.37829214853015,
       39.21620328610128
      ],
      [
       -77.37904341380741,
       39.21449993773794
      ],
      [
       -77.38055982455182,
       39.212245987333986
      ],
      [
       -77.38182639187839,
       39.21270414059214
      ],
      [
       -77.3798849003189,
       39.215829400317396
      ],
      [
       -77.38257592213192,
       39.21639227432027
      ],
      [
       -77.38642940984741,
       39.21867076864877
      ],
      [
       -77.38378696869897,
       39.219160010878014
      ],
      [
       -77.38359004350504,
       39.22153831716631
      ],
      [
       -77.38756498288198,
       39.222098736776736
      ],
      [
       -77.39142888073988,
       39.223677729255726
      ]
     ]
    ]
   }
  },
  {
   "type": "Feature",
   "properties": {
    "name": "Bethesda",
    "geoid": "2407125"
   },
   "geometry": {
    "type": "Polygon",
    "coordinates": [
     [
      [
       -77.15861211832012,
       38.98488334232134
      ],
      [
       -77.15734208094608,
       38.986550692928695
      ],
      [
       -77.15664373389274,
       38.988909364077365
      ],
      [
       -77.15799618489419,
       38.99559103846904
      ],
      [
       -77.15773506382206,
       38.998815292023295
      ],
      [
       -77.15659862327563,
       39.00124595868396
      ],
      [
       -77.15458599574299,
       39.00399733262533
      ],
      [
       -77.15264363667164,
       39.007655195513195
      ],
      [
       -77.15082186174986,
       39.01042784085584
      ],
      [
       -77.14968542120342,
       39.0119062032442
      ],
      [
       -77.14826790681191,
       39.01285278060078
      ],
      [
       -77.146794004149,
       39.01306794900595
      ],
      [
       -77.13708307630408,
       39.01296813704614
      ],
      [
       -77.13332067733468,
       39.013055677043674
      ],
      [
       -77.1278779078779,
       39.013944985242986
      ],
      [
       -77.12366266771367,
       39.015088732126735
      ],
      [
       -77.12166825793025,
       39.01546425417225
      ],
      [
       -77.113327998836,
       39.0159764040644
      ],
      [
       -77.11047908986309,
       39.01681335189135
      ],
      [
       -77.10847426993728,
       39.01829335054135
      ],
      [
       -77.10696132924033,
       39.01880304604104
      ],
      [
       -77.10417141107442,
       39.01835634661435
      ],
      [
       -77.10184387673388,
       39.01708906197706
      ],
      [
       -77.10039773445074,
       39.016627636195636
      ],
      [
       -77.10268623075723,
       39.02119198802999
      ],
      [
       -77.10307574358575,
       39.02245436388237
      ],
      [
       -77.10156193537694,
       39.02227437510238
      ],
      [
       -77.10152376485476,
       39.02136624989425
      ],
      [
       -77.10060073222773,
       39.021137173265174
      ],
      [
       -77.09918235032436,
       39.019054212202214
      ],
      [
       -77.09840332466733,
       39.0189094030474
      ],
      [
       -77.09729724703625,
       39.01696306983107
      ],
      [
       -77.0953358027038,
       39.01599113041913
      ],
      [
       -77.09451166642967,
       39.016077852285854
      ],
      [
       -77.09379510162711,
       39.015101822219826
      ],
      [
       -77.09239927503228,
       39.01467803045603
      ],
      [
       -77.09334486296787,
       39.01310312863113
      ],
      [
       -77.09304817390918,
       39.0125378002358
      ],
      [
       -77.09156733115134,
       39.011767939135936
      ],
      [
       -77.08757677656078,
       39.01038284366084
      ],
      [
       -77.08692093758894,
       39.00941826742627
      ],
      [
       -77.0859979049619,
       39.009077925005926
      ],
      [
       -77.08515902098603,
       39.007759098127096
      ],
      [
       -77.08420475793176,
       39.0074612985093
      ],
      [
       -77.08318976904677,
       39.008555957543955
      ],
      [
       -77.08269528728229,
       39.00765928616729
      ],
      [
       -77.08066270697671,
       39.00634291368091
      ],
      [
       -77.07926861540561,
       39.00689597011397
      ],
      [
       -77.07831174981575,
       39.00559923276723
      ],
      [
       -77.08100884421185,
       39.00532270455071
      ],
      [
       -77.08281413640813,
       39.00564177556978
      ],
      [
       -77.08513299562999,
       39.00680106693907
      ],
      [
       -77.08542014205814,
       39.006536810684814
      ],
      [
       -77.08346563782064,
       39.00548305819106
      ],
      [
       -77.08332163085063,
       39.000135755163754
      ],
      [
       -77.088622995873,
       38.99861894062694
      ],
      [
       -77.09103294384094,
       38.997202756180755
      ],
      [
       -77.09245306076807,
       38.996963043851046
      ],
      [
       -77.09658415228115,
       38.99689513899314
      ],
      [
       -77.09599077416378,
       38.99274067069867
      ],
      [
       -77.09404668006869,
       38.99274803387603
      ],
      [
       -77.09387231018331,
       38.98967268013068
      ],
      [
       -77.09344375932076,
       38.98773125569926
      ],
      [
       -77.08819531252232,
       38.988243405591405
      ],
      [
       -77.08775982156482,
       38.985645022113026
      ],
      [
       -77.08536028373929,
       38.98640997442797
      ],
      [
       -77.0867751955952,
       38.98455036307836
      ],
      [
       -77.09213208137709,
       38.982688297336296
      ],
      [
       -77.09153696823597,
       38.981539641667645
      ],
      [
       -77.09096527791527,
       38.98159691082491
      ],
      [
       -77.0905827051817,
       38.97940759275559
      ],
      [
       -77.08994161391162,
       38.979476315744314
      ],
      [
       -77.08953822089322,
       38.97716918683719
      ],
      [
       -77.0906174056564,
       38.977161005529005
      ],
      [
       -77.08999366462366,
       38.97547729230529
      ],
      [
       -77.08894918033518,
       38.96899196930997
      ],
      [
       -77.08908624721025,
       38.96900260501061
      ],
      [
       -77.10198875121576,
       38.97056932552733
      ],
      [
       -77.1007620894351,
       38.9644267993448
      ],
      [
       -77.10095207453408,
       38.96295907265707
      ],
      [
       -77.09954583779684,
       38.96204522053322
      ],
      [
       -77.09744732658933,
       38.96212703361503
      ],
      [
       -77.0972078933139,
       38.96265309173109
      ],
      [
       -77.09552231775533,
       38.96269318014118
      ],
      [
       -77.09331536756437,
       38.96277908387709
      ],
      [
       -77.08724191697992,
       38.961753147831146
      ],
      [
       -77.08616273221674,
       38.96192413717214
      ],
      [
       -77.08713694804395,
       38.96381811001611
      ],
      [
       -77.08707882474883,
       38.96384510833311
      ],
      [
       -77.08608986121986,
       38.96433516869317
      ],
      [
       -77.08570121590321,
       38.96361521357321
      ],
      [
       -77.08349773575974,
       38.96253200837001
      ],
      [
       -77.10062502256002,
       38.94916375080175
      ],
      [
       -77.10251533091933,
       38.94790464747265
      ],
      [
       -77.11257933609434,
       38.940228126006126
      ],
      [
       -77.11285433735634,
       38.94147004858805
      ],
      [
       -77.1170235993916,
       38.944353141591144
      ],
      [
       -77.11783472298772,
       38.945766053514056
      ],
      [
       -77.1175068035018,
       38.9479520990601
      ],
      [
       -77.11877423834024,
       38.94876777548578
      ],
      [
       -77.12014664211465,
       38.94858124165924
      ],
      [
       -77.1206740893301,
       38.951389066627065
      ],
      [
       -77.12213758185058,
       38.95716016141816
      ],
      [
       -77.12210808644708,
       38.9581411002691
      ],
      [
       -77.1211703061183,
       38.96351212909013
      ],
      [
       -77.12599887717288,
       38.967090633288635
      ],
      [
       -77.13007271290272,
       38.969168685566686
      ],
      [
       -77.1324922035012,
       38.96951884555685
      ],
      [
       -77.13461327001727,
       38.96935931004731
      ],
      [
       -77.1366258975499,
       38.97000563339363
      ],
      [
       -77.13848757801757,
       38.96841764147564
      ],
      [
       -77.14125407336307,
       38.969616203124204
      ],
      [
       -77.14276961659561,
       38.971326914664914
      ],
      [
       -77.14465298485999,
       38.972446117624116
      ],
      [
       -77.14610780226181,
       38.97283882041682
      ],
      [
       -77.1487407007797,
       38.972749644157645
      ],
      [
       -77.14970537397637,
       38.97606634649435
      ],
      [
       -77.15073597807498,
       38.97727390758191
      ],
      [
       -77.15727007746108,
       38.98240276968077
      ],
      [
       -77.15830762165463,
       38.98385577001377
      ],
      [
       -77.15861211832012,
       38.98488334232134
      ]
     ]
    ]
   }
  },
  {
   "type": "Feature",
   "properties": {
    "name": "Brookeville",
    "geoid": "2410225"
   },
   "geometry": {
    "type": "Polygon",
    "coordinates": [
     [
      [
       -77.06323179102279,
       39.18120119530919
      ],
      [
       -77.0621153032493,
       39.181426999415
      ],
      [
       -77.06127902180903,
       39.18228930929731
      ],
      [
       -77.06223241735142,
       39.18322770534571
      ],
      [
       -77.06205978248978,
       39.18400165709966
      ],
      [
       -77.06032128870729,
       39.18520676379476
      ],
      [
       -77.05784627734928,
       39.18367276851077
      ],
      [
       -77.05614421906522,
       39.182860364608366
      ],
      [
       -77.0555786013276,
       39.18184915491715
      ],
      [
       -77.05639059243559,
       39.18161107884908
      ],
      [
       -77.05691630462731,
       39.17950193759994
      ],
      [
       -77.05583191479292,
       39.17802766586566
      ],
      [
       -77.05579894934195,
       39.17723407897208
      ],
      [
       -77.05807877052978,
       39.17733389093189
      ],
      [
       -77.05823665768966,
       39.1765763017943
      ],
      [
       -77.05892372708873,
       39.17673665543465
      ],
      [
       -77.06014171375071,
       39.1779164000744
      ],
      [
       -77.0615626981897,
       39.17839664286464
      ],
      [
       -77.06161561641362,
       39.18020962075762
      ],
      [
       -77.06323179102279,
       39.18120119530919
      ]
     ]
    ]
   }
  },
  {
   "type": "Feature",
   "properties": {
    "name": "Brookmont",
    "geoid": "2410500"
   },
   "geometry": {
    "type": "Polygon",
    "coordinates": [
     [
      [
       -77.14997256763156,
       38.9653971024951
      ],
      [
       -77.14864006940307,
       38.96823274391075
      ],
      [
       -77.14633075281175,
       38.96994672797473
      ],
      [
       -77.14432506537406,
       38.96932903920704
      ],
      [
       -77.14142584071284,
       38.96664393386193
      ],
      [
       -77.13800957897858,
       38.963850835248834
      ],
      [
       -77.13614616348717,
       38.964878407556405
      ],
      [
       -77.13757235299735,
       38.96617269051069
      ],
      [
       -77.13848757801757,
       38.96841764147564
      ],
      [
       -77.1366258975499,
       38.97000563339363
      ],
      [
       -77.13461327001727,
       38.96935931004731
      ],
      [
       -77.1324922035012,
       38.96951884555685
      ],
      [
       -77.13007271290272,
       38.969168685566686
      ],
      [
       -77.12599887717288,
       38.967090633288635
      ],
      [
       -77.1211703061183,
       38.96351212909013
      ],
      [
       -77.12210808644708,
       38.9581411002691
      ],
      [
       -77.12213758185058,
       38.95716016141816
      ],
      [
       -77.1206740893301,
       38.951389066627065
      ],
      [
       -77.12014664211465,
       38.94858124165924
      ],
      [
       -77.11877423834024,
       38.94876777548578
      ],
      [
       -77.1175068035018,
       38.9479520990601
      ],
      [
       -77.11783472298772,
       38.945766053514056
      ],
      [
       -77.1170235993916,
       38.944353141591144
      ],
      [
       -77.11285433735634,
       38.94147004858805
      ],
      [
       -77.11257933609434,
       38.940228126006126
      ],
      [
       -77.11690995533695,
       38.93676906890707
      ],
      [
       -77.118860989527,
       38.935356156984156
      ],
      [
       -77.11979182976083,
       38.9343744000024
      ],
      [
       -77.12449808164209,
       38.93844787334587
      ],
      [
       -77.12819975478075,
       38.940873631221635
      ],
      [
       -77.12913927013327,
       38.94225381791182
      ],
      [
       -77.12997208152608,
       38.94423205823006
      ],
      [
       -77.13173573315274,
       38.94751276281076
      ],
      [
       -77.13293463455364,
       38.94923738257538
      ],
      [
       -77.13525262626362,
       38.953512934230936
      ],
      [
       -77.13637518662019,
       38.95474094858895
      ],
      [
       -77.13801131400231,
       38.95582006313806
      ],
      [
       -77.13946613140413,
       38.95741623636424
      ],
      [
       -77.14089579096179,
       38.95840372026172
      ],
      [
       -77.14254666604566,
       38.960521042819046
      ],
      [
       -77.14508066821067,
       38.96314560648361
      ],
      [
       -77.14754526942627,
       38.9645756991537
      ],
      [
       -77.14997256763156,
       38.9653971024951
      ]
     ]
    ]
   }
  },
  {
   "type": "Feature",
   "properties": {
    "name": "Burnt Mills",
    "geoid": "2411550"
   },
   "geometry": {
    "type": "Polygon",
    "coordinates": [
     [
      [
       -77.00676891361391,
       39.040495784683785
      ],
      [
       -77.00593436719737,
       39.03999017983818
      ],
      [
       -77.0028520975321,
       39.039099235377236
      ],
      [
       -77.00233939801839,
       39.04040824468625
      ],
      [
       -76.99848157274357,
       39.039721014799014
      ],
      [
       -76.9977441876562,
       39.03932094882895
      ],
      [
       -76.99572895758796,
       39.0409073044853
      ],
      [
       -76.9953993030783,
       39.03908532715333
      ],
      [
       -76.99441467710868,
       39.037899037467035
      ],
      [
       -76.99249227081027,
       39.038775255573256
      ],
      [
       -76.99137578303679,
       39.037111995619995
      ],
      [
       -76.98949067974868,
       39.03708008851809
      ],
      [
       -76.98848436598237,
       39.035497823515826
      ],
      [
       -76.98463261329061,
       39.031784327732325
      ],
      [
       -76.9864543882124,
       39.030089160677164
      ],
      [
       -76.98696708772609,
       39.03006216236016
      ],
      [
       -76.99130117701618,
       39.02808392204192
      ],
      [
       -76.99286616842517,
       39.029756999565
      ],
      [
       -76.99811374771176,
       39.02612204434004
      ],
      [
       -77.00023568173968,
       39.02803810671611
      ],
      [
       -77.00237236346936,
       39.02912131191931
      ],
      [
       -77.00350880401581,
       39.02930375509175
      ],
      [
       -77.00406574663475,
       39.0300817974998
      ],
      [
       -77.00619462075763,
       39.03018079132879
      ],
      [
       -77.00723997255797,
       39.032073127911126
      ],
      [
       -77.00961782258682,
       39.03391474038274
      ],
      [
       -77.00978785491286,
       39.034627332325336
      ],
      [
       -77.00923871990072,
       39.03544628127428
      ],
      [
       -77.00950591355591,
       39.03638385919186
      ],
      [
       -77.00881884415685,
       39.03697209525009
      ],
      [
       -77.01125308245709,
       39.03880961706762
      ],
      [
       -77.00951285365086,
       39.03926367967168
      ],
      [
       -77.00676891361391,
       39.040495784683785
      ]
     ]
    ]
   }
  },
  {
   "type": "Feature",
   "properties": {
    "name": "Burtonsville",
    "geoid": "2411750"
   },
   "geometry": {
    "type": "Polygon",
    "coordinates": [
     [
      [
       -76.9719226969197,
       39.13652388946189
      ],
      [
       -76.97024492896793,
       39.13843095239895
      ],
      [
       -76.96705595534296,
       39.1395297020877
      ],
      [
       -76.96512574143775,
       39.13971705404505
      ],
      [
       -76.96442392433693,
       39.14033801533601
      ],
      [
       -76.96253882104882,
       39.139723599091596
      ],
      [
       -76.9615168920689,
       39.13849231221031
      ],
      [
       -76.95939322301723,
       39.13920408602208
      ],
      [
       -76.95258672490473,
       39.141809014547015
      ],
      [
       -76.95242883774483,
       39.14042882785683
      ],
      [
       -76.95306732647933,
       39.1389701006081
      ],
      [
       -76.95546512928114,
       39.13809224624025
      ],
      [
       -76.958072002443,
       39.13545131995932
      ],
      [
       -76.95851703603104,
       39.13402286355086
      ],
      [
       -76.94857882007682,
       39.12959677582477
      ],
      [
       -76.94674923754825,
       39.12940696947497
      ],
      [
       -76.94522328417328,
       39.13021691898492
      ],
      [
       -76.94369212572713,
       39.13210516491316
      ],
      [
       -76.94193367917168,
       39.13265822134622
      ],
      [
       -76.93949597082397,
       39.132484777612774
      ],
      [
       -76.93827798416199,
       39.132779304707306
      ],
      [
       -76.93568672621373,
       39.13426584840385
      ],
      [
       -76.93341471263271,
       39.13660406628207
      ],
      [
       -76.92910231113932,
       39.13839168211968
      ],
      [
       -76.92775593272094,
       39.13807261110061
      ],
      [
       -76.92643818219419,
       39.13530569267369
      ],
      [
       -76.92475434165934,
       39.134297755505756
      ],
      [
       -76.91909903179503,
       39.132227066405065
      ],
      [
       -76.91764334688135,
       39.13013510590311
      ],
      [
       -76.91630911362911,
       39.12884736799537
      ],
      [
       -76.91575303852204,
       39.12723974093774
      ],
      [
       -76.91500177324478,
       39.12669732020532
      ],
      [
       -76.91145017965918,
       39.12668913889714
      ],
      [
       -76.91001791756592,
       39.12645760787561
      ],
      [
       -76.90783005263606,
       39.12557239033039
      ],
      [
       -76.90502365174466,
       39.12537685706486
      ],
      [
       -76.90283318427919,
       39.12556175462976
      ],
      [
       -76.89872291305092,
       39.12650505946306
      ],
      [
       -76.89502210742411,
       39.12772898316698
      ],
      [
       -76.89366358383958,
       39.12837612464413
      ],
      [
       -76.88910394146394,
       39.13115040624841
      ],
      [
       -76.88850535827537,
       39.130967144945146
      ],
      [
       -76.88880204733405,
       39.12998620609421
      ],
      [
       -76.89427517970618,
       39.12386086065886
      ],
      [
       -76.9007927963668,
       39.121126667464665
      ],
      [
       -76.9013454014264,
       39.12181635174435
      ],
      [
       -76.90293034560835,
       39.12110294167094
      ],
      [
       -76.90240723595224,
       39.120316717954715
      ],
      [
       -76.9072921952782,
       39.11790814082614
      ],
      [
       -76.90389675382876,
       39.11461761867562
      ],
      [
       -76.9047339027809,
       39.11228512771313
      ],
      [
       -76.90744400985501,
       39.106238322836326
      ],
      [
       -76.90883376386677,
       39.1038501989782
      ],
      [
       -76.90922674674275,
       39.10409563822364
      ],
      [
       -76.91045514354714,
       39.10317605918406
      ],
      [
       -76.90980884720585,
       39.10247901172701
      ],
      [
       -76.91429561858462,
       39.096307032835035
      ],
      [
       -76.91758262105063,
       39.091273073911076
      ],
      [
       -76.92159573094973,
       39.08620720788521
      ],
      [
       -76.92714867441367,
       39.07865831482631
      ],
      [
       -76.92685632291432,
       39.0794699005979
      ],
      [
       -76.92693006142306,
       39.08234072163872
      ],
      [
       -76.926111997732,
       39.08354501020301
      ],
      [
       -76.92656397141498,
       39.08392216851017
      ],
      [
       -76.92528786145786,
       39.084647032415035
      ],
      [
       -76.92514819204719,
       39.086887074595076
      ],
      [
       -76.9237888009508,
       39.08791301064101
      ],
      [
       -76.92598707602308,
       39.089076392664396
      ],
      [
       -76.9265205958216,
       39.09027413618214
      ],
      [
       -76.92602524654525,
       39.09156023782824
      ],
      [
       -76.92713913178314,
       39.092864338352335
      ],
      [
       -76.92751996949298,
       39.09467977063777
      ],
      [
       -76.92906067056967,
       39.09535881921682
      ],
      [
       -76.93051115041216,
       39.096617922545924
      ],
      [
       -76.9305337057207,
       39.097202067950064
      ],
      [
       -76.93209002201102,
       39.098217368295366
      ],
      [
       -76.93366195351496,
       39.09883096640897
      ],
      [
       -76.93511416838118,
       39.10031423758224
      ],
      [
       -76.93785637339438,
       39.09554698930499
      ],
      [
       -76.94628078113978,
       39.09927684770485
      ],
      [
       -76.94864561849062,
       39.09954764900565
      ],
      [
       -76.95206361524862,
       39.1010391014871
      ],
      [
       -76.95265092078293,
       39.10151607175407
      ],
      [
       -76.95547033435234,
       39.10133117418918
      ],
      [
       -76.95383420697021,
       39.10603706265506
      ],
      [
       -76.95501662564563,
       39.109550116388114
      ],
      [
       -76.95616868140569,
       39.11114465335265
      ],
      [
       -76.95529075939577,
       39.112342396870396
      ],
      [
       -76.95655038662738,
       39.112807913305915
      ],
      [
       -76.96099464992466,
       39.115599375657375
      ],
      [
       -76.96311137888138,
       39.11629233246033
      ],
      [
       -76.96695705899006,
       39.11660322217122
      ],
      [
       -76.97214477995779,
       39.11794168418968
      ],
      [
       -76.9762724014234,
       39.118064403812404
      ],
      [
       -76.97823297824398,
       39.118071766989765
      ],
      [
       -76.97749993071594,
       39.11917133480934
      ],
      [
       -76.97291513049613,
       39.1248238006318
      ],
      [
       -76.97066393719994,
       39.12817322820123
      ],
      [
       -76.97071772293573,
       39.12981685301485
      ],
      [
       -76.97132064368364,
       39.1316871000651
      ],
      [
       -76.97012260979461,
       39.13358270917071
      ],
      [
       -76.9719226969197,
       39.13652388946189
      ]
     ]
    ]
   }
  },
  {
   "type": "Feature",
   "properties": {
    "name": "Cabin John",
    "geoid": "2412075"
   },
   "geometry": {
    "type": "Polygon",
    "coordinates": [
     [
      [
       -77.15861211832012,
       38.98488334232134
      ],
      [
       -77.15830762165463,
       38.98385577001377
      ],
      [
       -77.15727007746108,
       38.98240276968077
      ],
      [
       -77.15073597807498,
       38.97727390758191
      ],
      [
       -77.14970537397637,
       38.97606634649435
      ],
      [
       -77.1487407007797,
       38.972749644157645
      ],
      [
       -77.14610780226181,
       38.97283882041682
      ],
      [
       -77.14465298485999,
       38.972446117624116
      ],
      [
       -77.14543895061195,
       38.97172534437335
      ],
      [
       -77.14543895061195,
       38.97023307376107
      ],
      [
       -77.14633075281175,
       38.96994672797473
      ],
      [
       -77.14864006940307,
       38.96823274391075
      ],
      [
       -77.14997256763156,
       38.9653971024951
      ],
      [
       -77.15727528253228,
       38.96605406154206
      ],
      [
       -77.15886976934478,
       38.9658528013608
      ],
      [
       -77.16068807421908,
       38.96619068938869
      ],
      [
       -77.16278918796219,
       38.967241987489984
      ],
      [
       -77.16554874321274,
       38.967763954951955
      ],
      [
       -77.16839157960258,
       38.96706363497164
      ],
      [
       -77.16914024234424,
       38.96627495686296
      ],
      [
       -77.17100973041873,
       38.96649012526812
      ],
      [
       -77.1722841053521,
       38.967452247110245
      ],
      [
       -77.17526227359328,
       38.968118205596205
      ],
      [
       -77.17774075499875,
       38.96798730466531
      ],
      [
       -77.17981410836211,
       38.968327647085644
      ],
      [
       -77.1802148988449,
       38.96941821546621
      ],
      [
       -77.17958595274095,
       38.96958675041475
      ],
      [
       -77.17885984530784,
       38.972370031458034
      ],
      [
       -77.1781588957189,
       38.97618497546298
      ],
      [
       -77.1769704044604,
       38.97843974399775
      ],
      [
       -77.17527875631876,
       38.979963103581106
      ],
      [
       -77.1735177072277,
       38.9809514056094
      ],
      [
       -77.17101493548994,
       38.98195770651571
      ],
      [
       -77.16699922305523,
       38.98282083452884
      ],
      [
       -77.162449990822,
       38.98324871694672
      ],
      [
       -77.1609223024233,
       38.98358415058215
      ],
      [
       -77.15861211832012,
       38.98488334232134
      ]
     ]
    ]
   }
  },
  {
   "type": "Feature",
   "properties": {
    "name": "Calverton",
    "geoid": "2412350"
   },
   "geometry": {
    "type": "Polygon",
    "coordinates": [
     [
      [
       -76.93588278389579,
       39.06661297479098
      ],
      [
       -76.9349961867672,
       39.06800788783589
      ],
      [
       -76.9303176952657,
       39.074039966357965
      ],
      [
       -76.92867723032423,
       39.076722617310615
      ],
      [
       -76.92775593272094,
       39.076414181992185
      ],
      [
       -76.9210171005341,
       39.07550605678406
      ],
      [
       -76.92076899214,
       39.0737078052458
      ],
      [
       -76.91863664796965,
       39.06972187189987
      ],
      [
       -76.91852387142687,
       39.06869675398475
      ],
      [
       -76.91910597188998,
       39.067533371961375
      ],
      [
       -76.92151505234605,
       39.06479590624391
      ],
      [
       -76.92119667549068,
       39.06107586541386
      ],
      [
       -76.9234313860614,
       39.06025037141837
      ],
      [
       -76.9255246921977,
       39.05901826640627
      ],
      [
       -76.9268034046904,
       39.057916244194246
      ],
      [
       -76.92891059101659,
       39.05516568838369
      ],
      [
       -76.93088331300332,
       39.050733873741876
      ],
      [
       -76.9333696020156,
       39.0496383965764
      ],
      [
       -76.93846883677284,
       39.04666285479085
      ],
      [
       -76.9392227045857,
       39.04850201287001
      ],
      [
       -76.93856686561386,
       39.048794085572084
      ],
      [
       -76.93674335566836,
       39.051209207747206
      ],
      [
       -76.93923658477559,
       39.051998703986705
      ],
      [
       -76.94057775812276,
       39.05269820583621
      ],
      [
       -76.94154503385504,
       39.052203236691234
      ],
      [
       -76.94426381604782,
       39.05151027988828
      ],
      [
       -76.94645775356075,
       39.05248221930022
      ],
      [
       -76.94768788538889,
       39.05065124252924
      ],
      [
       -76.94899609328509,
       39.04920805976606
      ],
      [
       -76.95199594932295,
       39.04480815222615
      ],
      [
       -76.95557964084765,
       39.03993781946582
      ],
      [
       -76.9575246024546,
       39.03766832457632
      ],
      [
       -76.96007508734509,
       39.03384029047829
      ],
      [
       -76.96209725750826,
       39.03120836363637
      ],
      [
       -76.96420964890565,
       39.033320777408775
      ],
      [
       -76.96499561465761,
       39.03345086020886
      ],
      [
       -76.96560634301234,
       39.03550682295482
      ],
      [
       -76.96671242064342,
       39.036224323682326
      ],
      [
       -76.96659790907691,
       39.03695982328782
      ],
      [
       -76.96845178193779,
       39.03771495803296
      ],
      [
       -76.96773521713521,
       39.038185383253385
      ],
      [
       -76.96719302221803,
       39.04043115234915
      ],
      [
       -76.96814728527228,
       39.04162889586689
      ],
      [
       -76.96781069066769,
       39.043224250962254
      ],
      [
       -76.96919176956077,
       39.04204123379923
      ],
      [
       -76.97175526712927,
       39.04247566126366
      ],
      [
       -76.97240416600617,
       39.04285772835573
      ],
      [
       -76.97242672131472,
       39.04397529505329
      ],
      [
       -76.97339573207073,
       39.04620715592515
      ],
      [
       -76.97328902811103,
       39.04735908411708
      ],
      [
       -76.97557839192939,
       39.04792686690487
      ],
      [
       -76.97616482995183,
       39.04924733004533
      ],
      [
       -76.97902588409089,
       39.05056288440088
      ],
      [
       -76.97940672180073,
       39.051067671115675
      ],
      [
       -76.96591257470158,
       39.059365972003974
      ],
      [
       -76.96399884352185,
       39.06098014410814
      ],
      [
       -76.96136160744462,
       39.064511196719195
      ],
      [
       -76.95448831091831,
       39.07496036352836
      ],
      [
       -76.9523177962258,
       39.0780798963379
      ],
      [
       -76.9493031924862,
       39.076479632457634
      ],
      [
       -76.94522588670888,
       39.07488673175473
      ],
      [
       -76.94312997803698,
       39.07441303401104
      ],
      [
       -76.94109306017207,
       39.070755171123174
      ],
      [
       -76.93951418857318,
       39.06973987077787
      ],
      [
       -76.93925393501294,
       39.068507765765766
      ],
      [
       -76.93794225706925,
       39.066920591978594
      ],
      [
       -76.93588278389579,
       39.06661297479098
      ]
     ]
    ]
   }
  },
  {
   "type": "Feature",
   "properties": {
    "name": "Chevy Chase CDP",
    "geoid": "2416625"
   },
   "geometry": {
    "type": "Polygon",
    "coordinates": [
     [
      [
       -77.07926861540561,
       39.00689597011397
      ],
      [
       -77.07868130987131,
       39.00863613436413
      ],
      [
       -77.07730803858504,
       39.00914664799465
      ],
      [
       -77.07659060627061,
       39.008693403521406
      ],
      [
       -77.07501867476668,
       39.00879976052776
      ],
      [
       -77.07224957688558,
       39.0075832000012
      ],
      [
       -77.06901462513163,
       39.00714795440595
      ],
      [
       -77.06788599219199,
       39.00784336560137
      ],
      [
       -77.06538322045422,
       39.01108070924871
      ],
      [
       -77.0645746993937,
       39.011610858018855
      ],
      [
       -77.0638642071742,
       39.011299968307966
      ],
      [
       -77.0628657010147,
       39.010535834123836
      ],
      [
       -77.0623850994401,
       39.00947062779863
      ],
      [
       -77.0619123054723,
       39.006594897972896
      ],
      [
       -77.06089731658732,
       39.00612610901411
      ],
      [
       -77.0608443983634,
       39.00483673484474
      ],
      [
       -77.05980598665799,
       39.00516071464872
      ],
      [
       -77.05873807954909,
       39.003676625344625
      ],
      [
       -77.0589592950753,
       39.00283395060195
      ],
      [
       -77.0622168021378,
       39.00051127720928
      ],
      [
       -77.06306436123236,
       38.99870320810121
      ],
      [
       -77.06268699357,
       38.997749267567265
      ],
      [
       -77.06299409277109,
       38.99624227060027
      ],
      [
       -77.06264014792914,
       38.9952056988537
      ],
      [
       -77.06345127152527,
       38.99473609176409
      ],
      [
       -77.06230875839576,
       38.993373085821084
      ],
      [
       -77.06149242972843,
       38.99155029035829
      ],
      [
       -77.06273557423458,
       38.990818063276066
      ],
      [
       -77.06234692891793,
       38.99022573656374
      ],
      [
       -77.063033998317,
       38.98762735308535
      ],
      [
       -77.06205891497791,
       38.98631998003798
      ],
      [
       -77.0609858027978,
       38.98636006844807
      ],
      [
       -77.05951016511116,
       38.98742936542737
      ],
      [
       -77.0581447014317,
       38.98632488882289
      ],
      [
       -77.05591432842033,
       38.987792615510614
      ],
      [
       -77.05433719184519,
       38.988430757548755
      ],
      [
       -77.0523289018719,
       38.98681822170622
      ],
      [
       -77.05434413194013,
       38.985298134646136
      ],
      [
       -77.06923323812224,
       38.97366186001986
      ],
      [
       -77.06976502289703,
       38.973999748047746
      ],
      [
       -77.0669698996599,
       38.97700801506601
      ],
      [
       -77.06787124449025,
       38.97875881501682
      ],
      [
       -77.06652226353627,
       38.983840225528226
      ],
      [
       -77.07005216932517,
       38.98473607877408
      ],
      [
       -77.07246124978126,
       38.98555911837712
      ],
      [
       -77.07192425993526,
       38.9862668015348
      ],
      [
       -77.0755921001111,
       38.9861269011649
      ],
      [
       -77.0759928905939,
       38.986580963768965
      ],
      [
       -77.07723863763565,
       38.986279891627895
      ],
      [
       -77.07726206045606,
       38.98794315158115
      ],
      [
       -77.0799713000183,
       38.987894881862886
      ],
      [
       -77.08208542643943,
       38.98815831998632
      ],
      [
       -77.08536028373929,
       38.98640997442797
      ],
      [
       -77.08775982156482,
       38.985645022113026
      ],
      [
       -77.08819531252232,
       38.988243405591405
      ],
      [
       -77.09344375932076,
       38.98773125569926
      ],
      [
       -77.09387231018331,
       38.98967268013068
      ],
      [
       -77.09404668006869,
       38.99274803387603
      ],
      [
       -77.09599077416378,
       38.99274067069867
      ],
      [
       -77.09658415228115,
       38.99689513899314
      ],
      [
       -77.09245306076807,
       38.996963043851046
      ],
      [
       -77.09103294384094,
       38.997202756180755
      ],
      [
       -77.088622995873,
       38.99861894062694
      ],
      [
       -77.08332163085063,
       39.000135755163754
      ],
      [
       -77.08346563782064,
       39.00548305819106
      ],
      [
       -77.08542014205814,
       39.006536810684814
      ],
      [
       -77.08513299562999,
       39.00680106693907
      ],
      [
       -77.08281413640813,
       39.00564177556978
      ],
      [
       -77.08100884421185,
       39.00532270455071
      ],
      [
       -77.07831174981575,
       39.00559923276723
      ],
      [
       -77.07926861540561,
       39.00689597011397
      ]
     ],
     [
      [
       -77.07747113081614,
       39.00401696776497
      ],
      [
       -77.0768525948546,
       38.99981832040632
      ],
      [
       -77.07099862477263,
       38.998959283047284
      ],
      [
       -77.0714505984556,
       39.000449917397916
      ],
      [
       -77.07097606946407,
       39.00173111025911
      ],
      [
       -77.0709352964063,
       39.0031882012462
      ],
      [
       -77.07169003173104,
       39.00345736628537
      ],
      [
       -77.07163277594778,
       39.00498236213036
      ],
      [
       -77.07507072547872,
       39.00486700568501
      ],
      [
       -77.0754212002732,
       39.0038377971158
      ],
      [
       -77.07747113081614,
       39.00401696776497
      ]
     ]
    ]
   }
  },
  {
   "type": "Feature",
   "properties": {
    "name": "Chevy Chase Section Five",
    "geoid": "2416720"
   },
   "geometry": {
    "type": "Polygon",
    "coordinates": [
     [
      [
       -77.07723863763565,
       38.986279891627895
      ],
      [
       -77.0759928905939,
       38.986580963768965
      ],
      [
       -77.0755921001111,
       38.9861269011649
      ],
      [
       -77.07192425993526,
       38.9862668015348
      ],
      [
       -77.07246124978126,
       38.98555911837712
      ],
      [
       -77.07005216932517,
       38.98473607877408
      ],
      [
       -77.06998623842324,
       38.983336256944256
      ],
      [
       -77.07072709355809,
       38.983012277140276
      ],
      [
       -77.07058395409996,
       38.98114612074412
      ],
      [
       -77.07141763300463,
       38.98110521420322
      ],
      [
       -77.07170477943278,
       38.981961797169795
      ],
      [
       -77.07724991528991,
       38.98179408035208
      ],
      [
       -77.07723863763565,
       38.986279891627895
      ]
     ]
    ]
   }
  },
  {
   "type": "Feature",
   "properties": {
    "name": "Chevy Chase Section Three",
    "geoid": "2416730"
   },
   "geometry": {
    "type": "Polygon",
    "coordinates": [
     [
      [
       -77.07724991528991,
       38.98179408035208
      ],
      [
       -77.07170477943278,
       38.981961797169795
      ],
      [
       -77.07141763300463,
       38.98110521420322
      ],
      [
       -77.07089192081293,
       38.979056614634615
      ],
      [
       -77.07180020573821,
       38.97663412928213
      ],
      [
       -77.07725338533739,
       38.97669712535512
      ],
      [
       -77.07724991528991,
       38.98179408035208
      ]
     ]
    ]
   }
  },
  {
   "type": "Feature",
   "properties": {
    "name": "Chevy Chase town",
    "geoid": "2416620"
   },
   "geometry": {
    "type": "Polygon",
    "coordinates": [
     [
      [
       -77.08536028373929,
       38.98640997442797
      ],
      [
       -77.08208542643943,
       38.98815831998632
      ],
      [
       -77.0799713000183,
       38.987894881862886
      ],
      [
       -77.07726206045606,
       38.98794315158115
      ],
      [
       -77.07723863763565,
       38.986279891627895
      ],
      [
       -77.07724991528991,
       38.98179408035208
      ],
      [
       -77.07725338533739,
       38.97669712535512
      ],
      [
       -77.0856777930828,
       38.97712664403465
      ],
      [
       -77.08953822089322,
       38.97716918683719
      ],
      [
       -77.08994161391162,
       38.979476315744314
      ],
      [
       -77.0905827051817,
       38.97940759275559
      ],
      [
       -77.09096527791527,
       38.98159691082491
      ],
      [
       -77.09153696823597,
       38.981539641667645
      ],
      [
       -77.09213208137709,
       38.982688297336296
      ],
      [
       -77.0867751955952,
       38.98455036307836
      ],
      [
       -77.08536028373929,
       38.98640997442797
      ]
     ]
    ]
   }
  },
  {
   "type": "Feature",
   "properties": {
    "name": "Chevy Chase View",
    "geoid": "2416775"
   },
   "geometry": {
    "type": "Polygon",
    "coordinates": [
     [
      [
       -77.08132895609096,
       39.02308596087396
      ],
      [
       -77.08121357701258,
       39.02295260555061
      ],
      [
       -77.07429863991663,
       39.02145297176097
      ],
      [
       -77.07501086715986,
       39.0191982032262
      ],
      [
       -77.07736529436829,
       39.01789164830965
      ],
      [
       -77.07757436472836,
       39.01529817361617
      ],
      [
       -77.08306137729038,
       39.01575387248187
      ],
      [
       -77.08793592647393,
       39.016657907035906
      ],
      [
       -77.08661557341158,
       39.019130298368296
      ],
      [
       -77.0840060977141,
       39.02296405938206
      ],
      [
       -77.08380656998457,
       39.02361201899002
      ],
      [
       -77.08132895609096,
       39.02308596087396
      ]
     ]
    ]
   }
  },
  {
   "type": "Feature",
   "properties": {
    "name": "Chevy Chase Village",
    "geoid": "2416787"
   },
   "geometry": {
    "type": "Polygon",
    "coordinates": [
     [
      [
       -77.07725338533739,
       38.97669712535512
      ],
      [
       -77.07180020573821,
       38.97663412928213
      ],
      [
       -77.07239792141492,
       38.97564419099219
      ],
      [
       -77.06976502289703,
       38.973999748047746
      ],
      [
       -77.06923323812224,
       38.97366186001986
      ],
      [
       -77.08216784006684,
       38.963572670770674
      ],
      [
       -77.08307612499213,
       38.96427462701263
      ],
      [
       -77.08365562291962,
       38.963821382539386
      ],
      [
       -77.0826015960006,
       38.963233146481144
      ],
      [
       -77.08349773575974,
       38.96253200837001
      ],
      [
       -77.08570121590321,
       38.96361521357321
      ],
      [
       -77.08608986121986,
       38.96433516869317
      ],
      [
       -77.08707882474883,
       38.96384510833311
      ],
      [
       -77.08836100728901,
       38.96668729479529
      ],
      [
       -77.08882512613813,
       38.96898460613261
      ],
      [
       -77.08545310750911,
       38.96856572315372
      ],
      [
       -77.08347865049865,
       38.96861072034872
      ],
      [
       -77.08364087521788,
       38.9711681972862
      ],
      [
       -77.07955923188123,
       38.97200269072069
      ],
      [
       -77.07722996251697,
       38.97284127480928
      ],
      [
       -77.07725338533739,
       38.97669712535512
      ]
     ]
    ]
   }
  },
  {
   "type": "Feature",
   "properties": {
    "name": "Clarksburg",
    "geoid": "2417350"
   },
   "geometry": {
    "type": "Polygon",
    "coordinates": [
     [
      [
       -77.30285591906691,
       39.204486016524015
      ],
      [
       -77.30227642113942,
       39.205138884916884
      ],
      [
       -77.3007496002526,
       39.20928926255726
      ],
      [
       -77.29875866051665,
       39.21337091720892
      ],
      [
       -77.2973047106267,
       39.21395997139797
      ],
      [
       -77.29693515057114,
       39.21491391193191
      ],
      [
       -77.29706614486314,
       39.21640291002091
      ],
      [
       -77.29682931412331,
       39.222121644439646
      ],
      [
       -77.29593577689978,
       39.22283096385896
      ],
      [
       -77.29222803117803,
       39.225074278562275
      ],
      [
       -77.28926027307928,
       39.22971308030108
      ],
      [
       -77.28664472479872,
       39.23031767897568
      ],
      [
       -77.28401529632829,
       39.23275161815962
      ],
      [
       -77.28146828148527,
       39.23453432521232
      ],
      [
       -77.27972718516719,
       39.23633012235812
      ],
      [
       -77.2779297005777,
       39.23753359279159
      ],
      [
       -77.28071528118429,
       39.239860356838356
      ],
      [
       -77.28302026021626,
       39.241568613986615
      ],
      [
       -77.28499558473858,
       39.24268290816091
      ],
      [
       -77.28799717580017,
       39.244878771276774
      ],
      [
       -77.28524195810895,
       39.24867898892699
      ],
      [
       -77.28213279557579,
       39.248462184260184
      ],
      [
       -77.28186907196807,
       39.2508863058743
      ],
      [
       -77.28080376739477,
       39.2498210995491
      ],
      [
       -77.27813183084282,
       39.24907332798133
      ],
      [
       -77.27381075423075,
       39.24823801641602
      ],
      [
       -77.27113795016695,
       39.24842536837337
      ],
      [
       -77.26915221550222,
       39.247761046149044
      ],
      [
       -77.26510614015214,
       39.24511275669076
      ],
      [
       -77.26174626668927,
       39.24683901271701
      ],
      [
       -77.2582953044803,
       39.248809071727074
      ],
      [
       -77.25565806840306,
       39.25057377990178
      ],
      [
       -77.2546023064603,
       39.25074067858868
      ],
      [
       -77.25063517469017,
       39.24726362261162
      ],
      [
       -77.25067594774795,
       39.24662384431184
      ],
      [
       -77.24896174429774,
       39.24815293081093
      ],
      [
       -77.24825211959012,
       39.24817992912793
      ],
      [
       -77.24695518934818,
       39.24724071494872
      ],
      [
       -77.24635313611213,
       39.2472988022368
      ],
      [
       -77.24137101545702,
       39.249713106281106
      ],
      [
       -77.23841019745319,
       39.25141890903691
      ],
      [
       -77.23966895717295,
       39.25233030676831
      ],
      [
       -77.24095894731995,
       39.253901117939115
      ],
      [
       -77.23763464184364,
       39.25244975386775
      ],
      [
       -77.23603494995994,
       39.253739128037125
      ],
      [
       -77.23347058487958,
       39.25479697118497
      ],
      [
       -77.2312992026752,
       39.25453762371562
      ],
      [
       -77.23070495704596,
       39.253951842049844
      ],
      [
       -77.22717158120957,
       39.25162507800308
      ],
      [
       -77.22377874229574,
       39.244269263817266
      ],
      [
       -77.21884606981708,
       39.24175187528987
      ],
      [
       -77.21796901531901,
       39.241449166887165
      ],
      [
       -77.21856586348386,
       39.24028333047133
      ],
      [
       -77.21965025331825,
       39.24023015196815
      ],
      [
       -77.22368591852592,
       39.23888678116478
      ],
      [
       -77.22728696028796,
       39.23839917519717
      ],
      [
       -77.23086457922957,
       39.23664428459228
      ],
      [
       -77.23124628445129,
       39.23680791075591
      ],
      [
       -77.23229163625163,
       39.2389325964906
      ],
      [
       -77.2332858048518,
       39.23998716711517
      ],
      [
       -77.23504078135979,
       39.2406833964414
      ],
      [
       -77.23569401779602,
       39.2379132054912
      ],
      [
       -77.23719568083868,
       39.23540236201036
      ],
      [
       -77.23766673978274,
       39.233990268218264
      ],
      [
       -77.2369683927294,
       39.2311808069888
      ],
      [
       -77.23674717720317,
       39.22916411452211
      ],
      [
       -77.23689205168505,
       39.22469302960103
      ],
      [
       -77.23799118922119,
       39.22180093715894
      ],
      [
       -77.23856287954187,
       39.21974906506706
      ],
      [
       -77.2388266031496,
       39.21612883619684
      ],
      [
       -77.23426435823836,
       39.21581303770104
      ],
      [
       -77.23255015478816,
       39.21518062257862
      ],
      [
       -77.23145882485882,
       39.214387035685036
      ],
      [
       -77.23054186481487,
       39.212969214977214
      ],
      [
       -77.23024777829178,
       39.21132886268686
      ],
      [
       -77.23119336622736,
       39.20869366332166
      ],
      [
       -77.2343007937368,
       39.2097016004896
      ],
      [
       -77.24101533559134,
       39.210324198042194
      ],
      [
       -77.2439267054187,
       39.21140822137622
      ],
      [
       -77.25077484410085,
       39.21479201044001
      ],
      [
       -77.25189913948114,
       39.2135959031839
      ],
      [
       -77.25282217210817,
       39.2138437968218
      ],
      [
       -77.25385971630172,
       39.21300112207912
      ],
      [
       -77.2549657939328,
       39.21305839123639
      ],
      [
       -77.25632431751731,
       39.21196291407092
      ],
      [
       -77.25792574442474,
       39.21135340661141
      ],
      [
       -77.26028364168064,
       39.208740296778295
      ],
      [
       -77.26177923214023,
       39.2082665990346
      ],
      [
       -77.26369383083183,
       39.20913627209427
      ],
      [
       -77.2637398089608,
       39.210193297111296
      ],
      [
       -77.26514431067432,
       39.21078398756199
      ],
      [
       -77.26576891921891,
       39.21045264458064
      ],
      [
       -77.26817973469873,
       39.2104371000951
      ],
      [
       -77.26938557619458,
       39.21070381074181
      ],
      [
       -77.27073629217229,
       39.20817905903706
      ],
      [
       -77.27073629217229,
       39.20736992765793
      ],
      [
       -77.27278101764402,
       39.20696577103377
      ],
      [
       -77.27464183059983,
       39.20586293069093
      ],
      [
       -77.2750617063437,
       39.20610018862819
      ],
      [
       -77.27688521628922,
       39.205615037053036
      ],
      [
       -77.27738924068424,
       39.20601183049983
      ],
      [
       -77.2781752064362,
       39.2051347942628
      ],
      [
       -77.27751936746436,
       39.204779725487725
      ],
      [
       -77.27754192277293,
       39.20329972683773
      ],
      [
       -77.28037174648475,
       39.20073325046125
      ],
      [
       -77.28113515692816,
       39.199732676470674
      ],
      [
       -77.28291962883962,
       39.19998466076266
      ],
      [
       -77.28317988239988,
       39.202193613971616
      ],
      [
       -77.28482034734135,
       39.20158737903538
      ],
      [
       -77.28508667348467,
       39.20035527402327
      ],
      [
       -77.28472925859526,
       39.19902826583627
      ],
      [
       -77.28610860246461,
       39.19799005782806
      ],
      [
       -77.28618581102081,
       39.19720792476593
      ],
      [
       -77.28769267913468,
       39.19666468590268
      ],
      [
       -77.28754173206973,
       39.19545630668431
      ],
      [
       -77.2865440934221,
       39.19479689324489
      ],
      [
       -77.28726412827213,
       39.191386105864105
      ],
      [
       -77.28506325066425,
       39.19024072271872
      ],
      [
       -77.28439266399066,
       39.19126093184893
      ],
      [
       -77.28460433688633,
       39.18983329357129
      ],
      [
       -77.28577114034815,
       39.188837628365626
      ],
      [
       -77.2835693952284,
       39.18881635696436
      ],
      [
       -77.28369084688984,
       39.18800313493114
      ],
      [
       -77.28463816984917,
       39.18813485399286
      ],
      [
       -77.28505023798624,
       39.18673585029385
      ],
      [
       -77.28872501825701,
       39.184553077271076
      ],
      [
       -77.28969576403676,
       39.184613618951616
      ],
      [
       -77.29195302991603,
       39.18392066214866
      ],
      [
       -77.29254033545034,
       39.18585308714108
      ],
      [
       -77.29422677852078,
       39.186977198885195
      ],
      [
       -77.29515935377836,
       39.188291116979116
      ],
      [
       -77.29834919491519,
       39.18947904292704
      ],
      [
       -77.29854959015658,
       39.193482157020156
      ],
      [
       -77.30005819329419,
       39.19443773381573
      ],
      [
       -77.30104975935876,
       39.19582937433737
      ],
      [
       -77.30237531749232,
       39.19624334853135
      ],
      [
       -77.30255142240142,
       39.19551766649567
      ],
      [
       -77.30395505660306,
       39.19555611864412
      ],
      [
       -77.30435931713332,
       39.194544908952906
      ],
      [
       -77.30496917797618,
       39.194868888756886
      ],
      [
       -77.30460308796809,
       39.19603717956518
      ],
      [
       -77.3048616065046,
       39.19855374996175
      ],
      [
       -77.30541160902861,
       39.20090423980224
      ],
      [
       -77.3037642039922,
       39.20350998645799
      ],
      [
       -77.30285591906691,
       39.204486016524015
      ]
     ]
    ]
   }
  },
  {
   "type": "Feature",
   "properties": {
    "name": "Cloverly",
    "geoid": "2418150"
   },
   "geometry": {
    "type": "Polygon",
    "coordinates": [
     [
      [
       -77.03400358118259,
       39.1204827985108
      ],
      [
       -77.02756924566124,
       39.12533676865477
      ],
      [
       -77.02394131103131,
       39.12652224021024
      ],
      [
       -77.01914223538024,
       39.12718901682702
      ],
      [
       -77.01780713461613,
       39.12752526859327
      ],
      [
       -77.01444986368887,
       39.12883673229473
      ],
      [
       -77.00722522485623,
       39.133289000207
      ],
      [
       -77.00087677300978,
       39.134902354180355
      ],
      [
       -76.99488660356461,
       39.13602482966283
      ],
      [
       -76.99229361059261,
       39.13026437057237
      ],
      [
       -76.9898906027196,
       39.12629561797362
      ],
      [
       -76.98885826359727,
       39.123050093018094
      ],
      [
       -76.98919312317813,
       39.119289145647144
      ],
      [
       -76.99014912125612,
       39.117175913743914
      ],
      [
       -76.99291908664908,
       39.114835241473244
      ],
      [
       -76.99466105047905,
       39.11247002527803
      ],
      [
       -76.99307957634458,
       39.11179261296061
      ],
      [
       -76.99441467710868,
       39.10938567209367
      ],
      [
       -76.99610892778593,
       39.10772732092532
      ],
      [
       -76.99518502764703,
       39.107295347853345
      ],
      [
       -76.98194072396572,
       39.102114943512944
      ],
      [
       -76.97983527266328,
       39.1076765968146
      ],
      [
       -76.97912478044378,
       39.11098839036639
      ],
      [
       -76.97907966982667,
       39.112747371625375
      ],
      [
       -76.9762724014234,
       39.118064403812404
      ],
      [
       -76.97214477995779,
       39.11794168418968
      ],
      [
       -76.96695705899006,
       39.11660322217122
      ],
      [
       -76.96311137888138,
       39.11629233246033
      ],
      [
       -76.96099464992466,
       39.115599375657375
      ],
      [
       -76.95655038662738,
       39.112807913305915
      ],
      [
       -76.95529075939577,
       39.112342396870396
      ],
      [
       -76.95616868140569,
       39.11114465335265
      ],
      [
       -76.95501662564563,
       39.109550116388114
      ],
      [
       -76.95383420697021,
       39.10603706265506
      ],
      [
       -76.95547033435234,
       39.10133117418918
      ],
      [
       -76.95696592481193,
       39.09950428807229
      ],
      [
       -76.95934464235265,
       39.09324804170604
      ],
      [
       -76.96251626574026,
       39.09072410813211
      ],
      [
       -76.96225687969188,
       39.090457397485395
      ],
      [
       -76.96373685493786,
       39.088691053049054
      ],
      [
       -76.9655221943612,
       39.08812736091536
      ],
      [
       -76.96574427739928,
       39.08739431570232
      ],
      [
       -76.96701778482078,
       39.08647473666274
      ],
      [
       -76.96860533153833,
       39.08630292919093
      ],
      [
       -76.97037505574806,
       39.08471166474966
      ],
      [
       -76.97225408645309,
       39.0842306038286
      ],
      [
       -76.97283098184498,
       39.083148216756214
      ],
      [
       -76.97422680843981,
       39.08328975338775
      ],
      [
       -76.97645457891558,
       39.08289705059505
      ],
      [
       -76.97779835479835,
       39.08363664085464
      ],
      [
       -76.97991074619574,
       39.08374708851509
      ],
      [
       -76.98250460667961,
       39.08439177559978
      ],
      [
       -76.98342763930664,
       39.08559688229488
      ],
      [
       -76.98537433593734,
       39.08576214472014
      ],
      [
       -76.98737308328009,
       39.086684996283
      ],
      [
       -76.98852513904014,
       39.08793591830392
      ],
      [
       -76.9895782984473,
       39.08837770894571
      ],
      [
       -76.99059502235602,
       39.08968508199308
      ],
      [
       -76.99969261931062,
       39.08853479006279
      ],
      [
       -77.00656678334879,
       39.088151904839904
      ],
      [
       -77.01213100446701,
       39.08743685850486
      ],
      [
       -77.01373937146937,
       39.08739840635641
      ],
      [
       -77.01790342843343,
       39.086899346557345
      ],
      [
       -77.02055107465307,
       39.086878893286894
      ],
      [
       -77.02176992882693,
       39.086585184323184
      ],
      [
       -77.02235983689684,
       39.08719714617514
      ],
      [
       -77.02559392113892,
       39.08899376145176
      ],
      [
       -77.02569194997996,
       39.090781377289375
      ],
      [
       -77.02639116454516,
       39.09166332231132
      ],
      [
       -77.02568761242061,
       39.09177704249504
      ],
      [
       -77.02602333951334,
       39.09321531647332
      ],
      [
       -77.02820513186013,
       39.09352375179175
      ],
      [
       -77.03121886808788,
       39.09238818621618
      ],
      [
       -77.03277518437818,
       39.092819341157345
      ],
      [
       -77.03299726741626,
       39.093368306936306
      ],
      [
       -77.03505674058974,
       39.093653834591834
      ],
      [
       -77.03694357890159,
       39.09342966674767
      ],
      [
       -77.03723332786532,
       39.09511337997138
      ],
      [
       -77.03907765809566,
       39.09492275549076
      ],
      [
       -77.03808262198362,
       39.0960165963946
      ],
      [
       -77.0390872007262,
       39.097548955416954
      ],
      [
       -77.03933097156097,
       39.09859370847171
      ],
      [
       -77.03914966158067,
       39.101318084096086
      ],
      [
       -77.04057324855525,
       39.10169933305733
      ],
      [
       -77.03739121502521,
       39.10745979214779
      ],
      [
       -77.0370711031461,
       39.108627264825266
      ],
      [
       -77.0370711031461,
       39.11345996356796
      ],
      [
       -77.03658963405964,
       39.116644946842946
      ],
      [
       -77.0353647073027,
       39.11918360677161
      ],
      [
       -77.03400358118259,
       39.1204827985108
      ]
     ]
    ]
   }
  },
  {
   "type": "Feature",
   "properties": {
    "name": "Colesville",
    "geoid": "2418475"
   },
   "geometry": {
    "type": "Polygon",
    "coordinates": [
     [
      [
       -77.02934157240658,
       39.0664968002148
      ],
      [
       -77.0292582912673,
       39.067386108414105
      ],
      [
       -77.02782429415029,
       39.068385864273864
      ],
      [
       -77.02739661079961,
       39.07005566927367
      ],
      [
       -77.02696892744893,
       39.06984704591505
      ],
      [
       -77.0240402073842,
       39.073741348609346
      ],
      [
       -77.02401678456378,
       39.07491291194091
      ],
      [
       -77.02318484068284,
       39.0754766040746
      ],
      [
       -77.02363507934209,
       39.07615974330774
      ],
      [
       -77.02313192245893,
       39.07712104701905
      ],
      [
       -77.02388665778366,
       39.07939136003936
      ],
      [
       -77.02432995634796,
       39.07959262022062
      ],
      [
       -77.02393263591264,
       39.08218036799837
      ],
      [
       -77.0243637893108,
       39.08254034555834
      ],
      [
       -77.02398208408908,
       39.08318585077385
      ],
      [
       -77.02449912116212,
       39.08414633635434
      ],
      [
       -77.0238693075463,
       39.08540298529098
      ],
      [
       -77.02421717980518,
       39.08703515627315
      ],
      [
       -77.02559392113892,
       39.08899376145176
      ],
      [
       -77.02235983689684,
       39.08719714617514
      ],
      [
       -77.02176992882693,
       39.086585184323184
      ],
      [
       -77.02055107465307,
       39.086878893286894
      ],
      [
       -77.01790342843343,
       39.086899346557345
      ],
      [
       -77.01373937146937,
       39.08739840635641
      ],
      [
       -77.01213100446701,
       39.08743685850486
      ],
      [
       -77.00656678334879,
       39.088151904839904
      ],
      [
       -76.99969261931062,
       39.08853479006279
      ],
      [
       -76.99059502235602,
       39.08968508199308
      ],
      [
       -76.9895782984473,
       39.08837770894571
      ],
      [
       -76.98852513904014,
       39.08793591830392
      ],
      [
       -76.98737308328009,
       39.086684996283
      ],
      [
       -76.98537433593734,
       39.08576214472014
      ],
      [
       -76.98342763930664,
       39.08559688229488
      ],
      [
       -76.98250460667961,
       39.08439177559978
      ],
      [
       -76.97991074619574,
       39.08374708851509
      ],
      [
       -76.97779835479835,
       39.08363664085464
      ],
      [
       -76.97645457891558,
       39.08289705059505
      ],
      [
       -76.97805687333488,
       39.07908210659011
      ],
      [
       -76.97671483247584,
       39.07810525839326
      ],
      [
       -76.97568162584163,
       39.07629064423865
      ],
      [
       -76.97469960240761,
       39.07551096556897
      ],
      [
       -76.97523398971799,
       39.07422159139959
      ],
      [
       -76.97481498148598,
       39.07391724673525
      ],
      [
       -76.97510473044973,
       39.07245197443997
      ],
      [
       -76.97590631141532,
       39.07197091351891
      ],
      [
       -76.97505875232075,
       39.069983673761676
      ],
      [
       -76.97735505623406,
       39.06866402875203
      ],
      [
       -76.97636435768136,
       39.065672942480944
      ],
      [
       -76.97805687333488,
       39.06485726605526
      ],
      [
       -76.9811243952984,
       39.061325395313396
      ],
      [
       -76.97837785272586,
       39.059241616119614
      ],
      [
       -76.97785908062909,
       39.057890882138885
      ],
      [
       -76.97801176271777,
       39.05501515231315
      ],
      [
       -76.98284467133168,
       39.058371124929124
      ],
      [
       -76.98461092549393,
       39.058024237462234
      ],
      [
       -76.98784587724788,
       39.05776898064698
      ],
      [
       -76.9906757009597,
       39.057791888309886
      ],
      [
       -76.99068524359025,
       39.057566902334905
      ],
      [
       -76.99340229075929,
       39.057412275610275
      ],
      [
       -76.99747699400099,
       39.0575849012129
      ],
      [
       -76.99775893535794,
       39.05854375053175
      ],
      [
       -77.00200974350875,
       39.0579186985867
      ],
      [
       -77.0041577028927,
       39.058227133905135
      ],
      [
       -77.00742301756202,
       39.059703041901045
      ],
      [
       -77.00936103907404,
       39.05958114040914
      ],
      [
       -77.01080284379785,
       39.05790724475524
      ],
      [
       -77.01059724348525,
       39.058485663243665
      ],
      [
       -77.01184038799138,
       39.05959995741796
      ],
      [
       -77.01287793218494,
       39.059391334059335
      ],
      [
       -77.01553512103513,
       39.06094823700624
      ],
      [
       -77.01669064684265,
       39.061137225225224
      ],
      [
       -77.018691996721,
       39.06003111235911
      ],
      [
       -77.01981282205382,
       39.06059562262362
      ],
      [
       -77.02246133578534,
       39.060363273471275
      ],
      [
       -77.0238935978786,
       39.060856606354605
      ],
      [
       -77.02527033921234,
       39.0624175999556
      ],
      [
       -77.02831183581984,
       39.06472309260109
      ],
      [
       -77.02916720252121,
       39.06543732080532
      ],
      [
       -77.02934157240658,
       39.0664968002148
      ]
     ]
    ]
   }
  },
  {
   "type": "Feature",
   "properties": {
    "name": "Damascus",
    "geoid": "2421475"
   },
   "geometry": {
    "type": "Polygon",
    "coordinates": [
     [
      [
       -77.21856586348386,
       39.24028333047133
      ],
      [
       -77.21796901531901,
       39.241449166887165
      ],
      [
       -77.21884606981708,
       39.24175187528987
      ],
      [
       -77.22377874229574,
       39.244269263817266
      ],
      [
       -77.22717158120957,
       39.25162507800308
      ],
      [
       -77.23070495704596,
       39.253951842049844
      ],
      [
       -77.2312992026752,
       39.25453762371562
      ],
      [
       -77.23213721913922,
       39.25654286235086
      ],
      [
       -77.23355386601887,
       39.25781996455797
      ],
      [
       -77.23388091799292,
       39.259110156858156
      ],
      [
       -77.2352056086146,
       39.260466617754616
      ],
      [
       -77.23627438323538,
       39.2633358025338
      ],
      [
       -77.23566625741626,
       39.26763017119817
      ],
      [
       -77.23252065938466,
       39.27294474899275
      ],
      [
       -77.2316514124934,
       39.27378006055806
      ],
      [
       -77.22864461636061,
       39.2783075965056
      ],
      [
       -77.22824816343716,
       39.280325925233925
      ],
      [
       -77.22724098215899,
       39.28146312707113
      ],
      [
       -77.22557015430215,
       39.2825496047976
      ],
      [
       -77.22490564021165,
       39.28432003988804
      ],
      [
       -77.22297629381829,
       39.28622383030183
      ],
      [
       -77.22162557784058,
       39.28663207758008
      ],
      [
       -77.22202983837084,
       39.288192253050255
      ],
      [
       -77.21977083746783,
       39.286668893466896
      ],
      [
       -77.21854417568717,
       39.28980560702361
      ],
      [
       -77.21342412064512,
       39.295944042552044
      ],
      [
       -77.2116916994457,
       39.29884677069477
      ],
      [
       -77.2085487039497,
       39.30448123763924
      ],
      [
       -77.20708868147668,
       39.30679572972373
      ],
      [
       -77.205560993078,
       39.30970827543627
      ],
      [
       -77.20229307587307,
       39.30828390968191
      ],
      [
       -77.20172832564732,
       39.30758195343995
      ],
      [
       -77.19774557866359,
       39.307113164481166
      ],
      [
       -77.19741765917766,
       39.302524268722266
      ],
      [
       -77.19754691844592,
       39.30179204164004
      ],
      [
       -77.1872937956838,
       39.30266498722299
      ],
      [
       -77.18578259001059,
       39.30321068047868
      ],
      [
       -77.18384456849857,
       39.30469476978277
      ],
      [
       -77.18276885378286,
       39.30470213296013
      ],
      [
       -77.18222839388939,
       39.30353466028266
      ],
      [
       -77.18029037237737,
       39.3036042014022
      ],
      [
       -77.17707797593198,
       39.30199411995212
      ],
      [
       -77.17319412530112,
       39.299457096285096
      ],
      [
       -77.17177487588587,
       39.29920511199311
      ],
      [
       -77.1681590864221,
       39.29988006991807
      ],
      [
       -77.16504558632958,
       39.2999717005697
      ],
      [
       -77.16339818129318,
       39.29453603941404
      ],
      [
       -77.1610264038474,
       39.289763882351885
      ],
      [
       -77.16275014992814,
       39.28974506534306
      ],
      [
       -77.1649623051903,
       39.28742893699694
      ],
      [
       -77.16674764461365,
       39.2872424031704
      ],
      [
       -77.16812785599485,
       39.28655599141399
      ],
      [
       -77.16967029209529,
       39.28472092398892
      ],
      [
       -77.17055515420016,
       39.28446484904285
      ],
      [
       -77.1723777966338,
       39.28462929333729
      ],
      [
       -77.17339278551879,
       39.28322210833011
      ],
      [
       -77.17357583052284,
       39.28175683603484
      ],
      [
       -77.16900577800477,
       39.27969678263478
      ],
      [
       -77.16680143034944,
       39.27798361670162
      ],
      [
       -77.1683803019483,
       39.27668278870079
      ],
      [
       -77.16863188038988,
       39.274069678867676
      ],
      [
       -77.16928077926678,
       39.273204096462095
      ],
      [
       -77.16725860910361,
       39.27174291482091
      ],
      [
       -77.16554961072461,
       39.27188772397572
      ],
      [
       -77.16267294137194,
       39.27060571298371
      ],
      [
       -77.16159028656129,
       39.27070225242025
      ],
      [
       -77.1591786035696,
       39.26964931805732
      ],
      [
       -77.15710438269438,
       39.26706320654121
      ],
      [
       -77.1559983050633,
       39.264586724554725
      ],
      [
       -77.15601305276505,
       39.26353379019179
      ],
      [
       -77.15672267747267,
       39.26194007135807
      ],
      [
       -77.16079738071438,
       39.258135763053765
      ],
      [
       -77.16103334394235,
       39.25665167374967
      ],
      [
       -77.1621853997024,
       39.25597262517062
      ],
      [
       -77.16271197940598,
       39.25481415193215
      ],
      [
       -77.16414597652297,
       39.25366222374022
      ],
      [
       -77.16584022720022,
       39.25182715631516
      ],
      [
       -77.166778007529,
       39.25044206084006
      ],
      [
       -77.16809836059136,
       39.25011808103608
      ],
      [
       -77.1686926062206,
       39.24752378821179
      ],
      [
       -77.17034868637569,
       39.24684473963274
      ],
      [
       -77.17085184325884,
       39.24563881480682
      ],
      [
       -77.17206462484963,
       39.24513239183039
      ],
      [
       -77.17293473925274,
       39.244028733356735
      ],
      [
       -77.1730188879039,
       39.24282035413835
      ],
      [
       -77.17242377476278,
       39.24257164236964
      ],
      [
       -77.17245413767814,
       39.24108100801901
      ],
      [
       -77.1740572996093,
       39.23912403910204
      ],
      [
       -77.17568908943208,
       39.238669976497974
      ],
      [
       -77.17658175914376,
       39.237708672786674
      ],
      [
       -77.17791685990785,
       39.23726197335997
      ],
      [
       -77.17893184879284,
       39.237392056160054
      ],
      [
       -77.18057231373432,
       39.23635384815185
      ],
      [
       -77.18063303956504,
       39.23570997919798
      ],
      [
       -77.1817929029319,
       39.234595685023685
      ],
      [
       -77.18172436949438,
       39.23338566954367
      ],
      [
       -77.18405797641798,
       39.23205293444094
      ],
      [
       -77.18403281857381,
       39.23141888305688
      ],
      [
       -77.18562036529137,
       39.230670293358294
      ],
      [
       -77.18631437478537,
       39.22930565115365
      ],
      [
       -77.18709079790679,
       39.22932365003165
      ],
      [
       -77.18754016905417,
       39.23019005056805
      ],
      [
       -77.18713504101204,
       39.231115356523354
      ],
      [
       -77.1874967934608,
       39.23225092209892
      ],
      [
       -77.18817432022932,
       39.232664896292896
      ],
      [
       -77.18759221976622,
       39.234469692877695
      ],
      [
       -77.1875072036032,
       39.235866242184244
      ],
      [
       -77.18694332088933,
       39.237177705885706
      ],
      [
       -77.18791927174027,
       39.237505776343774
      ],
      [
       -77.18918583906684,
       39.23867406715207
      ],
      [
       -77.19077338578438,
       39.23940629423429
      ],
      [
       -77.19097117849017,
       39.23891787013587
      ],
      [
       -77.19224468591169,
       39.23932202676003
      ],
      [
       -77.19401527763328,
       39.23929175591976
      ],
      [
       -77.19877618276219,
       39.242057038085036
      ],
      [
       -77.19894361255261,
       39.24287435077235
      ],
      [
       -77.19992043091543,
       39.24375875018675
      ],
      [
       -77.20067516624016,
       39.243621304209306
      ],
      [
       -77.20127114689315,
       39.24473887090687
      ],
      [
       -77.20351366507066,
       39.24640622151422
      ],
      [
       -77.20542913127413,
       39.24588261779062
      ],
      [
       -77.20750421966122,
       39.244041005319005
      ],
      [
       -77.2082737026877,
       39.24244974087774
      ],
      [
       -77.20933466970168,
       39.238940777798774
      ],
      [
       -77.21078428203228,
       39.239379295917296
      ],
      [
       -77.21381276596176,
       39.239002137610136
      ],
      [
       -77.2157212920703,
       39.23929175591976
      ],
      [
       -77.21856586348386,
       39.24028333047133
      ]
     ]
    ]
   }
  },
  {
   "type": "Feature",
   "properties": {
    "name": "Darnestown",
    "geoid": "2421825"
   },
   "geometry": {
    "type": "Polygon",
    "coordinates": [
     [
      [
       -77.28014272335172,
       39.12785333905134
      ],
      [
       -77.2798842048152,
       39.12849802613603
      ],
      [
       -77.28076125931325,
       39.12999275114075
      ],
      [
       -77.28071528118429,
       39.13134675764476
      ],
      [
       -77.27992237533738,
       39.13282021124821
      ],
      [
       -77.27992237533738,
       39.13403268112068
      ],
      [
       -77.27706132119832,
       39.13361707066507
      ],
      [
       -77.27647314815215,
       39.132399692007695
      ],
      [
       -77.27548158208758,
       39.13212234566034
      ],
      [
       -77.27455941697242,
       39.132849663957664
      ],
      [
       -77.2721780968961,
       39.13253713798514
      ],
      [
       -77.27073629217229,
       39.132983837411835
      ],
      [
       -77.26797066433866,
       39.13293393143193
      ],
      [
       -77.26709621237622,
       39.13298301928102
      ],
      [
       -77.26697476071476,
       39.133819148977146
      ],
      [
       -77.26491528754129,
       39.133518076836076
      ],
      [
       -77.26467064919464,
       39.133125374043374
      ],
      [
       -77.26274824289624,
       39.13306810488611
      ],
      [
       -77.2621002115312,
       39.1322736998617
      ],
      [
       -77.25991841918442,
       39.13164128473928
      ],
      [
       -77.25687432004132,
       39.129261342189345
      ],
      [
       -77.25561469280969,
       39.1270752966433
      ],
      [
       -77.25350056638857,
       39.1270482983263
      ],
      [
       -77.25093793633194,
       39.12654105721906
      ],
      [
       -77.25043391193691,
       39.12584564602365
      ],
      [
       -77.24877089168689,
       39.12604117928918
      ],
      [
       -77.2472006952067,
       39.12467408269208
      ],
      [
       -77.24973903493104,
       39.12253876125676
      ],
      [
       -77.25107413569513,
       39.119649123207125
      ],
      [
       -77.25252461553761,
       39.118226393714394
      ],
      [
       -77.25522517998118,
       39.12034698879499
      ],
      [
       -77.25540388742589,
       39.12101212915013
      ],
      [
       -77.25740523730424,
       39.1214171039051
      ],
      [
       -77.25827101414801,
       39.120688967476966
      ],
      [
       -77.25722479483579,
       39.11834993146793
      ],
      [
       -77.2589468058928,
       39.11832375128175
      ],
      [
       -77.26152765369865,
       39.117763331671334
      ],
      [
       -77.2676011042831,
       39.11375367253167
      ],
      [
       -77.26622002539003,
       39.11066768308568
      ],
      [
       -77.26388468344268,
       39.10610905816706
      ],
      [
       -77.26484588659189,
       39.102416015654015
      ],
      [
       -77.26495259055159,
       39.10100883064683
      ],
      [
       -77.26590685360586,
       39.09517637604438
      ],
      [
       -77.26654013726913,
       39.09257062938863
      ],
      [
       -77.26744842219442,
       39.09065211262011
      ],
      [
       -77.26773817115817,
       39.08773793064593
      ],
      [
       -77.26724976197676,
       39.086478827316824
      ],
      [
       -77.26610464631165,
       39.085353079311076
      ],
      [
       -77.26499856868057,
       39.083487741045744
      ],
      [
       -77.26767484279185,
       39.082609886677886
      ],
      [
       -77.26879566812467,
       39.08138023605824
      ],
      [
       -77.27056105477506,
       39.0827096986377
      ],
      [
       -77.27291114442414,
       39.08319812273612
      ],
      [
       -77.27415428893029,
       39.083769996178
      ],
      [
       -77.2759483034723,
       39.08410379355179
      ],
      [
       -77.27762607142407,
       39.08335274946075
      ],
      [
       -77.27831314082314,
       39.08341574553375
      ],
      [
       -77.27899674017473,
       39.08441795578596
      ],
      [
       -77.27981133381833,
       39.08449076942877
      ],
      [
       -77.28416364085764,
       39.081974199032196
      ],
      [
       -77.28365267636768,
       39.08140887063687
      ],
      [
       -77.28694141385742,
       39.081133978681976
      ],
      [
       -77.28891760589161,
       39.08181139099939
      ],
      [
       -77.28905380525481,
       39.080673371031374
      ],
      [
       -77.28721641511942,
       39.08003195646996
      ],
      [
       -77.28636104841804,
       39.07884239426039
      ],
      [
       -77.28723116282116,
       39.0768347012327
      ],
      [
       -77.28701688738988,
       39.07593884798685
      ],
      [
       -77.28612508519008,
       39.07530479660279
      ],
      [
       -77.28712359134958,
       39.07369226076026
      ],
      [
       -77.28775687501287,
       39.074049783927784
      ],
      [
       -77.2916867037727,
       39.07473701381501
      ],
      [
       -77.29323087489688,
       39.074543116811114
      ],
      [
       -77.29392228185529,
       39.07221635276435
      ],
      [
       -77.29450177978278,
       39.0717312011892
      ],
      [
       -77.29600517784918,
       39.071861283989286
      ],
      [
       -77.29625675629076,
       39.06917126985927
      ],
      [
       -77.29608932650032,
       39.06732883925684
      ],
      [
       -77.29763696767196,
       39.065650034818034
      ],
      [
       -77.29763002757703,
       39.06501271091071
      ],
      [
       -77.29555493918994,
       39.06464700643501
      ],
      [
       -77.29428143176843,
       39.06218688706489
      ],
      [
       -77.29470824760725,
       39.060520354588355
      ],
      [
       -77.29441763113164,
       39.059692406200405
      ],
      [
       -77.29486006218406,
       39.05780006961807
      ],
      [
       -77.29463017153917,
       39.056536057504054
      ],
      [
       -77.2938016977057,
       39.054772985590986
      ],
      [
       -77.29521313951413,
       39.055627932295934
      ],
      [
       -77.29918634386735,
       39.056991756369754
      ],
      [
       -77.30339984900785,
       39.05772071092871
      ],
      [
       -77.3094143087853,
       39.057791888309886
      ],
      [
       -77.31084223331924,
       39.05793506120306
      ],
      [
       -77.30825878297779,
       39.05219996416796
      ],
      [
       -77.3129312018962,
       39.05179826193626
      ],
      [
       -77.31694517930718,
       39.052690024528026
      ],
      [
       -77.31852665344165,
       39.05358915029715
      ],
      [
       -77.32017058843059,
       39.053558061326065
      ],
      [
       -77.32301429233229,
       39.05544630725431
      ],
      [
       -77.32390262448462,
       39.05558375323175
      ],
      [
       -77.32687992521393,
       39.05737627785428
      ],
      [
       -77.32831825989025,
       39.057678168126166
      ],
      [
       -77.32915974640174,
       39.058151047739045
      ],
      [
       -77.33340187943388,
       39.059330792378795
      ],
      [
       -77.33395621951722,
       39.05987403124203
      ],
      [
       -77.33419131523331,
       39.06130330578131
      ],
      [
       -77.33713738553539,
       39.06226460949261
      ],
      [
       -77.34014418166818,
       39.062909296577295
      ],
      [
       -77.34210822853623,
       39.06292565919366
      ],
      [
       -77.34126327197727,
       39.06826314465115
      ],
      [
       -77.34204143012244,
       39.071964368472365
      ],
      [
       -77.34169702791102,
       39.07544306071106
      ],
      [
       -77.34175775374175,
       39.077350123648124
      ],
      [
       -77.34048424632024,
       39.079043654441655
      ],
      [
       -77.337630999788,
       39.07992887198687
      ],
      [
       -77.33592894150394,
       39.081119252327255
      ],
      [
       -77.33419738781639,
       39.08515918230718
      ],
      [
       -77.33178657233657,
       39.08700488543288
      ],
      [
       -77.32962039520339,
       39.08745894803695
      ],
      [
       -77.32936014164314,
       39.08796291662092
      ],
      [
       -77.3291849042459,
       39.09093436775237
      ],
      [
       -77.32954578918279,
       39.09141461054261
      ],
      [
       -77.33170415870916,
       39.090720835608835
      ],
      [
       -77.33535378113578,
       39.08836625511425
      ],
      [
       -77.33615102454202,
       39.08839570782371
      ],
      [
       -77.33764574748974,
       39.09060384290184
      ],
      [
       -77.3391422054612,
       39.09161832511632
      ],
      [
       -77.33956902130002,
       39.09277761648562
      ],
      [
       -77.34081997341298,
       39.093775736083735
      ],
      [
       -77.34080782824682,
       39.094562777930776
      ],
      [
       -77.34184363741663,
       39.09542426968227
      ],
      [
       -77.34203275500376,
       39.09692881225681
      ],
      [
       -77.34352400790401,
       39.099999257217256
      ],
      [
       -77.34377818888119,
       39.10237101845902
      ],
      [
       -77.34270941426041,
       39.10406700364501
      ],
      [
       -77.34277361013861,
       39.10482132025932
      ],
      [
       -77.34102297118997,
       39.10547173425974
      ],
      [
       -77.33642689331589,
       39.10573599051399
      ],
      [
       -77.33510827527728,
       39.109009331917335
      ],
      [
       -77.3338902886153,
       39.11040997187797
      ],
      [
       -77.33207458627659,
       39.110492603090606
      ],
      [
       -77.3319140965811,
       39.11222785855586
      ],
      [
       -77.33213964966664,
       39.11464625325425
      ],
      [
       -77.33304706708006,
       39.11794822923623
      ],
      [
       -77.33448973931574,
       39.122227871545874
      ],
      [
       -77.33515772345372,
       39.125052059130056
      ],
      [
       -77.335024994138,
       39.12638397610198
      ],
      [
       -77.33587602328002,
       39.12865428912229
      ],
      [
       -77.33523493200993,
       39.12930961190761
      ],
      [
       -77.33573114879815,
       39.12974485750286
      ],
      [
       -77.33521237670138,
       39.130946691674694
      ],
      [
       -77.3329767986188,
       39.13199635351435
      ],
      [
       -77.3297722097802,
       39.1322467015447
      ],
      [
       -77.3282852944393,
       39.131930903048904
      ],
      [
       -77.32820808588309,
       39.13101132400932
      ],
      [
       -77.32717140920141,
       39.128916909114906
      ],
      [
       -77.32458362130062,
       39.128223134181134
      ],
      [
       -77.32347841118141,
       39.12832621866422
      ],
      [
       -77.32253195573395,
       39.12771916559716
      ],
      [
       -77.31986175420575,
       39.12812414035214
      ],
      [
       -77.31880078719179,
       39.12765126073926
      ],
      [
       -77.31701631528031,
       39.12803169156969
      ],
      [
       -77.31577317077416,
       39.12790979007779
      ],
      [
       -77.31430794322995,
       39.12722665084465
      ],
      [
       -77.30999727676027,
       39.126262074610075
      ],
      [
       -77.30972227549827,
       39.125704927522925
      ],
      [
       -77.30724292658093,
       39.125155961743964
      ],
      [
       -77.30588527050827,
       39.12584564602365
      ],
      [
       -77.30616721186522,
       39.12668586637387
      ],
      [
       -77.30389433077232,
       39.12779606989407
      ],
      [
       -77.30028461389162,
       39.12528604454405
      ],
      [
       -77.29904927699228,
       39.12537276641076
      ],
      [
       -77.29831622946423,
       39.126094357792354
      ],
      [
       -77.29685186943186,
       39.126074722652724
      ],
      [
       -77.29631834963335,
       39.126803677211676
      ],
      [
       -77.29381471038371,
       39.12855938594738
      ],
      [
       -77.29039671362571,
       39.12816177436977
      ],
      [
       -77.29004623883124,
       39.126208896106895
      ],
      [
       -77.28891673837974,
       39.124953883431886
      ],
      [
       -77.28721641511942,
       39.12498006361806
      ],
      [
       -77.28571995714796,
       39.12459063334863
      ],
      [
       -77.28324060823061,
       39.125872644340646
      ],
      [
       -77.28090613379513,
       39.126051814989815
      ],
      [
       -77.27967773699073,
       39.127223378321375
      ],
      [
       -77.28014272335172,
       39.12785333905134
      ]
     ]
    ]
   }
  },
  {
   "type": "Feature",
   "properties": {
    "name": "Derwood",
    "geoid": "2422775"
   },
   "geometry": {
    "type": "Polygon",
    "coordinates": [
     [
      [
       -77.13848063792264,
       39.114687977925975
      ],
      [
       -77.138091992606,
       39.11369967589768
      ],
      [
       -77.14467207012108,
       39.107319073647076
      ],
      [
       -77.14916925164225,
       39.10640603965404
      ],
      [
       -77.15228188422289,
       39.106468217596216
      ],
      [
       -77.15219773557173,
       39.10803575624376
      ],
      [
       -77.152876997364,
       39.109312858450856
      ],
      [
       -77.15581526005926,
       39.11163962249762
      ],
      [
       -77.15654657256357,
       39.112689284337286
      ],
      [
       -77.15698206352107,
       39.114746065214064
      ],
      [
       -77.15892702512802,
       39.11489414689215
      ],
      [
       -77.15990384349084,
       39.11432963662764
      ],
      [
       -77.163085009509,
       39.118312297450295
      ],
      [
       -77.15979713953114,
       39.11995264974065
      ],
      [
       -77.15768388062187,
       39.12203233828034
      ],
      [
       -77.15682938143239,
       39.12175335567136
      ],
      [
       -77.15606597098898,
       39.120306900384904
      ],
      [
       -77.15486880461181,
       39.12015063739864
      ],
      [
       -77.15434222490822,
       39.119421682839686
      ],
      [
       -77.15273993048893,
       39.11912879200679
      ],
      [
       -77.15233566995867,
       39.11817485147285
      ],
      [
       -77.14955095686396,
       39.1169092030972
      ],
      [
       -77.14871901298301,
       39.11616470405271
      ],
      [
       -77.14580504062005,
       39.11517722015522
      ],
      [
       -77.14452285807985,
       39.11534493697294
      ],
      [
       -77.14287458553159,
       39.114723157551154
      ],
      [
       -77.14137986258386,
       39.113491052539054
      ],
      [
       -77.14037962140063,
       39.11338796805597
      ],
      [
       -77.13980793107993,
       39.11462661811462
      ],
      [
       -77.13848063792264,
       39.114687977925975
      ]
     ]
    ]
   }
  },
  {
   "type": "Feature",
   "properties": {
    "name": "Fairland",
    "geoid": "2427250"
   },
   "geometry": {
    "type": "Polygon",
    "coordinates": [
     [
      [
       -76.97645457891558,
       39.08289705059505
      ],
      [
       -76.97422680843981,
       39.08328975338775
      ],
      [
       -76.97283098184498,
       39.083148216756214
      ],
      [
       -76.97225408645309,
       39.0842306038286
      ],
      [
       -76.97037505574806,
       39.08471166474966
      ],
      [
       -76.96860533153833,
       39.08630292919093
      ],
      [
       -76.96701778482078,
       39.08647473666274
      ],
      [
       -76.96574427739928,
       39.08739431570232
      ],
      [
       -76.9655221943612,
       39.08812736091536
      ],
      [
       -76.96373685493786,
       39.088691053049054
      ],
      [
       -76.96225687969188,
       39.090457397485395
      ],
      [
       -76.96251626574026,
       39.09072410813211
      ],
      [
       -76.95934464235265,
       39.09324804170604
      ],
      [
       -76.95696592481193,
       39.09950428807229
      ],
      [
       -76.95547033435234,
       39.10133117418918
      ],
      [
       -76.95265092078293,
       39.10151607175407
      ],
      [
       -76.95206361524862,
       39.1010391014871
      ],
      [
       -76.94864561849062,
       39.09954764900565
      ],
      [
       -76.94628078113978,
       39.09927684770485
      ],
      [
       -76.93785637339438,
       39.09554698930499
      ],
      [
       -76.93511416838118,
       39.10031423758224
      ],
      [
       -76.93366195351496,
       39.09883096640897
      ],
      [
       -76.93209002201102,
       39.098217368295366
      ],
      [
       -76.9305337057207,
       39.097202067950064
      ],
      [
       -76.93051115041216,
       39.096617922545924
      ],
      [
       -76.92906067056967,
       39.09535881921682
      ],
      [
       -76.92751996949298,
       39.09467977063777
      ],
      [
       -76.92713913178314,
       39.092864338352335
      ],
      [
       -76.92602524654525,
       39.09156023782824
      ],
      [
       -76.9265205958216,
       39.09027413618214
      ],
      [
       -76.92598707602308,
       39.089076392664396
      ],
      [
       -76.9237888009508,
       39.08791301064101
      ],
      [
       -76.92514819204719,
       39.086887074595076
      ],
      [
       -76.92528786145786,
       39.084647032415035
      ],
      [
       -76.92656397141498,
       39.08392216851017
      ],
      [
       -76.926111997732,
       39.08354501020301
      ],
      [
       -76.92693006142306,
       39.08234072163872
      ],
      [
       -76.92685632291432,
       39.0794699005979
      ],
      [
       -76.92714867441367,
       39.07865831482631
      ],
      [
       -76.92867723032423,
       39.076722617310615
      ],
      [
       -76.9303176952657,
       39.074039966357965
      ],
      [
       -76.9349961867672,
       39.06800788783589
      ],
      [
       -76.93588278389579,
       39.06661297479098
      ],
      [
       -76.93794225706925,
       39.066920591978594
      ],
      [
       -76.93925393501294,
       39.068507765765766
      ],
      [
       -76.93951418857318,
       39.06973987077787
      ],
      [
       -76.94109306017207,
       39.070755171123174
      ],
      [
       -76.94312997803698,
       39.07441303401104
      ],
      [
       -76.94522588670888,
       39.07488673175473
      ],
      [
       -76.9493031924862,
       39.076479632457634
      ],
      [
       -76.9523177962258,
       39.0780798963379
      ],
      [
       -76.95448831091831,
       39.07496036352836
      ],
      [
       -76.96136160744462,
       39.064511196719195
      ],
      [
       -76.96399884352185,
       39.06098014410814
      ],
      [
       -76.96591257470158,
       39.059365972003974
      ],
      [
       -76.97940672180073,
       39.051067671115675
      ],
      [
       -76.97965222765923,
       39.0518448953929
      ],
      [
       -76.97892698773799,
       39.05335189235989
      ],
      [
       -76.97792761406662,
       39.05416102373903
      ],
      [
       -76.97801176271777,
       39.05501515231315
      ],
      [
       -76.97785908062909,
       39.057890882138885
      ],
      [
       -76.97837785272586,
       39.059241616119614
      ],
      [
       -76.9811243952984,
       39.061325395313396
      ],
      [
       -76.97805687333488,
       39.06485726605526
      ],
      [
       -76.97636435768136,
       39.065672942480944
      ],
      [
       -76.97735505623406,
       39.06866402875203
      ],
      [
       -76.97505875232075,
       39.069983673761676
      ],
      [
       -76.97590631141532,
       39.07197091351891
      ],
      [
       -76.97510473044973,
       39.07245197443997
      ],
      [
       -76.97481498148598,
       39.07391724673525
      ],
      [
       -76.97523398971799,
       39.07422159139959
      ],
      [
       -76.97469960240761,
       39.07551096556897
      ],
      [
       -76.97568162584163,
       39.07629064423865
      ],
      [
       -76.97671483247584,
       39.07810525839326
      ],
      [
       -76.97805687333488,
       39.07908210659011
      ],
      [
       -76.97645457891558,
       39.08289705059505
      ]
     ]
    ]
   }
  },
  {
   "type": "Feature",
   "properties": {
    "name": "Flower Hill",
    "geoid": "2428512"
   },
   "geometry": {
    "type": "Polygon",
    "coordinates": [
     [
      [
       -77.1797421048771,
       39.17980300974101
      ],
      [
       -77.17879391440592,
       39.17551764051564
      ],
      [
       -77.17869501805302,
       39.172744177042176
      ],
      [
       -77.1781988012648,
       39.17144334904135
      ],
      [
       -77.17568214933715,
       39.16870833771634
      ],
      [
       -77.17355327521427,
       39.16738787457587
      ],
      [
       -77.17169072723473,
       39.16679309347109
      ],
      [
       -77.16706775649276,
       39.16425688793489
      ],
      [
       -77.1656406994707,
       39.16234164368964
      ],
      [
       -77.16414597652297,
       39.16117826166626
      ],
      [
       -77.16247514866615,
       39.1604803960784
      ],
      [
       -77.16082687611788,
       39.159378373866375
      ],
      [
       -77.16133697309597,
       39.15857906005706
      ],
      [
       -77.16715711021511,
       39.156501007779006
      ],
      [
       -77.16819985947986,
       39.156716176184176
      ],
      [
       -77.17009797544597,
       39.15513881996682
      ],
      [
       -77.1730960964601,
       39.15453094876895
      ],
      [
       -77.17424034461334,
       39.1537889041169
      ],
      [
       -77.17527268373568,
       39.15306322208122
      ],
      [
       -77.17778413059213,
       39.15382408374208
      ],
      [
       -77.17804091410491,
       39.15349274076074
      ],
      [
       -77.1809678991459,
       39.15396398411198
      ],
      [
       -77.18146671846972,
       39.15488274502074
      ],
      [
       -77.1804551996322,
       39.156596729084725
      ],
      [
       -77.18109715841416,
       39.15762593765394
      ],
      [
       -77.18350363633463,
       39.158011277269274
      ],
      [
       -77.18330497611697,
       39.158970944718945
      ],
      [
       -77.18492809082109,
       39.15938900956701
      ],
      [
       -77.18972716647217,
       39.15962872189672
      ],
      [
       -77.19208506372806,
       39.16014414431214
      ],
      [
       -77.19442474323475,
       39.1606522035502
      ],
      [
       -77.19677396537196,
       39.16050984878785
      ],
      [
       -77.19843178055078,
       39.16620976619777
      ],
      [
       -77.19753217074417,
       39.166725188613185
      ],
      [
       -77.19776032636533,
       39.16750159475959
      ],
      [
       -77.19642609311309,
       39.16826818333618
      ],
      [
       -77.19478996573096,
       39.16472404063204
      ],
      [
       -77.19393980410081,
       39.166016687324685
      ],
      [
       -77.19177796452696,
       39.1659046034026
      ],
      [
       -77.19147433537333,
       39.16755968204768
      ],
      [
       -77.19047843174943,
       39.16981772310572
      ],
      [
       -77.19332213565113,
       39.169666368904366
      ],
      [
       -77.19594896158596,
       39.17065221654022
      ],
      [
       -77.19340194674295,
       39.17550618668419
      ],
      [
       -77.19196968464968,
       39.177496698964696
      ],
      [
       -77.19378625450025,
       39.17669983954784
      ],
      [
       -77.19495305796205,
       39.17685283001083
      ],
      [
       -77.1963723073773,
       39.17782476942277
      ],
      [
       -77.19840141763542,
       39.178395006603004
      ],
      [
       -77.19805094284094,
       39.17970974282774
      ],
      [
       -77.19752002557803,
       39.17996090898891
      ],
      [
       -77.19532782308882,
       39.17908796340596
      ],
      [
       -77.19465376636776,
       39.18016625982426
      ],
      [
       -77.19207725612125,
       39.179781738339734
      ],
      [
       -77.19156282158382,
       39.18028407066207
      ],
      [
       -77.19014617470417,
       39.18022434711234
      ],
      [
       -77.18973323905524,
       39.18241775583576
      ],
      [
       -77.18818473037173,
       39.18220913247713
      ],
      [
       -77.18688866764167,
       39.187617795315795
      ],
      [
       -77.18543992282292,
       39.18695429122229
      ],
      [
       -77.18355481953482,
       39.18516094846895
      ],
      [
       -77.1826847051317,
       39.183460054498056
      ],
      [
       -77.18041182403883,
       39.18157099043899
      ],
      [
       -77.1797421048771,
       39.17980300974101
      ]
     ]
    ]
   }
  },
  {
   "type": "Feature",
   "properties": {
    "name": "Forest Glen",
    "geoid": "2428640"
   },
   "geometry": {
    "type": "Polygon",
    "coordinates": [
     [
      [
       -77.05995866874667,
       39.02448169204969
      ],
      [
       -77.05799115183115,
       39.024931663999666
      ],
      [
       -77.05724335660136,
       39.02237664145464
      ],
      [
       -77.05463388090388,
       39.022415093603094
      ],
      [
       -77.05439705016406,
       39.023071234519236
      ],
      [
       -77.05341329170629,
       39.02275789041589
      ],
      [
       -77.05363363972064,
       39.02201420950221
      ],
      [
       -77.04500883673384,
       39.02224164986965
      ],
      [
       -77.04548336572536,
       39.023599747027745
      ],
      [
       -77.04354360918961,
       39.0238230967411
      ],
      [
       -77.04037632336133,
       39.02249772481572
      ],
      [
       -77.03893972370872,
       39.0228757012537
      ],
      [
       -77.03835675573376,
       39.023658652446656
      ],
      [
       -77.03931969390669,
       39.02534563819364
      ],
      [
       -77.04048042478543,
       39.02604514004314
      ],
      [
       -77.03751266668667,
       39.02645093292893
      ],
      [
       -77.0320351967552,
       39.02571134266934
      ],
      [
       -77.03046413276313,
       39.024252615420615
      ],
      [
       -77.03024985733185,
       39.02246009079809
      ],
      [
       -77.03095167443267,
       39.0216165979246
      ],
      [
       -77.0324090943701,
       39.02086228131028
      ],
      [
       -77.03307274094874,
       39.020010607128604
      ],
      [
       -77.0331568895999,
       39.018100271668274
      ],
      [
       -77.03285933302934,
       39.01595267827068
      ],
      [
       -77.03226335237635,
       39.01486210989011
      ],
      [
       -77.03385263411764,
       39.01393516767317
      ],
      [
       -77.03583923629424,
       39.013342022830024
      ],
      [
       -77.04119959212359,
       39.0132822992803
      ],
      [
       -77.05477528533828,
       39.013684001512004
      ],
      [
       -77.05662915819916,
       39.01492837848638
      ],
      [
       -77.0582435977846,
       39.01620302630103
      ],
      [
       -77.05829304596105,
       39.017353318231315
      ],
      [
       -77.06015299140499,
       39.02012105478906
      ],
      [
       -77.0601339061439,
       39.02377319076119
      ],
      [
       -77.05995866874667,
       39.02448169204969
      ]
     ]
    ]
   }
  },
  {
   "type": "Feature",
   "properties": {
    "name": "Four Corners",
    "geoid": "2429790"
   },
   "geometry": {
    "type": "Polygon",
    "coordinates": [
     [
      [
       -77.00978785491286,
       39.034627332325336
      ],
      [
       -77.00961782258682,
       39.03391474038274
      ],
      [
       -77.00723997255797,
       39.032073127911126
      ],
      [
       -77.00619462075763,
       39.03018079132879
      ],
      [
       -77.00406574663475,
       39.0300817974998
      ],
      [
       -77.00350880401581,
       39.02930375509175
      ],
      [
       -77.00237236346936,
       39.02912131191931
      ],
      [
       -77.00023568173968,
       39.02803810671611
      ],
      [
       -76.99811374771176,
       39.02612204434004
      ],
      [
       -76.99722975311876,
       39.02475331148131
      ],
      [
       -76.99637612144112,
       39.02229973715774
      ],
      [
       -76.99578794839495,
       39.019145024723024
      ],
      [
       -76.99410584288384,
       39.01753985205785
      ],
      [
       -77.00247733240533,
       39.01535135211935
      ],
      [
       -77.0045237929008,
       39.015132093060096
      ],
      [
       -77.00605842139443,
       39.01533580763381
      ],
      [
       -77.00923438234139,
       39.0161972993853
      ],
      [
       -77.0110925927616,
       39.016399377697375
      ],
      [
       -77.0164833115063,
       39.01581686855487
      ],
      [
       -77.01936518593018,
       39.01595104200904
      ],
      [
       -77.02384935477336,
       39.016720903108904
      ],
      [
       -77.02366630976931,
       39.017558669066666
      ],
      [
       -77.02459715000315,
       39.01774193036993
      ],
      [
       -77.0230017956788,
       39.02333794516595
      ],
      [
       -77.02360471642672,
       39.02381818795619
      ],
      [
       -77.02017717703818,
       39.026249672747674
      ],
      [
       -77.02062481316182,
       39.02901659117459
      ],
      [
       -77.02107331679731,
       39.02975781769582
      ],
      [
       -77.01811857137658,
       39.031322083820086
      ],
      [
       -77.01671580468681,
       39.032814354432354
      ],
      [
       -77.01744017709618,
       39.032996797604795
      ],
      [
       -77.01494261042961,
       39.03419372299172
      ],
      [
       -77.01364915023515,
       39.03512884651685
      ],
      [
       -77.01135978641679,
       39.03529329081129
      ],
      [
       -77.00978785491286,
       39.034627332325336
      ]
     ]
    ]
   }
  },
  {
   "type": "Feature",
   "properties": {
    "name": "Friendship Heights Village",
    "geoid": "2430800"
   },
   "geometry": {
    "type": "Polygon",
    "coordinates": [
     [
      [
       -77.09552231775533,
       38.96269318014118
      ],
      [
       -77.09541214374815,
       38.96294107377908
      ],
      [
       -77.09236457455758,
       38.96392773954574
      ],
      [
       -77.08978199172799,
       38.96447261467061
      ],
      [
       -77.08794807164007,
       38.96548218810019
      ],
      [
       -77.08713694804395,
       38.96381811001611
      ],
      [
       -77.08616273221674,
       38.96192413717214
      ],
      [
       -77.08724191697992,
       38.961753147831146
      ],
      [
       -77.09331536756437,
       38.96277908387709
      ],
      [
       -77.09552231775533,
       38.96269318014118
      ]
     ]
    ]
   }
  },
  {
   "type": "Feature",
   "properties": {
    "name": "Gaithersburg",
    "geoid": "2431175"
   },
   "geometry": {
    "type": "Polygon",
    "coordinates": [
     [
      [
       -77.2472006952067,
       39.12467408269208
      ],
      [
       -77.2439987089037,
       39.127620989898986
      ],
      [
       -77.24446803282403,
       39.13043863243663
      ],
      [
       -77.2447733970014,
       39.13366288599089
      ],
      [
       -77.24350596216296,
       39.13662861020661
      ],
      [
       -77.24198868390668,
       39.136276813954815
      ],
      [
       -77.24175098565499,
       39.13679632702433
      ],
      [
       -77.24325872128072,
       39.13713666944467
      ],
      [
       -77.24259073714273,
       39.13815278792079
      ],
      [
       -77.243545000197,
       39.13979723086523
      ],
      [
       -77.24273561162461,
       39.140608816636814
      ],
      [
       -77.2410587111847,
       39.14334137356937
      ],
      [
       -77.23855507193507,
       39.14400405953206
      ],
      [
       -77.23773961077961,
       39.14644127123927
      ],
      [
       -77.23787494263094,
       39.14833524408324
      ],
      [
       -77.2388934015634,
       39.14855777566577
      ],
      [
       -77.23840325735826,
       39.15030203057003
      ],
      [
       -77.23869300632201,
       39.15189329501129
      ],
      [
       -77.23837462946663,
       39.15275233237033
      ],
      [
       -77.23993875336376,
       39.15327266357066
      ],
      [
       -77.23869994641694,
       39.15440659288459
      ],
      [
       -77.23727809446609,
       39.154918742776744
      ],
      [
       -77.2370482038212,
       39.15563133471933
      ],
      [
       -77.23439101497101,
       39.15560188200988
      ],
      [
       -77.23403186505786,
       39.15427078316878
      ],
      [
       -77.22717071369772,
       39.15580314219114
      ],
      [
       -77.22556668425469,
       39.156538641796644
      ],
      [
       -77.22783522778823,
       39.15824035389836
      ],
      [
       -77.2321432917223,
       39.160800285228284
      ],
      [
       -77.23042995578396,
       39.161696956604956
      ],
      [
       -77.2287972984493,
       39.16404662831463
      ],
      [
       -77.22738585664085,
       39.16491384698185
      ],
      [
       -77.22627977900977,
       39.166553381141384
      ],
      [
       -77.22460114354614,
       39.165447268275265
      ],
      [
       -77.22206887640488,
       39.16294296984097
      ],
      [
       -77.22108164789965,
       39.16675791384591
      ],
      [
       -77.21875324604724,
       39.166775912723914
      ],
      [
       -77.21684124989125,
       39.16634803030603
      ],
      [
       -77.2148078020738,
       39.16830009043809
      ],
      [
       -77.21277001669702,
       39.16725124672924
      ],
      [
       -77.21409297229498,
       39.16616804152604
      ],
      [
       -77.2111390943861,
       39.164523598581596
      ],
      [
       -77.20774105040105,
       39.16387073018873
      ],
      [
       -77.20744956641357,
       39.161772224640224
      ],
      [
       -77.20783907924208,
       39.159667174045175
      ],
      [
       -77.20781478890979,
       39.15615084778885
      ],
      [
       -77.20685879083179,
       39.1563381997462
      ],
      [
       -77.20435168153467,
       39.15821580997381
      ],
      [
       -77.19834069180469,
       39.152347357615355
      ],
      [
       -77.19239042790542,
       39.15252571013371
      ],
      [
       -77.19199571000571,
       39.15621138946939
      ],
      [
       -77.19208506372806,
       39.16014414431214
      ],
      [
       -77.18972716647217,
       39.15962872189672
      ],
      [
       -77.18492809082109,
       39.15938900956701
      ],
      [
       -77.18330497611697,
       39.158970944718945
      ],
      [
       -77.18350363633463,
       39.158011277269274
      ],
      [
       -77.18109715841416,
       39.15762593765394
      ],
      [
       -77.1804551996322,
       39.156596729084725
      ],
      [
       -77.18146671846972,
       39.15488274502074
      ],
      [
       -77.1809678991459,
       39.15396398411198
      ],
      [
       -77.17804091410491,
       39.15349274076074
      ],
      [
       -77.17778413059213,
       39.15382408374208
      ],
      [
       -77.17527268373568,
       39.15306322208122
      ],
      [
       -77.17424034461334,
       39.1537889041169
      ],
      [
       -77.1721027953718,
       39.15187775052575
      ],
      [
       -77.17260768727868,
       39.151481775209774
      ],
      [
       -77.17180003373004,
       39.150877994666
      ],
      [
       -77.17247495796296,
       39.14999277712078
      ],
      [
       -77.1740546970737,
       39.15059983018783
      ],
      [
       -77.17115286987686,
       39.148781125379124
      ],
      [
       -77.17113204959205,
       39.14803580820381
      ],
      [
       -77.17195792088992,
       39.147774006342004
      ],
      [
       -77.17496558453459,
       39.14777564260364
      ],
      [
       -77.17551905710606,
       39.147445117753115
      ],
      [
       -77.17836362851963,
       39.146748888426885
      ],
      [
       -77.17976205765005,
       39.14071926429727
      ],
      [
       -77.17955732484933,
       39.139536247134245
      ],
      [
       -77.18009257967158,
       39.13897582752383
      ],
      [
       -77.18028863735364,
       39.13840640847441
      ],
      [
       -77.17891276353177,
       39.137459012987016
      ],
      [
       -77.18609836433036,
       39.133235003573006
      ],
      [
       -77.18502004707905,
       39.13163392156192
      ],
      [
       -77.18567762107462,
       39.131206857274854
      ],
      [
       -77.18359732761633,
       39.12883918668719
      ],
      [
       -77.18416641540142,
       39.12910017041817
      ],
      [
       -77.18515364390665,
       39.128003056991055
      ],
      [
       -77.18278013143713,
       39.126082903960906
      ],
      [
       -77.18184582115582,
       39.126922306180305
      ],
      [
       -77.18132791657092,
       39.1265925994606
      ],
      [
       -77.17723673060372,
       39.13031673094473
      ],
      [
       -77.17785613407713,
       39.128433393801394
      ],
      [
       -77.17708665105066,
       39.12649524189324
      ],
      [
       -77.17420564413864,
       39.12622525872326
      ],
      [
       -77.1720012964833,
       39.12515023482823
      ],
      [
       -77.173816998822,
       39.12308936329736
      ],
      [
       -77.17600226121625,
       39.12432474083274
      ],
      [
       -77.1786316896867,
       39.12581292079092
      ],
      [
       -77.18169400657901,
       39.12233259229059
      ],
      [
       -77.1814111977102,
       39.12158482072282
      ],
      [
       -77.18263785949085,
       39.12090086335886
      ],
      [
       -77.1835955925926,
       39.11987574544374
      ],
      [
       -77.18481791681391,
       39.12036335141135
      ],
      [
       -77.18515884897785,
       39.11915579032379
      ],
      [
       -77.18666918713919,
       39.119249057237056
      ],
      [
       -77.18660672628472,
       39.119888835536834
      ],
      [
       -77.18532974881575,
       39.12072332897133
      ],
      [
       -77.1887729034179,
       39.121686268944266
      ],
      [
       -77.18776572213972,
       39.1235376989857
      ],
      [
       -77.18561602773202,
       39.12242340481141
      ],
      [
       -77.1854780933451,
       39.123073000681
      ],
      [
       -77.18341601763602,
       39.12462581297381
      ],
      [
       -77.18404322871623,
       39.12504878660678
      ],
      [
       -77.18607320648621,
       39.1234927017907
      ],
      [
       -77.18769024860725,
       39.12475180511981
      ],
      [
       -77.18540088478889,
       39.12595691181491
      ],
      [
       -77.18688866764167,
       39.127463908781905
      ],
      [
       -77.18614087241187,
       39.127863974751975
      ],
      [
       -77.18856383305783,
       39.13037563636364
      ],
      [
       -77.1893229059419,
       39.13016128608928
      ],
      [
       -77.19029885679285,
       39.12839494165294
      ],
      [
       -77.19134334108134,
       39.128795825753826
      ],
      [
       -77.19239042790542,
       39.12754981251781
      ],
      [
       -77.19176668687268,
       39.12694685010485
      ],
      [
       -77.19273222758123,
       39.126196624144626
      ],
      [
       -77.18762084765785,
       39.123966399534396
      ],
      [
       -77.18904096458496,
       39.122065881643884
      ],
      [
       -77.18933071354871,
       39.11967039460839
      ],
      [
       -77.19246763646164,
       39.12014409235209
      ],
      [
       -77.19302024152124,
       39.117940047928045
      ],
      [
       -77.19184129289329,
       39.11775187783988
      ],
      [
       -77.19316077844378,
       39.116520590958594
      ],
      [
       -77.18961265490566,
       39.11342969272769
      ],
      [
       -77.18666484957986,
       39.11753507317307
      ],
      [
       -77.18460797894198,
       39.117487621585624
      ],
      [
       -77.18426531175432,
       39.11668667151467
      ],
      [
       -77.18622068350368,
       39.11412674018474
      ],
      [
       -77.18810058172058,
       39.11483196894997
      ],
      [
       -77.18881888154688,
       39.11416601046401
      ],
      [
       -77.18772234654635,
       39.113708675336675
      ],
      [
       -77.18826714399914,
       39.11320634301434
      ],
      [
       -77.18673078048178,
       39.1131638002118
      ],
      [
       -77.18796004479805,
       39.11016371450172
      ],
      [
       -77.18991628405928,
       39.111972601740604
      ],
      [
       -77.19052701241401,
       39.11113892643693
      ],
      [
       -77.19499903609103,
       39.11214359108159
      ],
      [
       -77.19379059205959,
       39.113847757575755
      ],
      [
       -77.19591512862313,
       39.113852666360664
      ],
      [
       -77.19746276979477,
       39.114386905784905
      ],
      [
       -77.19880567816568,
       39.11603462125262
      ],
      [
       -77.2008425960306,
       39.11665312815113
      ],
      [
       -77.20221326478126,
       39.117945774843776
      ],
      [
       -77.20446272305372,
       39.11696974477775
      ],
      [
       -77.20558268087468,
       39.11704664907465
      ],
      [
       -77.20551327992528,
       39.11627924236724
      ],
      [
       -77.20416169643569,
       39.11597817022617
      ],
      [
       -77.20043920301221,
       39.113432965250965
      ],
      [
       -77.19200265010065,
       39.111117655035656
      ],
      [
       -77.19187078829678,
       39.11012608048408
      ],
      [
       -77.19376283167983,
       39.10789421961222
      ],
      [
       -77.19522805922406,
       39.10704418169218
      ],
      [
       -77.19764668231068,
       39.108641991179994
      ],
      [
       -77.20351626760626,
       39.11003772235572
      ],
      [
       -77.20591493791994,
       39.11021934739735
      ],
      [
       -77.20730642695543,
       39.11249293294093
      ],
      [
       -77.2079666034866,
       39.11216895313695
      ],
      [
       -77.21047284527185,
       39.11233094303894
      ],
      [
       -77.21253231844531,
       39.108272196050194
      ],
      [
       -77.21157892290292,
       39.10685437534237
      ],
      [
       -77.21818762830962,
       39.10793267176067
      ],
      [
       -77.22060104632504,
       39.10269827078627
      ],
      [
       -77.2240147055237,
       39.103311868899866
      ],
      [
       -77.22690438755438,
       39.103478767586765
      ],
      [
       -77.22899595866696,
       39.1040440959821
      ],
      [
       -77.23431987899788,
       39.10699263945064
      ],
      [
       -77.2359082932273,
       39.108052118860115
      ],
      [
       -77.24058331468132,
       39.11227531014331
      ],
      [
       -77.245326002061,
       39.11529993977794
      ],
      [
       -77.24761363085562,
       39.116313603861606
      ],
      [
       -77.25068028530728,
       39.11729536084336
      ],
      [
       -77.25119992491592,
       39.116092708540705
      ],
      [
       -77.25315963422463,
       39.11658276890077
      ],
      [
       -77.25313274135674,
       39.118003862131864
      ],
      [
       -77.25722479483579,
       39.11834993146793
      ],
      [
       -77.25827101414801,
       39.120688967476966
      ],
      [
       -77.25740523730424,
       39.1214171039051
      ],
      [
       -77.25540388742589,
       39.12101212915013
      ],
      [
       -77.25522517998118,
       39.12034698879499
      ],
      [
       -77.25252461553761,
       39.118226393714394
      ],
      [
       -77.25107413569513,
       39.119649123207125
      ],
      [
       -77.24973903493104,
       39.12253876125676
      ],
      [
       -77.2472006952067,
       39.12467408269208
      ]
     ],
     [
      [
       -77.2513100989231,
       39.116842116370115
      ],
      [
       -77.2513100989231,
       39.116842116370115
      ],
      [
       -77.2513100989231,
       39.116842116370115
      ],
      [
       -77.2513100989231,
       39.116842116370115
      ]
     ],
     [
      [
       -77.22711606045006,
       39.130030385158385
      ],
      [
       -77.22408063642564,
       39.128043963531965
      ],
      [
       -77.22408063642564,
       39.125740925278926
      ],
      [
       -77.22257810587111,
       39.1234747029127
      ],
      [
       -77.2211363011473,
       39.12315481376282
      ],
      [
       -77.22140696484996,
       39.1222155995836
      ],
      [
       -77.22058716613516,
       39.12156763997564
      ],
      [
       -77.21855371831772,
       39.12099167587967
      ],
      [
       -77.21622097890598,
       39.12112094054894
      ],
      [
       -77.21525196814997,
       39.12300591395391
      ],
      [
       -77.2134700987741,
       39.12481970997771
      ],
      [
       -77.20954807762108,
       39.127426274764275
      ],
      [
       -77.2072031930432,
       39.13018828440629
      ],
      [
       -77.20641028719629,
       39.13178118510918
      ],
      [
       -77.20574664061765,
       39.13484099436899
      ],
      [
       -77.20466572083072,
       39.13636680834481
      ],
      [
       -77.2049893027573,
       39.136757056745054
      ],
      [
       -77.20345207172807,
       39.13824196417996
      ],
      [
       -77.20520704823605,
       39.139037187335184
      ],
      [
       -77.20482794554995,
       39.140095848613846
      ],
      [
       -77.20778095594696,
       39.14042391907192
      ],
      [
       -77.21283941764642,
       39.140518004116004
      ],
      [
       -77.21586096148096,
       39.14096961232761
      ],
      [
       -77.21769574908075,
       39.141720656418656
      ],
      [
       -77.22089426533627,
       39.142613237141234
      ],
      [
       -77.22211138448638,
       39.13940616433416
      ],
      [
       -77.22420035306335,
       39.133283273291276
      ],
      [
       -77.22711606045006,
       39.130030385158385
      ]
     ]
    ]
   }
  },
  {
   "type": "Feature",
   "properties": {
    "name": "Garrett Park",
    "geoid": "2431525"
   },
   "geometry": {
    "type": "Polygon",
    "coordinates": [
     [
      [
       -77.08584088531389,
       39.03321605666406
      ],
      [
       -77.08735382601083,
       39.03222366398166
      ],
      [
       -77.08818316735616,
       39.03209030865831
      ],
      [
       -77.08852756956757,
       39.03043604814405
      ],
      [
       -77.09603935482835,
       39.03260409481209
      ],
      [
       -77.09545118178218,
       39.03485068203868
      ],
      [
       -77.09686696114996,
       39.03684283058083
      ],
      [
       -77.09755403054903,
       39.038329374277374
      ],
      [
       -77.09951373985774,
       39.03945266789067
      ],
      [
       -77.09950332971533,
       39.0441291036471
      ],
      [
       -77.0901636969497,
       39.03604106237906
      ],
      [
       -77.0885535949236,
       39.0347925947506
      ],
      [
       -77.08584088531389,
       39.03321605666406
      ]
     ]
    ]
   }
  },
  {
   "type": "Feature",
   "properties": {
    "name": "Germantown",
    "geoid": "2432025"
   },
   "geometry": {
    "type": "Polygon",
    "coordinates": [
     [
      [
       -77.29834919491519,
       39.18947904292704
      ],
      [
       -77.29515935377836,
       39.188291116979116
      ],
      [
       -77.29422677852078,
       39.186977198885195
      ],
      [
       -77.29254033545034,
       39.18585308714108
      ],
      [
       -77.29195302991603,
       39.18392066214866
      ],
      [
       -77.28969576403676,
       39.184613618951616
      ],
      [
       -77.28872501825701,
       39.184553077271076
      ],
      [
       -77.28505023798624,
       39.18673585029385
      ],
      [
       -77.28463816984917,
       39.18813485399286
      ],
      [
       -77.28369084688984,
       39.18800313493114
      ],
      [
       -77.2835693952284,
       39.18881635696436
      ],
      [
       -77.28577114034815,
       39.188837628365626
      ],
      [
       -77.28460433688633,
       39.18983329357129
      ],
      [
       -77.28439266399066,
       39.19126093184893
      ],
      [
       -77.28506325066425,
       39.19024072271872
      ],
      [
       -77.28726412827213,
       39.191386105864105
      ],
      [
       -77.2865440934221,
       39.19479689324489
      ],
      [
       -77.28754173206973,
       39.19545630668431
      ],
      [
       -77.28769267913468,
       39.19666468590268
      ],
      [
       -77.28618581102081,
       39.19720792476593
      ],
      [
       -77.28610860246461,
       39.19799005782806
      ],
      [
       -77.28472925859526,
       39.19902826583627
      ],
      [
       -77.28508667348467,
       39.20035527402327
      ],
      [
       -77.28482034734135,
       39.20158737903538
      ],
      [
       -77.28317988239988,
       39.202193613971616
      ],
      [
       -77.28291962883962,
       39.19998466076266
      ],
      [
       -77.28113515692816,
       39.199732676470674
      ],
      [
       -77.28037174648475,
       39.20073325046125
      ],
      [
       -77.27754192277293,
       39.20329972683773
      ],
      [
       -77.27751936746436,
       39.204779725487725
      ],
      [
       -77.2781752064362,
       39.2051347942628
      ],
      [
       -77.27738924068424,
       39.20601183049983
      ],
      [
       -77.27688521628922,
       39.205615037053036
      ],
      [
       -77.2750617063437,
       39.20610018862819
      ],
      [
       -77.27464183059983,
       39.20586293069093
      ],
      [
       -77.27278101764402,
       39.20696577103377
      ],
      [
       -77.27073629217229,
       39.20736992765793
      ],
      [
       -77.27073629217229,
       39.20817905903706
      ],
      [
       -77.26938557619458,
       39.21070381074181
      ],
      [
       -77.26817973469873,
       39.2104371000951
      ],
      [
       -77.26576891921891,
       39.21045264458064
      ],
      [
       -77.26514431067432,
       39.21078398756199
      ],
      [
       -77.2637398089608,
       39.210193297111296
      ],
      [
       -77.26369383083183,
       39.20913627209427
      ],
      [
       -77.26177923214023,
       39.2082665990346
      ],
      [
       -77.26028364168064,
       39.208740296778295
      ],
      [
       -77.25792574442474,
       39.21135340661141
      ],
      [
       -77.25632431751731,
       39.21196291407092
      ],
      [
       -77.2549657939328,
       39.21305839123639
      ],
      [
       -77.25385971630172,
       39.21300112207912
      ],
      [
       -77.25282217210817,
       39.2138437968218
      ],
      [
       -77.25189913948114,
       39.2135959031839
      ],
      [
       -77.25077484410085,
       39.21479201044001
      ],
      [
       -77.2439267054187,
       39.21140822137622
      ],
      [
       -77.24101533559134,
       39.210324198042194
      ],
      [
       -77.2343007937368,
       39.2097016004896
      ],
      [
       -77.23119336622736,
       39.20869366332166
      ],
      [
       -77.22964399003199,
       39.20796470876271
      ],
      [
       -77.23045337860438,
       39.20615009460809
      ],
      [
       -77.23106323944724,
       39.205588856866854
      ],
      [
       -77.23123934435634,
       39.20432239036039
      ],
      [
       -77.2276756056046,
       39.201590651558654
      ],
      [
       -77.22587465096765,
       39.20079788279588
      ],
      [
       -77.22556321420721,
       39.20001165907966
      ],
      [
       -77.22329727320927,
       39.200130288048285
      ],
      [
       -77.22090901303801,
       39.19916489368289
      ],
      [
       -77.21797075034274,
       39.19970731441531
      ],
      [
       -77.21684992500992,
       39.200229281877284
      ],
      [
       -77.21456923631024,
       39.198875275373275
      ],
      [
       -77.2137451000361,
       39.19897835985636
      ],
      [
       -77.21173767757467,
       39.19826085912886
      ],
      [
       -77.21151732956032,
       39.197302827940824
      ],
      [
       -77.21209682748783,
       39.19538431117231
      ],
      [
       -77.21341718055018,
       39.19462917642718
      ],
      [
       -77.21696617160018,
       39.19153991445791
      ],
      [
       -77.21673367841967,
       39.19075778139578
      ],
      [
       -77.21558596021896,
       39.18949785993586
      ],
      [
       -77.21523895547196,
       39.187539254757255
      ],
      [
       -77.21607176686477,
       39.18587763106563
      ],
      [
       -77.21808612942112,
       39.18555365126165
      ],
      [
       -77.21855892338893,
       39.18642414245214
      ],
      [
       -77.2208318044818,
       39.187258635886636
      ],
      [
       -77.22182423805823,
       39.186488774786774
      ],
      [
       -77.22180081523781,
       39.185332755940756
      ],
      [
       -77.22247313693514,
       39.184520352038355
      ],
      [
       -77.22032864759865,
       39.18314261974062
      ],
      [
       -77.22125168022568,
       39.182811276759274
      ],
      [
       -77.22236643297543,
       39.18135827642627
      ],
      [
       -77.22130459844959,
       39.18038879140679
      ],
      [
       -77.22167936357636,
       39.17899715088515
      ],
      [
       -77.22094718356018,
       39.17711626813427
      ],
      [
       -77.22150412617913,
       39.176307136755135
      ],
      [
       -77.2215422967013,
       39.174854136422134
      ],
      [
       -77.2230135968286,
       39.17389201458001
      ],
      [
       -77.22454041771542,
       39.175021853239855
      ],
      [
       -77.2253341910742,
       39.17508566744367
      ],
      [
       -77.2267144024554,
       39.17234492920293
      ],
      [
       -77.22477117587218,
       39.1700467997348
      ],
      [
       -77.22667102686202,
       39.168511986319984
      ],
      [
       -77.22733293841694,
       39.166465023013025
      ],
      [
       -77.23036142234642,
       39.1656338021018
      ],
      [
       -77.23088019444319,
       39.16446632942433
      ],
      [
       -77.23052885213686,
       39.16311559544359
      ],
      [
       -77.23154384102185,
       39.16248318032118
      ],
      [
       -77.23271931960232,
       39.16076183307983
      ],
      [
       -77.2368079030339,
       39.15993061216861
      ],
      [
       -77.23679315533215,
       39.160433762621764
      ],
      [
       -77.2433393998844,
       39.16123471269271
      ],
      [
       -77.24424681729782,
       39.16105963269763
      ],
      [
       -77.24456692917693,
       39.16028895346695
      ],
      [
       -77.24746702135002,
       39.15959926918727
      ],
      [
       -77.2491447893018,
       39.1578631955912
      ],
      [
       -77.24922893795294,
       39.156596729084725
      ],
      [
       -77.25064818736818,
       39.15666463394263
      ],
      [
       -77.25179156800957,
       39.155741782379785
      ],
      [
       -77.25106806311206,
       39.153747179445176
      ],
      [
       -77.25379118286418,
       39.153289026187025
      ],
      [
       -77.2569576011806,
       39.15208391949192
      ],
      [
       -77.25726296535797,
       39.15148095707896
      ],
      [
       -77.25634687282587,
       39.150042683100686
      ],
      [
       -77.25847574694875,
       39.14923027919828
      ],
      [
       -77.25844538403338,
       39.148264884832884
      ],
      [
       -77.26025327876528,
       39.14627764507564
      ],
      [
       -77.26154326891226,
       39.14632018787819
      ],
      [
       -77.26286275446276,
       39.1458244006024
      ],
      [
       -77.26406772844673,
       39.14605265910066
      ],
      [
       -77.26464028627929,
       39.145393245661246
      ],
      [
       -77.2658921059041,
       39.14579331163131
      ],
      [
       -77.26686805675506,
       39.145618231636234
      ],
      [
       -77.26792121616222,
       39.14609111124911
      ],
      [
       -77.26852413691013,
       39.145308978186975
      ],
      [
       -77.2695078953679,
       39.14303539264339
      ],
      [
       -77.26941593910993,
       39.14224998705799
      ],
      [
       -77.26856924752725,
       39.14176483548284
      ],
      [
       -77.2687679077449,
       39.14095324971125
      ],
      [
       -77.27018715716015,
       39.139498613116615
      ],
      [
       -77.27103384874285,
       39.13915990695791
      ],
      [
       -77.27230822367622,
       39.13759564083364
      ],
      [
       -77.27123164144864,
       39.136859323097326
      ],
      [
       -77.27002666746466,
       39.137592368310365
      ],
      [
       -77.26756206624907,
       39.13726020719821
      ],
      [
       -77.2673555984246,
       39.13549386276186
      ],
      [
       -77.26785181521281,
       39.13423066877867
      ],
      [
       -77.26724195436995,
       39.13326609254409
      ],
      [
       -77.26797066433866,
       39.13293393143193
      ],
      [
       -77.27073629217229,
       39.132983837411835
      ],
      [
       -77.2721780968961,
       39.13253713798514
      ],
      [
       -77.27455941697242,
       39.132849663957664
      ],
      [
       -77.27548158208758,
       39.13212234566034
      ],
      [
       -77.27647314815215,
       39.132399692007695
      ],
      [
       -77.27706132119832,
       39.13361707066507
      ],
      [
       -77.27992237533738,
       39.13403268112068
      ],
      [
       -77.27992237533738,
       39.13282021124821
      ],
      [
       -77.28071528118429,
       39.13134675764476
      ],
      [
       -77.28076125931325,
       39.12999275114075
      ],
      [
       -77.2798842048152,
       39.12849802613603
      ],
      [
       -77.28014272335172,
       39.12785333905134
      ],
      [
       -77.28565923131723,
       39.1314392064272
      ],
      [
       -77.28903124994625,
       39.13345262637063
      ],
      [
       -77.28830687753688,
       39.134826268014265
      ],
      [
       -77.2895265992226,
       39.137142396360396
      ],
      [
       -77.29115231646232,
       39.13773308681109
      ],
      [
       -77.29217511295411,
       39.13880892883693
      ],
      [
       -77.29278497379697,
       39.140181752349754
      ],
      [
       -77.29357093954894,
       39.14074708074508
      ],
      [
       -77.29386936363136,
       39.141880191928195
      ],
      [
       -77.29330374589375,
       39.14380198121998
      ],
      [
       -77.29111761598762,
       39.14697387440187
      ],
      [
       -77.2923729056599,
       39.14746475289275
      ],
      [
       -77.29680936135036,
       39.147680739428736
      ],
      [
       -77.29823034578935,
       39.14896438668239
      ],
      [
       -77.30054399994,
       39.1491681012561
      ],
      [
       -77.30463084834784,
       39.152699153867154
      ],
      [
       -77.30617675449575,
       39.153020679278676
      ],
      [
       -77.3084557081717,
       39.152168186966186
      ],
      [
       -77.30810870342471,
       39.15596267770068
      ],
      [
       -77.30625136051636,
       39.15676771842572
      ],
      [
       -77.30733401532702,
       39.156936253374255
      ],
      [
       -77.3105307965588,
       39.15658118459918
      ],
      [
       -77.311072991476,
       39.15692889019689
      ],
      [
       -77.31302576068975,
       39.15677999038799
      ],
      [
       -77.31359831852232,
       39.156214661992664
      ],
      [
       -77.31497072229672,
       39.15641674030474
      ],
      [
       -77.31599438630039,
       39.15716533000333
      ],
      [
       -77.31611583796183,
       39.15846615800416
      ],
      [
       -77.31692522653422,
       39.15893085630886
      ],
      [
       -77.317168997369,
       39.15982016450816
      ],
      [
       -77.31645937266137,
       39.16304687245487
      ],
      [
       -77.31462024750225,
       39.164440149238146
      ],
      [
       -77.31324697621598,
       39.16437060811861
      ],
      [
       -77.31148505961306,
       39.16574834041634
      ],
      [
       -77.3113931033551,
       39.1666671013251
      ],
      [
       -77.31030177342578,
       39.16678573029373
      ],
      [
       -77.30910373953674,
       39.167480323358326
      ],
      [
       -77.30828827838128,
       39.16938002311802
      ],
      [
       -77.30689331929833,
       39.17054095074895
      ],
      [
       -77.30509062963763,
       39.17151207203007
      ],
      [
       -77.30524417923817,
       39.17275235835036
      ],
      [
       -77.30462564327664,
       39.17307961067761
      ],
      [
       -77.30326798720398,
       39.17508321305121
      ],
      [
       -77.3020847010167,
       39.17441070951871
      ],
      [
       -77.30029242149843,
       39.174593970821974
      ],
      [
       -77.29917072865373,
       39.17616232760033
      ],
      [
       -77.30044510358711,
       39.177393614481616
      ],
      [
       -77.30013973940974,
       39.1787828006108
      ],
      [
       -77.2991178104298,
       39.179331766389765
      ],
      [
       -77.29859903833304,
       39.18026688991489
      ],
      [
       -77.29770636862136,
       39.18051478355278
      ],
      [
       -77.2969577058797,
       39.181662621090624
      ],
      [
       -77.29631834963335,
       39.183451873189874
      ],
      [
       -77.29708783265983,
       39.18427573092373
      ],
      [
       -77.30092397013797,
       39.18430436550236
      ],
      [
       -77.30151908327909,
       39.18454162343962
      ],
      [
       -77.30015708964709,
       39.185970079848076
      ],
      [
       -77.30231285663785,
       39.18754334541134
      ],
      [
       -77.30190339103639,
       39.18871981752782
      ],
      [
       -77.29905968713469,
       39.18950031432831
      ],
      [
       -77.29834919491519,
       39.18947904292704
      ]
     ]
    ]
   }
  },
  {
   "type": "Feature",
   "properties": {
    "name": "Glen Echo",
    "geoid": "2432900"
   },
   "geometry": {
    "type": "Polygon",
    "coordinates": [
     [
      [
       -77.14465298485999,
       38.972446117624116
      ],
      [
       -77.14276961659561,
       38.971326914664914
      ],
      [
       -77.14125407336307,
       38.969616203124204
      ],
      [
       -77.13848757801757,
       38.96841764147564
      ],
      [
       -77.13757235299735,
       38.96617269051069
      ],
      [
       -77.13614616348717,
       38.964878407556405
      ],
      [
       -77.13800957897858,
       38.963850835248834
      ],
      [
       -77.14142584071284,
       38.96664393386193
      ],
      [
       -77.14432506537406,
       38.96932903920704
      ],
      [
       -77.14633075281175,
       38.96994672797473
      ],
      [
       -77.14543895061195,
       38.97023307376107
      ],
      [
       -77.14543895061195,
       38.97172534437335
      ],
      [
       -77.14465298485999,
       38.972446117624116
      ]
     ]
    ]
   }
  },
  {
   "type": "Feature",
   "properties": {
    "name": "Glenmont",
    "geoid": "2433250"
   },
   "geometry": {
    "type": "Polygon",
    "coordinates": [
     [
      [
       -77.05555084094784,
       39.079469082467085
      ],
      [
       -77.0524971991742,
       39.080166948054945
      ],
      [
       -77.04951035581436,
       39.08120597419398
      ],
      [
       -77.04711428803628,
       39.08161831212631
      ],
      [
       -77.0461981955042,
       39.077747735225735
      ],
      [
       -77.04568723101423,
       39.07749166027966
      ],
      [
       -77.0396562885113,
       39.0776421963502
      ],
      [
       -77.03958775507375,
       39.0779989013869
      ],
      [
       -77.03715525179726,
       39.079901873669876
      ],
      [
       -77.03506975326775,
       39.079871602829606
      ],
      [
       -77.03092131151732,
       39.08023403478204
      ],
      [
       -77.03055522150922,
       39.082038013236016
      ],
      [
       -77.02719101048702,
       39.08188993155793
      ],
      [
       -77.02645796295896,
       39.082793966111964
      ],
      [
       -77.0243637893108,
       39.08254034555834
      ],
      [
       -77.02393263591264,
       39.08218036799837
      ],
      [
       -77.02432995634796,
       39.07959262022062
      ],
      [
       -77.02388665778366,
       39.07939136003936
      ],
      [
       -77.02313192245893,
       39.07712104701905
      ],
      [
       -77.02363507934209,
       39.07615974330774
      ],
      [
       -77.02318484068284,
       39.0754766040746
      ],
      [
       -77.02401678456378,
       39.07491291194091
      ],
      [
       -77.0240402073842,
       39.073741348609346
      ],
      [
       -77.02696892744893,
       39.06984704591505
      ],
      [
       -77.02739661079961,
       39.07005566927367
      ],
      [
       -77.02782429415029,
       39.068385864273864
      ],
      [
       -77.0292582912673,
       39.067386108414105
      ],
      [
       -77.02934157240658,
       39.0664968002148
      ],
      [
       -77.03092131151732,
       39.06649189142989
      ],
      [
       -77.03443993965195,
       39.06608200789001
      ],
      [
       -77.03712402137002,
       39.06518860903661
      ],
      [
       -77.03938996236796,
       39.06412094831895
      ],
      [
       -77.04193784472285,
       39.06246096088896
      ],
      [
       -77.03990092685792,
       39.06136302933103
      ],
      [
       -77.03903862006162,
       39.060287187305185
      ],
      [
       -77.04222065359166,
       39.05874173818974
      ],
      [
       -77.04483706938407,
       39.05696803057603
      ],
      [
       -77.04491167540468,
       39.0558970973351
      ],
      [
       -77.04994931681932,
       39.055802194160194
      ],
      [
       -77.05009332378933,
       39.05522132127932
      ],
      [
       -77.05236793990593,
       39.05568274706075
      ],
      [
       -77.05374121119222,
       39.0548278003558
      ],
      [
       -77.05538774871675,
       39.05541194575994
      ],
      [
       -77.05652592428693,
       39.054724715872716
      ],
      [
       -77.06127902180903,
       39.056326616014616
      ],
      [
       -77.06072207919009,
       39.05741473000273
      ],
      [
       -77.0620884103814,
       39.05933733742534
      ],
      [
       -77.06347642936943,
       39.05905099163899
      ],
      [
       -77.06352240749841,
       39.06157328895129
      ],
      [
       -77.06406373490374,
       39.062757124245124
      ],
      [
       -77.06294204205905,
       39.06558622061422
      ],
      [
       -77.05947112707713,
       39.06675778394578
      ],
      [
       -77.06100315303516,
       39.06811915362715
      ],
      [
       -77.06353368515269,
       39.071286138024135
      ],
      [
       -77.06473432157732,
       39.0725296968677
      ],
      [
       -77.06833362831563,
       39.07560832313632
      ],
      [
       -77.0694266932687,
       39.07655735488535
      ],
      [
       -77.06673306892007,
       39.07775100774901
      ],
      [
       -77.06147941705042,
       39.078557684735685
      ],
      [
       -77.0562969011539,
       39.07983887759688
      ],
      [
       -77.05555084094784,
       39.079469082467085
      ]
     ]
    ]
   }
  },
  {
   "type": "Feature",
   "properties": {
    "name": "Hillandale",
    "geoid": "2438850"
   },
   "geometry": {
    "type": "Polygon",
    "coordinates": [
     [
      [
       -76.99811374771176,
       39.02612204434004
      ],
      [
       -76.99286616842517,
       39.029756999565
      ],
      [
       -76.99130117701618,
       39.02808392204192
      ],
      [
       -76.98696708772609,
       39.03006216236016
      ],
      [
       -76.9864543882124,
       39.030089160677164
      ],
      [
       -76.98463261329061,
       39.031784327732325
      ],
      [
       -76.98375902884003,
       39.03003189151989
      ],
      [
       -76.98090317977218,
       39.03133026512827
      ],
      [
       -76.97950735317735,
       39.03052522440323
      ],
      [
       -76.97237206806707,
       39.031868595206596
      ],
      [
       -76.96803971380072,
       39.03234801986602
      ],
      [
       -76.96746542094442,
       39.025753067341064
      ],
      [
       -76.96618584093984,
       39.026203857421855
      ],
      [
       -76.96209725750826,
       39.03120836363637
      ],
      [
       -76.96014362078262,
       39.03062094570895
      ],
      [
       -76.95831924332525,
       39.03200113239913
      ],
      [
       -76.95694857457458,
       39.03147671054471
      ],
      [
       -76.95511205195105,
       39.03214021463822
      ],
      [
       -76.95347158700959,
       39.03213530585331
      ],
      [
       -76.95260928021328,
       39.03115763952564
      ],
      [
       -76.9514017036937,
       39.03105291878092
      ],
      [
       -76.95050035886337,
       39.030211062169066
      ],
      [
       -76.9512177911778,
       39.028613252681254
      ],
      [
       -76.95225967293068,
       39.0277443977524
      ],
      [
       -76.95120738103539,
       39.02649429386229
      ],
      [
       -76.9498931005561,
       39.026179313497316
      ],
      [
       -76.94974475602676,
       39.02565407351207
      ],
      [
       -76.95087338896639,
       39.02497502493303
      ],
      [
       -76.95045438073439,
       39.02416507542308
      ],
      [
       -76.94943592180192,
       39.0240309019689
      ],
      [
       -76.94985666505767,
       39.02208538688339
      ],
      [
       -76.95780394127594,
       39.02022004861805
      ],
      [
       -76.96502771259671,
       39.018894676692675
      ],
      [
       -76.96915706908607,
       39.018533062871064
      ],
      [
       -76.97172316919017,
       39.018555970533974
      ],
      [
       -76.97189233400434,
       39.018353892221896
      ],
      [
       -76.97347641067441,
       39.01848888380688
      ],
      [
       -76.9790015937586,
       39.01948373088173
      ],
      [
       -76.98188607071808,
       39.01977989423789
      ],
      [
       -76.98436975719476,
       39.01972098881899
      ],
      [
       -76.98746590704991,
       39.01922683780484
      ],
      [
       -76.99410584288384,
       39.01753985205785
      ],
      [
       -76.99578794839495,
       39.019145024723024
      ],
      [
       -76.99637612144112,
       39.02229973715774
      ],
      [
       -76.99722975311876,
       39.02475331148131
      ],
      [
       -76.99811374771176,
       39.02612204434004
      ]
     ]
    ]
   }
  },
  {
   "type": "Feature",
   "properties": {
    "name": "Kemp Mill",
    "geoid": "2443200"
   },
   "geometry": {
    "type": "Polygon",
    "coordinates": [
     [
      [
       -77.02831183581984,
       39.06472309260109
      ],
      [
       -77.02527033921234,
       39.0624175999556
      ],
      [
       -77.0238935978786,
       39.060856606354605
      ],
      [
       -77.02246133578534,
       39.060363273471275
      ],
      [
       -77.01981282205382,
       39.06059562262362
      ],
      [
       -77.018691996721,
       39.06003111235911
      ],
      [
       -77.01669064684265,
       39.061137225225224
      ],
      [
       -77.01553512103513,
       39.06094823700624
      ],
      [
       -77.01287793218494,
       39.059391334059335
      ],
      [
       -77.01184038799138,
       39.05959995741796
      ],
      [
       -77.01059724348525,
       39.058485663243665
      ],
      [
       -77.01080284379785,
       39.05790724475524
      ],
      [
       -77.0114742979833,
       39.05696066739867
      ],
      [
       -77.01048967201368,
       39.05501515231315
      ],
      [
       -77.00989542638443,
       39.05299273293073
      ],
      [
       -77.00994140451341,
       39.0514751002631
      ],
      [
       -77.01099282889683,
       39.050188998616996
      ],
      [
       -77.01031356710457,
       39.04964412349212
      ],
      [
       -77.01082626661827,
       39.04799640802441
      ],
      [
       -77.00968028344128,
       39.04709482786283
      ],
      [
       -77.00762861787462,
       39.04685184300984
      ],
      [
       -77.00738484703984,
       39.045645918183915
      ],
      [
       -77.0083156872737,
       39.04448580868381
      ],
      [
       -77.00912420833421,
       39.04416182887983
      ],
      [
       -77.00931506094506,
       39.041624805212805
      ],
      [
       -77.00721741724942,
       39.04120592223392
      ],
      [
       -77.00676891361391,
       39.040495784683785
      ],
      [
       -77.00951285365086,
       39.03926367967168
      ],
      [
       -77.01125308245709,
       39.03880961706762
      ],
      [
       -77.00881884415685,
       39.03697209525009
      ],
      [
       -77.00950591355591,
       39.03638385919186
      ],
      [
       -77.00923871990072,
       39.03544628127428
      ],
      [
       -77.00978785491286,
       39.034627332325336
      ],
      [
       -77.01135978641679,
       39.03529329081129
      ],
      [
       -77.01364915023515,
       39.03512884651685
      ],
      [
       -77.01494261042961,
       39.03419372299172
      ],
      [
       -77.01744017709618,
       39.032996797604795
      ],
      [
       -77.01671580468681,
       39.032814354432354
      ],
      [
       -77.01811857137658,
       39.031322083820086
      ],
      [
       -77.02107331679731,
       39.02975781769582
      ],
      [
       -77.02062481316182,
       39.02901659117459
      ],
      [
       -77.02017717703818,
       39.026249672747674
      ],
      [
       -77.02360471642672,
       39.02381818795619
      ],
      [
       -77.0230017956788,
       39.02333794516595
      ],
      [
       -77.02459715000315,
       39.01774193036993
      ],
      [
       -77.02366630976931,
       39.017558669066666
      ],
      [
       -77.02384935477336,
       39.016720903108904
      ],
      [
       -77.0275865958986,
       39.01668163282963
      ],
      [
       -77.03043116731217,
       39.015847957525956
      ],
      [
       -77.03226335237635,
       39.01486210989011
      ],
      [
       -77.03285933302934,
       39.01595267827068
      ],
      [
       -77.0331568895999,
       39.018100271668274
      ],
      [
       -77.03307274094874,
       39.020010607128604
      ],
      [
       -77.0324090943701,
       39.02086228131028
      ],
      [
       -77.03095167443267,
       39.0216165979246
      ],
      [
       -77.03024985733185,
       39.02246009079809
      ],
      [
       -77.03046413276313,
       39.024252615420615
      ],
      [
       -77.03000608649708,
       39.026041867519865
      ],
      [
       -77.0288922012592,
       39.02811828353629
      ],
      [
       -77.02922792835193,
       39.03005888983689
      ],
      [
       -77.02972414514015,
       39.03042213992014
      ],
      [
       -77.02992193784594,
       39.031883321561324
      ],
      [
       -77.02960182596682,
       39.03387383384183
      ],
      [
       -77.03096728964628,
       39.035846347244345
      ],
      [
       -77.03095080692081,
       39.03664566105366
      ],
      [
       -77.02939015307115,
       39.036477126105126
      ],
      [
       -77.03069142087242,
       39.03760696476496
      ],
      [
       -77.03037217650518,
       39.03807575372375
      ],
      [
       -77.0314982069092,
       39.03862717389517
      ],
      [
       -77.03108700628401,
       39.03921704621504
      ],
      [
       -77.03304931812832,
       39.04107011251811
      ],
      [
       -77.03177494319495,
       39.04169271007071
      ],
      [
       -77.03379537833437,
       39.044312364950365
      ],
      [
       -77.03264158755059,
       39.044353271491275
      ],
      [
       -77.033057993247,
       39.05046634496434
      ],
      [
       -77.02994362564263,
       39.05056206627007
      ],
      [
       -77.02939796067797,
       39.051922617820615
      ],
      [
       -77.02470298645099,
       39.052084607722605
      ],
      [
       -77.02461970531171,
       39.0534967015147
      ],
      [
       -77.02342167142267,
       39.056301253959255
      ],
      [
       -77.02377995382396,
       39.05821895259695
      ],
      [
       -77.02503177344877,
       39.0595385976066
      ],
      [
       -77.02831183581984,
       39.06472309260109
      ]
     ]
    ]
   }
  },
  {
   "type": "Feature",
   "properties": {
    "name": "Kensington",
    "geoid": "2443500"
   },
   "geometry": {
    "type": "Polygon",
    "coordinates": [
     [
      [
       -77.08132895609096,
       39.02308596087396
      ],
      [
       -77.08024456625657,
       39.02691235871036
      ],
      [
       -77.07804802620802,
       39.029724274332274
      ],
      [
       -77.0763771983512,
       39.032486283974286
      ],
      [
       -77.07718398438799,
       39.03245437687238
      ],
      [
       -77.07697578153979,
       39.03325123628924
      ],
      [
       -77.07489982564083,
       39.03327414395214
      ],
      [
       -77.07377726528426,
       39.03290025816826
      ],
      [
       -77.07112094394594,
       39.034614242232244
      ],
      [
       -77.06835965367165,
       39.03529410894211
      ],
      [
       -77.06948828661129,
       39.033541672729676
      ],
      [
       -77.06955768756069,
       39.03202076753877
      ],
      [
       -77.06795192309393,
       39.031830143058144
      ],
      [
       -77.06875523908325,
       39.02927021172821
      ],
      [
       -77.06861036460137,
       39.026216947514946
      ],
      [
       -77.06801611897212,
       39.02567698117498
      ],
      [
       -77.06928962639363,
       39.02545117706918
      ],
      [
       -77.06816012594213,
       39.02423788906589
      ],
      [
       -77.07146708118108,
       39.01880795482595
      ],
      [
       -77.07501086715986,
       39.0191982032262
      ],
      [
       -77.07429863991663,
       39.02145297176097
      ],
      [
       -77.08121357701258,
       39.02295260555061
      ],
      [
       -77.08132895609096,
       39.02308596087396
      ]
     ]
    ]
   }
  },
  {
   "type": "Feature",
   "properties": {
    "name": "Layhill",
    "geoid": "2446150"
   },
   "geometry": {
    "type": "Polygon",
    "coordinates": [
     [
      [
       -77.03933097156097,
       39.09859370847171
      ],
      [
       -77.0390872007262,
       39.097548955416954
      ],
      [
       -77.03808262198362,
       39.0960165963946
      ],
      [
       -77.03907765809566,
       39.09492275549076
      ],
      [
       -77.03723332786532,
       39.09511337997138
      ],
      [
       -77.03694357890159,
       39.09342966674767
      ],
      [
       -77.03505674058974,
       39.093653834591834
      ],
      [
       -77.03299726741626,
       39.093368306936306
      ],
      [
       -77.03277518437818,
       39.092819341157345
      ],
      [
       -77.03121886808788,
       39.09238818621618
      ],
      [
       -77.02820513186013,
       39.09352375179175
      ],
      [
       -77.02602333951334,
       39.09321531647332
      ],
      [
       -77.02568761242061,
       39.09177704249504
      ],
      [
       -77.02639116454516,
       39.09166332231132
      ],
      [
       -77.02569194997996,
       39.090781377289375
      ],
      [
       -77.02559392113892,
       39.08899376145176
      ],
      [
       -77.02421717980518,
       39.08703515627315
      ],
      [
       -77.0238693075463,
       39.08540298529098
      ],
      [
       -77.02449912116212,
       39.08414633635434
      ],
      [
       -77.02398208408908,
       39.08318585077385
      ],
      [
       -77.0243637893108,
       39.08254034555834
      ],
      [
       -77.02645796295896,
       39.082793966111964
      ],
      [
       -77.02719101048702,
       39.08188993155793
      ],
      [
       -77.03055522150922,
       39.082038013236016
      ],
      [
       -77.03092131151732,
       39.08023403478204
      ],
      [
       -77.03506975326775,
       39.079871602829606
      ],
      [
       -77.03715525179726,
       39.079901873669876
      ],
      [
       -77.03958775507375,
       39.0779989013869
      ],
      [
       -77.0396562885113,
       39.0776421963502
      ],
      [
       -77.04568723101423,
       39.07749166027966
      ],
      [
       -77.0461981955042,
       39.077747735225735
      ],
      [
       -77.04711428803628,
       39.08161831212631
      ],
      [
       -77.04951035581436,
       39.08120597419398
      ],
      [
       -77.0524971991742,
       39.080166948054945
      ],
      [
       -77.05555084094784,
       39.079469082467085
      ],
      [
       -77.05588483301683,
       39.08189729473529
      ],
      [
       -77.05542678675079,
       39.08461267092067
      ],
      [
       -77.05403876776276,
       39.0869967041247
      ],
      [
       -77.05359633671034,
       39.08846197641998
      ],
      [
       -77.05365706254106,
       39.09037722066522
      ],
      [
       -77.05520557122458,
       39.09034694982495
      ],
      [
       -77.05524374174674,
       39.092082205290204
      ],
      [
       -77.0529725956776,
       39.09269825779626
      ],
      [
       -77.05167306290006,
       39.09334130861931
      ],
      [
       -77.0453115983756,
       39.093132685260684
      ],
      [
       -77.04496632865234,
       39.09487203138003
      ],
      [
       -77.04235858797858,
       39.099622098910096
      ],
      [
       -77.03933097156097,
       39.09859370847171
      ]
     ]
    ]
   }
  },
  {
   "type": "Feature",
   "properties": {
    "name": "Laytonsville",
    "geoid": "2446250"
   },
   "geometry": {
    "type": "Polygon",
    "coordinates": [
     [
      [
       -77.15211792447992,
       39.207710270078266
      ],
      [
       -77.15125041261241,
       39.211265866613864
      ],
      [
       -77.15000032801133,
       39.21142622025422
      ],
      [
       -77.15036641801942,
       39.213486273654276
      ],
      [
       -77.14982509061409,
       39.214697925395924
      ],
      [
       -77.1491172009302,
       39.21511680837481
      ],
      [
       -77.14405093162394,
       39.21689215225015
      ],
      [
       -77.1427193009073,
       39.21806535184335
      ],
      [
       -77.1347728922009,
       39.21304939179739
      ],
      [
       -77.1352266009076,
       39.2124767002247
      ],
      [
       -77.13475120440421,
       39.209831683289686
      ],
      [
       -77.13258762980664,
       39.20960097039897
      ],
      [
       -77.12846174336474,
       39.211884373512376
      ],
      [
       -77.12708326700727,
       39.21036592271392
      ],
      [
       -77.12482686863987,
       39.21192118939919
      ],
      [
       -77.12435407467207,
       39.21022029542829
      ],
      [
       -77.12724202167902,
       39.2082306012786
      ],
      [
       -77.13405806242206,
       39.203805331683334
      ],
      [
       -77.13964223631324,
       39.2013083964264
      ],
      [
       -77.14035012599713,
       39.20285711806512
      ],
      [
       -77.14257616144916,
       39.19971222320022
      ],
      [
       -77.14512230878032,
       39.199609138717136
      ],
      [
       -77.15290822779123,
       39.20498671258471
      ],
      [
       -77.15211792447992,
       39.207710270078266
      ]
     ]
    ]
   }
  },
  {
   "type": "Feature",
   "properties": {
    "name": "Leisure World",
    "geoid": "2446375"
   },
   "geometry": {
    "type": "Polygon",
    "coordinates": [
     [
      [
       -77.07591134447834,
       39.10941267041067
      ],
      [
       -77.07420408112309,
       39.11026598085398
      ],
      [
       -77.07364713850414,
       39.11154471932272
      ],
      [
       -77.07230162759762,
       39.112232767340764
      ],
      [
       -77.06825208220009,
       39.1127350996631
      ],
      [
       -77.0644758030408,
       39.112402938550936
      ],
      [
       -77.06433092855893,
       39.1118956974437
      ],
      [
       -77.06101182815382,
       39.10833682838483
      ],
      [
       -77.05856197463997,
       39.106473126381125
      ],
      [
       -77.05773783836584,
       39.10683964898765
      ],
      [
       -77.0563741097101,
       39.10346813188613
      ],
      [
       -77.06234866394166,
       39.100904928032925
      ],
      [
       -77.06245363287763,
       39.098399811467814
      ],
      [
       -77.06515506483306,
       39.09321531647332
      ],
      [
       -77.06489481127281,
       39.091368795216795
      ],
      [
       -77.06935815983115,
       39.091494787362784
      ],
      [
       -77.07160067800868,
       39.09264262490063
      ],
      [
       -77.0757898928169,
       39.09370783122583
      ],
      [
       -77.07701134952634,
       39.09379128056928
      ],
      [
       -77.07945513045713,
       39.093167864885864
      ],
      [
       -77.07873422809523,
       39.09585706088506
      ],
      [
       -77.07741474254475,
       39.099339025647026
      ],
      [
       -77.07691765824465,
       39.101304994002994
      ],
      [
       -77.07591134447834,
       39.10941267041067
      ]
     ]
    ]
   }
  },
  {
   "type": "Feature",
   "properties": {
    "name": "Martin's Additions",
    "geoid": "2450965"
   },
   "geometry": {
    "type": "Polygon",
    "coordinates": [
     [
      [
       -77.07180020573821,
       38.97663412928213
      ],
      [
       -77.07089192081293,
       38.979056614634615
      ],
      [
       -77.07141763300463,
       38.98110521420322
      ],
      [
       -77.07058395409996,
       38.98114612074412
      ],
      [
       -77.07072709355809,
       38.983012277140276
      ],
      [
       -77.06998623842324,
       38.983336256944256
      ],
      [
       -77.07005216932517,
       38.98473607877408
      ],
      [
       -77.06652226353627,
       38.983840225528226
      ],
      [
       -77.06787124449025,
       38.97875881501682
      ],
      [
       -77.0669698996599,
       38.97700801506601
      ],
      [
       -77.06976502289703,
       38.973999748047746
      ],
      [
       -77.07239792141492,
       38.97564419099219
      ],
      [
       -77.07180020573821,
       38.97663412928213
      ]
     ]
    ]
   }
  },
  {
   "type": "Feature",
   "properties": {
    "name": "Montgomery Village",
    "geoid": "2453325"
   },
   "geometry": {
    "type": "Polygon",
    "coordinates": [
     [
      [
       -77.1797421048771,
       39.17980300974101
      ],
      [
       -77.18041182403883,
       39.18157099043899
      ],
      [
       -77.1826847051317,
       39.183460054498056
      ],
      [
       -77.18355481953482,
       39.18516094846895
      ],
      [
       -77.18543992282292,
       39.18695429122229
      ],
      [
       -77.18688866764167,
       39.187617795315795
      ],
      [
       -77.18818473037173,
       39.18220913247713
      ],
      [
       -77.18973323905524,
       39.18241775583576
      ],
      [
       -77.19014617470417,
       39.18022434711234
      ],
      [
       -77.19156282158382,
       39.18028407066207
      ],
      [
       -77.19207725612125,
       39.179781738339734
      ],
      [
       -77.19465376636776,
       39.18016625982426
      ],
      [
       -77.19532782308882,
       39.17908796340596
      ],
      [
       -77.19752002557803,
       39.17996090898891
      ],
      [
       -77.19805094284094,
       39.17970974282774
      ],
      [
       -77.19840141763542,
       39.178395006603004
      ],
      [
       -77.1963723073773,
       39.17782476942277
      ],
      [
       -77.19495305796205,
       39.17685283001083
      ],
      [
       -77.19378625450025,
       39.17669983954784
      ],
      [
       -77.19196968464968,
       39.177496698964696
      ],
      [
       -77.19340194674295,
       39.17550618668419
      ],
      [
       -77.19594896158596,
       39.17065221654022
      ],
      [
       -77.19332213565113,
       39.169666368904366
      ],
      [
       -77.19047843174943,
       39.16981772310572
      ],
      [
       -77.19147433537333,
       39.16755968204768
      ],
      [
       -77.19177796452696,
       39.1659046034026
      ],
      [
       -77.19393980410081,
       39.166016687324685
      ],
      [
       -77.19478996573096,
       39.16472404063204
      ],
      [
       -77.19642609311309,
       39.16826818333618
      ],
      [
       -77.19776032636533,
       39.16750159475959
      ],
      [
       -77.19753217074417,
       39.166725188613185
      ],
      [
       -77.19843178055078,
       39.16620976619777
      ],
      [
       -77.19677396537196,
       39.16050984878785
      ],
      [
       -77.19442474323475,
       39.1606522035502
      ],
      [
       -77.19208506372806,
       39.16014414431214
      ],
      [
       -77.19199571000571,
       39.15621138946939
      ],
      [
       -77.19239042790542,
       39.15252571013371
      ],
      [
       -77.19834069180469,
       39.152347357615355
      ],
      [
       -77.20435168153467,
       39.15821580997381
      ],
      [
       -77.20685879083179,
       39.1563381997462
      ],
      [
       -77.20781478890979,
       39.15615084778885
      ],
      [
       -77.20783907924208,
       39.159667174045175
      ],
      [
       -77.20744956641357,
       39.161772224640224
      ],
      [
       -77.20774105040105,
       39.16387073018873
      ],
      [
       -77.2111390943861,
       39.164523598581596
      ],
      [
       -77.21409297229498,
       39.16616804152604
      ],
      [
       -77.21277001669702,
       39.16725124672924
      ],
      [
       -77.2148078020738,
       39.16830009043809
      ],
      [
       -77.21684124989125,
       39.16634803030603
      ],
      [
       -77.21875324604724,
       39.166775912723914
      ],
      [
       -77.218564995972,
       39.17129199484
      ],
      [
       -77.21929717598817,
       39.17137708044508
      ],
      [
       -77.22363473532573,
       39.17286935105735
      ],
      [
       -77.22313678351378,
       39.17355576281376
      ],
      [
       -77.2213072009852,
       39.17424626522426
      ],
      [
       -77.21991137439038,
       39.17710235991036
      ],
      [
       -77.21719606224507,
       39.177107268695266
      ],
      [
       -77.21503595769495,
       39.17894479051279
      ],
      [
       -77.21434975580776,
       39.18055814448614
      ],
      [
       -77.20998617111417,
       39.18036097495897
      ],
      [
       -77.21018916889116,
       39.18150963062763
      ],
      [
       -77.20907268111768,
       39.183310336558336
      ],
      [
       -77.21217577106778,
       39.185565105093104
      ],
      [
       -77.21101937774837,
       39.188642913230915
      ],
      [
       -77.209397998068,
       39.18825511922312
      ],
      [
       -77.20905186083286,
       39.19225905144705
      ],
      [
       -77.20378866633267,
       39.192008703416704
      ],
      [
       -77.19826868831969,
       39.19361223982024
      ],
      [
       -77.1983216065436,
       39.19542685397485
      ],
      [
       -77.19617885223086,
       39.19570829097629
      ],
      [
       -77.19743327439127,
       39.1967964049644
      ],
      [
       -77.19958383631084,
       39.1976308983989
      ],
      [
       -77.19480818348018,
       39.19803587315387
      ],
      [
       -77.19194712934113,
       39.197364187752186
      ],
      [
       -77.18928473541973,
       39.196055996573996
      ],
      [
       -77.18486736499037,
       39.19475516857317
      ],
      [
       -77.18503392726893,
       39.19042971093771
      ],
      [
       -77.182564988494,
       39.19409984578785
      ],
      [
       -77.18025914195015,
       39.193514882252884
      ],
      [
       -77.17869501805302,
       39.19230568490369
      ],
      [
       -77.17660518196418,
       39.19118811820612
      ],
      [
       -77.17293473925274,
       39.190265266643266
      ],
      [
       -77.17013527845629,
       39.19024563150363
      ],
      [
       -77.16832738372439,
       39.190631789249785
      ],
      [
       -77.16689078407178,
       39.189159153777155
      ],
      [
       -77.16736878311079,
       39.188237938475936
      ],
      [
       -77.16220101491602,
       39.187941775119775
      ],
      [
       -77.16207175564776,
       39.19111121390922
      ],
      [
       -77.15995415917916,
       39.191872893700896
      ],
      [
       -77.15745138744138,
       39.19043134719934
      ],
      [
       -77.15571462868263,
       39.191416376704375
      ],
      [
       -77.15231311465011,
       39.19197516005316
      ],
      [
       -77.15180909025509,
       39.190113094311094
      ],
      [
       -77.15554893391594,
       39.19002882683682
      ],
      [
       -77.1555818993669,
       39.188404837162835
      ],
      [
       -77.15138834699934,
       39.18843592613393
      ],
      [
       -77.1534296024236,
       39.18614925049725
      ],
      [
       -77.16289762694562,
       39.18659922244722
      ],
      [
       -77.16299739081039,
       39.18626297068097
      ],
      [
       -77.16828487564288,
       39.186519045627044
      ],
      [
       -77.16663486807087,
       39.184624254652256
      ],
      [
       -77.1668153105393,
       39.18235721415521
      ],
      [
       -77.17106264864265,
       39.18037161065961
      ],
      [
       -77.1746741005471,
       39.18247175246975
      ],
      [
       -77.17527181622381,
       39.18148181417981
      ],
      [
       -77.17774596006996,
       39.181639713427714
      ],
      [
       -77.17947664624565,
       39.18081012877813
      ],
      [
       -77.1797421048771,
       39.17980300974101
      ]
     ]
    ]
   }
  },
  {
   "type": "Feature",
   "properties": {
    "name": "North Bethesda",
    "geoid": "2456337"
   },
   "geometry": {
    "type": "MultiPolygon",
    "coordinates": [
     [
      [
       [
        -77.153354996403,
        39.05613108274908
       ],
       [
        -77.14674282094882,
        39.055137053805055
       ],
       [
        -77.14457664381564,
        39.054526728214725
       ],
       [
        -77.14013585056585,
        39.05442773438573
       ],
       [
        -77.138091992606,
        39.0539703992584
       ],
       [
        -77.1313306051106,
        39.0532708974089
       ],
       [
        -77.13085173855974,
        39.05575637883438
       ],
       [
        -77.12612987146487,
        39.05525404651205
       ],
       [
        -77.12635021947922,
        39.057940788118785
       ],
       [
        -77.12104538440938,
        39.058257404745405
       ],
       [
        -77.11844198129498,
        39.05809868736669
       ],
       [
        -77.11752328622728,
        39.05701793655594
       ],
       [
        -77.1157205965666,
        39.05814204830005
       ],
       [
        -77.11868835466535,
        39.06071097906898
       ],
       [
        -77.11806374612074,
        39.06193572090372
       ],
       [
        -77.11703834709334,
        39.06156838016638
       ],
       [
        -77.11675033315333,
        39.06279966704767
       ],
       [
        -77.11767423329223,
        39.06334290591091
       ],
       [
        -77.11735412141313,
        39.06400886439686
       ],
       [
        -77.11617777532078,
        39.063585072633074
       ],
       [
        -77.11572840417341,
        39.06442202046002
       ],
       [
        -77.11648574203375,
        39.0648679017559
       ],
       [
        -77.11514023112723,
        39.06557067612868
       ],
       [
        -77.11425016395117,
        39.06740492542293
       ],
       [
        -77.11386065112265,
        39.070845983643984
       ],
       [
        -77.11342602767702,
        39.07169683969484
       ],
       [
        -77.11384590342091,
        39.07427476990277
       ],
       [
        -77.11112712122812,
        39.07290031012831
       ],
       [
        -77.1092107875128,
        39.07173610997411
       ],
       [
        -77.10902427246127,
        39.069964856752854
       ],
       [
        -77.10845084711684,
        39.069109910047914
       ],
       [
        -77.10729185126185,
        39.06927762686563
       ],
       [
        -77.10699429469129,
        39.06841204446005
       ],
       [
        -77.10557504527604,
        39.06693204581005
       ],
       [
        -77.10291178384279,
        39.06469691241491
       ],
       [
        -77.1014482913223,
        39.065070798198796
       ],
       [
        -77.10092865171366,
        39.06591674546475
       ],
       [
        -77.09961697376997,
        39.06510925034725
       ],
       [
        -77.09980001877402,
        39.06370861038661
       ],
       [
        -77.09894465207265,
        39.062529683877685
       ],
       [
        -77.09722264101565,
        39.061772912870914
       ],
       [
        -77.09471292918293,
        39.0597194045174
       ],
       [
        -77.09271331432832,
        39.05658023656824
       ],
       [
        -77.09125415936715,
        39.05460117811918
       ],
       [
        -77.09130013749613,
        39.05279474527275
       ],
       [
        -77.09051503925605,
        39.05095967784768
       ],
       [
        -77.09039966017767,
        39.04894216725017
       ],
       [
        -77.09100258092558,
        39.04774033307833
       ],
       [
        -77.09060612800212,
        39.04704164935965
       ],
       [
        -77.09094966270166,
        39.04609589013389
       ],
       [
        -77.09002402753903,
        39.04485805820606
       ],
       [
        -77.09019666240066,
        39.04212713753514
       ],
       [
        -77.08843561330961,
        39.039706288444286
       ],
       [
        -77.08432707710507,
        39.03490386054186
       ],
       [
        -77.08441122575623,
        39.03348931235731
       ],
       [
        -77.08493433541234,
        39.032814354432354
       ],
       [
        -77.08584088531389,
        39.03321605666406
       ],
       [
        -77.0885535949236,
        39.0347925947506
       ],
       [
        -77.0901636969497,
        39.03604106237906
       ],
       [
        -77.09950332971533,
        39.0441291036471
       ],
       [
        -77.09951373985774,
        39.03945266789067
       ],
       [
        -77.09755403054903,
        39.038329374277374
       ],
       [
        -77.09686696114996,
        39.03684283058083
       ],
       [
        -77.09545118178218,
        39.03485068203868
       ],
       [
        -77.09603935482835,
        39.03260409481209
       ],
       [
        -77.08852756956757,
        39.03043604814405
       ],
       [
        -77.08778324438525,
        39.02946410873211
       ],
       [
        -77.08828726878026,
        39.028659068007066
       ],
       [
        -77.09157513875815,
        39.027228975336975
       ],
       [
        -77.09205574033274,
        39.02652701909502
       ],
       [
        -77.0942678955949,
        39.025282642120644
       ],
       [
        -77.09592397574998,
        39.02492920960721
       ],
       [
        -77.09643494023994,
        39.02567616304416
       ],
       [
        -77.09859417727817,
        39.02570725201525
       ],
       [
        -77.09948684698985,
        39.02486375914176
       ],
       [
        -77.0993038019858,
        39.0242337984118
       ],
       [
        -77.10067707327208,
        39.022673622941625
       ],
       [
        -77.10156193537694,
        39.02227437510238
       ],
       [
        -77.10307574358575,
        39.02245436388237
       ],
       [
        -77.10268623075723,
        39.02119198802999
       ],
       [
        -77.10039773445074,
        39.016627636195636
       ],
       [
        -77.10184387673388,
        39.01708906197706
       ],
       [
        -77.10417141107442,
        39.01835634661435
       ],
       [
        -77.10696132924033,
        39.01880304604104
       ],
       [
        -77.10847426993728,
        39.01829335054135
       ],
       [
        -77.11047908986309,
        39.01681335189135
       ],
       [
        -77.113327998836,
        39.0159764040644
       ],
       [
        -77.12166825793025,
        39.01546425417225
       ],
       [
        -77.12366266771367,
        39.015088732126735
       ],
       [
        -77.1278779078779,
        39.013944985242986
       ],
       [
        -77.13332067733468,
        39.013055677043674
       ],
       [
        -77.13708307630408,
        39.01296813704614
       ],
       [
        -77.146794004149,
        39.01306794900595
       ],
       [
        -77.14826790681191,
        39.01285278060078
       ],
       [
        -77.14968542120342,
        39.0119062032442
       ],
       [
        -77.15082186174986,
        39.01042784085584
       ],
       [
        -77.14981815051915,
        39.0120731019311
       ],
       [
        -77.14860536892837,
        39.015660605568605
       ],
       [
        -77.14695536135636,
        39.017503036171036
       ],
       [
        -77.14388176680977,
        39.02013905366705
       ],
       [
        -77.14269587808688,
        39.021695956613954
       ],
       [
        -77.14192379252479,
        39.023597292635294
       ],
       [
        -77.14156030505231,
        39.02649674825475
       ],
       [
        -77.14205565432866,
        39.02669391778192
       ],
       [
        -77.14199492849792,
        39.02924730406531
       ],
       [
        -77.14153861725562,
        39.0294322016302
       ],
       [
        -77.14373428979229,
        39.03361285011085
       ],
       [
        -77.14399627837628,
        39.034591334569335
       ],
       [
        -77.14579029291829,
        39.03784585896386
       ],
       [
        -77.15068219233919,
        39.04721182056982
       ],
       [
        -77.1535258962409,
        39.05357687833488
       ],
       [
        -77.15450097957998,
        39.05631270779071
       ],
       [
        -77.153354996403,
        39.05613108274908
       ]
      ]
     ],
     [
      [
       [
        -77.1163026970297,
        39.06633971909772
       ],
       [
        -77.11531286598887,
        39.067036766554764
       ],
       [
        -77.11484527709227,
        39.06665388133188
       ],
       [
        -77.1163026970297,
        39.06633971909772
       ]
      ]
     ]
    ]
   }
  },
  {
   "type": "Feature",
   "properties": {
    "name": "North Chevy Chase",
    "geoid": "2456400"
   },
   "geometry": {
    "type": "Polygon",
    "coordinates": [
     [
      [
       -77.07747113081614,
       39.00401696776497
      ],
      [
       -77.0754212002732,
       39.0038377971158
      ],
      [
       -77.07507072547872,
       39.00486700568501
      ],
      [
       -77.07163277594778,
       39.00498236213036
      ],
      [
       -77.07169003173104,
       39.00345736628537
      ],
      [
       -77.0709352964063,
       39.0031882012462
      ],
      [
       -77.07097606946407,
       39.00173111025911
      ],
      [
       -77.0714505984556,
       39.000449917397916
      ],
      [
       -77.07099862477263,
       38.998959283047284
      ],
      [
       -77.0768525948546,
       38.99981832040632
      ],
      [
       -77.07747113081614,
       39.00401696776497
      ]
     ]
    ]
   }
  },
  {
   "type": "Feature",
   "properties": {
    "name": "North Kensington",
    "geoid": "2456712"
   },
   "geometry": {
    "type": "Polygon",
    "coordinates": [
     [
      [
       -77.06037073688374,
       39.029563102561106
      ],
      [
       -77.06875523908325,
       39.02927021172821
      ],
      [
       -77.06795192309393,
       39.031830143058144
      ],
      [
       -77.06955768756069,
       39.03202076753877
      ],
      [
       -77.06948828661129,
       39.033541672729676
      ],
      [
       -77.06835965367165,
       39.03529410894211
      ],
      [
       -77.07112094394594,
       39.034614242232244
      ],
      [
       -77.07377726528426,
       39.03290025816826
      ],
      [
       -77.07489982564083,
       39.03327414395214
      ],
      [
       -77.07697578153979,
       39.03325123628924
      ],
      [
       -77.07718398438799,
       39.03245437687238
      ],
      [
       -77.0763771983512,
       39.032486283974286
      ],
      [
       -77.07804802620802,
       39.029724274332274
      ],
      [
       -77.08493433541234,
       39.032814354432354
      ],
      [
       -77.08441122575623,
       39.03348931235731
      ],
      [
       -77.08432707710507,
       39.03490386054186
      ],
      [
       -77.08843561330961,
       39.039706288444286
      ],
      [
       -77.0866068982929,
       39.04081731009531
      ],
      [
       -77.08536722383423,
       39.04108238448038
      ],
      [
       -77.08331642577943,
       39.04346396329196
      ],
      [
       -77.08233613736914,
       39.04311707582507
      ],
      [
       -77.08161870505471,
       39.04384603038403
      ],
      [
       -77.08181736527237,
       39.04465761615562
      ],
      [
       -77.08151980870181,
       39.04747034990835
      ],
      [
       -77.08016909272409,
       39.04808394802195
      ],
      [
       -77.07947508323008,
       39.04898798257598
      ],
      [
       -77.07633208773409,
       39.0483662031542
      ],
      [
       -77.07523295019796,
       39.049371685929685
      ],
      [
       -77.07478271153872,
       39.05149800792601
      ],
      [
       -77.07342071790671,
       39.05063406178206
      ],
      [
       -77.07038442637042,
       39.04925714761515
      ],
      [
       -77.06716682485383,
       39.04640432545233
      ],
      [
       -77.06462675010575,
       39.0447786995167
      ],
      [
       -77.05559942161243,
       39.040035177033175
      ],
      [
       -77.05846307828708,
       39.03837682586482
      ],
      [
       -77.06155315555915,
       39.03689028216828
      ],
      [
       -77.06073682689183,
       39.035281836979834
      ],
      [
       -77.06249961100661,
       39.03278735611536
      ],
      [
       -77.05879186528486,
       39.03333223124023
      ],
      [
       -77.05802064723464,
       39.033247963765966
      ],
      [
       -77.05798334422434,
       39.032034675762674
      ],
      [
       -77.05849430871432,
       39.031772055770055
      ],
      [
       -77.05834856672057,
       39.02964737003537
      ],
      [
       -77.06037073688374,
       39.029563102561106
      ]
     ]
    ]
   }
  },
  {
   "type": "Feature",
   "properties": {
    "name": "North Potomac",
    "geoid": "2456875"
   },
   "geometry": {
    "type": "MultiPolygon",
    "coordinates": [
     [
      [
       [
        -77.25722479483579,
        39.11834993146793
       ],
       [
        -77.25313274135674,
        39.118003862131864
       ],
       [
        -77.25315963422463,
        39.11658276890077
       ],
       [
        -77.25119992491592,
        39.116092708540705
       ],
       [
        -77.25068028530728,
        39.11729536084336
       ],
       [
        -77.24761363085562,
        39.116313603861606
       ],
       [
        -77.245326002061,
        39.11529993977794
       ],
       [
        -77.24058331468132,
        39.11227531014331
       ],
       [
        -77.2359082932273,
        39.108052118860115
       ],
       [
        -77.23431987899788,
        39.10699263945064
       ],
       [
        -77.22899595866696,
        39.1040440959821
       ],
       [
        -77.22690438755438,
        39.103478767586765
       ],
       [
        -77.2240147055237,
        39.103311868899866
       ],
       [
        -77.22060104632504,
        39.10269827078627
       ],
       [
        -77.21480433202633,
        39.10072984803785
       ],
       [
        -77.21343192825192,
        39.100525315333314
       ],
       [
        -77.21317427722728,
        39.1000238011418
       ],
       [
        -77.20722921839922,
        39.09704171430971
       ],
       [
        -77.20270514401014,
        39.0964542963823
       ],
       [
        -77.1999507938308,
        39.09539727136527
       ],
       [
        -77.19760070418171,
        39.0935442050622
       ],
       [
        -77.19442734577035,
        39.0926278985459
       ],
       [
        -77.19450281930281,
        39.089766895074895
       ],
       [
        -77.19745409467609,
        39.08488101782902
       ],
       [
        -77.19842137040837,
        39.08523935912736
       ],
       [
        -77.19919692601792,
        39.08400970850771
       ],
       [
        -77.19824092793993,
        39.083624368892366
       ],
       [
        -77.2002283976284,
        39.08047701963502
       ],
       [
        -77.20202588221788,
        39.079132012570014
       ],
       [
        -77.20355877568778,
        39.07961961853762
       ],
       [
        -77.20575705076006,
        39.07944781106581
       ],
       [
        -77.20712164692765,
        39.078898845286844
       ],
       [
        -77.20965911914011,
        39.07848487109287
       ],
       [
        -77.2112883064273,
        39.078562593520594
       ],
       [
        -77.21154682496382,
        39.079330000228
       ],
       [
        -77.21263815489316,
        39.07997795983596
       ],
       [
        -77.21459092410693,
        39.080531834399835
       ],
       [
        -77.21580283818584,
        39.0819651995932
       ],
       [
        -77.21732792404893,
        39.082839781437784
       ],
       [
        -77.21864307204007,
        39.08452922157722
       ],
       [
        -77.21827611452011,
        39.08646328283128
       ],
       [
        -77.22738585664085,
        39.08448422438222
       ],
       [
        -77.23572524822325,
        39.08178275642076
       ],
       [
        -77.23828093818494,
        39.080574377202375
       ],
       [
        -77.2440256017716,
        39.08022994412794
       ],
       [
        -77.2497477100497,
        39.081526681474685
       ],
       [
        -77.25016671828172,
        39.08114215999016
       ],
       [
        -77.25363069316869,
        39.079914145632145
       ],
       [
        -77.25561469280969,
        39.07968915965716
       ],
       [
        -77.25799514537414,
        39.08135569213369
       ],
       [
        -77.26097071107971,
        39.08162567530368
       ],
       [
        -77.26281677633378,
        39.082027377535375
       ],
       [
        -77.26499856868057,
        39.083487741045744
       ],
       [
        -77.26610464631165,
        39.085353079311076
       ],
       [
        -77.26724976197676,
        39.086478827316824
       ],
       [
        -77.26773817115817,
        39.08773793064593
       ],
       [
        -77.26744842219442,
        39.09065211262011
       ],
       [
        -77.26654013726913,
        39.09257062938863
       ],
       [
        -77.26590685360586,
        39.09517637604438
       ],
       [
        -77.26495259055159,
        39.10100883064683
       ],
       [
        -77.26484588659189,
        39.102416015654015
       ],
       [
        -77.26388468344268,
        39.10610905816706
       ],
       [
        -77.26622002539003,
        39.11066768308568
       ],
       [
        -77.2676011042831,
        39.11375367253167
       ],
       [
        -77.26152765369865,
        39.117763331671334
       ],
       [
        -77.2589468058928,
        39.11832375128175
       ],
       [
        -77.25722479483579,
        39.11834993146793
       ]
      ]
     ],
     [
      [
       [
        -77.2513100989231,
        39.116842116370115
       ],
       [
        -77.2513100989231,
        39.116842116370115
       ],
       [
        -77.2513100989231,
        39.116842116370115
       ],
       [
        -77.2513100989231,
        39.116842116370115
       ]
      ]
     ]
    ]
   }
  },
  {
   "type": "Feature",
   "properties": {
    "name": "Olney",
    "geoid": "2458900"
   },
   "geometry": {
    "type": "Polygon",
    "coordinates": [
     [
      [
       -77.06323179102279,
       39.18120119530919
      ],
      [
       -77.06161561641362,
       39.18020962075762
      ],
      [
       -77.0615626981897,
       39.17839664286464
      ],
      [
       -77.06014171375071,
       39.1779164000744
      ],
      [
       -77.05892372708873,
       39.17673665543465
      ],
      [
       -77.05823665768966,
       39.1765763017943
      ],
      [
       -77.05915014768615,
       39.17210030808831
      ],
      [
       -77.05823492266592,
       39.172149395937396
      ],
      [
       -77.05643396802897,
       39.17345431459231
      ],
      [
       -77.05175721155122,
       39.174811593619594
      ],
      [
       -77.04833921479322,
       39.17641022123822
      ],
      [
       -77.04687485476086,
       39.176127966105966
      ],
      [
       -77.04435733532134,
       39.17473223493023
      ],
      [
       -77.0417253043153,
       39.174427072135074
      ],
      [
       -77.03942119279519,
       39.17502512576313
      ],
      [
       -77.0392528954929,
       39.17289716750517
      ],
      [
       -77.03829602990304,
       39.172349019857016
      ],
      [
       -77.03973262955563,
       39.169775998434
      ],
      [
       -77.04080227168828,
       39.169646733764736
      ],
      [
       -77.04096883396683,
       39.167509776067774
      ],
      [
       -77.04200724567225,
       39.16702626075426
      ],
      [
       -77.04171662919663,
       39.16654192730993
      ],
      [
       -77.04326600539201,
       39.16494739034539
      ],
      [
       -77.04088121526821,
       39.16436897185697
      ],
      [
       -77.04094627865828,
       39.163645744213746
      ],
      [
       -77.04012214238415,
       39.1630166016146
      ],
      [
       -77.04044312177513,
       39.160716835884834
      ],
      [
       -77.03967190372491,
       39.15947327704128
      ],
      [
       -77.03738427493028,
       39.15824117202917
      ],
      [
       -77.03573600238201,
       39.15542598388399
      ],
      [
       -77.03602575134575,
       39.15367763832564
      ],
      [
       -77.03738427493028,
       39.154334597372596
      ],
      [
       -77.03878704162004,
       39.15452113119913
      ],
      [
       -77.0403208026018,
       39.15572705602506
      ],
      [
       -77.04039714364615,
       39.15299204470004
      ],
      [
       -77.04241931380932,
       39.15155377072177
      ],
      [
       -77.04251821016221,
       39.15002795674596
      ],
      [
       -77.04299881173681,
       39.14881794126594
      ],
      [
       -77.04112238356738,
       39.14739193924994
      ],
      [
       -77.04029824729325,
       39.146250646758645
      ],
      [
       -77.04297625642826,
       39.14432067615868
      ],
      [
       -77.04358871980672,
       39.144134960462964
      ],
      [
       -77.03839058869659,
       39.141857284265285
      ],
      [
       -77.03388212952113,
       39.138871106779106
      ],
      [
       -77.03118763766064,
       39.134985803523804
      ],
      [
       -77.03028976287776,
       39.13195871949672
      ],
      [
       -77.02827713534514,
       39.12766435083235
      ],
      [
       -77.02756924566124,
       39.12533676865477
      ],
      [
       -77.03400358118259,
       39.1204827985108
      ],
      [
       -77.03519901253601,
       39.120729055887054
      ],
      [
       -77.03901606475307,
       39.12078387065187
      ],
      [
       -77.04183894836994,
       39.11971620993421
      ],
      [
       -77.04522658221258,
       39.11960903479704
      ],
      [
       -77.0481874002164,
       39.11822802997603
      ],
      [
       -77.05162795228296,
       39.11560837509637
      ],
      [
       -77.05275658522258,
       39.11502832034632
      ],
      [
       -77.05918831820831,
       39.11248720602521
      ],
      [
       -77.06095804241804,
       39.11229985406786
      ],
      [
       -77.0644758030408,
       39.112402938550936
      ],
      [
       -77.06825208220009,
       39.1127350996631
      ],
      [
       -77.07230162759762,
       39.112232767340764
      ],
      [
       -77.07364713850414,
       39.11154471932272
      ],
      [
       -77.07420408112309,
       39.11026598085398
      ],
      [
       -77.07591134447834,
       39.10941267041067
      ],
      [
       -77.07826577168677,
       39.109388126486124
      ],
      [
       -77.08001467561168,
       39.10894633584434
      ],
      [
       -77.08304489456489,
       39.11046233225033
      ],
      [
       -77.08521974681675,
       39.111309097647094
      ],
      [
       -77.09714543245943,
       39.11531384800185
      ],
      [
       -77.09918235032436,
       39.1162636978817
      ],
      [
       -77.10127999401999,
       39.11763324887125
      ],
      [
       -77.10029623556224,
       39.118494740622744
      ],
      [
       -77.10349995688895,
       39.11940695648496
      ],
      [
       -77.10470493087293,
       39.119266237984235
      ],
      [
       -77.1054614012214,
       39.120395258513255
      ],
      [
       -77.10460603452003,
       39.12115366578166
      ],
      [
       -77.10486628808029,
       39.12229495827296
      ],
      [
       -77.10429286273586,
       39.12288973937774
      ],
      [
       -77.10194277308678,
       39.12422083821884
      ],
      [
       -77.09964733668534,
       39.12720783383583
      ],
      [
       -77.09973061782462,
       39.12771916559716
      ],
      [
       -77.09863234780035,
       39.12847511847312
      ],
      [
       -77.09832698362298,
       39.12931779321579
      ],
      [
       -77.09956318803418,
       39.13078633803434
      ],
      [
       -77.10082975536075,
       39.136061645549646
      ],
      [
       -77.10142486850187,
       39.13701967673768
      ],
      [
       -77.10280594739494,
       39.137268388506385
      ],
      [
       -77.1028900960461,
       39.13804234026034
      ],
      [
       -77.10373592011692,
       39.138323777261775
      ],
      [
       -77.10355287511288,
       39.13925071947872
      ],
      [
       -77.10459128681829,
       39.141143056061054
      ],
      [
       -77.10588821706021,
       39.142062635100636
      ],
      [
       -77.10634626332626,
       39.14346327506127
      ],
      [
       -77.10626211467512,
       39.14492036604837
      ],
      [
       -77.1035068969839,
       39.146761978519976
      ],
      [
       -77.10457567160468,
       39.14860113659913
      ],
      [
       -77.1038886022056,
       39.149581257319255
      ],
      [
       -77.10314861458262,
       39.15190065818866
      ],
      [
       -77.10396494324995,
       39.151935019683016
      ],
      [
       -77.10481163483263,
       39.15302231554031
      ],
      [
       -77.10567394162894,
       39.15332666020466
      ],
      [
       -77.10430934546135,
       39.15426996503796
      ],
      [
       -77.10406383960284,
       39.15538016855817
      ],
      [
       -77.10494176161276,
       39.156313655821656
      ],
      [
       -77.10437701138702,
       39.15709987953788
      ],
      [
       -77.1043535885666,
       39.158672326970326
      ],
      [
       -77.10517078474578,
       39.15925483611284
      ],
      [
       -77.10381226116127,
       39.16053602897403
      ],
      [
       -77.10414972327773,
       39.16109563045363
      ],
      [
       -77.10291959144959,
       39.161387703155704
      ],
      [
       -77.10536076984476,
       39.16251263303063
      ],
      [
       -77.10691795364696,
       39.16456859577659
      ],
      [
       -77.10598711341311,
       39.16705325907126
      ],
      [
       -77.10649113780813,
       39.171169275217274
      ],
      [
       -77.10829122493323,
       39.17324814562615
      ],
      [
       -77.10791038722338,
       39.17385110803911
      ],
      [
       -77.10542236318736,
       39.1750103994084
      ],
      [
       -77.1025161984312,
       39.17483531941332
      ],
      [
       -77.10156193537694,
       39.1745097033477
      ],
      [
       -77.09888826380127,
       39.175087303705304
      ],
      [
       -77.10050183587484,
       39.17689782720583
      ],
      [
       -77.0997844035604,
       39.17867971612772
      ],
      [
       -77.10020427930428,
       39.18022107458908
      ],
      [
       -77.10082194775394,
       39.18490896417696
      ],
      [
       -77.09693896463497,
       39.185152767160766
      ],
      [
       -77.09042308299809,
       39.18471097651898
      ],
      [
       -77.08705106436906,
       39.18396729560529
      ],
      [
       -77.08026798907699,
       39.18202178051978
      ],
      [
       -77.07774266203066,
       39.18105965867766
      ],
      [
       -77.07150958926259,
       39.18059086971887
      ],
      [
       -77.0704867927708,
       39.18073567887368
      ],
      [
       -77.06860342450642,
       39.18209377603178
      ],
      [
       -77.06594797067997,
       39.182186224814224
      ],
      [
       -77.06519410286711,
       39.1829299057279
      ],
      [
       -77.06323179102279,
       39.18120119530919
      ]
     ]
    ]
   }
  },
  {
   "type": "Feature",
   "properties": {
    "name": "Poolesville",
    "geoid": "2462850"
   },
   "geometry": {
    "type": "Polygon",
    "coordinates": [
     [
      [
       -77.4368171016481,
       39.150671825699824
      ],
      [
       -77.43566504588804,
       39.15470684689485
      ],
      [
       -77.43347718095818,
       39.156630272448275
      ],
      [
       -77.43212386244485,
       39.15844488660289
      ],
      [
       -77.43384066843066,
       39.1584407959488
      ],
      [
       -77.43380336542036,
       39.16247336275136
      ],
      [
       -77.42956903999504,
       39.162223014721015
      ],
      [
       -77.42767526158826,
       39.162254103692106
      ],
      [
       -77.4292471930922,
       39.158475157443156
      ],
      [
       -77.4279572029452,
       39.157913101571104
      ],
      [
       -77.42799710849111,
       39.154633215121216
      ],
      [
       -77.42702029012828,
       39.154274055692056
      ],
      [
       -77.42538242772243,
       39.15220991163791
      ],
      [
       -77.4244246946207,
       39.15059492140292
      ],
      [
       -77.42163564396664,
       39.1495468958249
      ],
      [
       -77.41971584020384,
       39.149398814146814
      ],
      [
       -77.41966378949179,
       39.15019976421777
      ],
      [
       -77.41870865892565,
       39.15025621524421
      ],
      [
       -77.41813957114057,
       39.15164212885013
      ],
      [
       -77.41568538006737,
       39.15132305783106
      ],
      [
       -77.41614516135716,
       39.15416688055488
      ],
      [
       -77.41255886729687,
       39.15537607790408
      ],
      [
       -77.41113181027481,
       39.15553234089034
      ],
      [
       -77.40933866324467,
       39.15636028927829
      ],
      [
       -77.4085153944824,
       39.15597085900886
      ],
      [
       -77.40775979164579,
       39.158183902871905
      ],
      [
       -77.40566214795015,
       39.15983161833962
      ],
      [
       -77.40290085767586,
       39.16260917246717
      ],
      [
       -77.40003199593,
       39.16265826031626
      ],
      [
       -77.39957741971142,
       39.15965817460617
      ],
      [
       -77.39922694491695,
       39.15958617909418
      ],
      [
       -77.3975752023212,
       39.15675299207099
      ],
      [
       -77.39702606730907,
       39.15670717674518
      ],
      [
       -77.39471588320588,
       39.15144823184623
      ],
      [
       -77.39385878148077,
       39.15115697727498
      ],
      [
       -77.39175419769019,
       39.14789918035718
      ],
      [
       -77.39086499802599,
       39.14735512336312
      ],
      [
       -77.3881227930128,
       39.14223280631081
      ],
      [
       -77.38951428204828,
       39.138526673704675
      ],
      [
       -77.39258267152367,
       39.13922126676927
      ],
      [
       -77.39285680527381,
       39.13845713258513
      ],
      [
       -77.39364710858511,
       39.1386093049173
      ],
      [
       -77.39438622869622,
       39.136585249273246
      ],
      [
       -77.39508023819023,
       39.13588329303129
      ],
      [
       -77.39455192346293,
       39.13367515795316
      ],
      [
       -77.39499522202722,
       39.13241114583914
      ],
      [
       -77.39726897063197,
       39.1327883041463
      ],
      [
       -77.39622622136721,
       39.12880237080037
      ],
      [
       -77.39881834682734,
       39.128208407826406
      ],
      [
       -77.40199864533365,
       39.12830494726295
      ],
      [
       -77.40143476261976,
       39.12048688916489
      ],
      [
       -77.40166465326465,
       39.120243086181084
      ],
      [
       -77.40566995555696,
       39.12016209123009
      ],
      [
       -77.40722627184726,
       39.123434614502614
      ],
      [
       -77.40746483761083,
       39.12294619040419
      ],
      [
       -77.4110546017186,
       39.12280629003429
      ],
      [
       -77.41243481309981,
       39.122984642552645
      ],
      [
       -77.4148543036983,
       39.122655753963755
      ],
      [
       -77.4154364041614,
       39.123329075627076
      ],
      [
       -77.41562985930786,
       39.13471663848464
      ],
      [
       -77.42229321796222,
       39.13468064072864
      ],
      [
       -77.42281806264207,
       39.134770635118635
      ],
      [
       -77.42362484867884,
       39.13117004138804
      ],
      [
       -77.42628724260024,
       39.13111195409996
      ],
      [
       -77.42733693195993,
       39.136355354513356
      ],
      [
       -77.42435616118316,
       39.13744674102474
      ],
      [
       -77.42774726507326,
       39.142970760308756
      ],
      [
       -77.42763101848301,
       39.14453666269466
      ],
      [
       -77.4247127085607,
       39.145519237807235
      ],
      [
       -77.42412366800266,
       39.14543497033297
      ],
      [
       -77.42322839575539,
       39.146506721704725
      ],
      [
       -77.42211104047004,
       39.14648135964936
      ],
      [
       -77.42171632257032,
       39.147060596268595
      ],
      [
       -77.42270008102808,
       39.14784436559236
      ],
      [
       -77.42212578817178,
       39.14879503360304
      ],
      [
       -77.42244676756276,
       39.149330909288906
      ],
      [
       -77.4232977967048,
       39.148106167454166
      ],
      [
       -77.424678008086,
       39.148321335859336
      ],
      [
       -77.42490095863596,
       39.14777073381873
      ],
      [
       -77.42864166980867,
       39.14798017530818
      ],
      [
       -77.428718010853,
       39.14724303944104
      ],
      [
       -77.43059096897497,
       39.14858231959032
      ],
      [
       -77.43312323611623,
       39.14943072124872
      ],
      [
       -77.43359342754843,
       39.14822316016116
      ],
      [
       -77.4368171016481,
       39.150671825699824
      ]
     ]
    ]
   }
  },
  {
   "type": "Feature",
   "properties": {
    "name": "Potomac",
    "geoid": "2463300"
   },
   "geometry": {
    "type": "Polygon",
    "coordinates": [
     [
      [
       -77.24491566894767,
       39.02122225887026
      ],
      [
       -77.24099711784211,
       39.02052275702076
      ],
      [
       -77.24008102531002,
       39.02112899195699
      ],
      [
       -77.23845617558217,
       39.021349887277886
      ],
      [
       -77.23679142030842,
       39.0208900977581
      ],
      [
       -77.23598376675977,
       39.021469334377336
      ],
      [
       -77.23397807932209,
       39.021636233064235
      ],
      [
       -77.23370307806007,
       39.022190107628106
      ],
      [
       -77.23251632182532,
       39.02237664145464
      ],
      [
       -77.23162712216113,
       39.023310946848945
      ],
      [
       -77.23036228985829,
       39.02350484385284
      ],
      [
       -77.22836961509861,
       39.02292397097197
      ],
      [
       -77.22667102686202,
       39.023460664788665
      ],
      [
       -77.2254408950339,
       39.024784400452404
      ],
      [
       -77.22386722850622,
       39.025406998004996
      ],
      [
       -77.2219161943162,
       39.02570725201525
      ],
      [
       -77.22021413603214,
       39.02687390656191
      ],
      [
       -77.21939780736481,
       39.025717887715885
      ],
      [
       -77.21222608675609,
       39.03137935297735
      ],
      [
       -77.21765063846364,
       39.03524338483138
      ],
      [
       -77.21666688000587,
       39.04378467057267
      ],
      [
       -77.21743029044929,
       39.04631024040824
      ],
      [
       -77.2157212920703,
       39.047767331395335
      ],
      [
       -77.21511837132238,
       39.04896507491308
      ],
      [
       -77.21428642744142,
       39.04933487004287
      ],
      [
       -77.21254706614707,
       39.04917533453334
      ],
      [
       -77.21204304175204,
       39.05183425969226
      ],
      [
       -77.2109681945482,
       39.051745901563905
      ],
      [
       -77.21052576349577,
       39.0526123021003
      ],
      [
       -77.20895296447996,
       39.05398103495904
      ],
      [
       -77.20723702600603,
       39.05311872507672
      ],
      [
       -77.20581777659078,
       39.05359978599779
      ],
      [
       -77.20542132366732,
       39.05415693308493
      ],
      [
       -77.20298014527215,
       39.05453081886882
      ],
      [
       -77.20222367492367,
       39.05399985196785
      ],
      [
       -77.1999664090444,
       39.05595027583828
      ],
      [
       -77.20030213613714,
       39.05646488012288
      ],
      [
       -77.19969140778241,
       39.05755872102672
      ],
      [
       -77.19800496471197,
       39.058642744360746
      ],
      [
       -77.19727972479072,
       39.06073306860107
      ],
      [
       -77.19517514100013,
       39.06165264764065
      ],
      [
       -77.19528097744798,
       39.06249614051414
      ],
      [
       -77.1940066025146,
       39.06412831149631
      ],
      [
       -77.19409075116575,
       39.06478772493573
      ],
      [
       -77.19126786754887,
       39.0665237985318
      ],
      [
       -77.19034483492183,
       39.06660806600607
      ],
      [
       -77.19026936138935,
       39.06732474860275
      ],
      [
       -77.18917022385322,
       39.06759964055764
      ],
      [
       -77.18672123785124,
       39.06937416630217
      ],
      [
       -77.18031813275714,
       39.06770927008727
      ],
      [
       -77.1806902953483,
       39.06670215105015
      ],
      [
       -77.17943066811667,
       39.06549786248586
      ],
      [
       -77.17565872651673,
       39.064281301959305
      ],
      [
       -77.17652797340797,
       39.062865935643934
      ],
      [
       -77.17742931823832,
       39.06042790580591
      ],
      [
       -77.17180263626564,
       39.059675225453226
      ],
      [
       -77.16693589468889,
       39.057837703635705
      ],
      [
       -77.16626010294411,
       39.058460301188305
      ],
      [
       -77.16478099521,
       39.058480754458756
      ],
      [
       -77.16146015978116,
       39.05896263351063
      ],
      [
       -77.16091275979277,
       39.06147511325312
      ],
      [
       -77.15796582197882,
       39.061236219054216
      ],
      [
       -77.15781400740201,
       39.062046168564166
      ],
      [
       -77.15552204104804,
       39.061654283902286
      ],
      [
       -77.15481935643535,
       39.05887836603637
      ],
      [
       -77.1539396994017,
       39.058604292212294
      ],
      [
       -77.15293425314725,
       39.05728301094101
      ],
      [
       -77.153354996403,
       39.05613108274908
      ],
      [
       -77.15450097957998,
       39.05631270779071
      ],
      [
       -77.1535258962409,
       39.05357687833488
      ],
      [
       -77.15068219233919,
       39.04721182056982
      ],
      [
       -77.14579029291829,
       39.03784585896386
      ],
      [
       -77.14399627837628,
       39.034591334569335
      ],
      [
       -77.14373428979229,
       39.03361285011085
      ],
      [
       -77.14153861725562,
       39.0294322016302
      ],
      [
       -77.14199492849792,
       39.02924730406531
      ],
      [
       -77.14205565432866,
       39.02669391778192
      ],
      [
       -77.14156030505231,
       39.02649674825475
      ],
      [
       -77.14192379252479,
       39.023597292635294
      ],
      [
       -77.14269587808688,
       39.021695956613954
      ],
      [
       -77.14388176680977,
       39.02013905366705
      ],
      [
       -77.14695536135636,
       39.017503036171036
      ],
      [
       -77.14860536892837,
       39.015660605568605
      ],
      [
       -77.14981815051915,
       39.0120731019311
      ],
      [
       -77.15082186174986,
       39.01042784085584
      ],
      [
       -77.15264363667164,
       39.007655195513195
      ],
      [
       -77.15458599574299,
       39.00399733262533
      ],
      [
       -77.15659862327563,
       39.00124595868396
      ],
      [
       -77.15773506382206,
       38.998815292023295
      ],
      [
       -77.15799618489419,
       38.99559103846904
      ],
      [
       -77.15664373389274,
       38.988909364077365
      ],
      [
       -77.15734208094608,
       38.986550692928695
      ],
      [
       -77.15861211832012,
       38.98488334232134
      ],
      [
       -77.1609223024233,
       38.98358415058215
      ],
      [
       -77.162449990822,
       38.98324871694672
      ],
      [
       -77.16699922305523,
       38.98282083452884
      ],
      [
       -77.17101493548994,
       38.98195770651571
      ],
      [
       -77.1735177072277,
       38.9809514056094
      ],
      [
       -77.17527875631876,
       38.979963103581106
      ],
      [
       -77.1769704044604,
       38.97843974399775
      ],
      [
       -77.1781588957189,
       38.97618497546298
      ],
      [
       -77.17885984530784,
       38.972370031458034
      ],
      [
       -77.17958595274095,
       38.96958675041475
      ],
      [
       -77.1802148988449,
       38.96941821546621
      ],
      [
       -77.17981410836211,
       38.968327647085644
      ],
      [
       -77.18120039232639,
       38.96876534707335
      ],
      [
       -77.1831627041707,
       38.96864671810472
      ],
      [
       -77.18416988544888,
       38.967849858687856
      ],
      [
       -77.18967511576011,
       38.96757005794806
      ],
      [
       -77.19122015439615,
       38.9680593001773
      ],
      [
       -77.19435707730908,
       38.96819183736984
      ],
      [
       -77.19471188966288,
       38.967672324300324
      ],
      [
       -77.19777420655521,
       38.96673965516766
      ],
      [
       -77.20069164896564,
       38.96726080449881
      ],
      [
       -77.2045702945253,
       38.96842336839137
      ],
      [
       -77.20619340922941,
       38.96958920480721
      ],
      [
       -77.2081696012636,
       38.970251890769894
      ],
      [
       -77.21025596730497,
       38.9700539031119
      ],
      [
       -77.21151993209592,
       38.96934376556177
      ],
      [
       -77.21364793870694,
       38.969796191904194
      ],
      [
       -77.21485985278585,
       38.97055623543424
      ],
      [
       -77.21910025079426,
       38.971590352788354
      ],
      [
       -77.22116579655079,
       38.97134409541209
      ],
      [
       -77.2239531121811,
       38.97221867725668
      ],
      [
       -77.22638301292201,
       38.97410528692329
      ],
      [
       -77.22758278183478,
       38.976702852270854
      ],
      [
       -77.22878081572381,
       38.978745724923726
      ],
      [
       -77.23022088542389,
       38.979752025830024
      ],
      [
       -77.23094005276205,
       38.97928323687124
      ],
      [
       -77.23213288157989,
       38.979344596682594
      ],
      [
       -77.23487508659309,
       38.975976352104354
      ],
      [
       -77.23620931984532,
       38.97692211133011
      ],
      [
       -77.23990231786532,
       38.980709238887236
      ],
      [
       -77.24154972290172,
       38.98161490970291
      ],
      [
       -77.24506661601262,
       38.982782382380385
      ],
      [
       -77.24532166450166,
       38.984016941784944
      ],
      [
       -77.24771079218479,
       38.989483691911694
      ],
      [
       -77.24854273606573,
       38.99246577874378
      ],
      [
       -77.25033935314335,
       38.99481708671509
      ],
      [
       -77.25297225166125,
       38.99552067921868
      ],
      [
       -77.25363329570429,
       38.997827808125805
      ],
      [
       -77.25472462563363,
       38.9993478951859
      ],
      [
       -77.25502478473979,
       39.0008777998158
      ],
      [
       -77.2557586997797,
       39.001991275859275
      ],
      [
       -77.25532407633408,
       39.004876005124004
      ],
      [
       -77.2544019112189,
       39.006351913119914
      ],
      [
       -77.2532593980894,
       39.0091581018261
      ],
      [
       -77.25143415312016,
       39.01161413054213
      ],
      [
       -77.25066987516487,
       39.01228990659791
      ],
      [
       -77.24790771737872,
       39.013883625431625
      ],
      [
       -77.24686757064957,
       39.0148662005442
      ],
      [
       -77.24652403595003,
       39.01597394967195
      ],
      [
       -77.24530778431179,
       39.01777710999511
      ],
      [
       -77.24484106292707,
       39.02033867758668
      ],
      [
       -77.24491566894767,
       39.02122225887026
      ]
     ]
    ]
   }
  },
  {
   "type": "Feature",
   "properties": {
    "name": "Redland",
    "geoid": "2465312"
   },
   "geometry": {
    "type": "Polygon",
    "coordinates": [
     [
      [
       -77.17600226121625,
       39.12432474083274
      ],
      [
       -77.173816998822,
       39.12308936329736
      ],
      [
       -77.1720012964833,
       39.12515023482823
      ],
      [
       -77.17420564413864,
       39.12622525872326
      ],
      [
       -77.17300587522587,
       39.12735673364473
      ],
      [
       -77.17090389397089,
       39.12808977885778
      ],
      [
       -77.175931992755,
       39.13437793232593
      ],
      [
       -77.17557457786558,
       39.13459473699274
      ],
      [
       -77.17475217661517,
       39.1352656042636
      ],
      [
       -77.17196225844926,
       39.134494925032925
      ],
      [
       -77.17175926067226,
       39.1348279042759
      ],
      [
       -77.17365737663837,
       39.135816206304206
      ],
      [
       -77.1716620993431,
       39.138043158391156
      ],
      [
       -77.17112857954459,
       39.1377789021369
      ],
      [
       -77.17035042139942,
       39.13866984659785
      ],
      [
       -77.16973795802096,
       39.138030886428886
      ],
      [
       -77.16787714506515,
       39.138210057078055
      ],
      [
       -77.16612997616397,
       39.13792862007662
      ],
      [
       -77.16616727917427,
       39.139115727893724
      ],
      [
       -77.16777217612918,
       39.13944216209016
      ],
      [
       -77.16800293428594,
       39.13942089068889
      ],
      [
       -77.16981776911277,
       39.1400443063723
      ],
      [
       -77.16763684427785,
       39.142488063126066
      ],
      [
       -77.16781641923441,
       39.142920036198035
      ],
      [
       -77.17165168920069,
       39.143271832449834
      ],
      [
       -77.17281328759128,
       39.144390217278215
      ],
      [
       -77.17382740896441,
       39.14364980888781
      ],
      [
       -77.17453096108896,
       39.14471174268974
      ],
      [
       -77.17551905710606,
       39.147445117753115
      ],
      [
       -77.17496558453459,
       39.14777564260364
      ],
      [
       -77.17195792088992,
       39.147774006342004
      ],
      [
       -77.17113204959205,
       39.14803580820381
      ],
      [
       -77.17115286987686,
       39.148781125379124
      ],
      [
       -77.1740546970737,
       39.15059983018783
      ],
      [
       -77.17247495796296,
       39.14999277712078
      ],
      [
       -77.17180003373004,
       39.150877994666
      ],
      [
       -77.17260768727868,
       39.151481775209774
      ],
      [
       -77.1721027953718,
       39.15187775052575
      ],
      [
       -77.17424034461334,
       39.1537889041169
      ],
      [
       -77.1730960964601,
       39.15453094876895
      ],
      [
       -77.17009797544597,
       39.15513881996682
      ],
      [
       -77.16819985947986,
       39.156716176184176
      ],
      [
       -77.16715711021511,
       39.156501007779006
      ],
      [
       -77.16133697309597,
       39.15857906005706
      ],
      [
       -77.16082687611788,
       39.159378373866375
      ],
      [
       -77.1588211886802,
       39.15763411896212
      ],
      [
       -77.1571651085251,
       39.156761173379174
      ],
      [
       -77.15319363919564,
       39.15336593048393
      ],
      [
       -77.15001941327242,
       39.15143105109905
      ],
      [
       -77.14697184408185,
       39.148708311736314
      ],
      [
       -77.1418595966466,
       39.15288077890878
      ],
      [
       -77.14163924863225,
       39.153747179445176
      ],
      [
       -77.14216582833583,
       39.15451785867586
      ],
      [
       -77.14014365817266,
       39.15506273380073
      ],
      [
       -77.13842685218685,
       39.155853048171046
      ],
      [
       -77.13572628774328,
       39.15615412031212
      ],
      [
       -77.13406326749327,
       39.155078278286275
      ],
      [
       -77.13187366753967,
       39.15462421568222
      ],
      [
       -77.13151538513839,
       39.15383881009681
      ],
      [
       -77.12950622765322,
       39.15216164191964
      ],
      [
       -77.125028998905,
       39.14780018652819
      ],
      [
       -77.12397323696224,
       39.14717104392904
      ],
      [
       -77.12434626706526,
       39.146532083760086
      ],
      [
       -77.12401401002,
       39.14460211316011
      ],
      [
       -77.12453364962865,
       39.14234489023289
      ],
      [
       -77.12719257350257,
       39.141786106884105
      ],
      [
       -77.12604485530186,
       39.140351923559926
      ],
      [
       -77.12638665497765,
       39.13911981854782
      ],
      [
       -77.12814770406871,
       39.13847104080904
      ],
      [
       -77.12843918805619,
       39.137400107568105
      ],
      [
       -77.1273574007574,
       39.136595884973886
      ],
      [
       -77.12522071902772,
       39.13606982685783
      ],
      [
       -77.12309965251166,
       39.13447938054738
      ],
      [
       -77.11855562534963,
       39.12948796442596
      ],
      [
       -77.11664015914616,
       39.128008783906786
      ],
      [
       -77.1158567959298,
       39.125866917424915
      ],
      [
       -77.11514977375778,
       39.122195146313146
      ],
      [
       -77.11645537911838,
       39.12138683306483
      ],
      [
       -77.11914032834832,
       39.11923187648988
      ],
      [
       -77.12144357235657,
       39.115065954363956
      ],
      [
       -77.121741996439,
       39.11076667691468
      ],
      [
       -77.1212692024712,
       39.10952720872521
      ],
      [
       -77.1209942012092,
       39.10668502226302
      ],
      [
       -77.12387781065681,
       39.106010064338065
      ],
      [
       -77.12525975706176,
       39.10609269555069
      ],
      [
       -77.12868382640282,
       39.110342885150885
      ],
      [
       -77.12892065714266,
       39.11202578024378
      ],
      [
       -77.12995906884807,
       39.11206014173814
      ],
      [
       -77.13021758738459,
       39.11280382265182
      ],
      [
       -77.13188928275328,
       39.11362440786241
      ],
      [
       -77.13380388144488,
       39.11306317012117
      ],
      [
       -77.13741967090867,
       39.11317770843571
      ],
      [
       -77.13798528864629,
       39.11457016708817
      ],
      [
       -77.13848063792264,
       39.114687977925975
      ],
      [
       -77.13980793107993,
       39.11462661811462
      ],
      [
       -77.14037962140063,
       39.11338796805597
      ],
      [
       -77.14137986258386,
       39.113491052539054
      ],
      [
       -77.14287458553159,
       39.114723157551154
      ],
      [
       -77.14452285807985,
       39.11534493697294
      ],
      [
       -77.14580504062005,
       39.11517722015522
      ],
      [
       -77.14871901298301,
       39.11616470405271
      ],
      [
       -77.14955095686396,
       39.1169092030972
      ],
      [
       -77.15233566995867,
       39.11817485147285
      ],
      [
       -77.15273993048893,
       39.11912879200679
      ],
      [
       -77.15434222490822,
       39.119421682839686
      ],
      [
       -77.15486880461181,
       39.12015063739864
      ],
      [
       -77.15606597098898,
       39.120306900384904
      ],
      [
       -77.15682938143239,
       39.12175335567136
      ],
      [
       -77.15768388062187,
       39.12203233828034
      ],
      [
       -77.15979713953114,
       39.11995264974065
      ],
      [
       -77.163085009509,
       39.118312297450295
      ],
      [
       -77.1640011020411,
       39.11778214868015
      ],
      [
       -77.16614732640133,
       39.11566400799201
      ],
      [
       -77.16776436852237,
       39.116614676002676
      ],
      [
       -77.16655505697906,
       39.11781814643614
      ],
      [
       -77.16872817420717,
       39.11919096994897
      ],
      [
       -77.17003464707965,
       39.11794986549786
      ],
      [
       -77.17242897983398,
       39.11957876395677
      ],
      [
       -77.1742203918404,
       39.12037235085035
      ],
      [
       -77.17776504533104,
       39.12256003265803
      ],
      [
       -77.17600226121625,
       39.12432474083274
      ]
     ]
    ]
   }
  },
  {
   "type": "Feature",
   "properties": {
    "name": "Rockville",
    "geoid": "2467675"
   },
   "geometry": {
    "type": "Polygon",
    "coordinates": [
     [
      [
       -77.19442734577035,
       39.0926278985459
      ],
      [
       -77.18754537412538,
       39.09099081877882
      ],
      [
       -77.18503479478079,
       39.09123625802426
      ],
      [
       -77.18481791681391,
       39.08858633230433
      ],
      [
       -77.18225528675728,
       39.08860923996724
      ],
      [
       -77.18145197076797,
       39.08972107974908
      ],
      [
       -77.18162026807026,
       39.090895915603916
      ],
      [
       -77.18038059361159,
       39.09130498101298
      ],
      [
       -77.18224661163862,
       39.09272198358998
      ],
      [
       -77.18510766577766,
       39.09129189091989
      ],
      [
       -77.18777005969906,
       39.09116508064308
      ],
      [
       -77.19635929469929,
       39.09318668189468
      ],
      [
       -77.19649115650316,
       39.093464028242025
      ],
      [
       -77.19484201644302,
       39.096992626460626
      ],
      [
       -77.19257173788574,
       39.09925066751867
      ],
      [
       -77.19197315469715,
       39.100985922983924
      ],
      [
       -77.19102756676156,
       39.10261236705037
      ],
      [
       -77.19011407676507,
       39.1066072998353
      ],
      [
       -77.18796004479805,
       39.11016371450172
      ],
      [
       -77.18673078048178,
       39.1131638002118
      ],
      [
       -77.18622068350368,
       39.11412674018474
      ],
      [
       -77.18426531175432,
       39.11668667151467
      ],
      [
       -77.1823377003847,
       39.11948631517431
      ],
      [
       -77.1808742078642,
       39.12027662954463
      ],
      [
       -77.17845471726572,
       39.1190117992998
      ],
      [
       -77.17773121236822,
       39.1198871992752
      ],
      [
       -77.17557891542492,
       39.11878926771727
      ],
      [
       -77.1742203918404,
       39.12037235085035
      ],
      [
       -77.17242897983398,
       39.11957876395677
      ],
      [
       -77.17003464707965,
       39.11794986549786
      ],
      [
       -77.16872817420717,
       39.11919096994897
      ],
      [
       -77.16655505697906,
       39.11781814643614
      ],
      [
       -77.16776436852237,
       39.116614676002676
      ],
      [
       -77.16614732640133,
       39.11566400799201
      ],
      [
       -77.16259226276826,
       39.11329960992761
      ],
      [
       -77.162738004762,
       39.1152443068823
      ],
      [
       -77.16184533505033,
       39.11516003940804
      ],
      [
       -77.16104895915596,
       39.113018172926175
      ],
      [
       -77.1617741990772,
       39.1123563050943
      ],
      [
       -77.15836487743788,
       39.10656066637867
      ],
      [
       -77.15587338335439,
       39.103459132447135
      ],
      [
       -77.1582868013698,
       39.10225566201366
      ],
      [
       -77.1574296996447,
       39.1013009033489
      ],
      [
       -77.15504664454464,
       39.10183187024987
      ],
      [
       -77.1540012927443,
       39.09895614042414
      ],
      [
       -77.14800158066858,
       39.09989862712663
      ],
      [
       -77.1476138028638,
       39.09836135931936
      ],
      [
       -77.15286571970972,
       39.09751704831505
      ],
      [
       -77.15253606520007,
       39.096731642729644
      ],
      [
       -77.14784195848496,
       39.09746877859678
      ],
      [
       -77.14629518482519,
       39.096747187215186
      ],
      [
       -77.1425700888661,
       39.09667519170319
      ],
      [
       -77.14294138394538,
       39.09516983099783
      ],
      [
       -77.1418196911007,
       39.09389763757564
      ],
      [
       -77.14005256942657,
       39.09534409286209
      ],
      [
       -77.14107623343024,
       39.09649602105402
      ],
      [
       -77.14263601976802,
       39.09683390908191
      ],
      [
       -77.14229508760408,
       39.0981331008211
      ],
      [
       -77.14278262927363,
       39.09857734585535
      ],
      [
       -77.14180581091081,
       39.09908704135504
      ],
      [
       -77.14131913675314,
       39.09868615725416
      ],
      [
       -77.1397315900356,
       39.099955896283895
      ],
      [
       -77.13975241032041,
       39.0994102030282
      ],
      [
       -77.13856218403818,
       39.097855754473755
      ],
      [
       -77.13798615615816,
       39.098040652038655
      ],
      [
       -77.13716115237216,
       39.0971447987928
      ],
      [
       -77.13656603923104,
       39.097736307374305
      ],
      [
       -77.13804688198888,
       39.09877287912088
      ],
      [
       -77.13432091851791,
       39.098438263616266
      ],
      [
       -77.13422288967689,
       39.09717506963307
      ],
      [
       -77.1335254101354,
       39.09720615860416
      ],
      [
       -77.13329985704986,
       39.10052776972577
      ],
      [
       -77.13255032679633,
       39.10059812897613
      ],
      [
       -77.1323455939956,
       39.102529735837734
      ],
      [
       -77.13568464717365,
       39.10272036031836
      ],
      [
       -77.13362083644084,
       39.104346804384804
      ],
      [
       -77.1322519027139,
       39.10340268142068
      ],
      [
       -77.13022192494392,
       39.10494894866695
      ],
      [
       -77.12808264067864,
       39.10314906086706
      ],
      [
       -77.12693492247793,
       39.09935866078666
      ],
      [
       -77.12519382615983,
       39.09875978902779
      ],
      [
       -77.12367481287981,
       39.098245184743185
      ],
      [
       -77.1219848997619,
       39.09928175648976
      ],
      [
       -77.12235966488866,
       39.09779766718567
      ],
      [
       -77.12075043037443,
       39.0949293005373
      ],
      [
       -77.1191863064773,
       39.09521401006201
      ],
      [
       -77.11769505357705,
       39.094039174207175
      ],
      [
       -77.1188982925373,
       39.0935982016962
      ],
      [
       -77.11942313721714,
       39.08922201995002
      ],
      [
       -77.11843157115257,
       39.08964335732136
      ],
      [
       -77.11776965959766,
       39.08886286052086
      ],
      [
       -77.11826067131467,
       39.088331893619895
      ],
      [
       -77.11672604282104,
       39.086419103767106
      ],
      [
       -77.11526515283616,
       39.08851597305397
      ],
      [
       -77.11323517506618,
       39.08734113719914
      ],
      [
       -77.11149928381928,
       39.08464294176094
      ],
      [
       -77.10992388226788,
       39.08353028384828
      ],
      [
       -77.10972522205023,
       39.08274815078615
      ],
      [
       -77.11120606480806,
       39.0817713025893
      ],
      [
       -77.10959162522262,
       39.08008186244986
      ],
      [
       -77.1077282097312,
       39.07571140761941
      ],
      [
       -77.10818972604473,
       39.0752957971638
      ],
      [
       -77.11082782963383,
       39.07529497903298
      ],
      [
       -77.11112712122812,
       39.07290031012831
      ],
      [
       -77.11384590342091,
       39.07427476990277
      ],
      [
       -77.11342602767702,
       39.07169683969484
      ],
      [
       -77.11386065112265,
       39.070845983643984
      ],
      [
       -77.11425016395117,
       39.06740492542293
      ],
      [
       -77.11514023112723,
       39.06557067612868
      ],
      [
       -77.11648574203375,
       39.0648679017559
      ],
      [
       -77.11572840417341,
       39.06442202046002
      ],
      [
       -77.11617777532078,
       39.063585072633074
      ],
      [
       -77.11735412141313,
       39.06400886439686
      ],
      [
       -77.11767423329223,
       39.06334290591091
      ],
      [
       -77.11675033315333,
       39.06279966704767
      ],
      [
       -77.11703834709334,
       39.06156838016638
      ],
      [
       -77.11806374612074,
       39.06193572090372
      ],
      [
       -77.11868835466535,
       39.06071097906898
      ],
      [
       -77.1157205965666,
       39.05814204830005
      ],
      [
       -77.11752328622728,
       39.05701793655594
      ],
      [
       -77.11844198129498,
       39.05809868736669
      ],
      [
       -77.12104538440938,
       39.058257404745405
      ],
      [
       -77.12635021947922,
       39.057940788118785
      ],
      [
       -77.12612987146487,
       39.05525404651205
      ],
      [
       -77.13085173855974,
       39.05575637883438
      ],
      [
       -77.1313306051106,
       39.0532708974089
      ],
      [
       -77.138091992606,
       39.0539703992584
      ],
      [
       -77.14013585056585,
       39.05442773438573
      ],
      [
       -77.14457664381564,
       39.054526728214725
      ],
      [
       -77.14674282094882,
       39.055137053805055
      ],
      [
       -77.153354996403,
       39.05613108274908
      ],
      [
       -77.15293425314725,
       39.05728301094101
      ],
      [
       -77.1539396994017,
       39.058604292212294
      ],
      [
       -77.15481935643535,
       39.05887836603637
      ],
      [
       -77.15552204104804,
       39.061654283902286
      ],
      [
       -77.15781400740201,
       39.062046168564166
      ],
      [
       -77.15796582197882,
       39.061236219054216
      ],
      [
       -77.16091275979277,
       39.06147511325312
      ],
      [
       -77.16146015978116,
       39.05896263351063
      ],
      [
       -77.16478099521,
       39.058480754458756
      ],
      [
       -77.16626010294411,
       39.058460301188305
      ],
      [
       -77.16693589468889,
       39.057837703635705
      ],
      [
       -77.17180263626564,
       39.059675225453226
      ],
      [
       -77.17742931823832,
       39.06042790580591
      ],
      [
       -77.17652797340797,
       39.062865935643934
      ],
      [
       -77.17565872651673,
       39.064281301959305
      ],
      [
       -77.17943066811667,
       39.06549786248586
      ],
      [
       -77.1806902953483,
       39.06670215105015
      ],
      [
       -77.18031813275714,
       39.06770927008727
      ],
      [
       -77.18672123785124,
       39.06937416630217
      ],
      [
       -77.18741698236899,
       39.069558245736246
      ],
      [
       -77.18509638812338,
       39.07272032134832
      ],
      [
       -77.18648700964701,
       39.07380189028989
      ],
      [
       -77.18635514784314,
       39.07452184540985
      ],
      [
       -77.1882870967721,
       39.07488182296982
      ],
      [
       -77.19007677375477,
       39.07670870908671
      ],
      [
       -77.19183175026275,
       39.075925757893756
      ],
      [
       -77.1936032094962,
       39.07636182161982
      ],
      [
       -77.19380100220201,
       39.07722822215622
      ],
      [
       -77.19606694319994,
       39.077296945144944
      ],
      [
       -77.1969361900912,
       39.077885999334
      ],
      [
       -77.19780023191123,
       39.07743766364566
      ],
      [
       -77.2002283976284,
       39.08047701963502
      ],
      [
       -77.19824092793993,
       39.083624368892366
      ],
      [
       -77.19919692601792,
       39.08400970850771
      ],
      [
       -77.19842137040837,
       39.08523935912736
      ],
      [
       -77.19745409467609,
       39.08488101782902
      ],
      [
       -77.19450281930281,
       39.089766895074895
      ],
      [
       -77.19442734577035,
       39.0926278985459
      ]
     ],
     [
      [
       -77.17536897755298,
       39.0710137004617
      ],
      [
       -77.17297290977491,
       39.07053263954064
      ],
      [
       -77.17254002135302,
       39.07209199688
      ],
      [
       -77.17492220894121,
       39.072579602847604
      ],
      [
       -77.17536897755298,
       39.0710137004617
      ]
     ],
     [
      [
       -77.1163026970297,
       39.06633971909772
      ],
      [
       -77.11484527709227,
       39.06665388133188
      ],
      [
       -77.11531286598887,
       39.067036766554764
      ],
      [
       -77.1163026970297,
       39.06633971909772
      ]
     ]
    ]
   }
  },
  {
   "type": "Feature",
   "properties": {
    "name": "Silver Spring",
    "geoid": "2472450"
   },
   "geometry": {
    "type": "Polygon",
    "coordinates": [
     [
      [
       -77.05662915819916,
       39.01492837848638
      ],
      [
       -77.05477528533828,
       39.013684001512004
      ],
      [
       -77.04119959212359,
       39.0132822992803
      ],
      [
       -77.03583923629424,
       39.013342022830024
      ],
      [
       -77.03385263411764,
       39.01393516767317
      ],
      [
       -77.03226335237635,
       39.01486210989011
      ],
      [
       -77.03043116731217,
       39.015847957525956
      ],
      [
       -77.0275865958986,
       39.01668163282963
      ],
      [
       -77.02384935477336,
       39.016720903108904
      ],
      [
       -77.01936518593018,
       39.01595104200904
      ],
      [
       -77.0164833115063,
       39.01581686855487
      ],
      [
       -77.0110925927616,
       39.016399377697375
      ],
      [
       -77.00923438234139,
       39.0161972993853
      ],
      [
       -77.00605842139443,
       39.01533580763381
      ],
      [
       -77.0045237929008,
       39.015132093060096
      ],
      [
       -77.00247733240533,
       39.01535135211935
      ],
      [
       -76.99410584288384,
       39.01753985205785
      ],
      [
       -76.98746590704991,
       39.01922683780484
      ],
      [
       -76.98436975719476,
       39.01972098881899
      ],
      [
       -76.98188607071808,
       39.01977989423789
      ],
      [
       -76.9790015937586,
       39.01948373088173
      ],
      [
       -76.97347641067441,
       39.01848888380688
      ],
      [
       -76.97189233400434,
       39.018353892221896
      ],
      [
       -76.97809764639265,
       39.0098076976957
      ],
      [
       -76.98026122099023,
       39.00720113290913
      ],
      [
       -76.9836289020599,
       39.002266985944985
      ],
      [
       -76.98569271279271,
       38.99998031030831
      ],
      [
       -76.9882648854799,
       38.99628808592609
      ],
      [
       -76.98905865883866,
       38.99557713024513
      ],
      [
       -76.98988366262466,
       38.993985865803864
      ],
      [
       -76.99109817923917,
       38.99240523706324
      ],
      [
       -76.99258596209197,
       38.99430820934621
      ],
      [
       -76.99373628282828,
       38.98901735734536
      ],
      [
       -76.9941630986671,
       38.98813213980014
      ],
      [
       -76.99578014078814,
       38.98663986918787
      ],
      [
       -76.99681161239862,
       38.98760362729163
      ],
      [
       -76.99983315623315,
       38.98652124021924
      ],
      [
       -77.0014796937577,
       38.98965140872941
      ],
      [
       -77.00218324588225,
       38.99193072118872
      ],
      [
       -77.00236108581508,
       38.99451928709729
      ],
      [
       -77.003645003379,
       38.9982246015726
      ],
      [
       -77.00450991271092,
       38.99778117466918
      ],
      [
       -77.00628570950371,
       38.99563767192567
      ],
      [
       -77.00522561000162,
       38.995474863892866
      ],
      [
       -77.0043181925882,
       38.9944072031752
      ],
      [
       -77.00536267687667,
       38.994110221688224
      ],
      [
       -77.00518657196757,
       38.99288875237675
      ],
      [
       -77.00634730284631,
       38.99172537035337
      ],
      [
       -77.00610266449966,
       38.99027237002037
      ],
      [
       -77.00684438714639,
       38.989337246495246
      ],
      [
       -77.00508507307907,
       38.98713729272529
      ],
      [
       -77.00620242836443,
       38.98741463907264
      ],
      [
       -77.00917799407,
       38.98734591608392
      ],
      [
       -77.01172587642488,
       38.988987086505084
      ],
      [
       -77.01461035338436,
       38.98494715652516
      ],
      [
       -77.01439607795308,
       38.98559511613312
      ],
      [
       -77.01575373402574,
       38.98641488321288
      ],
      [
       -77.0165023967674,
       38.9856712022992
      ],
      [
       -77.02034720936422,
       38.98821640727441
      ],
      [
       -77.02303042357042,
       38.98445873242673
      ],
      [
       -77.02038884993385,
       38.97987310919111
      ],
      [
       -77.02314667016067,
       38.98183907754708
      ],
      [
       -77.0349803995454,
       38.99109131896932
      ],
      [
       -77.03682472977573,
       38.99270467294267
      ],
      [
       -77.04088208278009,
       38.99584465902266
      ],
      [
       -77.04255638068439,
       38.994286937944935
      ],
      [
       -77.0523289018719,
       38.98681822170622
      ],
      [
       -77.05433719184519,
       38.988430757548755
      ],
      [
       -77.05591432842033,
       38.987792615510614
      ],
      [
       -77.0581447014317,
       38.98632488882289
      ],
      [
       -77.05951016511116,
       38.98742936542737
      ],
      [
       -77.0609858027978,
       38.98636006844807
      ],
      [
       -77.06205891497791,
       38.98631998003798
      ],
      [
       -77.063033998317,
       38.98762735308535
      ],
      [
       -77.06234692891793,
       38.99022573656374
      ],
      [
       -77.06273557423458,
       38.990818063276066
      ],
      [
       -77.06149242972843,
       38.99155029035829
      ],
      [
       -77.06230875839576,
       38.993373085821084
      ],
      [
       -77.06345127152527,
       38.99473609176409
      ],
      [
       -77.06264014792914,
       38.9952056988537
      ],
      [
       -77.06299409277109,
       38.99624227060027
      ],
      [
       -77.06268699357,
       38.997749267567265
      ],
      [
       -77.06306436123236,
       38.99870320810121
      ],
      [
       -77.0622168021378,
       39.00051127720928
      ],
      [
       -77.0589592950753,
       39.00283395060195
      ],
      [
       -77.05873807954909,
       39.003676625344625
      ],
      [
       -77.05980598665799,
       39.00516071464872
      ],
      [
       -77.0608443983634,
       39.00483673484474
      ],
      [
       -77.06089731658732,
       39.00612610901411
      ],
      [
       -77.0619123054723,
       39.006594897972896
      ],
      [
       -77.0623850994401,
       39.00947062779863
      ],
      [
       -77.0628657010147,
       39.010535834123836
      ],
      [
       -77.0638642071742,
       39.011299968307966
      ],
      [
       -77.06231569849069,
       39.013309297597296
      ],
      [
       -77.06015993149994,
       39.0141307009387
      ],
      [
       -77.05720778861479,
       39.01418797009597
      ],
      [
       -77.05662915819916,
       39.01492837848638
      ]
     ]
    ]
   }
  },
  {
   "type": "Feature",
   "properties": {
    "name": "Somerset",
    "geoid": "2473350"
   },
   "geometry": {
    "type": "Polygon",
    "coordinates": [
     [
      [
       -77.08908624721025,
       38.96900260501061
      ],
      [
       -77.08862473089673,
       38.96669302171102
      ],
      [
       -77.09147624240525,
       38.966814923202925
      ],
      [
       -77.09149532766632,
       38.96559918080718
      ],
      [
       -77.0921502991263,
       38.96513611876412
      ],
      [
       -77.09236457455758,
       38.96392773954574
      ],
      [
       -77.09541214374815,
       38.96294107377908
      ],
      [
       -77.09552231775533,
       38.96269318014118
      ],
      [
       -77.0972078933139,
       38.96265309173109
      ],
      [
       -77.09744732658933,
       38.96212703361503
      ],
      [
       -77.09954583779684,
       38.96204522053322
      ],
      [
       -77.10095207453408,
       38.96295907265707
      ],
      [
       -77.1007620894351,
       38.9644267993448
      ],
      [
       -77.10198875121576,
       38.97056932552733
      ],
      [
       -77.08908624721025,
       38.96900260501061
      ]
     ]
    ]
   }
  },
  {
   "type": "Feature",
   "properties": {
    "name": "South Kensington",
    "geoid": "2473600"
   },
   "geometry": {
    "type": "Polygon",
    "coordinates": [
     [
      [
       -77.10156193537694,
       39.02227437510238
      ],
      [
       -77.10067707327208,
       39.022673622941625
      ],
      [
       -77.0993038019858,
       39.0242337984118
      ],
      [
       -77.09948684698985,
       39.02486375914176
      ],
      [
       -77.09859417727817,
       39.02570725201525
      ],
      [
       -77.09643494023994,
       39.02567616304416
      ],
      [
       -77.09592397574998,
       39.02492920960721
      ],
      [
       -77.0942678955949,
       39.025282642120644
      ],
      [
       -77.09205574033274,
       39.02652701909502
      ],
      [
       -77.09157513875815,
       39.027228975336975
      ],
      [
       -77.08828726878026,
       39.028659068007066
      ],
      [
       -77.08778324438525,
       39.02946410873211
      ],
      [
       -77.08852756956757,
       39.03043604814405
      ],
      [
       -77.08818316735616,
       39.03209030865831
      ],
      [
       -77.08735382601083,
       39.03222366398166
      ],
      [
       -77.08584088531389,
       39.03321605666406
      ],
      [
       -77.08493433541234,
       39.032814354432354
      ],
      [
       -77.07804802620802,
       39.029724274332274
      ],
      [
       -77.08024456625657,
       39.02691235871036
      ],
      [
       -77.08132895609096,
       39.02308596087396
      ],
      [
       -77.08380656998457,
       39.02361201899002
      ],
      [
       -77.0840060977141,
       39.02296405938206
      ],
      [
       -77.08661557341158,
       39.019130298368296
      ],
      [
       -77.08793592647393,
       39.016657907035906
      ],
      [
       -77.08306137729038,
       39.01575387248187
      ],
      [
       -77.07757436472836,
       39.01529817361617
      ],
      [
       -77.07736529436829,
       39.01789164830965
      ],
      [
       -77.07501086715986,
       39.0191982032262
      ],
      [
       -77.07146708118108,
       39.01880795482595
      ],
      [
       -77.06816012594213,
       39.02423788906589
      ],
      [
       -77.06928962639363,
       39.02545117706918
      ],
      [
       -77.06801611897212,
       39.02567698117498
      ],
      [
       -77.06861036460137,
       39.026216947514946
      ],
      [
       -77.06875523908325,
       39.02927021172821
      ],
      [
       -77.06037073688374,
       39.029563102561106
      ],
      [
       -77.05995866874667,
       39.02448169204969
      ],
      [
       -77.0601339061439,
       39.02377319076119
      ],
      [
       -77.06015299140499,
       39.02012105478906
      ],
      [
       -77.05829304596105,
       39.017353318231315
      ],
      [
       -77.0582435977846,
       39.01620302630103
      ],
      [
       -77.05662915819916,
       39.01492837848638
      ],
      [
       -77.05720778861479,
       39.01418797009597
      ],
      [
       -77.06015993149994,
       39.0141307009387
      ],
      [
       -77.06231569849069,
       39.013309297597296
      ],
      [
       -77.0638642071742,
       39.011299968307966
      ],
      [
       -77.0645746993937,
       39.011610858018855
      ],
      [
       -77.06538322045422,
       39.01108070924871
      ],
      [
       -77.06788599219199,
       39.00784336560137
      ],
      [
       -77.06901462513163,
       39.00714795440595
      ],
      [
       -77.07224957688558,
       39.0075832000012
      ],
      [
       -77.07501867476668,
       39.00879976052776
      ],
      [
       -77.07659060627061,
       39.008693403521406
      ],
      [
       -77.07730803858504,
       39.00914664799465
      ],
      [
       -77.07868130987131,
       39.00863613436413
      ],
      [
       -77.07926861540561,
       39.00689597011397
      ],
      [
       -77.08066270697671,
       39.00634291368091
      ],
      [
       -77.08269528728229,
       39.00765928616729
      ],
      [
       -77.08318976904677,
       39.008555957543955
      ],
      [
       -77.08420475793176,
       39.0074612985093
      ],
      [
       -77.08515902098603,
       39.007759098127096
      ],
      [
       -77.0859979049619,
       39.009077925005926
      ],
      [
       -77.08692093758894,
       39.00941826742627
      ],
      [
       -77.08757677656078,
       39.01038284366084
      ],
      [
       -77.09156733115134,
       39.011767939135936
      ],
      [
       -77.09304817390918,
       39.0125378002358
      ],
      [
       -77.09334486296787,
       39.01310312863113
      ],
      [
       -77.09239927503228,
       39.01467803045603
      ],
      [
       -77.09379510162711,
       39.015101822219826
      ],
      [
       -77.09451166642967,
       39.016077852285854
      ],
      [
       -77.0953358027038,
       39.01599113041913
      ],
      [
       -77.09729724703625,
       39.01696306983107
      ],
      [
       -77.09840332466733,
       39.0189094030474
      ],
      [
       -77.09918235032436,
       39.019054212202214
      ],
      [
       -77.10060073222773,
       39.021137173265174
      ],
      [
       -77.10152376485476,
       39.02136624989425
      ],
      [
       -77.10156193537694,
       39.02227437510238
      ]
     ]
    ]
   }
  },
  {
   "type": "Feature",
   "properties": {
    "name": "Spencerville",
    "geoid": "2474050"
   },
   "geometry": {
    "type": "Polygon",
    "coordinates": [
     [
      [
       -76.9898906027196,
       39.12629561797362
      ],
      [
       -76.98754832067732,
       39.12711702131502
      ],
      [
       -76.98728112702213,
       39.12803578222378
      ],
      [
       -76.98564933719933,
       39.129177074715074
      ],
      [
       -76.9840479102919,
       39.1298823034803
      ],
      [
       -76.9837572938163,
       39.13174436922237
      ],
      [
       -76.98257400762901,
       39.132240156498156
      ],
      [
       -76.98201706501007,
       39.133113102081104
      ],
      [
       -76.97997233953834,
       39.13297238358038
      ],
      [
       -76.97766822801823,
       39.133486987864984
      ],
      [
       -76.97494510826611,
       39.13324318488119
      ],
      [
       -76.97383816312316,
       39.134902354180355
      ],
      [
       -76.97351024363725,
       39.13480336035136
      ],
      [
       -76.9719226969197,
       39.13652388946189
      ],
      [
       -76.97012260979461,
       39.13358270917071
      ],
      [
       -76.97132064368364,
       39.1316871000651
      ],
      [
       -76.97071772293573,
       39.12981685301485
      ],
      [
       -76.97066393719994,
       39.12817322820123
      ],
      [
       -76.97291513049613,
       39.1248238006318
      ],
      [
       -76.97749993071594,
       39.11917133480934
      ],
      [
       -76.97823297824398,
       39.118071766989765
      ],
      [
       -76.9762724014234,
       39.118064403812404
      ],
      [
       -76.97907966982667,
       39.112747371625375
      ],
      [
       -76.97912478044378,
       39.11098839036639
      ],
      [
       -76.97983527266328,
       39.1076765968146
      ],
      [
       -76.98194072396572,
       39.102114943512944
      ],
      [
       -76.99518502764703,
       39.107295347853345
      ],
      [
       -76.99610892778593,
       39.10772732092532
      ],
      [
       -76.99441467710868,
       39.10938567209367
      ],
      [
       -76.99307957634458,
       39.11179261296061
      ],
      [
       -76.99466105047905,
       39.11247002527803
      ],
      [
       -76.99291908664908,
       39.114835241473244
      ],
      [
       -76.99014912125612,
       39.117175913743914
      ],
      [
       -76.98919312317813,
       39.119289145647144
      ],
      [
       -76.98885826359727,
       39.123050093018094
      ],
      [
       -76.9898906027196,
       39.12629561797362
      ]
     ]
    ]
   }
  },
  {
   "type": "Feature",
   "properties": {
    "name": "Takoma Park",
    "geoid": "2476650"
   },
   "geometry": {
    "type": "Polygon",
    "coordinates": [
     [
      [
       -76.99109817923917,
       38.99240523706324
      ],
      [
       -76.98857111716912,
       38.989827306855304
      ],
      [
       -76.98681961070861,
       38.988375124653125
      ],
      [
       -76.98478703040303,
       38.98718228992029
      ],
      [
       -76.98693238725139,
       38.97809531092331
      ],
      [
       -76.98675107727108,
       38.977148733566736
      ],
      [
       -76.98890077167877,
       38.97622260948061
      ],
      [
       -76.99137318050118,
       38.97564337286137
      ],
      [
       -76.99418305144005,
       38.97529075847876
      ],
      [
       -76.99726271856971,
       38.97241011986812
      ],
      [
       -76.99866635277135,
       38.97075995000795
      ],
      [
       -77.0024356918357,
       38.96567281258081
      ],
      [
       -77.0094182948573,
       38.9710962017742
      ],
      [
       -77.01091909038809,
       38.972442845100844
      ],
      [
       -77.01949791524592,
       38.97908524921325
      ],
      [
       -77.02038884993385,
       38.97987310919111
      ],
      [
       -77.02303042357042,
       38.98445873242673
      ],
      [
       -77.02034720936422,
       38.98821640727441
      ],
      [
       -77.0165023967674,
       38.9856712022992
      ],
      [
       -77.01575373402574,
       38.98641488321288
      ],
      [
       -77.01439607795308,
       38.98559511613312
      ],
      [
       -77.01461035338436,
       38.98494715652516
      ],
      [
       -77.01172587642488,
       38.988987086505084
      ],
      [
       -77.00917799407,
       38.98734591608392
      ],
      [
       -77.00620242836443,
       38.98741463907264
      ],
      [
       -77.00508507307907,
       38.98713729272529
      ],
      [
       -77.00684438714639,
       38.989337246495246
      ],
      [
       -77.00610266449966,
       38.99027237002037
      ],
      [
       -77.00634730284631,
       38.99172537035337
      ],
      [
       -77.00518657196757,
       38.99288875237675
      ],
      [
       -77.00536267687667,
       38.994110221688224
      ],
      [
       -77.0043181925882,
       38.9944072031752
      ],
      [
       -77.00522561000162,
       38.995474863892866
      ],
      [
       -77.00628570950371,
       38.99563767192567
      ],
      [
       -77.00450991271092,
       38.99778117466918
      ],
      [
       -77.003645003379,
       38.9982246015726
      ],
      [
       -77.00236108581508,
       38.99451928709729
      ],
      [
       -77.00218324588225,
       38.99193072118872
      ],
      [
       -77.0014796937577,
       38.98965140872941
      ],
      [
       -76.99983315623315,
       38.98652124021924
      ],
      [
       -76.99681161239862,
       38.98760362729163
      ],
      [
       -76.99578014078814,
       38.98663986918787
      ],
      [
       -76.9941630986671,
       38.98813213980014
      ],
      [
       -76.99373628282828,
       38.98901735734536
      ],
      [
       -76.99258596209197,
       38.99430820934621
      ],
      [
       -76.99109817923917,
       38.99240523706324
      ]
     ]
    ]
   }
  },
  {
   "type": "Feature",
   "properties": {
    "name": "Ten Mile Creek",
    "geoid": "2477262"
   },
   "geometry": {
    "type": "Polygon",
    "coordinates": [
     [
      [
       -77.28799717580017,
       39.244878771276774
      ],
      [
       -77.28499558473858,
       39.24268290816091
      ],
      [
       -77.28302026021626,
       39.241568613986615
      ],
      [
       -77.28071528118429,
       39.239860356838356
      ],
      [
       -77.2779297005777,
       39.23753359279159
      ],
      [
       -77.27972718516719,
       39.23633012235812
      ],
      [
       -77.28146828148527,
       39.23453432521232
      ],
      [
       -77.28401529632829,
       39.23275161815962
      ],
      [
       -77.28664472479872,
       39.23031767897568
      ],
      [
       -77.28926027307928,
       39.22971308030108
      ],
      [
       -77.29222803117803,
       39.225074278562275
      ],
      [
       -77.29593577689978,
       39.22283096385896
      ],
      [
       -77.29682931412331,
       39.222121644439646
      ],
      [
       -77.29706614486314,
       39.21640291002091
      ],
      [
       -77.29693515057114,
       39.21491391193191
      ],
      [
       -77.2973047106267,
       39.21395997139797
      ],
      [
       -77.29875866051665,
       39.21337091720892
      ],
      [
       -77.3007496002526,
       39.20928926255726
      ],
      [
       -77.30227642113942,
       39.205138884916884
      ],
      [
       -77.30285591906691,
       39.204486016524015
      ],
      [
       -77.30712581247882,
       39.20530005668805
      ],
      [
       -77.31458207698007,
       39.20655916001716
      ],
      [
       -77.31636828391528,
       39.204478653346655
      ],
      [
       -77.31819873395574,
       39.205115977253975
      ],
      [
       -77.31997626577227,
       39.20633581030381
      ],
      [
       -77.32164015353415,
       39.20700831383631
      ],
      [
       -77.32383669358269,
       39.20664915440715
      ],
      [
       -77.32460704412104,
       39.20601592115392
      ],
      [
       -77.32637676833076,
       39.20576802751603
      ],
      [
       -77.3269337109497,
       39.20309764852565
      ],
      [
       -77.32695713377014,
       39.20142702539503
      ],
      [
       -77.33251961986461,
       39.20070707027507
      ],
      [
       -77.3340368981209,
       39.20174036949837
      ],
      [
       -77.33329691049791,
       39.20267794741595
      ],
      [
       -77.33301496914096,
       39.204802633150635
      ],
      [
       -77.33344959258659,
       39.20572221219021
      ],
      [
       -77.3334652078002,
       39.207462376440375
      ],
      [
       -77.33291607278807,
       39.20843104332904
      ],
      [
       -77.33176401702802,
       39.208591396969396
      ],
      [
       -77.33111425063925,
       39.20949788591589
      ],
      [
       -77.33103183701184,
       39.213726804114806
      ],
      [
       -77.32884223705824,
       39.21374071233871
      ],
      [
       -77.3303144046974,
       39.21750165970966
      ],
      [
       -77.33181693525194,
       39.21938336059136
      ],
      [
       -77.33185510577411,
       39.22144995903796
      ],
      [
       -77.33398397989698,
       39.225231359679356
      ],
      [
       -77.33281717643517,
       39.226398014226014
      ],
      [
       -77.33162608264108,
       39.22858405977206
      ],
      [
       -77.32991708426208,
       39.23001824309624
      ],
      [
       -77.32772835182035,
       39.235255916593914
      ],
      [
       -77.32678883646784,
       39.23633094048894
      ],
      [
       -77.32575476232176,
       39.23673018832819
      ],
      [
       -77.32757827226727,
       39.23767512942313
      ],
      [
       -77.32955706683707,
       39.23627203507004
      ],
      [
       -77.33220211052111,
       39.23701898850699
      ],
      [
       -77.3297270991631,
       39.23898086620886
      ],
      [
       -77.32631257245257,
       39.24230902237702
      ],
      [
       -77.32327194335694,
       39.24265590984391
      ],
      [
       -77.31652703858704,
       39.24415227111027
      ],
      [
       -77.31325825387026,
       39.24462433259233
      ],
      [
       -77.3101221984692,
       39.24542691892492
      ],
      [
       -77.30238139007538,
       39.24633995291795
      ],
      [
       -77.29666622189222,
       39.24740434111234
      ],
      [
       -77.29611882190382,
       39.24770704951505
      ],
      [
       -77.29494421083521,
       39.247153993081994
      ],
      [
       -77.29185413356313,
       39.246837376455375
      ],
      [
       -77.29035941061541,
       39.24634895235695
      ],
      [
       -77.28799717580017,
       39.244878771276774
      ]
     ]
    ]
   }
  },
  {
   "type": "Feature",
   "properties": {
    "name": "Travilah",
    "geoid": "2478650"
   },
   "geometry": {
    "type": "Polygon",
    "coordinates": [
     [
      [
       -77.26499856868057,
       39.083487741045744
      ],
      [
       -77.26281677633378,
       39.082027377535375
      ],
      [
       -77.26097071107971,
       39.08162567530368
      ],
      [
       -77.25799514537414,
       39.08135569213369
      ],
      [
       -77.25561469280969,
       39.07968915965716
      ],
      [
       -77.25363069316869,
       39.079914145632145
      ],
      [
       -77.25016671828172,
       39.08114215999016
      ],
      [
       -77.2497477100497,
       39.081526681474685
      ],
      [
       -77.2440256017716,
       39.08022994412794
      ],
      [
       -77.23828093818494,
       39.080574377202375
      ],
      [
       -77.23572524822325,
       39.08178275642076
      ],
      [
       -77.22738585664085,
       39.08448422438222
      ],
      [
       -77.21827611452011,
       39.08646328283128
      ],
      [
       -77.21864307204007,
       39.08452922157722
      ],
      [
       -77.21732792404893,
       39.082839781437784
      ],
      [
       -77.21580283818584,
       39.0819651995932
      ],
      [
       -77.21459092410693,
       39.080531834399835
      ],
      [
       -77.21263815489316,
       39.07997795983596
      ],
      [
       -77.21154682496382,
       39.079330000228
      ],
      [
       -77.2112883064273,
       39.078562593520594
      ],
      [
       -77.20965911914011,
       39.07848487109287
      ],
      [
       -77.20712164692765,
       39.078898845286844
      ],
      [
       -77.20575705076006,
       39.07944781106581
      ],
      [
       -77.20355877568778,
       39.07961961853762
      ],
      [
       -77.20202588221788,
       39.079132012570014
      ],
      [
       -77.2002283976284,
       39.08047701963502
      ],
      [
       -77.19780023191123,
       39.07743766364566
      ],
      [
       -77.1969361900912,
       39.077885999334
      ],
      [
       -77.19606694319994,
       39.077296945144944
      ],
      [
       -77.19380100220201,
       39.07722822215622
      ],
      [
       -77.1936032094962,
       39.07636182161982
      ],
      [
       -77.19183175026275,
       39.075925757893756
      ],
      [
       -77.19007677375477,
       39.07670870908671
      ],
      [
       -77.1882870967721,
       39.07488182296982
      ],
      [
       -77.18635514784314,
       39.07452184540985
      ],
      [
       -77.18648700964701,
       39.07380189028989
      ],
      [
       -77.18509638812338,
       39.07272032134832
      ],
      [
       -77.18741698236899,
       39.069558245736246
      ],
      [
       -77.18672123785124,
       39.06937416630217
      ],
      [
       -77.18917022385322,
       39.06759964055764
      ],
      [
       -77.19026936138935,
       39.06732474860275
      ],
      [
       -77.19034483492183,
       39.06660806600607
      ],
      [
       -77.19126786754887,
       39.0665237985318
      ],
      [
       -77.19409075116575,
       39.06478772493573
      ],
      [
       -77.1940066025146,
       39.06412831149631
      ],
      [
       -77.19528097744798,
       39.06249614051414
      ],
      [
       -77.19517514100013,
       39.06165264764065
      ],
      [
       -77.19727972479072,
       39.06073306860107
      ],
      [
       -77.19800496471197,
       39.058642744360746
      ],
      [
       -77.19969140778241,
       39.05755872102672
      ],
      [
       -77.20030213613714,
       39.05646488012288
      ],
      [
       -77.1999664090444,
       39.05595027583828
      ],
      [
       -77.20222367492367,
       39.05399985196785
      ],
      [
       -77.20298014527215,
       39.05453081886882
      ],
      [
       -77.20542132366732,
       39.05415693308493
      ],
      [
       -77.20581777659078,
       39.05359978599779
      ],
      [
       -77.20723702600603,
       39.05311872507672
      ],
      [
       -77.20895296447996,
       39.05398103495904
      ],
      [
       -77.21052576349577,
       39.0526123021003
      ],
      [
       -77.2109681945482,
       39.051745901563905
      ],
      [
       -77.21204304175204,
       39.05183425969226
      ],
      [
       -77.21254706614707,
       39.04917533453334
      ],
      [
       -77.21428642744142,
       39.04933487004287
      ],
      [
       -77.21511837132238,
       39.04896507491308
      ],
      [
       -77.2157212920703,
       39.047767331395335
      ],
      [
       -77.21743029044929,
       39.04631024040824
      ],
      [
       -77.21666688000587,
       39.04378467057267
      ],
      [
       -77.21765063846364,
       39.03524338483138
      ],
      [
       -77.21222608675609,
       39.03137935297735
      ],
      [
       -77.21939780736481,
       39.025717887715885
      ],
      [
       -77.22021413603214,
       39.02687390656191
      ],
      [
       -77.2219161943162,
       39.02570725201525
      ],
      [
       -77.22386722850622,
       39.025406998004996
      ],
      [
       -77.2254408950339,
       39.024784400452404
      ],
      [
       -77.22667102686202,
       39.023460664788665
      ],
      [
       -77.22836961509861,
       39.02292397097197
      ],
      [
       -77.23036228985829,
       39.02350484385284
      ],
      [
       -77.23162712216113,
       39.023310946848945
      ],
      [
       -77.23251632182532,
       39.02237664145464
      ],
      [
       -77.23370307806007,
       39.022190107628106
      ],
      [
       -77.23397807932209,
       39.021636233064235
      ],
      [
       -77.23598376675977,
       39.021469334377336
      ],
      [
       -77.23679142030842,
       39.0208900977581
      ],
      [
       -77.23845617558217,
       39.021349887277886
      ],
      [
       -77.24008102531002,
       39.02112899195699
      ],
      [
       -77.24099711784211,
       39.02052275702076
      ],
      [
       -77.24491566894767,
       39.02122225887026
      ],
      [
       -77.24509264136864,
       39.02214592856393
      ],
      [
       -77.2463167006137,
       39.02468131596932
      ],
      [
       -77.2477932058122,
       39.02612940751741
      ],
      [
       -77.24909100356601,
       39.026874724692725
      ],
      [
       -77.25050938546939,
       39.0272257028137
      ],
      [
       -77.25174819241619,
       39.028152645030644
      ],
      [
       -77.25437762088661,
       39.02956719321519
      ],
      [
       -77.25615341767941,
       39.03012434030234
      ],
      [
       -77.25904917229317,
       39.03050722552523
      ],
      [
       -77.26033742741643,
       39.03118872849673
      ],
      [
       -77.26807563327463,
       39.03222611837412
      ],
      [
       -77.27319135075734,
       39.033872197580195
      ],
      [
       -77.27503741601141,
       39.03428371738172
      ],
      [
       -77.27763734907835,
       39.03583325715126
      ],
      [
       -77.27921535316536,
       39.03711526814327
      ],
      [
       -77.28607303447804,
       39.041348276996274
      ],
      [
       -77.28771523444324,
       39.04293136012936
      ],
      [
       -77.29038803850703,
       39.04493987128787
      ],
      [
       -77.29306604764204,
       39.046468957786956
      ],
      [
       -77.29514113602913,
       39.04738117364917
      ],
      [
       -77.29977191437791,
       39.048915987063985
      ],
      [
       -77.30466207877508,
       39.05137037951838
      ],
      [
       -77.30696879283079,
       39.05208624398424
      ],
      [
       -77.30825878297779,
       39.05219996416796
      ],
      [
       -77.31084223331924,
       39.05793506120306
      ],
      [
       -77.3094143087853,
       39.057791888309886
      ],
      [
       -77.30339984900785,
       39.05772071092871
      ],
      [
       -77.29918634386735,
       39.056991756369754
      ],
      [
       -77.29521313951413,
       39.055627932295934
      ],
      [
       -77.2938016977057,
       39.054772985590986
      ],
      [
       -77.29463017153917,
       39.056536057504054
      ],
      [
       -77.29486006218406,
       39.05780006961807
      ],
      [
       -77.29441763113164,
       39.059692406200405
      ],
      [
       -77.29470824760725,
       39.060520354588355
      ],
      [
       -77.29428143176843,
       39.06218688706489
      ],
      [
       -77.29555493918994,
       39.06464700643501
      ],
      [
       -77.29763002757703,
       39.06501271091071
      ],
      [
       -77.29763696767196,
       39.065650034818034
      ],
      [
       -77.29608932650032,
       39.06732883925684
      ],
      [
       -77.29625675629076,
       39.06917126985927
      ],
      [
       -77.29600517784918,
       39.071861283989286
      ],
      [
       -77.29450177978278,
       39.0717312011892
      ],
      [
       -77.29392228185529,
       39.07221635276435
      ],
      [
       -77.29323087489688,
       39.074543116811114
      ],
      [
       -77.2916867037727,
       39.07473701381501
      ],
      [
       -77.28775687501287,
       39.074049783927784
      ],
      [
       -77.28712359134958,
       39.07369226076026
      ],
      [
       -77.28612508519008,
       39.07530479660279
      ],
      [
       -77.28701688738988,
       39.07593884798685
      ],
      [
       -77.28723116282116,
       39.0768347012327
      ],
      [
       -77.28636104841804,
       39.07884239426039
      ],
      [
       -77.28721641511942,
       39.08003195646996
      ],
      [
       -77.28905380525481,
       39.080673371031374
      ],
      [
       -77.28891760589161,
       39.08181139099939
      ],
      [
       -77.28694141385742,
       39.081133978681976
      ],
      [
       -77.28365267636768,
       39.08140887063687
      ],
      [
       -77.28416364085764,
       39.081974199032196
      ],
      [
       -77.27981133381833,
       39.08449076942877
      ],
      [
       -77.27899674017473,
       39.08441795578596
      ],
      [
       -77.27831314082314,
       39.08341574553375
      ],
      [
       -77.27762607142407,
       39.08335274946075
      ],
      [
       -77.2759483034723,
       39.08410379355179
      ],
      [
       -77.27415428893029,
       39.083769996178
      ],
      [
       -77.27291114442414,
       39.08319812273612
      ],
      [
       -77.27056105477506,
       39.0827096986377
      ],
      [
       -77.26879566812467,
       39.08138023605824
      ],
      [
       -77.26767484279185,
       39.082609886677886
      ],
      [
       -77.26499856868057,
       39.083487741045744
      ]
     ]
    ]
   }
  },
  {
   "type": "Feature",
   "properties": {
    "name": "Washington Grove",
    "geoid": "2481675"
   },
   "geometry": {
    "type": "Polygon",
    "coordinates": [
     [
      [
       -77.17955732484933,
       39.139536247134245
      ],
      [
       -77.17882427732128,
       39.14043782729583
      ],
      [
       -77.17976205765005,
       39.14071926429727
      ],
      [
       -77.17836362851963,
       39.146748888426885
      ],
      [
       -77.17551905710606,
       39.147445117753115
      ],
      [
       -77.17453096108896,
       39.14471174268974
      ],
      [
       -77.17382740896441,
       39.14364980888781
      ],
      [
       -77.17281328759128,
       39.144390217278215
      ],
      [
       -77.17165168920069,
       39.143271832449834
      ],
      [
       -77.16781641923441,
       39.142920036198035
      ],
      [
       -77.16763684427785,
       39.142488063126066
      ],
      [
       -77.16981776911277,
       39.1400443063723
      ],
      [
       -77.16855987690488,
       39.139199995367996
      ],
      [
       -77.16800293428594,
       39.13942089068889
      ],
      [
       -77.16777217612918,
       39.13944216209016
      ],
      [
       -77.16616727917427,
       39.139115727893724
      ],
      [
       -77.16612997616397,
       39.13792862007662
      ],
      [
       -77.16787714506515,
       39.138210057078055
      ],
      [
       -77.16973795802096,
       39.138030886428886
      ],
      [
       -77.17035042139942,
       39.13866984659785
      ],
      [
       -77.17112857954459,
       39.1377789021369
      ],
      [
       -77.1716620993431,
       39.138043158391156
      ],
      [
       -77.17365737663837,
       39.135816206304206
      ],
      [
       -77.17175926067226,
       39.1348279042759
      ],
      [
       -77.17196225844926,
       39.134494925032925
      ],
      [
       -77.17475217661517,
       39.1352656042636
      ],
      [
       -77.17557457786558,
       39.13459473699274
      ],
      [
       -77.18009257967158,
       39.13897582752383
      ],
      [
       -77.17955732484933,
       39.139536247134245
      ]
     ]
    ]
   }
  },
  {
   "type": "Feature",
   "properties": {
    "name": "Wheaton",
    "geoid": "2483775"
   },
   "geometry": {
    "type": "Polygon",
    "coordinates": [
     [
      [
       -77.1092107875128,
       39.07173610997411
      ],
      [
       -77.10524972832573,
       39.0692629005109
      ],
      [
       -77.0948447909868,
       39.06308601283401
      ],
      [
       -77.08919208365809,
       39.059865031803035
      ],
      [
       -77.08788994834495,
       39.06036736412536
      ],
      [
       -77.08743970968571,
       39.06101205121005
      ],
      [
       -77.08776762917164,
       39.06233905939706
      ],
      [
       -77.086913997494,
       39.06420112513913
      ],
      [
       -77.08762275468976,
       39.06525405950206
      ],
      [
       -77.08652361715362,
       39.06595192508993
      ],
      [
       -77.0858296076596,
       39.067049856647856
      ],
      [
       -77.08333464352864,
       39.06771417887218
      ],
      [
       -77.0812448074398,
       39.06875893192693
      ],
      [
       -77.08042934628435,
       39.06974396143196
      ],
      [
       -77.07738437962938,
       39.06975868778669
      ],
      [
       -77.07249074518475,
       39.07554778145578
      ],
      [
       -77.07053363841165,
       39.077416392244395
      ],
      [
       -77.06833362831563,
       39.07560832313632
      ],
      [
       -77.06473432157732,
       39.0725296968677
      ],
      [
       -77.06353368515269,
       39.071286138024135
      ],
      [
       -77.06100315303516,
       39.06811915362715
      ],
      [
       -77.05947112707713,
       39.06675778394578
      ],
      [
       -77.06294204205905,
       39.06558622061422
      ],
      [
       -77.06406373490374,
       39.062757124245124
      ],
      [
       -77.06352240749841,
       39.06157328895129
      ],
      [
       -77.06347642936943,
       39.05905099163899
      ],
      [
       -77.0620884103814,
       39.05933733742534
      ],
      [
       -77.06072207919009,
       39.05741473000273
      ],
      [
       -77.06127902180903,
       39.056326616014616
      ],
      [
       -77.05652592428693,
       39.054724715872716
      ],
      [
       -77.05538774871675,
       39.05541194575994
      ],
      [
       -77.05374121119222,
       39.0548278003558
      ],
      [
       -77.05236793990593,
       39.05568274706075
      ],
      [
       -77.05009332378933,
       39.05522132127932
      ],
      [
       -77.04994931681932,
       39.055802194160194
      ],
      [
       -77.04491167540468,
       39.0558970973351
      ],
      [
       -77.04483706938407,
       39.05696803057603
      ],
      [
       -77.04222065359166,
       39.05874173818974
      ],
      [
       -77.03903862006162,
       39.060287187305185
      ],
      [
       -77.03990092685792,
       39.06136302933103
      ],
      [
       -77.04193784472285,
       39.06246096088896
      ],
      [
       -77.03938996236796,
       39.06412094831895
      ],
      [
       -77.03712402137002,
       39.06518860903661
      ],
      [
       -77.03443993965195,
       39.06608200789001
      ],
      [
       -77.03092131151732,
       39.06649189142989
      ],
      [
       -77.02934157240658,
       39.0664968002148
      ],
      [
       -77.02916720252121,
       39.06543732080532
      ],
      [
       -77.02831183581984,
       39.06472309260109
      ],
      [
       -77.02503177344877,
       39.0595385976066
      ],
      [
       -77.02377995382396,
       39.05821895259695
      ],
      [
       -77.02342167142267,
       39.056301253959255
      ],
      [
       -77.02461970531171,
       39.0534967015147
      ],
      [
       -77.02470298645099,
       39.052084607722605
      ],
      [
       -77.02939796067797,
       39.051922617820615
      ],
      [
       -77.02994362564263,
       39.05056206627007
      ],
      [
       -77.033057993247,
       39.05046634496434
      ],
      [
       -77.03264158755059,
       39.044353271491275
      ],
      [
       -77.03379537833437,
       39.044312364950365
      ],
      [
       -77.03177494319495,
       39.04169271007071
      ],
      [
       -77.03304931812832,
       39.04107011251811
      ],
      [
       -77.03108700628401,
       39.03921704621504
      ],
      [
       -77.0314982069092,
       39.03862717389517
      ],
      [
       -77.03037217650518,
       39.03807575372375
      ],
      [
       -77.03069142087242,
       39.03760696476496
      ],
      [
       -77.02939015307115,
       39.036477126105126
      ],
      [
       -77.03095080692081,
       39.03664566105366
      ],
      [
       -77.03096728964628,
       39.035846347244345
      ],
      [
       -77.02960182596682,
       39.03387383384183
      ],
      [
       -77.02992193784594,
       39.031883321561324
      ],
      [
       -77.02972414514015,
       39.03042213992014
      ],
      [
       -77.02922792835193,
       39.03005888983689
      ],
      [
       -77.0288922012592,
       39.02811828353629
      ],
      [
       -77.03000608649708,
       39.026041867519865
      ],
      [
       -77.03046413276313,
       39.024252615420615
      ],
      [
       -77.0320351967552,
       39.02571134266934
      ],
      [
       -77.03751266668667,
       39.02645093292893
      ],
      [
       -77.04048042478543,
       39.02604514004314
      ],
      [
       -77.03931969390669,
       39.02534563819364
      ],
      [
       -77.03835675573376,
       39.023658652446656
      ],
      [
       -77.03893972370872,
       39.0228757012537
      ],
      [
       -77.04037632336133,
       39.02249772481572
      ],
      [
       -77.04354360918961,
       39.0238230967411
      ],
      [
       -77.04548336572536,
       39.023599747027745
      ],
      [
       -77.04500883673384,
       39.02224164986965
      ],
      [
       -77.05363363972064,
       39.02201420950221
      ],
      [
       -77.05341329170629,
       39.02275789041589
      ],
      [
       -77.05439705016406,
       39.023071234519236
      ],
      [
       -77.05463388090388,
       39.022415093603094
      ],
      [
       -77.05724335660136,
       39.02237664145464
      ],
      [
       -77.05799115183115,
       39.024931663999666
      ],
      [
       -77.05995866874667,
       39.02448169204969
      ],
      [
       -77.06037073688374,
       39.029563102561106
      ],
      [
       -77.05834856672057,
       39.02964737003537
      ],
      [
       -77.05849430871432,
       39.031772055770055
      ],
      [
       -77.05798334422434,
       39.032034675762674
      ],
      [
       -77.05802064723464,
       39.033247963765966
      ],
      [
       -77.05879186528486,
       39.03333223124023
      ],
      [
       -77.06249961100661,
       39.03278735611536
      ],
      [
       -77.06073682689183,
       39.035281836979834
      ],
      [
       -77.06155315555915,
       39.03689028216828
      ],
      [
       -77.05846307828708,
       39.03837682586482
      ],
      [
       -77.05559942161243,
       39.040035177033175
      ],
      [
       -77.06462675010575,
       39.0447786995167
      ],
      [
       -77.06716682485383,
       39.04640432545233
      ],
      [
       -77.07038442637042,
       39.04925714761515
      ],
      [
       -77.07342071790671,
       39.05063406178206
      ],
      [
       -77.07478271153872,
       39.05149800792601
      ],
      [
       -77.07523295019796,
       39.049371685929685
      ],
      [
       -77.07633208773409,
       39.0483662031542
      ],
      [
       -77.07947508323008,
       39.04898798257598
      ],
      [
       -77.08016909272409,
       39.04808394802195
      ],
      [
       -77.08151980870181,
       39.04747034990835
      ],
      [
       -77.08181736527237,
       39.04465761615562
      ],
      [
       -77.08161870505471,
       39.04384603038403
      ],
      [
       -77.08233613736914,
       39.04311707582507
      ],
      [
       -77.08331642577943,
       39.04346396329196
      ],
      [
       -77.08536722383423,
       39.04108238448038
      ],
      [
       -77.0866068982929,
       39.04081731009531
      ],
      [
       -77.08843561330961,
       39.039706288444286
      ],
      [
       -77.09019666240066,
       39.04212713753514
      ],
      [
       -77.09002402753903,
       39.04485805820606
      ],
      [
       -77.09094966270166,
       39.04609589013389
      ],
      [
       -77.09060612800212,
       39.04704164935965
      ],
      [
       -77.09100258092558,
       39.04774033307833
      ],
      [
       -77.09039966017767,
       39.04894216725017
      ],
      [
       -77.09051503925605,
       39.05095967784768
      ],
      [
       -77.09130013749613,
       39.05279474527275
      ],
      [
       -77.09125415936715,
       39.05460117811918
      ],
      [
       -77.09271331432832,
       39.05658023656824
      ],
      [
       -77.09471292918293,
       39.0597194045174
      ],
      [
       -77.09722264101565,
       39.061772912870914
      ],
      [
       -77.09894465207265,
       39.062529683877685
      ],
      [
       -77.09980001877402,
       39.06370861038661
      ],
      [
       -77.09961697376997,
       39.06510925034725
      ],
      [
       -77.10092865171366,
       39.06591674546475
      ],
      [
       -77.1014482913223,
       39.065070798198796
      ],
      [
       -77.10291178384279,
       39.06469691241491
      ],
      [
       -77.10557504527604,
       39.06693204581005
      ],
      [
       -77.10699429469129,
       39.06841204446005
      ],
      [
       -77.10729185126185,
       39.06927762686563
      ],
      [
       -77.10845084711684,
       39.069109910047914
      ],
      [
       -77.10902427246127,
       39.069964856752854
      ],
      [
       -77.1092107875128,
       39.07173610997411
      ]
     ]
    ]
   }
  },
  {
   "type": "Feature",
   "properties": {
    "name": "White Oak",
    "geoid": "2484375"
   },
   "geometry": {
    "type": "Polygon",
    "coordinates": [
     [
      [
       -77.01080284379785,
       39.05790724475524
      ],
      [
       -77.00936103907404,
       39.05958114040914
      ],
      [
       -77.00742301756202,
       39.059703041901045
      ],
      [
       -77.0041577028927,
       39.058227133905135
      ],
      [
       -77.00200974350875,
       39.0579186985867
      ],
      [
       -76.99775893535794,
       39.05854375053175
      ],
      [
       -76.99747699400099,
       39.0575849012129
      ],
      [
       -76.99340229075929,
       39.057412275610275
      ],
      [
       -76.99068524359025,
       39.057566902334905
      ],
      [
       -76.9906757009597,
       39.057791888309886
      ],
      [
       -76.98784587724788,
       39.05776898064698
      ],
      [
       -76.98461092549393,
       39.058024237462234
      ],
      [
       -76.98284467133168,
       39.058371124929124
      ],
      [
       -76.97801176271777,
       39.05501515231315
      ],
      [
       -76.97792761406662,
       39.05416102373903
      ],
      [
       -76.97892698773799,
       39.05335189235989
      ],
      [
       -76.97965222765923,
       39.0518448953929
      ],
      [
       -76.97940672180073,
       39.051067671115675
      ],
      [
       -76.97902588409089,
       39.05056288440088
      ],
      [
       -76.97616482995183,
       39.04924733004533
      ],
      [
       -76.97557839192939,
       39.04792686690487
      ],
      [
       -76.97328902811103,
       39.04735908411708
      ],
      [
       -76.97339573207073,
       39.04620715592515
      ],
      [
       -76.97242672131472,
       39.04397529505329
      ],
      [
       -76.97240416600617,
       39.04285772835573
      ],
      [
       -76.97175526712927,
       39.04247566126366
      ],
      [
       -76.96919176956077,
       39.04204123379923
      ],
      [
       -76.96781069066769,
       39.043224250962254
      ],
      [
       -76.96814728527228,
       39.04162889586689
      ],
      [
       -76.96719302221803,
       39.04043115234915
      ],
      [
       -76.96773521713521,
       39.038185383253385
      ],
      [
       -76.96845178193779,
       39.03771495803296
      ],
      [
       -76.96659790907691,
       39.03695982328782
      ],
      [
       -76.96671242064342,
       39.036224323682326
      ],
      [
       -76.96560634301234,
       39.03550682295482
      ],
      [
       -76.96499561465761,
       39.03345086020886
      ],
      [
       -76.96420964890565,
       39.033320777408775
      ],
      [
       -76.96209725750826,
       39.03120836363637
      ],
      [
       -76.96618584093984,
       39.026203857421855
      ],
      [
       -76.96746542094442,
       39.025753067341064
      ],
      [
       -76.96803971380072,
       39.03234801986602
      ],
      [
       -76.97237206806707,
       39.031868595206596
      ],
      [
       -76.97950735317735,
       39.03052522440323
      ],
      [
       -76.98090317977218,
       39.03133026512827
      ],
      [
       -76.98375902884003,
       39.03003189151989
      ],
      [
       -76.98463261329061,
       39.031784327732325
      ],
      [
       -76.98848436598237,
       39.035497823515826
      ],
      [
       -76.98949067974868,
       39.03708008851809
      ],
      [
       -76.99137578303679,
       39.037111995619995
      ],
      [
       -76.99249227081027,
       39.038775255573256
      ],
      [
       -76.99441467710868,
       39.037899037467035
      ],
      [
       -76.9953993030783,
       39.03908532715333
      ],
      [
       -76.99572895758796,
       39.0409073044853
      ],
      [
       -76.9977441876562,
       39.03932094882895
      ],
      [
       -76.99848157274357,
       39.039721014799014
      ],
      [
       -77.00233939801839,
       39.04040824468625
      ],
      [
       -77.0028520975321,
       39.039099235377236
      ],
      [
       -77.00593436719737,
       39.03999017983818
      ],
      [
       -77.00676891361391,
       39.040495784683785
      ],
      [
       -77.00721741724942,
       39.04120592223392
      ],
      [
       -77.00931506094506,
       39.041624805212805
      ],
      [
       -77.00912420833421,
       39.04416182887983
      ],
      [
       -77.0083156872737,
       39.04448580868381
      ],
      [
       -77.00738484703984,
       39.045645918183915
      ],
      [
       -77.00762861787462,
       39.04685184300984
      ],
      [
       -77.00968028344128,
       39.04709482786283
      ],
      [
       -77.01082626661827,
       39.04799640802441
      ],
      [
       -77.01031356710457,
       39.04964412349212
      ],
      [
       -77.01099282889683,
       39.050188998616996
      ],
      [
       -77.00994140451341,
       39.0514751002631
      ],
      [
       -77.00989542638443,
       39.05299273293073
      ],
      [
       -77.01048967201368,
       39.05501515231315
      ],
      [
       -77.0114742979833,
       39.05696066739867
      ],
      [
       -77.01080284379785,
       39.05790724475524
      ]
     ]
    ]
   }
  }
 ]
}
