{
 "type": "FeatureCollection",
 "features": [
  {
   "type": "Feature",
   "properties": {
    "name": "Rest of Prince George's County",
    "geoid": "24033",
    "remainder": true
   },
   "geometry": {
    "type": "Polygon",
    "coordinates": [
     [
      [
       -76.94145481262082,
       38.918212225690226
      ],
      [
       -76.94385435044636,
       38.92010128974929
      ],
      [
       -76.95766687440087,
       38.930681357489355
      ],
      [
       -76.95883801542202,
       38.93159193708994
      ],
      [
       -76.97446624171525,
       38.94381235712036
      ],
      [
       -76.98469073658573,
       38.95182513035313
      ],
      [
       -77.0024356918357,
       38.96567281258081
      ],
      [
       -76.99866635277135,
       38.97075995000795
      ],
      [
       -76.99726271856971,
       38.97241011986812
      ],
      [
       -76.99418305144005,
       38.97529075847876
      ],
      [
       -76.99137318050118,
       38.97564337286137
      ],
      [
       -76.98890077167877,
       38.97622260948061
      ],
      [
       -76.98675107727108,
       38.977148733566736
      ],
      [
       -76.98693238725139,
       38.97809531092331
      ],
      [
       -76.98478703040303,
       38.98718228992029
      ],
      [
       -76.98681961070861,
       38.988375124653125
      ],
      [
       -76.98857111716912,
       38.989827306855304
      ],
      [
       -76.99109817923917,
       38.99240523706324
      ],
      [
       -76.98988366262466,
       38.993985865803864
      ],
      [
       -76.98905865883866,
       38.99557713024513
      ],
      [
       -76.9882648854799,
       38.99628808592609
      ],
      [
       -76.98569271279271,
       38.99998031030831
      ],
      [
       -76.9836289020599,
       39.002266985944985
      ],
      [
       -76.98026122099023,
       39.00720113290913
      ],
      [
       -76.97809764639265,
       39.0098076976957
      ],
      [
       -76.97189233400434,
       39.018353892221896
      ],
      [
       -76.97172316919017,
       39.018555970533974
      ],
      [
       -76.9697651949052,
       39.02134825101625
      ],
      [
       -76.96849168748369,
       39.02282824966625
      ],
      [
       -76.96618584093984,
       39.026203857421855
      ],
      [
       -76.96209725750826,
       39.03120836363637
      ],
      [
       -76.96007508734509,
       39.03384029047829
      ],
      [
       -76.9575246024546,
       39.03766832457632
      ],
      [
       -76.95557964084765,
       39.03993781946582
      ],
      [
       -76.95199594932295,
       39.04480815222615
      ],
      [
       -76.94899609328509,
       39.04920805976606
      ],
      [
       -76.94768788538889,
       39.05065124252924
      ],
      [
       -76.94645775356075,
       39.05248221930022
      ],
      [
       -76.94385695298196,
       39.05605172405972
      ],
      [
       -76.94153722624823,
       39.05894708902509
      ],
      [
       -76.9383282998503,
       39.06354089356889
      ],
      [
       -76.93588278389579,
       39.06661297479098
      ],
      [
       -76.9349961867672,
       39.06800788783589
      ],
      [
       -76.9303176952657,
       39.074039966357965
      ],
      [
       -76.92867723032423,
       39.076722617310615
      ],
      [
       -76.92714867441367,
       39.07865831482631
      ],
      [
       -76.92159573094973,
       39.08620720788521
      ],
      [
       -76.91758262105063,
       39.091273073911076
      ],
      [
       -76.91429561858462,
       39.096307032835035
      ],
      [
       -76.90980884720585,
       39.10247901172701
      ],
      [
       -76.91045514354714,
       39.10317605918406
      ],
      [
       -76.90922674674275,
       39.10409563822364
      ],
      [
       -76.90883376386677,
       39.1038501989782
      ],
      [
       -76.90744400985501,
       39.106238322836326
      ],
      [
       -76.9047339027809,
       39.11228512771313
      ],
      [
       -76.90389675382876,
       39.11461761867562
      ],
      [
       -76.9072921952782,
       39.11790814082614
      ],
      [
       -76.90240723595224,
       39.120316717954715
      ],
      [
       -76.90293034560835,
       39.12110294167094
      ],
      [
       -76.9013454014264,
       39.12181635174435
      ],
      [
       -76.9007927963668,
       39.121126667464665
      ],
      [
       -76.89427517970618,
       39.12386086065886
      ],
      [
       -76.88880204733405,
       39.12998620609421
      ],
      [
       -76.88850535827537,
       39.130967144945146
      ],
      [
       -76.88825638236939,
       39.13130666923467
      ],
      [
       -76.88565558179059,
       39.13129194287994
      ],
      [
       -76.88547513932214,
       39.12938324368125
      ],
      [
       -76.88431527595527,
       39.126884672162674
      ],
      [
       -76.88189578535679,
       39.12490724997525
      ],
      [
       -76.87979640663741,
       39.122807108165105
      ],
      [
       -76.8778956881357,
       39.120507342435346
      ],
      [
       -76.87543282194382,
       39.11695665468466
      ],
      [
       -76.87356333386934,
       39.11538093472893
      ],
      [
       -76.87280773103274,
       39.11458816596617
      ],
      [
       -76.87073524518125,
       39.113936933834935
      ],
      [
       -76.87037262522063,
       39.11292081535881
      ],
      [
       -76.86900282398183,
       39.11221395033195
      ],
      [
       -76.86397125515026,
       39.11094912008712
      ],
      [
       -76.86273331571532,
       39.11030934178734
      ],
      [
       -76.86120996487597,
       39.11069140887941
      ],
      [
       -76.85655229365929,
       39.11072577037377
      ],
      [
       -76.85537508005508,
       39.110139988707985
      ],
      [
       -76.85381529371729,
       39.109995997683995
      ],
      [
       -76.85091780407981,
       39.108920973788976
      ],
      [
       -76.84908388399188,
       39.10909687191487
      ],
      [
       -76.8475908960679,
       39.10804311942112
      ],
      [
       -76.8446083902674,
       39.1074826998107
      ],
      [
       -76.84319434592335,
       39.10682983141783
      ],
      [
       -76.84103771142071,
       39.10535965033765
      ],
      [
       -76.84083471364372,
       39.10352131038931
      ],
      [
       -76.83901987881688,
       39.10136962633763
      ],
      [
       -76.8377992896193,
       39.100948288966286
      ],
      [
       -76.8374331996112,
       39.099571374799375
      ],
      [
       -76.83805520562021,
       39.09881296753097
      ],
      [
       -76.83787476315176,
       39.09732806009606
      ],
      [
       -76.83720591150191,
       39.09673491525292
      ],
      [
       -76.83560535210636,
       39.096643284601285
      ],
      [
       -76.83420865799967,
       39.09583415322216
      ],
      [
       -76.83264973917375,
       39.096154860502864
      ],
      [
       -76.83251614234615,
       39.09532036706837
      ],
      [
       -76.83114200354801,
       39.09543735977536
      ],
      [
       -76.8302128983379,
       39.0948523962404
      ],
      [
       -76.82932716872118,
       39.09564189247989
      ],
      [
       -76.82783765084466,
       39.094625774003774
      ],
      [
       -76.82739174974475,
       39.093269313107314
      ],
      [
       -76.82784372342772,
       39.09225074023874
      ],
      [
       -76.82709679570979,
       39.09015223469024
      ],
      [
       -76.82870863275963,
       39.08842434240234
      ],
      [
       -76.82985721847223,
       39.087980097368096
      ],
      [
       -76.82997606759807,
       39.0870686996367
      ],
      [
       -76.83177788974689,
       39.08637410657211
      ],
      [
       -76.8344211984072,
       39.0834631971212
      ],
      [
       -76.83490787256487,
       39.08287087040887
      ],
      [
       -76.83340794454595,
       39.077791096159096
      ],
      [
       -76.8323998957559,
       39.07614910760711
      ],
      [
       -76.83439604056305,
       39.07539479099279
      ],
      [
       -76.83503713183313,
       39.07439667139467
      ],
      [
       -76.83594021168722,
       39.074404852702855
      ],
      [
       -76.83653879487579,
       39.07358099496899
      ],
      [
       -76.83729526522427,
       39.07410378056178
      ],
      [
       -76.83813675173576,
       39.07331182992983
      ],
      [
       -76.83735165349566,
       39.071327044565045
      ],
      [
       -76.83738982401783,
       39.070149754317754
      ],
      [
       -76.83584131533432,
       39.067966163164165
      ],
      [
       -76.83338365421366,
       39.06843740651541
      ],
      [
       -76.83330384312184,
       39.069378256956256
      ],
      [
       -76.83169894616695,
       39.069208085746084
      ],
      [
       -76.83031873478573,
       39.06784017101817
      ],
      [
       -76.82996305492006,
       39.0665057996538
      ],
      [
       -76.82916060644261,
       39.06571712154512
      ],
      [
       -76.82933237379238,
       39.06468791297591
      ],
      [
       -76.8279938029808,
       39.064853175401176
      ],
      [
       -76.82750105624005,
       39.06572039406839
      ],
      [
       -76.82649387496188,
       39.06569503201303
      ],
      [
       -76.82232634795035,
       39.063337997126
      ],
      [
       -76.82120292008192,
       39.063539257307255
      ],
      [
       -76.81959108303208,
       39.06246586967387
      ],
      [
       -76.81726268117968,
       39.06177373100173
      ],
      [
       -76.81620518421319,
       39.06262295079095
      ],
      [
       -76.81499327013427,
       39.06176718595518
      ],
      [
       -76.81316802516503,
       39.06228097210897
      ],
      [
       -76.81136273296873,
       39.06105295775096
      ],
      [
       -76.81053686167087,
       39.060922056820054
      ],
      [
       -76.80806618787219,
       39.061228855876855
      ],
      [
       -76.8045197993578,
       39.06266794798595
      ],
      [
       -76.80267633663934,
       39.06059971327771
      ],
      [
       -76.80203090780991,
       39.0593537000417
      ],
      [
       -76.80169171066972,
       39.05639861152661
      ],
      [
       -76.80074872526973,
       39.055389856227855
      ],
      [
       -76.79570934883135,
       39.05457417980218
      ],
      [
       -76.79385374094674,
       39.052072335760336
      ],
      [
       -76.79323694000894,
       39.05000900983701
      ],
      [
       -76.79356225695926,
       39.049491133029136
      ],
      [
       -76.79312242844243,
       39.0470171054351
      ],
      [
       -76.792621006583,
       39.046180157608156
      ],
      [
       -76.79078101391201,
       39.04574327575128
      ],
      [
       -76.78949362630063,
       39.04499714044514
      ],
      [
       -76.78759290779891,
       39.04463061783862
      ],
      [
       -76.78508406347807,
       39.04491614549415
      ],
      [
       -76.7837212023342,
       39.04625215312015
      ],
      [
       -76.77955020527521,
       39.045704823602826
      ],
      [
       -76.77879460243861,
       39.045218853896856
      ],
      [
       -76.77652779392879,
       39.045309666417666
      ],
      [
       -76.77661801516302,
       39.044539805317804
      ],
      [
       -76.7746157977728,
       39.044755791853795
      ],
      [
       -76.77378732393933,
       39.04369631244431
      ],
      [
       -76.77503567351668,
       39.042343942201946
      ],
      [
       -76.77405278257079,
       39.040999753267755
      ],
      [
       -76.77318700572701,
       39.04070686243486
      ],
      [
       -76.77158210877211,
       39.04105211364011
      ],
      [
       -76.77029038360139,
       39.04086885233685
      ],
      [
       -76.77008565080065,
       39.039967272175275
      ],
      [
       -76.76915307554307,
       39.03896097126897
      ],
      [
       -76.76711182011883,
       39.03907469145269
      ],
      [
       -76.76601528511829,
       39.0403657018837
      ],
      [
       -76.76539067657367,
       39.040435243003245
      ],
      [
       -76.76418223254224,
       39.039078782106785
      ],
      [
       -76.76445376375676,
       39.0376176004656
      ],
      [
       -76.76195185953087,
       39.035168934926936
      ],
      [
       -76.7608882899813,
       39.03557390968191
      ],
      [
       -76.7588426969977,
       39.03697618590419
      ],
      [
       -76.75726642793443,
       39.03775668270468
      ],
      [
       -76.75582896076996,
       39.03771904868705
      ],
      [
       -76.75531365872067,
       39.03717580982381
      ],
      [
       -76.75402106603806,
       39.03711281375082
      ],
      [
       -76.75349188379889,
       39.036297137325136
      ],
      [
       -76.75243004927306,
       39.03606397004197
      ],
      [
       -76.75187917923718,
       39.03492185941986
      ],
      [
       -76.7495447048017,
       39.03441625457425
      ],
      [
       -76.7476491913712,
       39.03341813497614
      ],
      [
       -76.74888019071119,
       39.03203222137022
      ],
      [
       -76.75000535360336,
       39.031362172230175
      ],
      [
       -76.7499212049522,
       39.03000325694126
      ],
      [
       -76.74805605443706,
       39.028920051738055
      ],
      [
       -76.74663333497433,
       39.028790787068786
      ],
      [
       -76.74588987730388,
       39.02819191530992
      ],
      [
       -76.74477078699479,
       39.02617276845077
      ],
      [
       -76.74374625547927,
       39.025136196704196
      ],
      [
       -76.74313032205333,
       39.023698740856744
      ],
      [
       -76.74278418481819,
       39.0204703966484
      ],
      [
       -76.74418434897235,
       39.01829171427971
      ],
      [
       -76.74451660601761,
       39.01712015094815
      ],
      [
       -76.74329081174882,
       39.01671435806236
      ],
      [
       -76.7429307943238,
       39.015888045936045
      ],
      [
       -76.74085310340111,
       39.01460112615913
      ],
      [
       -76.74078456996358,
       39.01348765011565
      ],
      [
       -76.73985112719413,
       39.012613068271065
      ],
      [
       -76.73752793041294,
       39.01229236099036
      ],
      [
       -76.73600804962105,
       39.010619283467285
      ],
      [
       -76.73488115170515,
       39.00858213773014
      ],
      [
       -76.7336007041887,
       39.007278037206035
      ],
      [
       -76.732610005636,
       39.00708986711787
      ],
      [
       -76.7322820861501,
       39.007068595716596
      ],
      [
       -76.73040132042132,
       39.00646481517281
      ],
      [
       -76.72897426339927,
       39.00707923141723
      ],
      [
       -76.72774933664235,
       39.00725022075822
      ],
      [
       -76.72546257535959,
       39.00592484883285
      ],
      [
       -76.724877004849,
       39.00481628157428
      ],
      [
       -76.72400602293402,
       39.00440394364195
      ],
      [
       -76.72596226219527,
       39.00010793871594
      ],
      [
       -76.72561525744825,
       38.998948647346644
      ],
      [
       -76.72350807112207,
       38.999171997059996
      ],
      [
       -76.72127075801576,
       38.999711145269146
      ],
      [
       -76.71913494379795,
       38.99877602174402
      ],
      [
       -76.71729234859136,
       38.99745637673438
      ],
      [
       -76.7163458931439,
       38.997425287763285
      ],
      [
       -76.71483642249443,
       38.99599764948565
      ],
      [
       -76.71313436421036,
       38.9948359037239
      ],
      [
       -76.71160233825235,
       38.99542986669787
      ],
      [
       -76.70890003878505,
       38.99341317423117
      ],
      [
       -76.7086953059843,
       38.99198962660763
      ],
      [
       -76.70668701601102,
       38.990409815997815
      ],
      [
       -76.7061187957378,
       38.99039018085818
      ],
      [
       -76.70572668037369,
       38.98892327230127
      ],
      [
       -76.70425624775825,
       38.98772061999862
      ],
      [
       -76.70239369977871,
       38.986971212169216
      ],
      [
       -76.70093801486502,
       38.98519095950896
      ],
      [
       -76.69826781333681,
       38.983647146655144
      ],
      [
       -76.69807262316662,
       38.982366771924774
      ],
      [
       -76.69886726403726,
       38.981210753078756
      ],
      [
       -76.70217595429996,
       38.97983465704266
      ],
      [
       -76.70245876316876,
       38.97947386135186
      ],
      [
       -76.70244488297888,
       38.97695974534775
      ],
      [
       -76.70103170614671,
       38.97626187975988
      ],
      [
       -76.70162681928782,
       38.97384593945394
      ],
      [
       -76.70402722462522,
       38.97280118639919
      ],
      [
       -76.70374528326829,
       38.971524902322905
      ],
      [
       -76.70228612830714,
       38.97013080740881
      ],
      [
       -76.70072634196934,
       38.96928076948877
      ],
      [
       -76.69942333914435,
       38.96905823790624
      ],
      [
       -76.69921426878427,
       38.96736961589762
      ],
      [
       -76.69875882505383,
       38.96623732284532
      ],
      [
       -76.69907026181427,
       38.963697026655026
      ],
      [
       -76.69886986657286,
       38.96241828818629
      ],
      [
       -76.69629682637382,
       38.96058731141531
      ],
      [
       -76.69609122606123,
       38.95981663218463
      ],
      [
       -76.69514303559004,
       38.95934211631012
      ],
      [
       -76.69528183748884,
       38.95803883391684
      ],
      [
       -76.69416795225095,
       38.956782184980185
      ],
      [
       -76.69384090027691,
       38.954506963174964
      ],
      [
       -76.69334641851242,
       38.95294433331233
      ],
      [
       -76.69337417889219,
       38.95167132175932
      ],
      [
       -76.69419918267819,
       38.94972498854299
      ],
      [
       -76.69527402988203,
       38.948554243342244
      ],
      [
       -76.69528357251258,
       38.94777701906502
      ],
      [
       -76.69348001534001,
       38.9442246950527
      ],
      [
       -76.6915046908177,
       38.941987107265106
      ],
      [
       -76.6910882851213,
       38.93986733031533
      ],
      [
       -76.69217961505062,
       38.93809934961735
      ],
      [
       -76.69217874753875,
       38.93632482387282
      ],
      [
       -76.69115595104695,
       38.934857915315916
      ],
      [
       -76.68889521512023,
       38.93354481535282
      ],
      [
       -76.68528029316829,
       38.93281667892468
      ],
      [
       -76.68332665644266,
       38.93191918941719
      ],
      [
       -76.6817981005321,
       38.931924098202096
      ],
      [
       -76.68142507042907,
       38.93126468476269
      ],
      [
       -76.68137562225263,
       38.929350258648256
      ],
      [
       -76.6831253936894,
       38.92629617630418
      ],
      [
       -76.68562816542718,
       38.92556067669868
      ],
      [
       -76.68929860813861,
       38.92518760904561
      ],
      [
       -76.69053307752608,
       38.924762999151
      ],
      [
       -76.69059206833307,
       38.923455626103625
      ],
      [
       -76.68922660465361,
       38.921560016998015
      ],
      [
       -76.68718274669375,
       38.91946396584196
      ],
      [
       -76.68650782246083,
       38.91816313784114
      ],
      [
       -76.6851172009372,
       38.917997057285056
      ],
      [
       -76.68400158067558,
       38.91909580697381
      ],
      [
       -76.68280614932215,
       38.918950997818996
      ],
      [
       -76.68089762321362,
       38.91690976142776
      ],
      [
       -76.6793708023268,
       38.91651296798097
      ],
      [
       -76.67805565433567,
       38.91419438524239
      ],
      [
       -76.67804697921699,
       38.91227586847387
      ],
      [
       -76.67861519949021,
       38.91175226475026
      ],
      [
       -76.67851803816104,
       38.91053897674698
      ],
      [
       -76.67681597987698,
       38.90931178051978
      ],
      [
       -76.67493261161262,
       38.90902625286425
      ],
      [
       -76.67258078693979,
       38.90711591740392
      ],
      [
       -76.67060632992933,
       38.90737608300408
      ],
      [
       -76.67011098065298,
       38.90691874787675
      ],
      [
       -76.66964425926827,
       38.90524485222285
      ],
      [
       -76.66957225578327,
       38.903684676752675
      ],
      [
       -76.67020640695841,
       38.90248366071166
      ],
      [
       -76.67123614354514,
       38.901720344658344
      ],
      [
       -76.67150507222408,
       38.89941894266694
      ],
      [
       -76.6730240855041,
       38.89879716324516
      ],
      [
       -76.67428458024759,
       38.89744479300279
      ],
      [
       -76.6758755970126,
       38.89654403097203
      ],
      [
       -76.67630328036329,
       38.89570708314508
      ],
      [
       -76.67630067782768,
       38.89191013801814
      ],
      [
       -76.67497685471785,
       38.89023378797179
      ],
      [
       -76.67321840816241,
       38.888496896244895
      ],
      [
       -76.67178614606915,
       38.887568317766316
      ],
      [
       -76.6721452959823,
       38.88662664919465
      ],
      [
       -76.67366777930978,
       38.88581588155388
      ],
      [
       -76.67523710827811,
       38.885665345483346
      ],
      [
       -76.67589815232115,
       38.88366992441792
      ],
      [
       -76.67540974313975,
       38.881734226902225
      ],
      [
       -76.6761453932034,
       38.880011243399245
      ],
      [
       -76.67657481157782,
       38.87596395024195
      ],
      [
       -76.67826038713639,
       38.87350873965674
      ],
      [
       -76.6806555874026,
       38.87227908903709
      ],
      [
       -76.68065385237885,
       38.870570831888834
      ],
      [
       -76.68185015124415,
       38.869085106323105
      ],
      [
       -76.68252334045334,
       38.86734003328804
      ],
      [
       -76.68316182918784,
       38.86672070825871
      ],
      [
       -76.68810057424957,
       38.86455675224475
      ],
      [
       -76.68870783255683,
       38.86395378983179
      ],
      [
       -76.69152724612626,
       38.85980013966814
      ],
      [
       -76.69213016687416,
       38.858366774474774
      ],
      [
       -76.6921240942911,
       38.8571313969394
      ],
      [
       -76.69103276436176,
       38.85550822539623
      ],
      [
       -76.69116896372496,
       38.854401294399295
      ],
      [
       -76.69235311742412,
       38.85149938438739
      ],
      [
       -76.69364657761858,
       38.84971585920386
      ],
      [
       -76.69654927232727,
       38.84716410918211
      ],
      [
       -76.69827301840802,
       38.843030094158095
      ],
      [
       -76.6984577984358,
       38.841392196260195
      ],
      [
       -76.69956908113808,
       38.8382742997123
      ],
      [
       -76.69971742566743,
       38.83677793844594
      ],
      [
       -76.6989600878071,
       38.83455834953635
      ],
      [
       -76.69936001077801,
       38.83277891500692
      ],
      [
       -76.69897917306818,
       38.83115083467884
      ],
      [
       -76.69780716453516,
       38.828779073437076
      ],
      [
       -76.69752175313076,
       38.825693902121905
      ],
      [
       -76.69637143239444,
       38.82272408725209
      ],
      [
       -76.6968823968844,
       38.8206084009564
      ],
      [
       -76.69696481051182,
       38.81878396923197
      ],
      [
       -76.69782624979625,
       38.81794783953584
      ],
      [
       -76.70177516381717,
       38.81553762614563
      ],
      [
       -76.70383897454998,
       38.815132651390655
      ],
      [
       -76.70687006101507,
       38.815732341280345
      ],
      [
       -76.70811667556868,
       38.816422843690845
      ],
      [
       -76.7106394000794,
       38.81569388913189
      ],
      [
       -76.71206732461333,
       38.8140019946
      ],
      [
       -76.71234666343467,
       38.81168422999223
      ],
      [
       -76.71216535345435,
       38.81093482216282
      ],
      [
       -76.7114565962586,
       38.80902203231003
      ],
      [
       -76.70890697887998,
       38.806474372942375
      ],
      [
       -76.70806462485663,
       38.804866745884745
      ],
      [
       -76.70840295448495,
       38.80311430967231
      ],
      [
       -76.70980225112726,
       38.800554378342376
      ],
      [
       -76.71067583557785,
       38.79842969260769
      ],
      [
       -76.7101162904233,
       38.79600311660112
      ],
      [
       -76.70941967839369,
       38.79513098914899
      ],
      [
       -76.70658811965812,
       38.79270686753487
      ],
      [
       -76.70254030928432,
       38.79039728423528
      ],
      [
       -76.70205537015038,
       38.78972887135687
      ],
      [
       -76.70240324240925,
       38.787945346173345
      ],
      [
       -76.70370798025799,
       38.786839233307234
      ],
      [
       -76.70614482109383,
       38.785665215583215
      ],
      [
       -76.710222994383,
       38.784928897846896
      ],
      [
       -76.71225123712924,
       38.78435620627421
      ],
      [
       -76.71321417530218,
       38.783382630600634
      ],
      [
       -76.71414935309535,
       38.781656374574375
      ],
      [
       -76.71440006402507,
       38.77908662567463
      ],
      [
       -76.71401662377963,
       38.776895671343674
      ],
      [
       -76.71254792618792,
       38.77491006784807
      ],
      [
       -76.70819214910115,
       38.77315681350481
      ],
      [
       -76.70285087853289,
       38.77006591527392
      ],
      [
       -76.7009466899837,
       38.76874708839509
      ],
      [
       -76.70007831060431,
       38.7661887933268
      ],
      [
       -76.69954479080579,
       38.75934512903313
      ],
      [
       -76.69949968018868,
       38.75412136375937
      ],
      [
       -76.69754691097492,
       38.75046186460987
      ],
      [
       -76.69637403493005,
       38.749426110994115
      ],
      [
       -76.69437702261102,
       38.74888287213087
      ],
      [
       -76.69022424330124,
       38.748904961662966
      ],
      [
       -76.68647832705733,
       38.748567891765894
      ],
      [
       -76.68486562249562,
       38.74692672134472
      ],
      [
       -76.68458628367429,
       38.74585824249625
      ],
      [
       -76.68483872962773,
       38.743757282555286
      ],
      [
       -76.68401806340107,
       38.7383478015858
      ],
      [
       -76.68484393469893,
       38.736749173967176
      ],
      [
       -76.68700924432025,
       38.73589668165468
      ],
      [
       -76.69384090027691,
       38.73591140800941
      ],
      [
       -76.69499642608443,
       38.73507527831328
      ],
      [
       -76.69570605079205,
       38.73317476042276
      ],
      [
       -76.6955551037271,
       38.73154422570223
      ],
      [
       -76.69370036335437,
       38.72706986825787
      ],
      [
       -76.69358932183533,
       38.72476110308911
      ],
      [
       -76.6943457921838,
       38.72341036910837
      ],
      [
       -76.69914486783487,
       38.71568066913867
      ],
      [
       -76.70120781105581,
       38.71275503333303
      ],
      [
       -76.70195994384495,
       38.71086433301233
      ],
      [
       -76.70099700567201,
       38.70924361586162
      ],
      [
       -76.69774296865697,
       38.70702975386776
      ],
      [
       -76.695987992149,
       38.70498524495325
      ],
      [
       -76.69494611039612,
       38.702467856425855
      ],
      [
       -76.69498341340642,
       38.700307172935176
      ],
      [
       -76.69600794492194,
       38.69778323936124
      ],
      [
       -76.6979320862441,
       38.69478233552034
      ],
      [
       -76.6985245968496,
       38.69224285746086
      ],
      [
       -76.69842917054417,
       38.69044296966097
      ],
      [
       -76.69743066438467,
       38.68779713459514
      ],
      [
       -76.69549004033705,
       38.68578126025926
      ],
      [
       -76.69332473071573,
       38.68445588833389
      ],
      [
       -76.68714717870718,
       38.681370717018716
      ],
      [
       -76.68698235145236,
       38.680634399282404
      ],
      [
       -76.68742391499292,
       38.678746153354155
      ],
      [
       -76.69046107404108,
       38.67368274172075
      ],
      [
       -76.69295603817204,
       38.672353279141284
      ],
      [
       -76.69926111442511,
       38.67110890216691
      ],
      [
       -76.70066735116235,
       38.670131235839236
      ],
      [
       -76.70100307825508,
       38.66836161887962
      ],
      [
       -76.70038107224607,
       38.66702233873034
      ],
      [
       -76.69926111442511,
       38.66576896231697
      ],
      [
       -76.69717301336001,
       38.66466284945085
      ],
      [
       -76.69423561817662,
       38.66384062797863
      ],
      [
       -76.69095121824623,
       38.6640287980668
      ],
      [
       -76.68737012925713,
       38.66379317639118
      ],
      [
       -76.68492287827888,
       38.66302740594541
      ],
      [
       -76.68332925897826,
       38.661177612165616
      ],
      [
       -76.68318611952013,
       38.658813214101215
      ],
      [
       -76.68512674356775,
       38.65477082972883
      ],
      [
       -76.68682966936368,
       38.653033119871125
      ],
      [
       -76.68912857581257,
       38.65124795842596
      ],
      [
       -76.69162961252661,
       38.6485064020544
      ],
      [
       -76.6921240942911,
       38.64660261164062
      ],
      [
       -76.69216573486074,
       38.64319836930637
      ],
      [
       -76.69285280425981,
       38.63643733622534
      ],
      [
       -76.69202086037886,
       38.634931975519976
      ],
      [
       -76.69018086770787,
       38.633038002676
      ],
      [
       -76.68613826240527,
       38.63018190798991
      ],
      [
       -76.68346372331773,
       38.62912979175779
      ],
      [
       -76.6812238076758,
       38.62872972578773
      ],
      [
       -76.67935518711319,
       38.627949228987234
      ],
      [
       -76.67756204008305,
       38.62623360866161
      ],
      [
       -76.6759076949517,
       38.62306498800299
      ],
      [
       -76.67455784648585,
       38.62137309347109
      ],
      [
       -76.67233441356942,
       38.61753278741079
      ],
      [
       -76.67222076951478,
       38.614404255162256
      ],
      [
       -76.67276383194384,
       38.61245628568429
      ],
      [
       -76.67347866172267,
       38.607248883026884
      ],
      [
       -76.67317243003343,
       38.60330794687595
      ],
      [
       -76.67240728456629,
       38.60062693218494
      ],
      [
       -76.67255736411937,
       38.59927128941929
      ],
      [
       -76.67440516439717,
       38.5957246923227
      ],
      [
       -76.6746871057541,
       38.59330302510103
      ],
      [
       -76.67516597230498,
       38.5921060997141
      ],
      [
       -76.67728096623797,
       38.589565803523804
      ],
      [
       -76.67948010882212,
       38.585210893178896
      ],
      [
       -76.68070243304344,
       38.58049927779728
      ],
      [
       -76.67943586571687,
       38.57603964670765
      ],
      [
       -76.67779887082287,
       38.572373602511604
      ],
      [
       -76.67769216686317,
       38.56989793865594
      ],
      [
       -76.67889106826408,
       38.56795405983206
      ],
      [
       -76.67914438172939,
       38.56673422678223
      ],
      [
       -76.67867072024973,
       38.56555202775003
      ],
      [
       -76.67701117004718,
       38.56345106780907
      ],
      [
       -76.67614105564407,
       38.56147282749083
      ],
      [
       -76.67546786643487,
       38.558823719901724
      ],
      [
       -76.67289569374769,
       38.554647980205985
      ],
      [
       -76.6722736877387,
       38.55284563801364
      ],
      [
       -76.67240728456629,
       38.54889161176961
      ],
      [
       -76.67264238028238,
       38.546817650145655
      ],
      [
       -76.67355413525515,
       38.54289062221862
      ],
      [
       -76.6744442024312,
       38.53992407987208
      ],
      [
       -76.67541668323469,
       38.53799001861802
      ],
      [
       -76.67545658878059,
       38.53587596858397
      ],
      [
       -76.67829769014669,
       38.535372
      ],
      [
       -76.68488470775671,
       38.53680863771664
      ],
      [
       -76.68634386271786,
       38.53741078199879
      ],
      [
       -76.68981824774725,
       38.53762840479641
      ],
      [
       -76.69147606292607,
       38.538447353745354
      ],
      [
       -76.69203907812808,
       38.540500043968045
      ],
      [
       -76.69253702994003,
       38.541165184323184
      ],
      [
       -76.69706370686471,
       38.5431646960427
      ],
      [
       -76.6987518849589,
       38.543015796233796
      ],
      [
       -76.69958643137544,
       38.54248482933283
      ],
      [
       -76.70116183292684,
       38.542474193632195
      ],
      [
       -76.70114535020136,
       38.544675783663784
      ],
      [
       -76.70229133337834,
       38.546409402867404
      ],
      [
       -76.70406192509994,
       38.547117904155904
      ],
      [
       -76.70586027720128,
       38.54613778343579
      ],
      [
       -76.70613961602263,
       38.5454161920542
      ],
      [
       -76.70529986453487,
       38.54393864779665
      ],
      [
       -76.70438637453837,
       38.54419390461191
      ],
      [
       -76.70504741858142,
       38.54292171118971
      ],
      [
       -76.70694032947634,
       38.543428952296956
      ],
      [
       -76.70773930790631,
       38.54644212810013
      ],
      [
       -76.71013103812504,
       38.54708517892318
      ],
      [
       -76.71154074490975,
       38.548611811029815
      ],
      [
       -76.71246377753678,
       38.54889570242371
      ],
      [
       -76.71270234330035,
       38.54777077254877
      ],
      [
       -76.71671285066385,
       38.548331192159196
      ],
      [
       -76.71520424752624,
       38.549294950262954
      ],
      [
       -76.71512790648191,
       38.54977192052992
      ],
      [
       -76.71660527919228,
       38.54974328595129
      ],
      [
       -76.7177425872506,
       38.55041497135297
      ],
      [
       -76.7188851003801,
       38.55035606593407
      ],
      [
       -76.7203537979718,
       38.551203649461655
      ],
      [
       -76.72327818047718,
       38.55139427394228
      ],
      [
       -76.72563868026869,
       38.5528210940891
      ],
      [
       -76.7283565949496,
       38.55420373517174
      ],
      [
       -76.73147443260143,
       38.55538511607312
      ],
      [
       -76.73328406235707,
       38.5574328975109
      ],
      [
       -76.735202998608,
       38.55761697694498
      ],
      [
       -76.7370030857331,
       38.55707373808174
      ],
      [
       -76.73871121660022,
       38.55804485936286
      ],
      [
       -76.74022415729716,
       38.558489922527926
      ],
      [
       -76.74074726695326,
       38.55914115465916
      ],
      [
       -76.74018772179872,
       38.56019572528373
      ],
      [
       -76.73982423432624,
       38.56238586148386
      ],
      [
       -76.74050956870157,
       38.563387253605256
      ],
      [
       -76.7398919002519,
       38.56477316721117
      ],
      [
       -76.7416598894379,
       38.565821192789194
      ],
      [
       -76.73978172624473,
       38.566522330900334
      ],
      [
       -76.7393523078703,
       38.567796160584166
      ],
      [
       -76.7398441870992,
       38.56940624203425
      ],
      [
       -76.74100318295419,
       38.57038636275436
      ],
      [
       -76.74085570593671,
       38.57163810290611
      ],
      [
       -76.74004284731686,
       38.572250064758066
      ],
      [
       -76.73979907648209,
       38.57320727781528
      ],
      [
       -76.74097108501509,
       38.574477016845016
      ],
      [
       -76.74234175376576,
       38.57658124930925
      ],
      [
       -76.74113157471058,
       38.57880901952702
      ],
      [
       -76.74259506723106,
       38.58199972971773
      ],
      [
       -76.74231225836226,
       38.58382988835789
      ],
      [
       -76.74239640701342,
       38.58965170725971
      ],
      [
       -76.74268181841782,
       38.59421687722488
      ],
      [
       -76.74336541776943,
       38.59522236000036
      ],
      [
       -76.74437173153574,
       38.595475980553985
      ],
      [
       -76.74550123198723,
       38.59664181696982
      ],
      [
       -76.74539105798006,
       38.597404314892316
      ],
      [
       -76.74647805035005,
       38.59969017239818
      ],
      [
       -76.74583001898502,
       38.60072101722902
      ],
      [
       -76.7464181920312,
       38.60306414389215
      ],
      [
       -76.74583522405622,
       38.605252643830646
      ],
      [
       -76.74636440629541,
       38.60854807476608
      ],
      [
       -76.74666196286597,
       38.61222311840112
      ],
      [
       -76.74733515207515,
       38.616677022575026
      ],
      [
       -76.74849501544202,
       38.61819710963511
      ],
      [
       -76.75146103851704,
       38.619004604752604
      ],
      [
       -76.75516704921505,
       38.62015407855208
      ],
      [
       -76.75684394965495,
       38.6196721995002
      ],
      [
       -76.7579508947979,
       38.61971310604111
      ],
      [
       -76.76211581927382,
       38.62108265703066
      ],
      [
       -76.76341188200388,
       38.62228203681004
      ],
      [
       -76.7654808978079,
       38.623037171555175
      ],
      [
       -76.76603176784377,
       38.62290136183936
      ],
      [
       -76.76909495224795,
       38.623806214524215
      ],
      [
       -76.77068163145364,
       38.62468815954616
      ],
      [
       -76.77784294191994,
       38.62704928508729
      ],
      [
       -76.78658312398512,
       38.63044370985171
      ],
      [
       -76.81024190763591,
       38.63930815726616
      ],
      [
       -76.8168566856257,
       38.64159483290283
      ],
      [
       -76.81754375502476,
       38.641952356070355
      ],
      [
       -76.83523492453892,
       38.64834932093732
      ],
      [
       -76.8420258074378,
       38.65102460871261
      ],
      [
       -76.85715868445469,
       38.65647908687709
      ],
      [
       -76.8629553987534,
       38.658648769806774
      ],
      [
       -76.86441195117895,
       38.65809080458881
      ],
      [
       -76.86636732292833,
       38.65887702830503
      ],
      [
       -76.86892821796123,
       38.65793617786418
      ],
      [
       -76.87156805657406,
       38.6588803008283
      ],
      [
       -76.87416712212912,
       38.65826015766816
      ],
      [
       -76.87598976456276,
       38.658332153180154
      ],
      [
       -76.87895578763779,
       38.65900383858184
      ],
      [
       -76.8799863917364,
       38.65865776924577
      ],
      [
       -76.88226881545982,
       38.65696178405979
      ],
      [
       -76.886026009358,
       38.657618743106745
      ],
      [
       -76.88924621341022,
       38.65681697490498
      ],
      [
       -76.89044337978738,
       38.654967999256
      ],
      [
       -76.89446082724582,
       38.65522571046371
      ],
      [
       -76.89514963166863,
       38.654594113472115
      ],
      [
       -76.89834467787668,
       38.65461293048093
      ],
      [
       -76.89971100906801,
       38.653196746034745
      ],
      [
       -76.9012733979414,
       38.652344253722255
      ],
      [
       -76.9033588964709,
       38.65251524306324
      ],
      [
       -76.90470527488928,
       38.6515613025293
      ],
      [
       -76.90899165102665,
       38.652270621948624
      ],
      [
       -76.91002399014899,
       38.65216262868063
      ],
      [
       -76.91109276476976,
       38.65290794585595
      ],
      [
       -76.9117512062772,
       38.65265268904069
      ],
      [
       -76.91351572541572,
       38.6529283991264
      ],
      [
       -76.91501218338719,
       38.65298321389122
      ],
      [
       -76.9168356933327,
       38.65249806231606
      ],
      [
       -76.92024935253136,
       38.653920791808794
      ],
      [
       -76.9226167924178,
       38.654325766563765
      ],
      [
       -76.9274817989708,
       38.65485018841819
      ],
      [
       -76.93062913202614,
       38.654090144888144
      ],
      [
       -76.93268166510467,
       38.65485591533392
      ],
      [
       -76.93503435728935,
       38.655255163173166
      ],
      [
       -76.93955496163096,
       38.654589204687205
      ],
      [
       -76.94200568265668,
       38.6562401926782
      ],
      [
       -76.94350387565187,
       38.65641527267327
      ],
      [
       -76.94363313492013,
       38.65690124237924
      ],
      [
       -76.94659482043582,
       38.6589342974623
      ],
      [
       -76.94775294877896,
       38.65903901820702
      ],
      [
       -76.94980808439308,
       38.6584875980356
      ],
      [
       -76.95450132359633,
       38.65845814532615
      ],
      [
       -76.95640117458618,
       38.65894084250885
      ],
      [
       -76.95852310861412,
       38.65892038923839
      ],
      [
       -76.95947997420397,
       38.659484081372085
      ],
      [
       -76.96574774744676,
       38.66127006094806
      ],
      [
       -76.97043231153131,
       38.66046011143811
      ],
      [
       -76.97106125763526,
       38.659470991278994
      ],
      [
       -76.97195305983506,
       38.65951598847399
      ],
      [
       -76.97245968676569,
       38.65843196513997
      ],
      [
       -76.97430922206722,
       38.658265884583884
      ],
      [
       -76.97682413897114,
       38.65868804008604
      ],
      [
       -76.97870230216431,
       38.65765065020865
      ],
      [
       -76.9797918970699,
       38.658098985896984
      ],
      [
       -76.98236667229267,
       38.65750665918466
      ],
      [
       -76.98430035624536,
       38.6576981017961
      ],
      [
       -76.98671117172518,
       38.65684806387607
      ],
      [
       -76.98723688391688,
       38.65707386798187
      ],
      [
       -76.98944556913158,
       38.656447179775185
      ],
      [
       -76.99142696623697,
       38.657155681063685
      ],
      [
       -76.9924141947422,
       38.65647826874627
      ],
      [
       -76.99395836586636,
       38.65640463697264
      ],
      [
       -76.99571941495742,
       38.65540978989779
      ],
      [
       -76.9970441055791,
       38.6552657988738
      ],
      [
       -76.99928228619729,
       38.6541555953536
      ],
      [
       -77.00210603732604,
       38.65471928748729
      ],
      [
       -77.00255280593781,
       38.654042693300696
      ],
      [
       -77.00407181921783,
       38.65323601631402
      ],
      [
       -77.00531062616463,
       38.65351581705382
      ],
      [
       -77.00524903282204,
       38.65274022903823
      ],
      [
       -77.00679233643434,
       38.65230498344299
      ],
      [
       -77.00907476015776,
       38.65246533708334
      ],
      [
       -77.0110283968834,
       38.65197527672328
      ],
      [
       -77.01208415882616,
       38.65067363059163
      ],
      [
       -77.013217996837,
       38.650635996573996
      ],
      [
       -77.01478559078159,
       38.64992585902386
      ],
      [
       -77.0178001945212,
       38.6490430958711
      ],
      [
       -77.02008869082769,
       38.64759582245382
      ],
      [
       -77.02111582487882,
       38.64644389426189
      ],
      [
       -77.0211297050687,
       38.645125885513885
      ],
      [
       -77.02237198206298,
       38.64206034933835
      ],
      [
       -77.02479841275641,
       38.64047726620527
      ],
      [
       -77.02508122162523,
       38.639472601560605
      ],
      [
       -77.0263477889518,
       38.638597201585206
      ],
      [
       -77.02683706564507,
       38.6368464016344
      ],
      [
       -77.02646403554203,
       38.63636615884416
      ],
      [
       -77.02701317055417,
       38.63500397103197
      ],
      [
       -77.02873691663491,
       38.6336695996676
      ],
      [
       -77.03124923100323,
       38.63321471893272
      ],
      [
       -77.03248717043817,
       38.63210696980497
      ],
      [
       -77.03476091904292,
       38.63157191224992
      ],
      [
       -77.03773388221288,
       38.6300280993961
      ],
      [
       -77.0383021024861,
       38.62918787904588
      ],
      [
       -77.03933964667965,
       38.628796812514814
      ],
      [
       -77.03999722067522,
       38.62596362549163
      ],
      [
       -77.04060794902995,
       38.62568137035937
      ],
      [
       -77.04162987800989,
       38.624122831150835
      ],
      [
       -77.04276371602072,
       38.62346669023469
      ],
      [
       -77.04309684057785,
       38.622498023346026
      ],
      [
       -77.04491688047588,
       38.621517902625904
      ],
      [
       -77.04621901578902,
       38.6201548966829
      ],
      [
       -77.04597611246611,
       38.61878370943171
      ],
      [
       -77.04648707695608,
       38.61759414722215
      ],
      [
       -77.04781003255404,
       38.616170599598604
      ],
      [
       -77.0501982927253,
       38.62071695255496
      ],
      [
       -77.05169735323236,
       38.62521667205468
      ],
      [
       -77.05259783055084,
       38.62681611780412
      ],
      [
       -77.05573128341628,
       38.635480941298944
      ],
      [
       -77.0571592079502,
       38.638184045522046
      ],
      [
       -77.05859841013842,
       38.641415662253664
      ],
      [
       -77.06296112732012,
       38.65307402641203
      ],
      [
       -77.07049893793693,
       38.672714892962894
      ],
      [
       -77.07209862982063,
       38.67701498854299
      ],
      [
       -77.07339035499136,
       38.68167833420634
      ],
      [
       -77.0748286896677,
       38.68537873989674
      ],
      [
       -77.07599896317696,
       38.687214625452626
      ],
      [
       -77.0785988962439,
       38.694113922641925
      ],
      [
       -77.0863908878379,
       38.70622716753517
      ],
      [
       -77.08413969454169,
       38.706834220602225
      ],
      [
       -77.08161436749536,
       38.70792560711361
      ],
      [
       -77.07992792442492,
       38.709063627081626
      ],
      [
       -77.08083013676713,
       38.71038327209127
      ],
      [
       -77.0807963038043,
       38.711143315621314
      ],
      [
       -77.07981428037029,
       38.712672402120404
      ],
      [
       -77.0779231044991,
       38.71345780770581
      ],
      [
       -77.07509328078729,
       38.71260367913168
      ],
      [
       -77.07418586337387,
       38.71282375632176
      ],
      [
       -77.07418326083827,
       38.71198680849481
      ],
      [
       -77.073156994299,
       38.71081115450916
      ],
      [
       -77.07183403870104,
       38.71008465434266
      ],
      [
       -77.06179172132272,
       38.70980976238776
      ],
      [
       -77.0565077065377,
       38.71021637340438
      ],
      [
       -77.05354515351016,
       38.7098023992104
      ],
      [
       -77.05189601345002,
       38.71108686459487
      ],
      [
       -77.04831492446093,
       38.7128073937054
      ],
      [
       -77.04619559296859,
       38.714431383379384
      ],
      [
       -77.0454425926676,
       38.71576575474376
      ],
      [
       -77.04333800887701,
       38.71846804083604
      ],
      [
       -77.04267783234583,
       38.72105824300625
      ],
      [
       -77.04226836674437,
       38.723726985734984
      ],
      [
       -77.04146938831438,
       38.72584676268477
      ],
      [
       -77.04166978355579,
       38.72689887891688
      ],
      [
       -77.0416055876776,
       38.73366236639037
      ],
      [
       -77.04183981588181,
       38.73641292220093
      ],
      [
       -77.04158997246397,
       38.736817078825084
      ],
      [
       -77.0434212900163,
       38.73946291389092
      ],
      [
       -77.04228224693425,
       38.74128489122289
      ],
      [
       -77.04204107863508,
       38.74616176902977
      ],
      [
       -77.04151363141963,
       38.761037841695845
      ],
      [
       -77.04136441937843,
       38.76567418904219
      ],
      [
       -77.04136181684282,
       38.785414867552866
      ],
      [
       -77.04024966662867,
       38.78521606176406
      ],
      [
       -77.04009524951626,
       38.789912132660135
      ],
      [
       -77.03900565461066,
       38.79164493373293
      ],
      [
       -77.0243342939073,
       38.80311267341067
      ],
      [
       -77.02226701312702,
       38.80477920588721
      ],
      [
       -77.02072717956219,
       38.805930315948316
      ],
      [
       -77.00661796654897,
       38.81694808367609
      ],
      [
       -77.0044838873549,
       38.81866206774007
      ],
      [
       -77.00156210738511,
       38.821013375711374
      ],
      [
       -77.00103726270527,
       38.82143634934435
      ],
      [
       -76.98732623763924,
       38.832108865866864
      ],
      [
       -76.95811017296518,
       38.85490935363735
      ],
      [
       -76.9468090958671,
       38.863701805539804
      ],
      [
       -76.92096591733392,
       38.883840095628095
      ],
      [
       -76.91278441291142,
       38.89022233414033
      ],
      [
       -76.90939330902131,
       38.89285180658981
      ],
      [
       -76.91050198918799,
       38.89375011422811
      ],
      [
       -76.91286769405069,
       38.89558436352237
      ],
      [
       -76.92359881585182,
       38.90399802085602
      ],
      [
       -76.93404626127226,
       38.91218423782224
      ],
      [
       -76.93705826247627,
       38.914820255318254
      ],
      [
       -76.94145481262082,
       38.918212225690226
      ]
     ]
    ]
   }
  },
  {
   "type": "Feature",
   "properties": {
    "name": "Accokeek",
    "geoid": "2400250"
   },
   "geometry": {
    "type": "Polygon",
    "coordinates": [
     [
      [
       -77.0785988962439,
       38.694113922641925
      ],
      [
       -77.05949888745688,
       38.701913981861985
      ],
      [
       -77.04339786719586,
       38.70361405770206
      ],
      [
       -77.02909693405994,
       38.69811376421177
      ],
      [
       -77.00413341256042,
       38.696350692298694
      ],
      [
       -77.00297181416981,
       38.69681293621094
      ],
      [
       -77.00201668360369,
       38.696556043134045
      ],
      [
       -77.00135910960812,
       38.69701992330793
      ],
      [
       -77.00026083958385,
       38.69644395921196
      ],
      [
       -76.99771035469335,
       38.69740199039999
      ],
      [
       -76.99657738419438,
       38.697378264606265
      ],
      [
       -76.99571681242182,
       38.696606767244766
      ],
      [
       -76.9943660964441,
       38.697762786090784
      ],
      [
       -76.9926570980651,
       38.69618624800425
      ],
      [
       -76.99095677480477,
       38.69539511550312
      ],
      [
       -76.98920700336801,
       38.696044711372714
      ],
      [
       -76.98745636441937,
       38.69845083410883
      ],
      [
       -76.98599026936327,
       38.69868318326119
      ],
      [
       -76.98565280724681,
       38.6993515961396
      ],
      [
       -76.98398458192558,
       38.69927796436597
      ],
      [
       -76.98210208117308,
       38.698102310380314
      ],
      [
       -76.98087194934494,
       38.69782005524806
      ],
      [
       -76.97933385080385,
       38.698158761406766
      ],
      [
       -76.97744527746828,
       38.69924769352569
      ],
      [
       -76.97695773579873,
       38.70172581177381
      ],
      [
       -76.97556364422765,
       38.70325980705781
      ],
      [
       -76.97224280879881,
       38.70341116125916
      ],
      [
       -76.97094327602127,
       38.704374101232105
      ],
      [
       -76.97190534668235,
       38.70590318773119
      ],
      [
       -76.97153925667426,
       38.70672622733423
      ],
      [
       -76.96945202312102,
       38.70666404939205
      ],
      [
       -76.96884736734937,
       38.7061069023049
      ],
      [
       -76.96696833664434,
       38.706210804918804
      ],
      [
       -76.9654606010186,
       38.70550884867685
      ],
      [
       -76.96453062829663,
       38.705814011472015
      ],
      [
       -76.96380538837539,
       38.70671722789523
      ],
      [
       -76.95986341444942,
       38.707929697767696
      ],
      [
       -76.95705874858174,
       38.707304645822646
      ],
      [
       -76.95611663069363,
       38.70782824954625
      ],
      [
       -76.95390621045522,
       38.70820540785341
      ],
      [
       -76.95244618798219,
       38.70753126805927
      ],
      [
       -76.95099397311597,
       38.70587782567583
      ],
      [
       -76.94880957823358,
       38.706137991275995
      ],
      [
       -76.94776596145697,
       38.70799433010233
      ],
      [
       -76.9464378007878,
       38.707974694962694
      ],
      [
       -76.9461280990511,
       38.70732918974719
      ],
      [
       -76.94147303037003,
       38.70826022261822
      ],
      [
       -76.93931813089114,
       38.709354881652885
      ],
      [
       -76.93865882187183,
       38.70782988580789
      ],
      [
       -76.936248006392,
       38.70895072502873
      ],
      [
       -76.93270075036575,
       38.70903662876463
      ],
      [
       -76.92446025513625,
       38.70769734861535
      ],
      [
       -76.92098326757127,
       38.70699293798094
      ],
      [
       -76.91913112973413,
       38.705808284556284
      ],
      [
       -76.92191584282884,
       38.7045090928171
      ],
      [
       -76.92341924089524,
       38.70338825359625
      ],
      [
       -76.92590205986006,
       38.69988501743302
      ],
      [
       -76.92626207728507,
       38.69764579338379
      ],
      [
       -76.9252843914104,
       38.695905629133634
      ],
      [
       -76.92345220634621,
       38.694787244305246
      ],
      [
       -76.92063366028866,
       38.692600380628384
      ],
      [
       -76.92044280767782,
       38.6917077999058
      ],
      [
       -76.92042719246419,
       38.688486000744
      ],
      [
       -76.92156710305811,
       38.685400011298015
      ],
      [
       -76.92359274326874,
       38.68510712046512
      ],
      [
       -76.92790687978588,
       38.68312560762361
      ],
      [
       -76.93372701690502,
       38.68071866675667
      ],
      [
       -76.93642324378925,
       38.67981135967936
      ],
      [
       -76.93920101678901,
       38.67811373823174
      ],
      [
       -76.9384965971526,
       38.67692335789136
      ],
      [
       -76.93658373348474,
       38.67259299147099
      ],
      [
       -76.93494934112634,
       38.670190141258146
      ],
      [
       -76.93402457347558,
       38.669979881637886
      ],
      [
       -76.93153741695141,
       38.67021795770596
      ],
      [
       -76.92888543317244,
       38.66873468653269
      ],
      [
       -76.92853062081862,
       38.66808018187818
      ],
      [
       -76.9283015976856,
       38.665846684744686
      ],
      [
       -76.92749394413694,
       38.664513131511136
      ],
      [
       -76.92482374260875,
       38.66344628892429
      ],
      [
       -76.91761124894225,
       38.663578826116826
      ],
      [
       -76.91636897194797,
       38.66294395660196
      ],
      [
       -76.91517007054708,
       38.66121524618325
      ],
      [
       -76.91539388860889,
       38.65937281558082
      ],
      [
       -76.91424183284883,
       38.65750665918466
      ],
      [
       -76.9134229016459,
       38.65500072448873
      ],
      [
       -76.91351572541572,
       38.6529283991264
      ],
      [
       -76.91501218338719,
       38.65298321389122
      ],
      [
       -76.9168356933327,
       38.65249806231606
      ],
      [
       -76.92024935253136,
       38.653920791808794
      ],
      [
       -76.9226167924178,
       38.654325766563765
      ],
      [
       -76.9274817989708,
       38.65485018841819
      ],
      [
       -76.93062913202614,
       38.654090144888144
      ],
      [
       -76.93268166510467,
       38.65485591533392
      ],
      [
       -76.93503435728935,
       38.655255163173166
      ],
      [
       -76.93955496163096,
       38.654589204687205
      ],
      [
       -76.94200568265668,
       38.6562401926782
      ],
      [
       -76.94350387565187,
       38.65641527267327
      ],
      [
       -76.94363313492013,
       38.65690124237924
      ],
      [
       -76.94659482043582,
       38.6589342974623
      ],
      [
       -76.94775294877896,
       38.65903901820702
      ],
      [
       -76.94980808439308,
       38.6584875980356
      ],
      [
       -76.95450132359633,
       38.65845814532615
      ],
      [
       -76.95640117458618,
       38.65894084250885
      ],
      [
       -76.95852310861412,
       38.65892038923839
      ],
      [
       -76.95947997420397,
       38.659484081372085
      ],
      [
       -76.96574774744676,
       38.66127006094806
      ],
      [
       -76.97043231153131,
       38.66046011143811
      ],
      [
       -76.97106125763526,
       38.659470991278994
      ],
      [
       -76.97195305983506,
       38.65951598847399
      ],
      [
       -76.97245968676569,
       38.65843196513997
      ],
      [
       -76.97430922206722,
       38.658265884583884
      ],
      [
       -76.97682413897114,
       38.65868804008604
      ],
      [
       -76.97870230216431,
       38.65765065020865
      ],
      [
       -76.9797918970699,
       38.658098985896984
      ],
      [
       -76.98236667229267,
       38.65750665918466
      ],
      [
       -76.98430035624536,
       38.6576981017961
      ],
      [
       -76.98671117172518,
       38.65684806387607
      ],
      [
       -76.98723688391688,
       38.65707386798187
      ],
      [
       -76.98944556913158,
       38.656447179775185
      ],
      [
       -76.99142696623697,
       38.657155681063685
      ],
      [
       -76.9924141947422,
       38.65647826874627
      ],
      [
       -76.99395836586636,
       38.65640463697264
      ],
      [
       -76.99571941495742,
       38.65540978989779
      ],
      [
       -76.9970441055791,
       38.6552657988738
      ],
      [
       -76.99928228619729,
       38.6541555953536
      ],
      [
       -77.00210603732604,
       38.65471928748729
      ],
      [
       -77.00255280593781,
       38.654042693300696
      ],
      [
       -77.00407181921783,
       38.65323601631402
      ],
      [
       -77.00531062616463,
       38.65351581705382
      ],
      [
       -77.00524903282204,
       38.65274022903823
      ],
      [
       -77.00679233643434,
       38.65230498344299
      ],
      [
       -77.00907476015776,
       38.65246533708334
      ],
      [
       -77.0110283968834,
       38.65197527672328
      ],
      [
       -77.01208415882616,
       38.65067363059163
      ],
      [
       -77.013217996837,
       38.650635996573996
      ],
      [
       -77.01478559078159,
       38.64992585902386
      ],
      [
       -77.0178001945212,
       38.6490430958711
      ],
      [
       -77.02008869082769,
       38.64759582245382
      ],
      [
       -77.02111582487882,
       38.64644389426189
      ],
      [
       -77.0211297050687,
       38.645125885513885
      ],
      [
       -77.02237198206298,
       38.64206034933835
      ],
      [
       -77.02479841275641,
       38.64047726620527
      ],
      [
       -77.02508122162523,
       38.639472601560605
      ],
      [
       -77.0263477889518,
       38.638597201585206
      ],
      [
       -77.02683706564507,
       38.6368464016344
      ],
      [
       -77.02646403554203,
       38.63636615884416
      ],
      [
       -77.02701317055417,
       38.63500397103197
      ],
      [
       -77.02873691663491,
       38.6336695996676
      ],
      [
       -77.03124923100323,
       38.63321471893272
      ],
      [
       -77.03248717043817,
       38.63210696980497
      ],
      [
       -77.03476091904292,
       38.63157191224992
      ],
      [
       -77.03773388221288,
       38.6300280993961
      ],
      [
       -77.0383021024861,
       38.62918787904588
      ],
      [
       -77.03933964667965,
       38.628796812514814
      ],
      [
       -77.03999722067522,
       38.62596362549163
      ],
      [
       -77.04060794902995,
       38.62568137035937
      ],
      [
       -77.04162987800989,
       38.624122831150835
      ],
      [
       -77.04276371602072,
       38.62346669023469
      ],
      [
       -77.04309684057785,
       38.622498023346026
      ],
      [
       -77.04491688047588,
       38.621517902625904
      ],
      [
       -77.04621901578902,
       38.6201548966829
      ],
      [
       -77.04597611246611,
       38.61878370943171
      ],
      [
       -77.04648707695608,
       38.61759414722215
      ],
      [
       -77.04781003255404,
       38.616170599598604
      ],
      [
       -77.0501982927253,
       38.62071695255496
      ],
      [
       -77.05169735323236,
       38.62521667205468
      ],
      [
       -77.05259783055084,
       38.62681611780412
      ],
      [
       -77.05573128341628,
       38.635480941298944
      ],
      [
       -77.0571592079502,
       38.638184045522046
      ],
      [
       -77.05859841013842,
       38.641415662253664
      ],
      [
       -77.06296112732012,
       38.65307402641203
      ],
      [
       -77.07049893793693,
       38.672714892962894
      ],
      [
       -77.07209862982063,
       38.67701498854299
      ],
      [
       -77.07339035499136,
       38.68167833420634
      ],
      [
       -77.0748286896677,
       38.68537873989674
      ],
      [
       -77.07599896317696,
       38.687214625452626
      ],
      [
       -77.0785988962439,
       38.694113922641925
      ]
     ]
    ]
   }
  },
  {
   "type": "Feature",
   "properties": {
    "name": "Adelphi",
    "geoid": "2400400"
   },
   "geometry": {
    "type": "Polygon",
    "coordinates": [
     [
      [
       -76.9836289020599,
       39.002266985944985
      ],
      [
       -76.98026122099023,
       39.00720113290913
      ],
      [
       -76.97809764639265,
       39.0098076976957
      ],
      [
       -76.97189233400434,
       39.018353892221896
      ],
      [
       -76.97172316919017,
       39.018555970533974
      ],
      [
       -76.96915706908607,
       39.018533062871064
      ],
      [
       -76.96502771259671,
       39.018894676692675
      ],
      [
       -76.95780394127594,
       39.02022004861805
      ],
      [
       -76.94985666505767,
       39.02208538688339
      ],
      [
       -76.9510147934008,
       39.01824017203817
      ],
      [
       -76.9520106970247,
       39.016518006666004
      ],
      [
       -76.95341693376193,
       39.010884357852355
      ],
      [
       -76.95401985450985,
       39.01120424700225
      ],
      [
       -76.95849187818688,
       39.00421168289969
      ],
      [
       -76.96115166957267,
       39.00494881876682
      ],
      [
       -76.96337510248911,
       39.0038787036567
      ],
      [
       -76.9640587018407,
       39.0025746031326
      ],
      [
       -76.9656557911888,
       39.0029673059253
      ],
      [
       -76.96243905718406,
       38.99892164902965
      ],
      [
       -76.9612523009493,
       38.99532105529906
      ],
      [
       -76.96004038687039,
       38.99407340580141
      ],
      [
       -76.9573268097488,
       38.99216961538762
      ],
      [
       -76.95664494542095,
       38.99112977111777
      ],
      [
       -76.95689912639813,
       38.98884473174273
      ],
      [
       -76.95673863670264,
       38.98786297476097
      ],
      [
       -76.95551717999318,
       38.985459306417305
      ],
      [
       -76.95184326723427,
       38.984673082701086
      ],
      [
       -76.94996336901737,
       38.98460763223563
      ],
      [
       -76.94984972496273,
       38.98361933020733
      ],
      [
       -76.948630003277,
       38.983854951882954
      ],
      [
       -76.94745105464905,
       38.981142030090034
      ],
      [
       -76.94663732851733,
       38.98087204692005
      ],
      [
       -76.93793878702179,
       38.9769621997402
      ],
      [
       -76.93793097941499,
       38.976356782934786
      ],
      [
       -76.94090307507308,
       38.97689838553639
      ],
      [
       -76.9424671989702,
       38.97584136051936
      ],
      [
       -76.94726974466874,
       38.977268998797
      ],
      [
       -76.95426536036837,
       38.97897234716035
      ],
      [
       -76.95478499997701,
       38.981690995868995
      ],
      [
       -76.95383680950582,
       38.981690995868995
      ],
      [
       -76.95394698351299,
       38.98246985640786
      ],
      [
       -76.95171834552535,
       38.98235368183168
      ],
      [
       -76.95219460954061,
       38.98370768833569
      ],
      [
       -76.95531678475179,
       38.983754321792325
      ],
      [
       -76.95538618570119,
       38.984073392811396
      ],
      [
       -76.95756190546491,
       38.98371423338224
      ],
      [
       -76.9586115948246,
       38.98321026479827
      ],
      [
       -76.95985126928328,
       38.984246836544834
      ],
      [
       -76.96024078211178,
       38.985158234276234
      ],
      [
       -76.96418535857336,
       38.98478271223071
      ],
      [
       -76.96428512243813,
       38.98489234176034
      ],
      [
       -76.97278673873974,
       38.984067665895665
      ],
      [
       -76.9682513866964,
       38.989840396948395
      ],
      [
       -76.97203200341501,
       38.992366784914786
      ],
      [
       -76.9734391076641,
       38.99280284864085
      ],
      [
       -76.97519928924329,
       38.992743125091124
      ],
      [
       -76.97703928191429,
       38.994011227859225
      ],
      [
       -76.97709827272128,
       38.99519424502225
      ],
      [
       -76.97907533226733,
       38.997732086820086
      ],
      [
       -76.97970167583567,
       38.999153998181995
      ],
      [
       -76.9828811068301,
       39.00135640634441
      ],
      [
       -76.9836289020599,
       39.002266985944985
      ]
     ]
    ]
   }
  },
  {
   "type": "Feature",
   "properties": {
    "name": "Andrews AFB",
    "geoid": "2401450"
   },
   "geometry": {
    "type": "Polygon",
    "coordinates": [
     [
      [
       -76.89558078506678,
       38.811672776160776
      ],
      [
       -76.89365924628025,
       38.81542390596191
      ],
      [
       -76.89241696928597,
       38.81686463433264
      ],
      [
       -76.89019266885767,
       38.8185598013878
      ],
      [
       -76.88585337449638,
       38.821523071211075
      ],
      [
       -76.87810042093642,
       38.82625677612478
      ],
      [
       -76.8723358045768,
       38.82860317531117
      ],
      [
       -76.87236877002778,
       38.82876434708235
      ],
      [
       -76.86737623923024,
       38.829607021825026
      ],
      [
       -76.85677958176858,
       38.82973874088674
      ],
      [
       -76.85222514446414,
       38.82384492647293
      ],
      [
       -76.84908908906309,
       38.82048977198777
      ],
      [
       -76.84993491313392,
       38.8193672965053
      ],
      [
       -76.84897370998472,
       38.80571023875824
      ],
      [
       -76.84902576069676,
       38.8053928040008
      ],
      [
       -76.85162482625182,
       38.80676071872872
      ],
      [
       -76.8524133945394,
       38.80439795692596
      ],
      [
       -76.85351773714675,
       38.803240301818306
      ],
      [
       -76.85379360592061,
       38.80126287963088
      ],
      [
       -76.85181394383895,
       38.79807626009426
      ],
      [
       -76.85670584325985,
       38.795908213426216
      ],
      [
       -76.85704330537631,
       38.78917172426973
      ],
      [
       -76.86348024343324,
       38.788717661665665
      ],
      [
       -76.86435382788383,
       38.78837895550696
      ],
      [
       -76.861176999425,
       38.78659215780016
      ],
      [
       -76.86118914459115,
       38.78594501632302
      ],
      [
       -76.86128977596778,
       38.785292966060965
      ],
      [
       -76.86430090965992,
       38.78421466964267
      ],
      [
       -76.86462622661023,
       38.78229288035088
      ],
      [
       -76.87685033633534,
       38.78236733025533
      ],
      [
       -76.87968276258276,
       38.78267821996622
      ],
      [
       -76.88283616822117,
       38.78368697526498
      ],
      [
       -76.88502316563917,
       38.78393814142614
      ],
      [
       -76.8878980999681,
       38.783875963483965
      ],
      [
       -76.89061601464901,
       38.78360107152907
      ],
      [
       -76.89186176169076,
       38.7837966047946
      ],
      [
       -76.89640231880531,
       38.786326265284266
      ],
      [
       -76.89704688012289,
       38.78720084712885
      ],
      [
       -76.89762811307412,
       38.790609998248
      ],
      [
       -76.89974397451898,
       38.79578794819595
      ],
      [
       -76.90162821029521,
       38.7989442968923
      ],
      [
       -76.90365732055332,
       38.80187402335203
      ],
      [
       -76.90222679348379,
       38.802644702582704
      ],
      [
       -76.90157962963063,
       38.8046253972934
      ],
      [
       -76.9024297912608,
       38.805107276345275
      ],
      [
       -76.90318365907366,
       38.806636362844365
      ],
      [
       -76.90026361412761,
       38.80715914843715
      ],
      [
       -76.8977165992846,
       38.80876513923314
      ],
      [
       -76.89643441674441,
       38.810219775827775
      ],
      [
       -76.89558078506678,
       38.811672776160776
      ]
     ]
    ]
   }
  },
  {
   "type": "Feature",
   "properties": {
    "name": "Aquasco",
    "geoid": "2401925"
   },
   "geometry": {
    "type": "Polygon",
    "coordinates": [
     [
      [
       -76.69216573486074,
       38.64319836930637
      ],
      [
       -76.69285280425981,
       38.63643733622534
      ],
      [
       -76.69202086037886,
       38.634931975519976
      ],
      [
       -76.69018086770787,
       38.633038002676
      ],
      [
       -76.68613826240527,
       38.63018190798991
      ],
      [
       -76.68346372331773,
       38.62912979175779
      ],
      [
       -76.6812238076758,
       38.62872972578773
      ],
      [
       -76.67935518711319,
       38.627949228987234
      ],
      [
       -76.67756204008305,
       38.62623360866161
      ],
      [
       -76.6759076949517,
       38.62306498800299
      ],
      [
       -76.67455784648585,
       38.62137309347109
      ],
      [
       -76.67233441356942,
       38.61753278741079
      ],
      [
       -76.67222076951478,
       38.614404255162256
      ],
      [
       -76.67276383194384,
       38.61245628568429
      ],
      [
       -76.67347866172267,
       38.607248883026884
      ],
      [
       -76.67317243003343,
       38.60330794687595
      ],
      [
       -76.67240728456629,
       38.60062693218494
      ],
      [
       -76.67255736411937,
       38.59927128941929
      ],
      [
       -76.67440516439717,
       38.5957246923227
      ],
      [
       -76.6746871057541,
       38.59330302510103
      ],
      [
       -76.67516597230498,
       38.5921060997141
      ],
      [
       -76.67728096623797,
       38.589565803523804
      ],
      [
       -76.67948010882212,
       38.585210893178896
      ],
      [
       -76.68070243304344,
       38.58049927779728
      ],
      [
       -76.67943586571687,
       38.57603964670765
      ],
      [
       -76.67779887082287,
       38.572373602511604
      ],
      [
       -76.67769216686317,
       38.56989793865594
      ],
      [
       -76.67889106826408,
       38.56795405983206
      ],
      [
       -76.67914438172939,
       38.56673422678223
      ],
      [
       -76.67867072024973,
       38.56555202775003
      ],
      [
       -76.67701117004718,
       38.56345106780907
      ],
      [
       -76.67614105564407,
       38.56147282749083
      ],
      [
       -76.67546786643487,
       38.558823719901724
      ],
      [
       -76.67289569374769,
       38.554647980205985
      ],
      [
       -76.6722736877387,
       38.55284563801364
      ],
      [
       -76.67240728456629,
       38.54889161176961
      ],
      [
       -76.67264238028238,
       38.546817650145655
      ],
      [
       -76.67355413525515,
       38.54289062221862
      ],
      [
       -76.6744442024312,
       38.53992407987208
      ],
      [
       -76.67541668323469,
       38.53799001861802
      ],
      [
       -76.67545658878059,
       38.53587596858397
      ],
      [
       -76.67829769014669,
       38.535372
      ],
      [
       -76.68488470775671,
       38.53680863771664
      ],
      [
       -76.68634386271786,
       38.53741078199879
      ],
      [
       -76.68981824774725,
       38.53762840479641
      ],
      [
       -76.69147606292607,
       38.538447353745354
      ],
      [
       -76.69203907812808,
       38.540500043968045
      ],
      [
       -76.69253702994003,
       38.541165184323184
      ],
      [
       -76.69706370686471,
       38.5431646960427
      ],
      [
       -76.6987518849589,
       38.543015796233796
      ],
      [
       -76.69958643137544,
       38.54248482933283
      ],
      [
       -76.70116183292684,
       38.542474193632195
      ],
      [
       -76.70114535020136,
       38.544675783663784
      ],
      [
       -76.70229133337834,
       38.546409402867404
      ],
      [
       -76.70406192509994,
       38.547117904155904
      ],
      [
       -76.70586027720128,
       38.54613778343579
      ],
      [
       -76.70613961602263,
       38.5454161920542
      ],
      [
       -76.70529986453487,
       38.54393864779665
      ],
      [
       -76.70438637453837,
       38.54419390461191
      ],
      [
       -76.70504741858142,
       38.54292171118971
      ],
      [
       -76.70694032947634,
       38.543428952296956
      ],
      [
       -76.70773930790631,
       38.54644212810013
      ],
      [
       -76.71013103812504,
       38.54708517892318
      ],
      [
       -76.71154074490975,
       38.548611811029815
      ],
      [
       -76.71246377753678,
       38.54889570242371
      ],
      [
       -76.71270234330035,
       38.54777077254877
      ],
      [
       -76.71671285066385,
       38.548331192159196
      ],
      [
       -76.71520424752624,
       38.549294950262954
      ],
      [
       -76.71512790648191,
       38.54977192052992
      ],
      [
       -76.71660527919228,
       38.54974328595129
      ],
      [
       -76.7177425872506,
       38.55041497135297
      ],
      [
       -76.7188851003801,
       38.55035606593407
      ],
      [
       -76.7203537979718,
       38.551203649461655
      ],
      [
       -76.72327818047718,
       38.55139427394228
      ],
      [
       -76.72563868026869,
       38.5528210940891
      ],
      [
       -76.7283565949496,
       38.55420373517174
      ],
      [
       -76.73147443260143,
       38.55538511607312
      ],
      [
       -76.73328406235707,
       38.5574328975109
      ],
      [
       -76.735202998608,
       38.55761697694498
      ],
      [
       -76.7370030857331,
       38.55707373808174
      ],
      [
       -76.73871121660022,
       38.55804485936286
      ],
      [
       -76.74022415729716,
       38.558489922527926
      ],
      [
       -76.74074726695326,
       38.55914115465916
      ],
      [
       -76.74018772179872,
       38.56019572528373
      ],
      [
       -76.73982423432624,
       38.56238586148386
      ],
      [
       -76.74050956870157,
       38.563387253605256
      ],
      [
       -76.7398919002519,
       38.56477316721117
      ],
      [
       -76.7416598894379,
       38.565821192789194
      ],
      [
       -76.73978172624473,
       38.566522330900334
      ],
      [
       -76.7393523078703,
       38.567796160584166
      ],
      [
       -76.7398441870992,
       38.56940624203425
      ],
      [
       -76.74100318295419,
       38.57038636275436
      ],
      [
       -76.74085570593671,
       38.57163810290611
      ],
      [
       -76.74004284731686,
       38.572250064758066
      ],
      [
       -76.73979907648209,
       38.57320727781528
      ],
      [
       -76.74097108501509,
       38.574477016845016
      ],
      [
       -76.74234175376576,
       38.57658124930925
      ],
      [
       -76.74113157471058,
       38.57880901952702
      ],
      [
       -76.74259506723106,
       38.58199972971773
      ],
      [
       -76.74231225836226,
       38.58382988835789
      ],
      [
       -76.74239640701342,
       38.58965170725971
      ],
      [
       -76.74268181841782,
       38.59421687722488
      ],
      [
       -76.74336541776943,
       38.59522236000036
      ],
      [
       -76.74437173153574,
       38.595475980553985
      ],
      [
       -76.74550123198723,
       38.59664181696982
      ],
      [
       -76.74539105798006,
       38.597404314892316
      ],
      [
       -76.74647805035005,
       38.59969017239818
      ],
      [
       -76.74583001898502,
       38.60072101722902
      ],
      [
       -76.7464181920312,
       38.60306414389215
      ],
      [
       -76.74583522405622,
       38.605252643830646
      ],
      [
       -76.74636440629541,
       38.60854807476608
      ],
      [
       -76.74666196286597,
       38.61222311840112
      ],
      [
       -76.74733515207515,
       38.616677022575026
      ],
      [
       -76.74849501544202,
       38.61819710963511
      ],
      [
       -76.75146103851704,
       38.619004604752604
      ],
      [
       -76.74854272859473,
       38.61967383576184
      ],
      [
       -76.74616487856588,
       38.62056068956869
      ],
      [
       -76.74405769223969,
       38.62182388355188
      ],
      [
       -76.74250571350872,
       38.62182633794434
      ],
      [
       -76.74086524856725,
       38.622568382596384
      ],
      [
       -76.74043322765723,
       38.623271975099975
      ],
      [
       -76.73848826605027,
       38.624773245151246
      ],
      [
       -76.73497831303432,
       38.62562573746374
      ],
      [
       -76.73179888203988,
       38.62534920924721
      ],
      [
       -76.73094091280292,
       38.62562491933292
      ],
      [
       -76.72913215055915,
       38.62756061684862
      ],
      [
       -76.72779010970011,
       38.62860127924928
      ],
      [
       -76.72646368405469,
       38.63040771209572
      ],
      [
       -76.72583473795075,
       38.63179771635572
      ],
      [
       -76.72460460612261,
       38.632520125868126
      ],
      [
       -76.72211918462219,
       38.633360346218346
      ],
      [
       -76.72023928640529,
       38.63505714953515
      ],
      [
       -76.71955742207743,
       38.636627960705965
      ],
      [
       -76.71739905255106,
       38.64020073798874
      ],
      [
       -76.71638666620167,
       38.64265022165822
      ],
      [
       -76.71639707634408,
       38.643673703311705
      ],
      [
       -76.71312221904422,
       38.64397804797605
      ],
      [
       -76.71104105807406,
       38.64381687620488
      ],
      [
       -76.70689174881176,
       38.64407704180504
      ],
      [
       -76.702692991373,
       38.643731790599794
      ],
      [
       -76.69890630207131,
       38.642304152322154
      ],
      [
       -76.69804833283433,
       38.6422477012957
      ],
      [
       -76.69420178521379,
       38.64325563846364
      ],
      [
       -76.69357891169291,
       38.64417276311077
      ],
      [
       -76.69327268000369,
       38.643344814722816
      ],
      [
       -76.69216573486074,
       38.64319836930637
      ]
     ],
     [
      [
       -76.69288663722264,
       38.563847861255866
      ],
      [
       -76.68814828740229,
       38.563964035832036
      ],
      [
       -76.68410307956408,
       38.56389285845086
      ],
      [
       -76.68371703678304,
       38.56545385205185
      ],
      [
       -76.68480402915303,
       38.5667055922036
      ],
      [
       -76.68444401172802,
       38.569035628773634
      ],
      [
       -76.68356261967062,
       38.56992084631885
      ],
      [
       -76.68468257749159,
       38.57098605264405
      ],
      [
       -76.68612177967978,
       38.57028982331783
      ],
      [
       -76.68603416098117,
       38.56978830912631
      ],
      [
       -76.68767983099383,
       38.56934079156879
      ],
      [
       -76.68897589372389,
       38.566760406968406
      ],
      [
       -76.68959616470917,
       38.56616398960199
      ],
      [
       -76.69214057701659,
       38.56483289076089
      ],
      [
       -76.69288663722264,
       38.563847861255866
      ]
     ]
    ]
   }
  },
  {
   "type": "Feature",
   "properties": {
    "name": "Baden",
    "geoid": "2403500"
   },
   "geometry": {
    "type": "Polygon",
    "coordinates": [
     [
      [
       -76.81577489832691,
       38.68387992423793
      ],
      [
       -76.81360611865813,
       38.68611423950224
      ],
      [
       -76.81267007335308,
       38.68858335831136
      ],
      [
       -76.81007187530987,
       38.69140263711064
      ],
      [
       -76.80843141036841,
       38.69244493577294
      ],
      [
       -76.80845656821258,
       38.69674912200713
      ],
      [
       -76.80416238446838,
       38.697565616563615
      ],
      [
       -76.80136726123126,
       38.69827084532885
      ],
      [
       -76.79973633892034,
       38.69901207185007
      ],
      [
       -76.79806811359911,
       38.699160153528155
      ],
      [
       -76.79586723599124,
       38.69807285767086
      ],
      [
       -76.79363339293239,
       38.698211121779124
      ],
      [
       -76.79060924656225,
       38.69722609227409
      ],
      [
       -76.78907635309236,
       38.69712464405264
      ],
      [
       -76.78489234335535,
       38.69763515768316
      ],
      [
       -76.78414801817303,
       38.697491984789984
      ],
      [
       -76.78057386927887,
       38.69590235661036
      ],
      [
       -76.77832527851828,
       38.69626478856279
      ],
      [
       -76.7774673092813,
       38.69777914870715
      ],
      [
       -76.77773537044837,
       38.6990807948388
      ],
      [
       -76.77759223099024,
       38.70128074860875
      ],
      [
       -76.77695287474388,
       38.70227723194523
      ],
      [
       -76.77552668523369,
       38.70297264314065
      ],
      [
       -76.77276105740006,
       38.703034821082824
      ],
      [
       -76.77082737344737,
       38.70360096760897
      ],
      [
       -76.76903596144096,
       38.703366164064164
      ],
      [
       -76.76572813869014,
       38.7044640956221
      ],
      [
       -76.76626165848866,
       38.705551391479396
      ],
      [
       -76.7668238061788,
       38.70801969215769
      ],
      [
       -76.76140706207806,
       38.70911598745399
      ],
      [
       -76.75783811825512,
       38.70998238799039
      ],
      [
       -76.7543966986767,
       38.711199766647766
      ],
      [
       -76.7487223035513,
       38.71232224213024
      ],
      [
       -76.740807992784,
       38.71241305465106
      ],
      [
       -76.73802674973675,
       38.71420803366603
      ],
      [
       -76.7350667992448,
       38.71444201908002
      ],
      [
       -76.7317077932938,
       38.716322083700085
      ],
      [
       -76.73064942881543,
       38.716706605184605
      ],
      [
       -76.72556580927181,
       38.717139396387395
      ],
      [
       -76.72020892348992,
       38.71591301829102
      ],
      [
       -76.71775386490486,
       38.71562912689713
      ],
      [
       -76.71626174449275,
       38.71585738539539
      ],
      [
       -76.71478523929424,
       38.71560212858013
      ],
      [
       -76.70562778402079,
       38.71073588647389
      ],
      [
       -76.70455900940001,
       38.71055098890899
      ],
      [
       -76.70444102778603,
       38.70922725324525
      ],
      [
       -76.70099700567201,
       38.70924361586162
      ],
      [
       -76.69774296865697,
       38.70702975386776
      ],
      [
       -76.695987992149,
       38.70498524495325
      ],
      [
       -76.69494611039612,
       38.702467856425855
      ],
      [
       -76.69498341340642,
       38.700307172935176
      ],
      [
       -76.69600794492194,
       38.69778323936124
      ],
      [
       -76.6979320862441,
       38.69478233552034
      ],
      [
       -76.6985245968496,
       38.69224285746086
      ],
      [
       -76.69842917054417,
       38.69044296966097
      ],
      [
       -76.69743066438467,
       38.68779713459514
      ],
      [
       -76.69549004033705,
       38.68578126025926
      ],
      [
       -76.69332473071573,
       38.68445588833389
      ],
      [
       -76.68714717870718,
       38.681370717018716
      ],
      [
       -76.68698235145236,
       38.680634399282404
      ],
      [
       -76.68742391499292,
       38.678746153354155
      ],
      [
       -76.69046107404108,
       38.67368274172075
      ],
      [
       -76.69295603817204,
       38.672353279141284
      ],
      [
       -76.69926111442511,
       38.67110890216691
      ],
      [
       -76.70066735116235,
       38.670131235839236
      ],
      [
       -76.70100307825508,
       38.66836161887962
      ],
      [
       -76.70038107224607,
       38.66702233873034
      ],
      [
       -76.69926111442511,
       38.66576896231697
      ],
      [
       -76.69717301336001,
       38.66466284945085
      ],
      [
       -76.69423561817662,
       38.66384062797863
      ],
      [
       -76.69095121824623,
       38.6640287980668
      ],
      [
       -76.68737012925713,
       38.66379317639118
      ],
      [
       -76.68492287827888,
       38.66302740594541
      ],
      [
       -76.68332925897826,
       38.661177612165616
      ],
      [
       -76.68318611952013,
       38.658813214101215
      ],
      [
       -76.68512674356775,
       38.65477082972883
      ],
      [
       -76.68682966936368,
       38.653033119871125
      ],
      [
       -76.68912857581257,
       38.65124795842596
      ],
      [
       -76.69162961252661,
       38.6485064020544
      ],
      [
       -76.6921240942911,
       38.64660261164062
      ],
      [
       -76.69216573486074,
       38.64319836930637
      ],
      [
       -76.69327268000369,
       38.643344814722816
      ],
      [
       -76.69357891169291,
       38.64417276311077
      ],
      [
       -76.69420178521379,
       38.64325563846364
      ],
      [
       -76.69804833283433,
       38.6422477012957
      ],
      [
       -76.69890630207131,
       38.642304152322154
      ],
      [
       -76.702692991373,
       38.643731790599794
      ],
      [
       -76.70689174881176,
       38.64407704180504
      ],
      [
       -76.71104105807406,
       38.64381687620488
      ],
      [
       -76.71312221904422,
       38.64397804797605
      ],
      [
       -76.71639707634408,
       38.643673703311705
      ],
      [
       -76.71638666620167,
       38.64265022165822
      ],
      [
       -76.71739905255106,
       38.64020073798874
      ],
      [
       -76.71955742207743,
       38.636627960705965
      ],
      [
       -76.72023928640529,
       38.63505714953515
      ],
      [
       -76.72211918462219,
       38.633360346218346
      ],
      [
       -76.72460460612261,
       38.632520125868126
      ],
      [
       -76.72583473795075,
       38.63179771635572
      ],
      [
       -76.72646368405469,
       38.63040771209572
      ],
      [
       -76.72779010970011,
       38.62860127924928
      ],
      [
       -76.72913215055915,
       38.62756061684862
      ],
      [
       -76.73094091280292,
       38.62562491933292
      ],
      [
       -76.73179888203988,
       38.62534920924721
      ],
      [
       -76.73497831303432,
       38.62562573746374
      ],
      [
       -76.73848826605027,
       38.624773245151246
      ],
      [
       -76.74043322765723,
       38.623271975099975
      ],
      [
       -76.74086524856725,
       38.622568382596384
      ],
      [
       -76.74250571350872,
       38.62182633794434
      ],
      [
       -76.74405769223969,
       38.62182388355188
      ],
      [
       -76.74616487856588,
       38.62056068956869
      ],
      [
       -76.74854272859473,
       38.61967383576184
      ],
      [
       -76.75146103851704,
       38.619004604752604
      ],
      [
       -76.75516704921505,
       38.62015407855208
      ],
      [
       -76.75684394965495,
       38.6196721995002
      ],
      [
       -76.7579508947979,
       38.61971310604111
      ],
      [
       -76.76211581927382,
       38.62108265703066
      ],
      [
       -76.76341188200388,
       38.62228203681004
      ],
      [
       -76.7654808978079,
       38.623037171555175
      ],
      [
       -76.76603176784377,
       38.62290136183936
      ],
      [
       -76.76909495224795,
       38.623806214524215
      ],
      [
       -76.77068163145364,
       38.62468815954616
      ],
      [
       -76.77784294191994,
       38.62704928508729
      ],
      [
       -76.77731636221637,
       38.62928114595915
      ],
      [
       -76.7750538912659,
       38.63381686321487
      ],
      [
       -76.77443709032809,
       38.63445418712219
      ],
      [
       -76.77161073666375,
       38.63627207380008
      ],
      [
       -76.77005875793276,
       38.63808423356224
      ],
      [
       -76.7688693991624,
       38.6407267961048
      ],
      [
       -76.77041877535778,
       38.64429384647185
      ],
      [
       -76.77094101750203,
       38.646187001185005
      ],
      [
       -76.770725007047,
       38.64926071866872
      ],
      [
       -76.77178857659658,
       38.65133631655432
      ],
      [
       -76.77266823363024,
       38.65363608228409
      ],
      [
       -76.77486911123812,
       38.656965874713876
      ],
      [
       -76.77787590737091,
       38.65994877967678
      ],
      [
       -76.78110565405366,
       38.662794238662244
      ],
      [
       -76.78306796589797,
       38.663986255264255
      ],
      [
       -76.78707934077335,
       38.66608885146685
      ],
      [
       -76.78960293279593,
       38.66841970616771
      ],
      [
       -76.79619775801277,
       38.67139197542998
      ],
      [
       -76.799326005807,
       38.673910182088186
      ],
      [
       -76.80182964505664,
       38.67521428261229
      ],
      [
       -76.80679094542695,
       38.67662637640438
      ],
      [
       -76.80944813427713,
       38.677794667212666
      ],
      [
       -76.81196565371665,
       38.68034396284197
      ],
      [
       -76.81577489832691,
       38.68387992423793
      ]
     ]
    ]
   }
  },
  {
   "type": "Feature",
   "properties": {
    "name": "Beltsville",
    "geoid": "2406400"
   },
   "geometry": {
    "type": "Polygon",
    "coordinates": [
     [
      [
       -76.94645775356075,
       39.05248221930022
      ],
      [
       -76.94426381604782,
       39.05151027988828
      ],
      [
       -76.94154503385504,
       39.052203236691234
      ],
      [
       -76.94057775812276,
       39.05269820583621
      ],
      [
       -76.93923658477559,
       39.051998703986705
      ],
      [
       -76.93674335566836,
       39.051209207747206
      ],
      [
       -76.93856686561386,
       39.048794085572084
      ],
      [
       -76.9392227045857,
       39.04850201287001
      ],
      [
       -76.93846883677284,
       39.04666285479085
      ],
      [
       -76.9333696020156,
       39.0496383965764
      ],
      [
       -76.93088331300332,
       39.050733873741876
      ],
      [
       -76.92969568925669,
       39.051075034293035
      ],
      [
       -76.92600616128416,
       39.05158309353109
      ],
      [
       -76.92420694167095,
       39.052411041919044
      ],
      [
       -76.92062064761065,
       39.05288392153192
      ],
      [
       -76.91896456745557,
       39.05333062095862
      ],
      [
       -76.91458623506024,
       39.05524422894223
      ],
      [
       -76.91252502686302,
       39.05574574313374
      ],
      [
       -76.90910182503383,
       39.05595518462319
      ],
      [
       -76.90716380352181,
       39.056510695448694
      ],
      [
       -76.90304225463926,
       39.05843575726376
      ],
      [
       -76.90055596562696,
       39.05879328043128
      ],
      [
       -76.89847827470427,
       39.05879328043128
      ],
      [
       -76.89593906746806,
       39.0639425958006
      ],
      [
       -76.89663828203328,
       39.06544386585187
      ],
      [
       -76.89002523906724,
       39.06395323150123
      ],
      [
       -76.88503357578158,
       39.06210834650635
      ],
      [
       -76.88408278277478,
       39.06171400745201
      ],
      [
       -76.88123994638495,
       39.05990102955903
      ],
      [
       -76.88579004613005,
       39.054605268773265
      ],
      [
       -76.89279780699582,
       39.04631105853906
      ],
      [
       -76.8942881923842,
       39.04533175594975
      ],
      [
       -76.89432636290637,
       39.04476397316197
      ],
      [
       -76.89573520217921,
       39.04288881732682
      ],
      [
       -76.89869515267115,
       39.04082876392676
      ],
      [
       -76.89834294285295,
       39.03815102175902
      ],
      [
       -76.89857109847411,
       39.033684845622844
      ],
      [
       -76.89908466549967,
       39.03220402884203
      ],
      [
       -76.90099232409632,
       39.02961628106428
      ],
      [
       -76.90138357194857,
       39.028345723903726
      ],
      [
       -76.9011398011138,
       39.026231673869674
      ],
      [
       -76.90140525974526,
       39.023050781248784
      ],
      [
       -76.9057566992727,
       39.023045872463875
      ],
      [
       -76.907922008894,
       39.014475952143954
      ],
      [
       -76.908589993032,
       39.014931651009654
      ],
      [
       -76.908936997779,
       39.014220695328696
      ],
      [
       -76.91249813399514,
       39.01604676331476
      ],
      [
       -76.9125016040426,
       39.019499275367274
      ],
      [
       -76.91207131815632,
       39.02170577418377
      ],
      [
       -76.91429388356089,
       39.02185631025431
      ],
      [
       -76.9144456981377,
       39.02083037420837
      ],
      [
       -76.9170785966556,
       39.02100136354937
      ],
      [
       -76.91795478364179,
       39.02135397793198
      ],
      [
       -76.91929335445336,
       39.021066814014816
      ],
      [
       -76.92034998390798,
       39.01917284117084
      ],
      [
       -76.92276513694713,
       39.01972835199635
      ],
      [
       -76.92222207451807,
       39.02106763214563
      ],
      [
       -76.92510828650128,
       39.021793314181316
      ],
      [
       -76.92342618099018,
       39.0237511012291
      ],
      [
       -76.92610679266079,
       39.02493493652294
      ],
      [
       -76.9275138969099,
       39.023118686106685
      ],
      [
       -76.92816192827493,
       39.02373473861274
      ],
      [
       -76.93127803090303,
       39.02192176071976
      ],
      [
       -76.92972258212458,
       39.02028222656023
      ],
      [
       -76.93060223915825,
       39.019229292197295
      ],
      [
       -76.93690297785199,
       39.0216795939976
      ],
      [
       -76.94096293339193,
       39.022729255837255
      ],
      [
       -76.94505498687099,
       39.022860156768154
      ],
      [
       -76.94985666505767,
       39.02208538688339
      ],
      [
       -76.94943592180192,
       39.0240309019689
      ],
      [
       -76.95045438073439,
       39.02416507542308
      ],
      [
       -76.95087338896639,
       39.02497502493303
      ],
      [
       -76.94974475602676,
       39.02565407351207
      ],
      [
       -76.9498931005561,
       39.026179313497316
      ],
      [
       -76.95120738103539,
       39.02649429386229
      ],
      [
       -76.95225967293068,
       39.0277443977524
      ],
      [
       -76.9512177911778,
       39.028613252681254
      ],
      [
       -76.95050035886337,
       39.030211062169066
      ],
      [
       -76.9514017036937,
       39.03105291878092
      ],
      [
       -76.95260928021328,
       39.03115763952564
      ],
      [
       -76.95347158700959,
       39.03213530585331
      ],
      [
       -76.95511205195105,
       39.03214021463822
      ],
      [
       -76.95694857457458,
       39.03147671054471
      ],
      [
       -76.95831924332525,
       39.03200113239913
      ],
      [
       -76.96014362078262,
       39.03062094570895
      ],
      [
       -76.96209725750826,
       39.03120836363637
      ],
      [
       -76.96007508734509,
       39.03384029047829
      ],
      [
       -76.9575246024546,
       39.03766832457632
      ],
      [
       -76.95557964084765,
       39.03993781946582
      ],
      [
       -76.95199594932295,
       39.04480815222615
      ],
      [
       -76.94899609328509,
       39.04920805976606
      ],
      [
       -76.94768788538889,
       39.05065124252924
      ],
      [
       -76.94645775356075,
       39.05248221930022
      ]
     ]
    ]
   }
  },
  {
   "type": "Feature",
   "properties": {
    "name": "Berwyn Heights",
    "geoid": "2406925"
   },
   "geometry": {
    "type": "Polygon",
    "coordinates": [
     [
      [
       -76.91962127393927,
       38.999301261729265
      ],
      [
       -76.91813696113397,
       38.9993298963079
      ],
      [
       -76.91813696113397,
       38.99870484436285
      ],
      [
       -76.916322993819,
       38.99868520922321
      ],
      [
       -76.91556478844679,
       38.99963669536469
      ],
      [
       -76.9155431006501,
       38.998655756513756
      ],
      [
       -76.9125042065782,
       39.00161084502884
      ],
      [
       -76.91120640882441,
       39.001398949146946
      ],
      [
       -76.91412471874672,
       38.998630394458395
      ],
      [
       -76.91445957832758,
       38.99831295970096
      ],
      [
       -76.91216067187868,
       38.99803724961525
      ],
      [
       -76.90453437505138,
       38.99676832871633
      ],
      [
       -76.90250266225766,
       38.99629217658018
      ],
      [
       -76.90180258018059,
       38.99583075079875
      ],
      [
       -76.90363563275663,
       38.993241366759364
      ],
      [
       -76.9075966919437,
       38.98922516257316
      ],
      [
       -76.9090705946066,
       38.987139747117745
      ],
      [
       -76.90963621234421,
       38.985141053529055
      ],
      [
       -76.91860628505428,
       38.98670531965332
      ],
      [
       -76.91881795794995,
       38.9880625986806
      ],
      [
       -76.92023894238895,
       38.99106677504478
      ],
      [
       -76.9229290966901,
       38.9913972998953
      ],
      [
       -76.91962127393927,
       38.999301261729265
      ]
     ]
    ]
   }
  },
  {
   "type": "Feature",
   "properties": {
    "name": "Bladensburg",
    "geoid": "2407850"
   },
   "geometry": {
    "type": "Polygon",
    "coordinates": [
     [
      [
       -76.9416100972451,
       38.94504773465574
      ],
      [
       -76.94002341803942,
       38.94582986771787
      ],
      [
       -76.93360383021984,
       38.943191395829395
      ],
      [
       -76.93155823723625,
       38.94502564512364
      ],
      [
       -76.92999411333912,
       38.944768752046755
      ],
      [
       -76.93089198812199,
       38.94417233468034
      ],
      [
       -76.92530087413587,
       38.94438504869305
      ],
      [
       -76.92530000662401,
       38.94506000661801
      ],
      [
       -76.92387294960196,
       38.944457044205045
      ],
      [
       -76.92322925579626,
       38.94527599315399
      ],
      [
       -76.9218368992489,
       38.944528221586225
      ],
      [
       -76.91968807235307,
       38.944793295971294
      ],
      [
       -76.91884398330599,
       38.9456506970687
      ],
      [
       -76.91776913610214,
       38.94786701345502
      ],
      [
       -76.91431036628637,
       38.950551300669304
      ],
      [
       -76.91615035895737,
       38.951518331296334
      ],
      [
       -76.9155725960536,
       38.953122685830685
      ],
      [
       -76.91278614793515,
       38.95309568751369
      ],
      [
       -76.90990600853502,
       38.953444211242214
      ],
      [
       -76.91063211596811,
       38.95120335093135
      ],
      [
       -76.91044213086913,
       38.946954797592795
      ],
      [
       -76.91111532007832,
       38.944049615057615
      ],
      [
       -76.91238622496422,
       38.94207464726265
      ],
      [
       -76.91370657802658,
       38.94206728408528
      ],
      [
       -76.91368402271803,
       38.94083190654991
      ],
      [
       -76.91499396563796,
       38.94074027589828
      ],
      [
       -76.91584325975626,
       38.93938626939427
      ],
      [
       -76.91807103023203,
       38.939345362853366
      ],
      [
       -76.92554724750624,
       38.93862295334095
      ],
      [
       -76.92869978563279,
       38.93944762920563
      ],
      [
       -76.92848724522524,
       38.93741702851503
      ],
      [
       -76.92813590291891,
       38.93709713936514
      ],
      [
       -76.92571988236789,
       38.936950693948695
      ],
      [
       -76.92610505763706,
       38.9362651003231
      ],
      [
       -76.92790601227401,
       38.936241374529374
      ],
      [
       -76.92735340721441,
       38.93448402953203
      ],
      [
       -76.92828858500759,
       38.93432694841495
      ],
      [
       -76.9307393060333,
       38.934956091014094
      ],
      [
       -76.93479926157326,
       38.93434331103131
      ],
      [
       -76.93663838673238,
       38.936601352089355
      ],
      [
       -76.93800818797119,
       38.93641481826282
      ],
      [
       -76.93954021392922,
       38.93687378965179
      ],
      [
       -76.943981007179,
       38.938245795033794
      ],
      [
       -76.94319504142705,
       38.94017412937213
      ],
      [
       -76.94283242146642,
       38.942315995853996
      ],
      [
       -76.9416100972451,
       38.94504773465574
      ]
     ]
    ]
   }
  },
  {
   "type": "Feature",
   "properties": {
    "name": "Bowie",
    "geoid": "2408775"
   },
   "geometry": {
    "type": "Polygon",
    "coordinates": [
     [
      [
       -76.78341670566871,
       39.0106560993541
      ],
      [
       -76.78188467971069,
       39.01070927785728
      ],
      [
       -76.78199398620599,
       39.01202974099774
      ],
      [
       -76.78057907435007,
       39.01211073594874
      ],
      [
       -76.77958837579737,
       39.01161413054213
      ],
      [
       -76.77972891271992,
       39.01338374750175
      ],
      [
       -76.77868703096703,
       39.01392780449581
      ],
      [
       -76.77514324498824,
       39.01408488561289
      ],
      [
       -76.77431910871411,
       39.012635975933975
      ],
      [
       -76.77200285202785,
       39.01196510866311
      ],
      [
       -76.77371011538312,
       39.01061682907483
      ],
      [
       -76.77017413701114,
       39.0075562016842
      ],
      [
       -76.76505061192161,
       39.0070595962776
      ],
      [
       -76.76042677366777,
       39.003039301437305
      ],
      [
       -76.7593527939758,
       39.002411795099796
      ],
      [
       -76.75858678099678,
       39.00138013213813
      ],
      [
       -76.7574859084369,
       39.001262321300324
      ],
      [
       -76.7556034076844,
       39.00198473081273
      ],
      [
       -76.75587667392267,
       39.00375107524908
      ],
      [
       -76.75183840617942,
       39.00411268907069
      ],
      [
       -76.75661405901006,
       39.01045565730366
      ],
      [
       -76.75649434237235,
       39.011200974478975
      ],
      [
       -76.75372784702685,
       39.01266297425097
      ],
      [
       -76.7530563928414,
       39.01137687260487
      ],
      [
       -76.75199976338676,
       39.01223263744064
      ],
      [
       -76.75015630066831,
       39.010849178227176
      ],
      [
       -76.75052672823573,
       39.009875602553606
      ],
      [
       -76.75154084960886,
       39.0097267027447
      ],
      [
       -76.7510775982716,
       39.00706695945496
      ],
      [
       -76.74923413555314,
       39.008272884280885
      ],
      [
       -76.74651795589595,
       39.007807367845366
      ],
      [
       -76.74537631027832,
       39.00911637715438
      ],
      [
       -76.74630628300028,
       39.00953607826408
      ],
      [
       -76.74523317082017,
       39.00998686834487
      ],
      [
       -76.74315027482628,
       39.00906810743611
      ],
      [
       -76.73699788066189,
       39.01098907859708
      ],
      [
       -76.73514400780101,
       39.00848068950869
      ],
      [
       -76.73488115170515,
       39.00858213773014
      ],
      [
       -76.7336007041887,
       39.007278037206035
      ],
      [
       -76.732610005636,
       39.00708986711787
      ],
      [
       -76.7322820861501,
       39.007068595716596
      ],
      [
       -76.73111441517642,
       39.00628973517774
      ],
      [
       -76.73040132042132,
       39.00646481517281
      ],
      [
       -76.72897426339927,
       39.00707923141723
      ],
      [
       -76.72570461117061,
       39.005529691647695
      ],
      [
       -76.72439380073881,
       39.00397197056997
      ],
      [
       -76.72508694272095,
       39.003261833019835
      ],
      [
       -76.72636825774926,
       38.999766778164776
      ],
      [
       -76.7260039027649,
       38.99887501557301
      ],
      [
       -76.72516935634836,
       38.99883083650884
      ],
      [
       -76.7266076910247,
       38.99691068347868
      ],
      [
       -76.72340657223357,
       38.9975430986011
      ],
      [
       -76.72251737256937,
       38.9948809009189
      ],
      [
       -76.72027832443933,
       38.99525805922606
      ],
      [
       -76.71949496122296,
       38.992541046779046
      ],
      [
       -76.72147115325716,
       38.99189226904027
      ],
      [
       -76.72010221953022,
       38.98962113788914
      ],
      [
       -76.72124213012414,
       38.988807915855915
      ],
      [
       -76.72265096939697,
       38.988372670260674
      ],
      [
       -76.7217877950888,
       38.98712174823975
      ],
      [
       -76.72721581684382,
       38.98547812342613
      ],
      [
       -76.72566470562471,
       38.9832388993769
      ],
      [
       -76.72786905328006,
       38.98245922070722
      ],
      [
       -76.727194996559,
       38.98053334076134
      ],
      [
       -76.72543307995609,
       38.98061924449725
      ],
      [
       -76.7251415959686,
       38.97941413780214
      ],
      [
       -76.72162904041704,
       38.98018890768691
      ],
      [
       -76.72078408385809,
       38.97937404939205
      ],
      [
       -76.71853289056189,
       38.978054404382405
      ],
      [
       -76.71848517740918,
       38.97724118234918
      ],
      [
       -76.71548965893066,
       38.97647377564178
      ],
      [
       -76.71609518221419,
       38.9740651985132
      ],
      [
       -76.71625306937408,
       38.97220722342522
      ],
      [
       -76.7186742949963,
       38.97235366884167
      ],
      [
       -76.71808091687892,
       38.96951311864112
      ],
      [
       -76.7187462984813,
       38.9693993984574
      ],
      [
       -76.7183776059376,
       38.96694336974137
      ],
      [
       -76.71729928868629,
       38.966862374790374
      ],
      [
       -76.71767578883679,
       38.96626595742396
      ],
      [
       -76.71860662907063,
       38.966549030687034
      ],
      [
       -76.72025403410704,
       38.966100694998694
      ],
      [
       -76.71902997486198,
       38.965159844557846
      ],
      [
       -76.71642917428318,
       38.964412891120894
      ],
      [
       -76.71650725035126,
       38.96318160423961
      ],
      [
       -76.7151417866718,
       38.9635154016134
      ],
      [
       -76.71250541810642,
       38.96486695372496
      ],
      [
       -76.70999310373811,
       38.96641403910204
      ],
      [
       -76.7072482961893,
       38.96690900824701
      ],
      [
       -76.70544387150487,
       38.9665113966694
      ],
      [
       -76.69921426878427,
       38.96736961589762
      ],
      [
       -76.69875882505383,
       38.96623732284532
      ],
      [
       -76.69907026181427,
       38.963697026655026
      ],
      [
       -76.69886986657286,
       38.96241828818629
      ],
      [
       -76.69629682637382,
       38.96058731141531
      ],
      [
       -76.69609122606123,
       38.95981663218463
      ],
      [
       -76.69514303559004,
       38.95934211631012
      ],
      [
       -76.69528183748884,
       38.95803883391684
      ],
      [
       -76.69416795225095,
       38.956782184980185
      ],
      [
       -76.70240671245672,
       38.95616122368922
      ],
      [
       -76.70239716982617,
       38.9558576971557
      ],
      [
       -76.70948560929561,
       38.95576361211161
      ],
      [
       -76.71161361590661,
       38.955919056967055
      ],
      [
       -76.713306999072,
       38.95652611003411
      ],
      [
       -76.71434367575368,
       38.95730087991888
      ],
      [
       -76.71643437935438,
       38.95730087991888
      ],
      [
       -76.71768012639613,
       38.95688690572491
      ],
      [
       -76.71814771529272,
       38.95730006178806
      ],
      [
       -76.71787184651885,
       38.962416651924656
      ],
      [
       -76.72030868735469,
       38.96197240689041
      ],
      [
       -76.72550942100042,
       38.95997698582499
      ],
      [
       -76.72536628154228,
       38.955420815298815
      ],
      [
       -76.72436083528784,
       38.95547072127872
      ],
      [
       -76.72418126033126,
       38.95337467012267
      ],
      [
       -76.72191098177399,
       38.95337630638431
      ],
      [
       -76.71944204299905,
       38.95306787106587
      ],
      [
       -76.71834637551038,
       38.952479635007634
      ],
      [
       -76.71803493874994,
       38.95137515840316
      ],
      [
       -76.71683256730157,
       38.95066911150711
      ],
      [
       -76.71536733975735,
       38.95124671186471
      ],
      [
       -76.71357072267972,
       38.95058566216366
      ],
      [
       -76.71363578606979,
       38.952599082107085
      ],
      [
       -76.70557920335621,
       38.95277088957889
      ],
      [
       -76.69334641851242,
       38.95294433331233
      ],
      [
       -76.69337417889219,
       38.95167132175932
      ],
      [
       -76.69419918267819,
       38.94972498854299
      ],
      [
       -76.69527402988203,
       38.948554243342244
      ],
      [
       -76.70373140307841,
       38.948392253440254
      ],
      [
       -76.7037530908751,
       38.94823680858481
      ],
      [
       -76.6991119023839,
       38.94684025927826
      ],
      [
       -76.69850204154105,
       38.94723296207096
      ],
      [
       -76.6979693892544,
       38.94643528452328
      ],
      [
       -76.69528357251258,
       38.94777701906502
      ],
      [
       -76.69348001534001,
       38.9442246950527
      ],
      [
       -76.6915046908177,
       38.941987107265106
      ],
      [
       -76.69303498175199,
       38.94200837866638
      ],
      [
       -76.69359712944214,
       38.94127696971497
      ],
      [
       -76.69547095507596,
       38.94004404657205
      ],
      [
       -76.70100568079069,
       38.9351188990469
      ],
      [
       -76.70064392834193,
       38.93487100540901
      ],
      [
       -76.70076364497965,
       38.934754012702015
      ],
      [
       -76.70871612626912,
       38.94027475946276
      ],
      [
       -76.71064720768621,
       38.94012095086895
      ],
      [
       -76.71119287265087,
       38.942356902394906
      ],
      [
       -76.71060383209283,
       38.94342865376665
      ],
      [
       -76.7110080926231,
       38.9443195982276
      ],
      [
       -76.71305802316603,
       38.94399316403116
      ],
      [
       -76.71370171697173,
       38.944632124200126
      ],
      [
       -76.71551134672735,
       38.94421733187533
      ],
      [
       -76.71719171721472,
       38.94640992246792
      ],
      [
       -76.71722381515382,
       38.94796927980728
      ],
      [
       -76.71677704654205,
       38.948028185226185
      ],
      [
       -76.71714660659761,
       38.94988370592171
      ],
      [
       -76.71835938818839,
       38.94996061021861
      ],
      [
       -76.71848604492105,
       38.94836116446916
      ],
      [
       -76.71829085475086,
       38.941475775503775
      ],
      [
       -76.71546623611025,
       38.94168112633913
      ],
      [
       -76.71321677783779,
       38.942662883320885
      ],
      [
       -76.71331307165508,
       38.94023467105267
      ],
      [
       -76.71392206498606,
       38.93857631988432
      ],
      [
       -76.71103672051473,
       38.93670198217998
      ],
      [
       -76.71502120252221,
       38.93346382040182
      ],
      [
       -76.7168932931323,
       38.93523098296898
      ],
      [
       -76.71796033272933,
       38.93578731192531
      ],
      [
       -76.71709282086182,
       38.92875465941266
      ],
      [
       -76.71718824716726,
       38.92583065986866
      ],
      [
       -76.71651332293433,
       38.92579384398184
      ],
      [
       -76.71658012134813,
       38.92223497492297
      ],
      [
       -76.7171283888484,
       38.917916062334065
      ],
      [
       -76.71761506300606,
       38.91790706289506
      ],
      [
       -76.71762373812474,
       38.91603190705991
      ],
      [
       -76.7188851003801,
       38.91585764519564
      ],
      [
       -76.71924511780512,
       38.917184653382655
      ],
      [
       -76.7201508001948,
       38.91678622367422
      ],
      [
       -76.71943423539224,
       38.91558438950239
      ],
      [
       -76.72005363886564,
       38.915289044277046
      ],
      [
       -76.7212403951004,
       38.91736627842428
      ],
      [
       -76.7224392965013,
       38.91710774908575
      ],
      [
       -76.72222328604629,
       38.915275954183954
      ],
      [
       -76.72069212760013,
       38.91522113941914
      ],
      [
       -76.72029827721228,
       38.914377646545645
      ],
      [
       -76.71888076282076,
       38.9150976016656
      ],
      [
       -76.71797421291922,
       38.91340407087207
      ],
      [
       -76.71800023827524,
       38.91252621650422
      ],
      [
       -76.72160475008475,
       38.91290828359629
      ],
      [
       -76.72218771805971,
       38.91197397820198
      ],
      [
       -76.72114236625937,
       38.91044898235698
      ],
      [
       -76.71946806835507,
       38.910768871506875
      ],
      [
       -76.71814858280459,
       38.910333625911626
      ],
      [
       -76.71839669119869,
       38.908285844473845
      ],
      [
       -76.71933100148,
       38.90508368045168
      ],
      [
       -76.71741293274094,
       38.90472533915334
      ],
      [
       -76.71774171973873,
       38.902530294168294
      ],
      [
       -76.71972485186785,
       38.90211468371268
      ],
      [
       -76.72019591081191,
       38.90237975809776
      ],
      [
       -76.72077714376314,
       38.90053978188778
      ],
      [
       -76.72190317416718,
       38.89966438191238
      ],
      [
       -76.7233952945793,
       38.89964392864193
      ],
      [
       -76.72939934421434,
       38.9004366974047
      ],
      [
       -76.73251631435431,
       38.900700953658955
      ],
      [
       -76.7336701051381,
       38.90156735419536
      ],
      [
       -76.7336354046634,
       38.900953756081755
      ],
      [
       -76.73482910099311,
       38.90106338561139
      ],
      [
       -76.73495315519015,
       38.90207786782587
      ],
      [
       -76.73729717225618,
       38.90344578255378
      ],
      [
       -76.73855506446407,
       38.90371331133131
      ],
      [
       -76.73923866381567,
       38.90591981014781
      ],
      [
       -76.74049221846423,
       38.90602207650008
      ],
      [
       -76.73937139313139,
       38.90363886142686
      ],
      [
       -76.74258031952932,
       38.9033926040506
      ],
      [
       -76.74264885296685,
       38.903077623685625
      ],
      [
       -76.73911027205928,
       38.901807066525066
      ],
      [
       -76.73597681919382,
       38.901002025800025
      ],
      [
       -76.73605316023816,
       38.90078113047913
      ],
      [
       -76.7272565899016,
       38.89998508919309
      ],
      [
       -76.72519711672813,
       38.899136687534686
      ],
      [
       -76.7228557021977,
       38.8973188008568
      ],
      [
       -76.72204457860158,
       38.89697436778237
      ],
      [
       -76.72208968921869,
       38.892827262665264
      ],
      [
       -76.72179820523121,
       38.891144367572366
      ],
      [
       -76.7207623960614,
       38.88845680783481
      ],
      [
       -76.72023494884596,
       38.88649411200211
      ],
      [
       -76.72398433513735,
       38.88691626750427
      ],
      [
       -76.72764697024198,
       38.88800683588484
      ],
      [
       -76.73031283421084,
       38.88966436892237
      ],
      [
       -76.7333872962693,
       38.889792815460815
      ],
      [
       -76.73586317513917,
       38.890498862356864
      ],
      [
       -76.73809875322176,
       38.89085393113193
      ],
      [
       -76.73805798016399,
       38.88879715025515
      ],
      [
       -76.74013914113415,
       38.88916367286167
      ],
      [
       -76.74790770990771,
       38.88992371639172
      ],
      [
       -76.75610222700823,
       38.89085229487029
      ],
      [
       -76.75736098672799,
       38.89137180793981
      ],
      [
       -76.7580949017679,
       38.90104538673339
      ],
      [
       -76.75697928150629,
       38.9010642037422
      ],
      [
       -76.75700530686231,
       38.90167125680926
      ],
      [
       -76.75814087989689,
       38.90166062110862
      ],
      [
       -76.75846532933534,
       38.901978873996875
      ],
      [
       -76.7582337036667,
       38.90312834779635
      ],
      [
       -76.75863102410203,
       38.90433427262227
      ],
      [
       -76.75851477751178,
       38.906179975747975
      ],
      [
       -76.75350402896503,
       38.90628796901597
      ],
      [
       -76.7491820848411,
       38.90555737819538
      ],
      [
       -76.74933823697724,
       38.90772787925588
      ],
      [
       -76.74934691209592,
       38.91186434867235
      ],
      [
       -76.7504313019303,
       38.91223496193296
      ],
      [
       -76.75380679060679,
       38.91083514010314
      ],
      [
       -76.75404101881102,
       38.913178266766266
      ],
      [
       -76.75525033035433,
       38.91309890807691
      ],
      [
       -76.75566760356261,
       38.9147588955069
      ],
      [
       -76.75636421559221,
       38.91547721436522
      ],
      [
       -76.7565542006912,
       38.91733764384564
      ],
      [
       -76.75762818038318,
       38.91897063295863
      ],
      [
       -76.75850783741684,
       38.92088914972715
      ],
      [
       -76.7546769050099,
       38.92117876803677
      ],
      [
       -76.75557824984026,
       38.9220418960499
      ],
      [
       -76.75620285838487,
       38.92382214871015
      ],
      [
       -76.75348407619208,
       38.925824932952935
      ],
      [
       -76.75042436183537,
       38.925343872031874
      ],
      [
       -76.75056836880538,
       38.92797089008889
      ],
      [
       -76.74660730961831,
       38.92746692150492
      ],
      [
       -76.74428671537272,
       38.92830386933187
      ],
      [
       -76.74550296701096,
       38.93131295448096
      ],
      [
       -76.7476491913712,
       38.9360712033192
      ],
      [
       -76.75088414312515,
       38.93564659342459
      ],
      [
       -76.74980409085009,
       38.932918945276946
      ],
      [
       -76.76145564274265,
       38.931632843630844
      ],
      [
       -76.76167772578073,
       38.9331242961123
      ],
      [
       -76.76433838467838,
       38.93572677024477
      ],
      [
       -76.75471334050835,
       38.93803962606763
      ],
      [
       -76.7555956000776,
       38.94056601403401
      ],
      [
       -76.75358731010431,
       38.94074518468319
      ],
      [
       -76.75101600492901,
       38.93995896096696
      ],
      [
       -76.74967656660557,
       38.94065682655483
      ],
      [
       -76.75004525914926,
       38.94219327623128
      ],
      [
       -76.75204227146827,
       38.947336864684864
      ],
      [
       -76.74938595012995,
       38.947030883758885
      ],
      [
       -76.7495316921237,
       38.950227320865324
      ],
      [
       -76.75534488914789,
       38.948047002235
      ],
      [
       -76.75690033792634,
       38.947106969924974
      ],
      [
       -76.76147212546813,
       38.945740691458695
      ],
      [
       -76.76713524293925,
       38.94517536306336
      ],
      [
       -76.7676331947512,
       38.94492828755629
      ],
      [
       -76.77003013004114,
       38.94495283148083
      ],
      [
       -76.7702018973909,
       38.94540525782326
      ],
      [
       -76.77132706028307,
       38.94836116446916
      ],
      [
       -76.76895615034915,
       38.94789564803365
      ],
      [
       -76.7667465976226,
       38.947757383925385
      ],
      [
       -76.76650976688278,
       38.94592068023868
      ],
      [
       -76.7622416084946,
       38.946413194991194
      ],
      [
       -76.7580602012932,
       38.9476273011253
      ],
      [
       -76.75476799375599,
       38.94909175528976
      ],
      [
       -76.75475931863733,
       38.94882340838141
      ],
      [
       -76.74806472955574,
       38.951920851658855
      ],
      [
       -76.7458386941037,
       38.95270134845935
      ],
      [
       -76.7439613984224,
       38.95303105517905
      ],
      [
       -76.74403513693115,
       38.953543205071206
      ],
      [
       -76.74898862969464,
       38.953026964524966
      ],
      [
       -76.74949005155406,
       38.951685229983234
      ],
      [
       -76.75073493108394,
       38.95127207392007
      ],
      [
       -76.7508051995452,
       38.952032117450116
      ],
      [
       -76.754898988048,
       38.95212865688666
      ],
      [
       -76.75494323115323,
       38.95371419441219
      ],
      [
       -76.76416574981675,
       38.953031873309875
      ],
      [
       -76.76426030861032,
       38.95431797495598
      ],
      [
       -76.76584872283972,
       38.95454868784669
      ],
      [
       -76.76617056974257,
       38.95612604406404
      ],
      [
       -76.76437221764122,
       38.95613013471814
      ],
      [
       -76.7644476911737,
       38.95708489338289
      ],
      [
       -76.76588602585002,
       38.95700798908599
      ],
      [
       -76.76595802933504,
       38.95792265934066
      ],
      [
       -76.76346393271594,
       38.95829736325536
      ],
      [
       -76.76363483255383,
       38.959680004338004
      ],
      [
       -76.76131163577264,
       38.95919730715531
      ],
      [
       -76.76156581674982,
       38.95818282494083
      ],
      [
       -76.76035824023025,
       38.95824173035973
      ],
      [
       -76.76019514799916,
       38.9570308967489
      ],
      [
       -76.75792486944188,
       38.95678873002673
      ],
      [
       -76.75744773791475,
       38.95812964643765
      ],
      [
       -76.75588274650575,
       38.9573556946837
      ],
      [
       -76.75294014625115,
       38.95773776177576
      ],
      [
       -76.75153390951391,
       38.95544781361581
      ],
      [
       -76.74907624839325,
       38.956405026673025
      ],
      [
       -76.74851236567937,
       38.955276824274826
      ],
      [
       -76.74780881355481,
       38.95518192109992
      ],
      [
       -76.7455983933164,
       38.956554744612745
      ],
      [
       -76.7479346027756,
       38.95867533969334
      ],
      [
       -76.75036276849278,
       38.958083012981014
      ],
      [
       -76.7527302083792,
       38.95776885074685
      ],
      [
       -76.75478187394587,
       38.962262025200026
      ],
      [
       -76.75624623397823,
       38.9624501952882
      ],
      [
       -76.75736185423986,
       38.96203213044013
      ],
      [
       -76.76130035811836,
       38.9625720967801
      ],
      [
       -76.76392111147011,
       38.96365612011412
      ],
      [
       -76.76536031365832,
       38.96368311843112
      ],
      [
       -76.76552861096062,
       38.966204597612595
      ],
      [
       -76.76813288158688,
       38.96612196639997
      ],
      [
       -76.76792467873868,
       38.96430326159126
      ],
      [
       -76.77152572050072,
       38.964157634305636
      ],
      [
       -76.7718787978308,
       38.962985252843254
      ],
      [
       -76.77304820382821,
       38.96713235796036
      ],
      [
       -76.77356177085377,
       38.97229230903031
      ],
      [
       -76.77562037651538,
       38.9727880963061
      ],
      [
       -76.77588236509936,
       38.97534802763603
      ],
      [
       -76.77849704586805,
       38.9752293986674
      ],
      [
       -76.7787121888112,
       38.9778106013986
      ],
      [
       -76.77441713755515,
       38.97812967241767
      ],
      [
       -76.77448133343334,
       38.97865000361801
      ],
      [
       -76.7717052954573,
       38.978858626976624
      ],
      [
       -76.77185624252225,
       38.978353022131024
      ],
      [
       -76.7688026007486,
       38.978515012033014
      ],
      [
       -76.7674570898421,
       38.97860991520792
      ],
      [
       -76.76402694791796,
       38.9804548002028
      ],
      [
       -76.76303538185338,
       38.97925787481587
      ],
      [
       -76.75891730301831,
       38.979676757794756
      ],
      [
       -76.75896675119475,
       38.980567702255705
      ],
      [
       -76.75643621907722,
       38.98067405926206
      ],
      [
       -76.75685522730923,
       38.98258194032994
      ],
      [
       -76.75907172013072,
       38.9824944003324
      ],
      [
       -76.75913418098519,
       38.98342706946507
      ],
      [
       -76.76149381326482,
       38.98334934703735
      ],
      [
       -76.76168032831633,
       38.98587573500374
      ],
      [
       -76.7628028886729,
       38.988087142605146
      ],
      [
       -76.7638812059242,
       38.98908608033408
      ],
      [
       -76.76568302807303,
       38.99139075484876
      ],
      [
       -76.76598578971479,
       38.99137275597076
      ],
      [
       -76.76674486259887,
       38.99549286277086
      ],
      [
       -76.76650976688278,
       38.99628317714118
      ],
      [
       -76.76384737296138,
       38.999301261729265
      ],
      [
       -76.76300415142616,
       38.998947011085015
      ],
      [
       -76.76126392261993,
       38.99997131086931
      ],
      [
       -76.76102535685636,
       38.99793825578626
      ],
      [
       -76.75893031569632,
       38.99808715559516
      ],
      [
       -76.75974057178057,
       39.00121568784369
      ],
      [
       -76.7637293913474,
       39.0051918036198
      ],
      [
       -76.76539241159742,
       39.00650817610617
      ],
      [
       -76.76641000301801,
       39.00679534002334
      ],
      [
       -76.7697317059587,
       39.00700396338196
      ],
      [
       -76.76977941911142,
       39.00610565574365
      ],
      [
       -76.77097571797673,
       39.00560986846787
      ],
      [
       -76.7707198019758,
       39.0045552978433
      ],
      [
       -76.76859006034107,
       39.00442685130485
      ],
      [
       -76.76889802705404,
       39.00229889304689
      ],
      [
       -76.76846427112028,
       38.99979295835096
      ],
      [
       -76.77282438576638,
       38.99832114100914
      ],
      [
       -76.77743607885408,
       38.99746292178092
      ],
      [
       -76.77723308107709,
       38.99703422123222
      ],
      [
       -76.78006463981264,
       38.99865166585967
      ],
      [
       -76.77968987468587,
       38.99746537617337
      ],
      [
       -76.77817606647707,
       38.99630363041163
      ],
      [
       -76.78059902712303,
       38.995828296406295
      ],
      [
       -76.78046716531917,
       38.99462482597283
      ],
      [
       -76.78317987492888,
       38.99442029326829
      ],
      [
       -76.78304974814876,
       38.993487624135625
      ],
      [
       -76.78144138114638,
       38.99361688880489
      ],
      [
       -76.78135115991216,
       38.99298038302838
      ],
      [
       -76.78029626548127,
       38.99306874115674
      ],
      [
       -76.78015225851127,
       38.99196671894472
      ],
      [
       -76.7820096014196,
       38.991543745311745
      ],
      [
       -76.78391378996879,
       38.99149874811675
      ],
      [
       -76.78344273102473,
       38.98914007696808
      ],
      [
       -76.78389557221958,
       38.98741463907264
      ],
      [
       -76.78783928116928,
       38.98549203165003
      ],
      [
       -76.78869725040626,
       38.98677895142695
      ],
      [
       -76.78943810554111,
       38.98672168226968
      ],
      [
       -76.78975474737275,
       38.98894127117927
      ],
      [
       -76.79700974912075,
       38.988326854934854
      ],
      [
       -76.80005124572826,
       38.994087314025315
      ],
      [
       -76.79818783023683,
       38.995109977547976
      ],
      [
       -76.7989816035956,
       38.99611382406182
      ],
      [
       -76.78717736961437,
       39.00274395621196
      ],
      [
       -76.79112541612342,
       39.005086264744264
      ],
      [
       -76.78969228651829,
       39.005878215376214
      ],
      [
       -76.78995080505481,
       39.00615883424683
      ],
      [
       -76.78701514489515,
       39.00774518990319
      ],
      [
       -76.78605394174595,
       39.007068595716596
      ],
      [
       -76.78359888316089,
       39.0081428014808
      ],
      [
       -76.78450283052683,
       39.0081248026028
      ],
      [
       -76.78424431199032,
       39.00932090985891
      ],
      [
       -76.78357632785233,
       39.00936427079227
      ],
      [
       -76.78341670566871,
       39.0106560993541
      ]
     ],
     [
      [
       -76.75988718128619,
       38.98626271088071
      ],
      [
       -76.75988718128619,
       38.98626271088071
      ],
      [
       -76.75988718128619,
       38.98626271088071
      ],
      [
       -76.75988718128619,
       38.98626271088071
      ]
     ],
     [
      [
       -76.75879064628565,
       38.98694094132894
      ],
      [
       -76.757838985767,
       38.986244712002716
      ],
      [
       -76.75810184186284,
       38.987426092904094
      ],
      [
       -76.75879064628565,
       38.98694094132894
      ]
     ]
    ]
   }
  },
  {
   "type": "Feature",
   "properties": {
    "name": "Brandywine",
    "geoid": "2409325"
   },
   "geometry": {
    "type": "Polygon",
    "coordinates": [
     [
      [
       -76.87018090509791,
       38.73414015478816
      ],
      [
       -76.86609665922566,
       38.732241273159275
      ],
      [
       -76.8637673898614,
       38.73149022906823
      ],
      [
       -76.8632356050866,
       38.730912628710634
      ],
      [
       -76.86047518232418,
       38.73005604574405
      ],
      [
       -76.85876184638585,
       38.7298056977137
      ],
      [
       -76.85616191331891,
       38.7290611986692
      ],
      [
       -76.85438438150238,
       38.72961098257898
      ],
      [
       -76.85087442848643,
       38.729925962943966
      ],
      [
       -76.84926866401966,
       38.729447356415356
      ],
      [
       -76.84787283742484,
       38.729755791733794
      ],
      [
       -76.84683182318382,
       38.72941872183672
      ],
      [
       -76.84580902669202,
       38.72813425645226
      ],
      [
       -76.84399419186519,
       38.729237096795096
      ],
      [
       -76.84295057508858,
       38.731375690753694
      ],
      [
       -76.84216807938408,
       38.73174630401431
      ],
      [
       -76.83977895170095,
       38.73425632936433
      ],
      [
       -76.83435787004088,
       38.736457919395924
      ],
      [
       -76.83335762885763,
       38.735612790260795
      ],
      [
       -76.83289871507972,
       38.734455135153134
      ],
      [
       -76.83408460380261,
       38.73386526283326
      ],
      [
       -76.83288570240171,
       38.73318621425422
      ],
      [
       -76.83142220988121,
       38.73366236639037
      ],
      [
       -76.82950327363028,
       38.732521892029894
      ],
      [
       -76.82791572691274,
       38.73092980945781
      ],
      [
       -76.82746982581283,
       38.72932381866182
      ],
      [
       -76.83759976188976,
       38.71315918995719
      ],
      [
       -76.83737507631608,
       38.71097314441115
      ],
      [
       -76.83607380851481,
       38.70921498128298
      ],
      [
       -76.83406031347032,
       38.70738891329692
      ],
      [
       -76.83467537938438,
       38.704555726273725
      ],
      [
       -76.83531907319008,
       38.703703233961235
      ],
      [
       -76.8325733981294,
       38.700352170130174
      ],
      [
       -76.83084357946558,
       38.69513085924886
      ],
      [
       -76.83910836502737,
       38.69674912200713
      ],
      [
       -76.84154260332761,
       38.696902930600935
      ],
      [
       -76.84454506190106,
       38.69666894518695
      ],
      [
       -76.84558607614208,
       38.694794607482606
      ],
      [
       -76.84669128626129,
       38.69364104302905
      ],
      [
       -76.85006590742591,
       38.691640713178714
      ],
      [
       -76.85109564401264,
       38.69062704909505
      ],
      [
       -76.85353942494342,
       38.686758926586926
      ],
      [
       -76.853443998638,
       38.68544991727792
      ],
      [
       -76.85457957167257,
       38.68602833576634
      ],
      [
       -76.86758183954284,
       38.66519790700591
      ],
      [
       -76.86911907057207,
       38.66566996848797
      ],
      [
       -76.87179013961214,
       38.664328233946236
      ],
      [
       -76.87452887457788,
       38.664113065541066
      ],
      [
       -76.87370300328,
       38.661652946170946
      ],
      [
       -76.87367264036465,
       38.65952826043626
      ],
      [
       -76.87416712212912,
       38.65826015766816
      ],
      [
       -76.87598976456276,
       38.658332153180154
      ],
      [
       -76.87895578763779,
       38.65900383858184
      ],
      [
       -76.8799863917364,
       38.65865776924577
      ],
      [
       -76.88226881545982,
       38.65696178405979
      ],
      [
       -76.886026009358,
       38.657618743106745
      ],
      [
       -76.88924621341022,
       38.65681697490498
      ],
      [
       -76.89044337978738,
       38.654967999256
      ],
      [
       -76.89446082724582,
       38.65522571046371
      ],
      [
       -76.89514963166863,
       38.654594113472115
      ],
      [
       -76.89834467787668,
       38.65461293048093
      ],
      [
       -76.89971100906801,
       38.653196746034745
      ],
      [
       -76.9012733979414,
       38.652344253722255
      ],
      [
       -76.9033588964709,
       38.65251524306324
      ],
      [
       -76.90470527488928,
       38.6515613025293
      ],
      [
       -76.90899165102665,
       38.652270621948624
      ],
      [
       -76.91002399014899,
       38.65216262868063
      ],
      [
       -76.91109276476976,
       38.65290794585595
      ],
      [
       -76.9117512062772,
       38.65265268904069
      ],
      [
       -76.91351572541572,
       38.6529283991264
      ],
      [
       -76.9134229016459,
       38.65500072448873
      ],
      [
       -76.91424183284883,
       38.65750665918466
      ],
      [
       -76.91539388860889,
       38.65937281558082
      ],
      [
       -76.91517007054708,
       38.66121524618325
      ],
      [
       -76.91636897194797,
       38.66294395660196
      ],
      [
       -76.91761124894225,
       38.663578826116826
      ],
      [
       -76.92482374260875,
       38.66344628892429
      ],
      [
       -76.92749394413694,
       38.664513131511136
      ],
      [
       -76.9283015976856,
       38.665846684744686
      ],
      [
       -76.92853062081862,
       38.66808018187818
      ],
      [
       -76.92888543317244,
       38.66873468653269
      ],
      [
       -76.93153741695141,
       38.67021795770596
      ],
      [
       -76.93402457347558,
       38.669979881637886
      ],
      [
       -76.93494934112634,
       38.670190141258146
      ],
      [
       -76.93658373348474,
       38.67259299147099
      ],
      [
       -76.9384965971526,
       38.67692335789136
      ],
      [
       -76.93920101678901,
       38.67811373823174
      ],
      [
       -76.93642324378925,
       38.67981135967936
      ],
      [
       -76.93372701690502,
       38.68071866675667
      ],
      [
       -76.92790687978588,
       38.68312560762361
      ],
      [
       -76.92359274326874,
       38.68510712046512
      ],
      [
       -76.92156710305811,
       38.685400011298015
      ],
      [
       -76.92042719246419,
       38.688486000744
      ],
      [
       -76.92044280767782,
       38.6917077999058
      ],
      [
       -76.92063366028866,
       38.692600380628384
      ],
      [
       -76.92345220634621,
       38.694787244305246
      ],
      [
       -76.9252843914104,
       38.695905629133634
      ],
      [
       -76.92626207728507,
       38.69764579338379
      ],
      [
       -76.92590205986006,
       38.69988501743302
      ],
      [
       -76.92341924089524,
       38.70338825359625
      ],
      [
       -76.92191584282884,
       38.7045090928171
      ],
      [
       -76.91913112973413,
       38.705808284556284
      ],
      [
       -76.92098326757127,
       38.70699293798094
      ],
      [
       -76.92446025513625,
       38.70769734861535
      ],
      [
       -76.93270075036575,
       38.70903662876463
      ],
      [
       -76.936248006392,
       38.70895072502873
      ],
      [
       -76.93865882187183,
       38.70782988580789
      ],
      [
       -76.93931813089114,
       38.709354881652885
      ],
      [
       -76.93849312710513,
       38.70955368744169
      ],
      [
       -76.93782687799089,
       38.71045199508
      ],
      [
       -76.93657419085419,
       38.71030473153273
      ],
      [
       -76.93289767555967,
       38.711672646260645
      ],
      [
       -76.92996028037628,
       38.71400922787723
      ],
      [
       -76.92805175426776,
       38.71439702188502
      ],
      [
       -76.92695261673163,
       38.71496725906526
      ],
      [
       -76.92439432423433,
       38.71516933737734
      ],
      [
       -76.92285882822883,
       38.71497462224262
      ],
      [
       -76.92086528595729,
       38.715170973638976
      ],
      [
       -76.91959524858325,
       38.717914166272166
      ],
      [
       -76.9176953975934,
       38.72021393200193
      ],
      [
       -76.91339427375428,
       38.72051418601219
      ],
      [
       -76.91009425861026,
       38.72091425198225
      ],
      [
       -76.90867674421875,
       38.72208172465972
      ],
      [
       -76.9054738904039,
       38.72429395039195
      ],
      [
       -76.900798001438,
       38.72796735776536
      ],
      [
       -76.89869862271863,
       38.72837396878197
      ],
      [
       -76.897916994526,
       38.72889020932821
      ],
      [
       -76.89418062091262,
       38.72727521909322
      ],
      [
       -76.89341460793361,
       38.727655649923655
      ],
      [
       -76.89142193317393,
       38.73036693545494
      ],
      [
       -76.8882667925118,
       38.73071627731428
      ],
      [
       -76.88787207461208,
       38.7314075978556
      ],
      [
       -76.88581607148608,
       38.73155240701041
      ],
      [
       -76.88526780398581,
       38.73108034552835
      ],
      [
       -76.87928977970678,
       38.731378145146145
      ],
      [
       -76.8779407987528,
       38.73249734810535
      ],
      [
       -76.87376633164634,
       38.73259797819598
      ],
      [
       -76.87195323184324,
       38.73358628022428
      ],
      [
       -76.87018090509791,
       38.73414015478816
      ]
     ]
    ]
   }
  },
  {
   "type": "Feature",
   "properties": {
    "name": "Brentwood",
    "geoid": "2409500"
   },
   "geometry": {
    "type": "Polygon",
    "coordinates": [
     [
      [
       -76.96277131422931,
       38.95398499571299
      ],
      [
       -76.96204173674874,
       38.953606201144204
      ],
      [
       -76.96116034469135,
       38.951164080652084
      ],
      [
       -76.9602216968507,
       38.95005387713188
      ],
      [
       -76.95794100815101,
       38.948807045765044
      ],
      [
       -76.95573058791258,
       38.9489853982834
      ],
      [
       -76.95327726435127,
       38.948452795120794
      ],
      [
       -76.95507561645262,
       38.94558033781834
      ],
      [
       -76.95444493532494,
       38.94443086401886
      ],
      [
       -76.9510841943502,
       38.942283270621274
      ],
      [
       -76.9505099014939,
       38.94268988163788
      ],
      [
       -76.94939601625602,
       38.941734304842306
      ],
      [
       -76.95559699108499,
       38.935067356805355
      ],
      [
       -76.957116004365,
       38.936368184806184
      ],
      [
       -76.9574257061017,
       38.941313785601785
      ],
      [
       -76.96095561189061,
       38.940929264117266
      ],
      [
       -76.9614552987263,
       38.943269936387935
      ],
      [
       -76.96202091646391,
       38.943245392463396
      ],
      [
       -76.96233235322435,
       38.94888313193113
      ],
      [
       -76.96260822199822,
       38.94962435845236
      ],
      [
       -76.96277131422931,
       38.95398499571299
      ]
     ]
    ]
   }
  },
  {
   "type": "Feature",
   "properties": {
    "name": "Brock Hall",
    "geoid": "2410150"
   },
   "geometry": {
    "type": "Polygon",
    "coordinates": [
     [
      [
       -76.75736098672799,
       38.89137180793981
      ],
      [
       -76.75610222700823,
       38.89085229487029
      ],
      [
       -76.74790770990771,
       38.88992371639172
      ],
      [
       -76.74013914113415,
       38.88916367286167
      ],
      [
       -76.73805798016399,
       38.88879715025515
      ],
      [
       -76.73809875322176,
       38.89085393113193
      ],
      [
       -76.73586317513917,
       38.890498862356864
      ],
      [
       -76.7333872962693,
       38.889792815460815
      ],
      [
       -76.73031283421084,
       38.88966436892237
      ],
      [
       -76.72764697024198,
       38.88800683588484
      ],
      [
       -76.72398433513735,
       38.88691626750427
      ],
      [
       -76.72023494884596,
       38.88649411200211
      ],
      [
       -76.7207623960614,
       38.88845680783481
      ],
      [
       -76.72179820523121,
       38.891144367572366
      ],
      [
       -76.72208968921869,
       38.892827262665264
      ],
      [
       -76.72204457860158,
       38.89697436778237
      ],
      [
       -76.7228557021977,
       38.8973188008568
      ],
      [
       -76.72519711672813,
       38.899136687534686
      ],
      [
       -76.7272565899016,
       38.89998508919309
      ],
      [
       -76.73605316023816,
       38.90078113047913
      ],
      [
       -76.73597681919382,
       38.901002025800025
      ],
      [
       -76.73251631435431,
       38.900700953658955
      ],
      [
       -76.72939934421434,
       38.9004366974047
      ],
      [
       -76.7233952945793,
       38.89964392864193
      ],
      [
       -76.72111720841521,
       38.898923973521974
      ],
      [
       -76.71820323605223,
       38.898355372603376
      ],
      [
       -76.7189388861159,
       38.89321014788815
      ],
      [
       -76.71970142904743,
       38.884312975240974
      ],
      [
       -76.72022627372728,
       38.88309314219114
      ],
      [
       -76.72074764835965,
       38.878049365697365
      ],
      [
       -76.72134623154824,
       38.87269960827761
      ],
      [
       -76.72178432504133,
       38.87048901880702
      ],
      [
       -76.72322179220579,
       38.86586985220785
      ],
      [
       -76.72544262258663,
       38.858711207549206
      ],
      [
       -76.72581305015406,
       38.85686223190023
      ],
      [
       -76.72695035821236,
       38.84394803693604
      ],
      [
       -76.72772157626258,
       38.841042854400854
      ],
      [
       -76.72925099968501,
       38.83822602999403
      ],
      [
       -76.73005865323366,
       38.83626415229215
      ],
      [
       -76.73095566050466,
       38.8323583957664
      ],
      [
       -76.73182403988405,
       38.830439060867064
      ],
      [
       -76.7341003910244,
       38.82729662039462
      ],
      [
       -76.73549274757175,
       38.824721962709965
      ],
      [
       -76.7365138090398,
       38.82112218711019
      ],
      [
       -76.73840064735165,
       38.81380400694201
      ],
      [
       -76.74217866153467,
       38.813643653301654
      ],
      [
       -76.74207282508682,
       38.81556871511672
      ],
      [
       -76.74278505233005,
       38.81751177580978
      ],
      [
       -76.74452441362442,
       38.8192593032373
      ],
      [
       -76.74582828396129,
       38.82005698078498
      ],
      [
       -76.74708530865732,
       38.820246787134785
      ],
      [
       -76.74806472955574,
       38.821722695130696
      ],
      [
       -76.74962364838166,
       38.82194604484405
      ],
      [
       -76.74859304428304,
       38.823618304236305
      ],
      [
       -76.75032286294686,
       38.825658722496726
      ],
      [
       -76.75148793138493,
       38.82929204146004
      ],
      [
       -76.75314574656375,
       38.83165480326281
      ],
      [
       -76.75666003713904,
       38.838595825123825
      ],
      [
       -76.75828315184316,
       38.84133001831802
      ],
      [
       -76.76136628902029,
       38.84444873299673
      ],
      [
       -76.76728966005166,
       38.8486981044661
      ],
      [
       -76.76943761943562,
       38.851366847194846
      ],
      [
       -76.77076578010478,
       38.856139004257
      ],
      [
       -76.77209914584515,
       38.858500947928945
      ],
      [
       -76.77364418448118,
       38.86024438470238
      ],
      [
       -76.77423496006297,
       38.86118278075078
      ],
      [
       -76.77695981483882,
       38.86700132712933
      ],
      [
       -76.77828537297238,
       38.869004111372114
      ],
      [
       -76.78257782169283,
       38.87260715949516
      ],
      [
       -76.78441087426887,
       38.87361264227064
      ],
      [
       -76.78387301691102,
       38.87456085588886
      ],
      [
       -76.78114208955209,
       38.87715923936724
      ],
      [
       -76.77964823411624,
       38.876930980868984
      ],
      [
       -76.77203408245508,
       38.87714287675088
      ],
      [
       -76.77028257599459,
       38.8778161984142
      ],
      [
       -76.76870196937197,
       38.877628846456844
      ],
      [
       -76.76610984391185,
       38.875893590991595
      ],
      [
       -76.76382481765282,
       38.875270175308174
      ],
      [
       -76.76112859076859,
       38.87536098782899
      ],
      [
       -76.75967464087864,
       38.87518427157227
      ],
      [
       -76.75948639080339,
       38.87836189166989
      ],
      [
       -76.75988718128619,
       38.88223737735538
      ],
      [
       -76.75749978862679,
       38.89039086908887
      ],
      [
       -76.75736098672799,
       38.89137180793981
      ]
     ]
    ]
   }
  },
  {
   "type": "Feature",
   "properties": {
    "name": "Brown Station",
    "geoid": "2410737"
   },
   "geometry": {
    "type": "Polygon",
    "coordinates": [
     [
      [
       -76.8345947007807,
       38.86641636359437
      ],
      [
       -76.83029964952465,
       38.866435998734
      ],
      [
       -76.82730413104613,
       38.867248402636406
      ],
      [
       -76.82351397169697,
       38.86742839141639
      ],
      [
       -76.81897428209429,
       38.86821788765589
      ],
      [
       -76.8164637027497,
       38.86918000949801
      ],
      [
       -76.81319231549732,
       38.87073363992164
      ],
      [
       -76.80726634193034,
       38.87173175951976
      ],
      [
       -76.80578983673183,
       38.87214327932128
      ],
      [
       -76.80402792012892,
       38.87399061870862
      ],
      [
       -76.8028055959076,
       38.87608666986467
      ],
      [
       -76.79563300778702,
       38.8747432990613
      ],
      [
       -76.79177605002405,
       38.87439722972523
      ],
      [
       -76.78875016863017,
       38.87441113794914
      ],
      [
       -76.78631593032993,
       38.87417633440433
      ],
      [
       -76.78441087426887,
       38.87361264227064
      ],
      [
       -76.78257782169283,
       38.87260715949516
      ],
      [
       -76.77828537297238,
       38.869004111372114
      ],
      [
       -76.77695981483882,
       38.86700132712933
      ],
      [
       -76.77423496006297,
       38.86118278075078
      ],
      [
       -76.77364418448118,
       38.86024438470238
      ],
      [
       -76.77517794546294,
       38.85955715481516
      ],
      [
       -76.77587542500443,
       38.86086370973171
      ],
      [
       -76.77883624300824,
       38.859232356880355
      ],
      [
       -76.78055478401778,
       38.85849685727486
      ],
      [
       -76.7801938990809,
       38.85770490664291
      ],
      [
       -76.7820737972978,
       38.8565987937768
      ],
      [
       -76.78160534088934,
       38.8544961975742
      ],
      [
       -76.78075257672359,
       38.854345661503665
      ],
      [
       -76.77884405061505,
       38.852809211827214
      ],
      [
       -76.77712811214111,
       38.85263167743968
      ],
      [
       -76.7772165983516,
       38.85187408830209
      ],
      [
       -76.77643323513524,
       38.850217373395374
      ],
      [
       -76.7769762975643,
       38.84765335141135
      ],
      [
       -76.7765087086677,
       38.84725573983374
      ],
      [
       -76.77667960850562,
       38.845388765306765
      ],
      [
       -76.77359733884035,
       38.84347106666907
      ],
      [
       -76.77342990904991,
       38.840893954591955
      ],
      [
       -76.77234291667992,
       38.839704392382394
      ],
      [
       -76.77524127382928,
       38.839620943038945
      ],
      [
       -76.77384371221072,
       38.83841992699793
      ],
      [
       -76.77246263331763,
       38.8355171988552
      ],
      [
       -76.77896376725278,
       38.8353323012903
      ],
      [
       -76.7835824004354,
       38.83452480617281
      ],
      [
       -76.78575898771099,
       38.833506233304234
      ],
      [
       -76.78713139148539,
       38.832508931836934
      ],
      [
       -76.79294111846212,
       38.82920204707005
      ],
      [
       -76.79372795172596,
       38.82828901307701
      ],
      [
       -76.79625935135536,
       38.82697591311391
      ],
      [
       -76.79822513324713,
       38.82806075457876
      ],
      [
       -76.80522421899423,
       38.83223485801286
      ],
      [
       -76.80660703291103,
       38.83320434303234
      ],
      [
       -76.80757777869078,
       38.8349215996196
      ],
      [
       -76.8077642937423,
       38.83878235895036
      ],
      [
       -76.80827005316105,
       38.840380168438166
      ],
      [
       -76.81199688414388,
       38.84505496793297
      ],
      [
       -76.8131341922022,
       38.84765907832708
      ],
      [
       -76.81325911391112,
       38.851005233373236
      ],
      [
       -76.81472260643162,
       38.85287138976939
      ],
      [
       -76.82305592543092,
       38.85731302198102
      ],
      [
       -76.82873986318687,
       38.860123301341304
      ],
      [
       -76.83285273695074,
       38.86383597899398
      ],
      [
       -76.8345947007807,
       38.86641636359437
      ]
     ]
    ]
   }
  },
  {
   "type": "Feature",
   "properties": {
    "name": "Camp Springs",
    "geoid": "2412600"
   },
   "geometry": {
    "type": "Polygon",
    "coordinates": [
     [
      [
       -76.94545230730631,
       38.80226181735982
      ],
      [
       -76.9446594014594,
       38.80363136834937
      ],
      [
       -76.94203257552458,
       38.804267055995055
      ],
      [
       -76.93844714897615,
       38.807398042636045
      ],
      [
       -76.93701835693035,
       38.80883713474513
      ],
      [
       -76.93167361631461,
       38.81499438728239
      ],
      [
       -76.93165366354167,
       38.81685481676282
      ],
      [
       -76.93115918177719,
       38.818842874650876
      ],
      [
       -76.93051375294776,
       38.82153861569662
      ],
      [
       -76.92884726265027,
       38.82326568985369
      ],
      [
       -76.92714260183061,
       38.82732361871162
      ],
      [
       -76.92599835367736,
       38.82838227999028
      ],
      [
       -76.925706002178,
       38.82946793958594
      ],
      [
       -76.92418091631492,
       38.82976982985783
      ],
      [
       -76.9221119005109,
       38.830835854313854
      ],
      [
       -76.92100322034422,
       38.83093812066612
      ],
      [
       -76.91928034177535,
       38.831671165879165
      ],
      [
       -76.91853428156928,
       38.83259810809611
      ],
      [
       -76.91539215358516,
       38.83337696863497
      ],
      [
       -76.91443875804276,
       38.83404129085929
      ],
      [
       -76.91346974728675,
       38.83377376208176
      ],
      [
       -76.91168527537528,
       38.83436363440163
      ],
      [
       -76.90913132043733,
       38.83457798467599
      ],
      [
       -76.8992573003613,
       38.83621097378897
      ],
      [
       -76.894295999991,
       38.8362077012657
      ],
      [
       -76.89012066537266,
       38.83549674558475
      ],
      [
       -76.89070103081204,
       38.83457634841435
      ],
      [
       -76.89440964404565,
       38.83536584465384
      ],
      [
       -76.89474797367397,
       38.83499359513159
      ],
      [
       -76.8978102905663,
       38.834306365244366
      ],
      [
       -76.90028963948365,
       38.8344838996319
      ],
      [
       -76.90182513548913,
       38.83433990860791
      ],
      [
       -76.90016385026286,
       38.83345632732433
      ],
      [
       -76.90043017640618,
       38.83252365819166
      ],
      [
       -76.89948979354179,
       38.83304235313035
      ],
      [
       -76.89426216702817,
       38.833751672549674
      ],
      [
       -76.89393685007785,
       38.83075976814777
      ],
      [
       -76.89473843104344,
       38.82891488315288
      ],
      [
       -76.89549143134444,
       38.828567995685994
      ],
      [
       -76.89430727764528,
       38.82707817946618
      ],
      [
       -76.89493015116615,
       38.826138965286965
      ],
      [
       -76.89268242791744,
       38.825035306813305
      ],
      [
       -76.89284118258918,
       38.82395701039501
      ],
      [
       -76.89499261202062,
       38.82335568424369
      ],
      [
       -76.89473409348409,
       38.82240010744811
      ],
      [
       -76.89355774739175,
       38.8225710967891
      ],
      [
       -76.89371216450417,
       38.82310288182088
      ],
      [
       -76.8904242945263,
       38.82334913919714
      ],
      [
       -76.89038178644479,
       38.8222462988543
      ],
      [
       -76.89269457308357,
       38.82203603923404
      ],
      [
       -76.8924082941673,
       38.820851385809384
      ],
      [
       -76.8968117844068,
       38.8193312987493
      ],
      [
       -76.90071125025125,
       38.8184109015789
      ],
      [
       -76.90273775797375,
       38.8181850974731
      ],
      [
       -76.901884993808,
       38.81742423581224
      ],
      [
       -76.89730366363567,
       38.81829390887191
      ],
      [
       -76.8943280979301,
       38.81929693725494
      ],
      [
       -76.894223996506,
       38.81870624680425
      ],
      [
       -76.8899141975482,
       38.82022633386433
      ],
      [
       -76.88941624573624,
       38.81938038659839
      ],
      [
       -76.89265987260887,
       38.81707734834535
      ],
      [
       -76.89437928113028,
       38.814969843357844
      ],
      [
       -76.89574821485722,
       38.81181022213822
      ],
      [
       -76.89558078506678,
       38.811672776160776
      ],
      [
       -76.89643441674441,
       38.810219775827775
      ],
      [
       -76.8977165992846,
       38.80876513923314
      ],
      [
       -76.90026361412761,
       38.80715914843715
      ],
      [
       -76.90318365907366,
       38.806636362844365
      ],
      [
       -76.9024297912608,
       38.805107276345275
      ],
      [
       -76.90157962963063,
       38.8046253972934
      ],
      [
       -76.90222679348379,
       38.802644702582704
      ],
      [
       -76.90365732055332,
       38.80187402335203
      ],
      [
       -76.90162821029521,
       38.7989442968923
      ],
      [
       -76.90242805623706,
       38.797735099543104
      ],
      [
       -76.90268397223798,
       38.79632382388183
      ],
      [
       -76.90382475034376,
       38.794604112902114
      ],
      [
       -76.90479376109977,
       38.79071308273108
      ],
      [
       -76.90720804662705,
       38.78943188986989
      ],
      [
       -76.90827074866475,
       38.7885523992404
      ],
      [
       -76.91087328426728,
       38.78787662318462
      ],
      [
       -76.91153432831032,
       38.787442195720196
      ],
      [
       -76.9140665954516,
       38.78709612638413
      ],
      [
       -76.91550493012794,
       38.78595074323874
      ],
      [
       -76.91744381915183,
       38.785675851283855
      ],
      [
       -76.91881362039062,
       38.785908200436204
      ],
      [
       -76.92238343172544,
       38.78441592982393
      ],
      [
       -76.92250575089875,
       38.78249086800887
      ],
      [
       -76.92386167194768,
       38.781253854211855
      ],
      [
       -76.9249929074229,
       38.778985995583994
      ],
      [
       -76.92469014578114,
       38.77703884423685
      ],
      [
       -76.92489227604628,
       38.77633525173325
      ],
      [
       -76.92763881861882,
       38.77387022357823
      ],
      [
       -76.92824434190234,
       38.77289664790465
      ],
      [
       -76.93245437699538,
       38.77079568796369
      ],
      [
       -76.93370359408459,
       38.77000537359338
      ],
      [
       -76.9352521027681,
       38.76824966485766
      ],
      [
       -76.9358558910279,
       38.7688918975499
      ],
      [
       -76.94074605542505,
       38.7712382967363
      ],
      [
       -76.9428037935748,
       38.77173408401209
      ],
      [
       -76.94203431054831,
       38.775377220545224
      ],
      [
       -76.94076774322174,
       38.77631970724771
      ],
      [
       -76.94273092257792,
       38.77800423860224
      ],
      [
       -76.94271964492364,
       38.77854502307302
      ],
      [
       -76.94551997323198,
       38.78122031084831
      ],
      [
       -76.94342840211941,
       38.78237632969433
      ],
      [
       -76.93962696511596,
       38.78580838847639
      ],
      [
       -76.93845408907109,
       38.78773426842227
      ],
      [
       -76.94105662467362,
       38.78971169060969
      ],
      [
       -76.94364094252694,
       38.790542093390094
      ],
      [
       -76.94973261086061,
       38.79058627245428
      ],
      [
       -76.9484165953576,
       38.79321901742702
      ],
      [
       -76.94275434539834,
       38.80112297926098
      ],
      [
       -76.94545230730631,
       38.80226181735982
      ]
     ]
    ]
   }
  },
  {
   "type": "Feature",
   "properties": {
    "name": "Capitol Heights",
    "geoid": "2413000"
   },
   "geometry": {
    "type": "Polygon",
    "coordinates": [
     [
      [
       -76.92096591733392,
       38.883840095628095
      ],
      [
       -76.91278441291142,
       38.89022233414033
      ],
      [
       -76.90847634897735,
       38.88537490904291
      ],
      [
       -76.90987304308405,
       38.88517283073083
      ],
      [
       -76.91195073400674,
       38.88116398972199
      ],
      [
       -76.91381328198628,
       38.881433972891976
      ],
      [
       -76.91453331683631,
       38.88008732956533
      ],
      [
       -76.91294663763064,
       38.879692172380174
      ],
      [
       -76.91378378658278,
       38.87750694496495
      ],
      [
       -76.91283386108786,
       38.87829316868117
      ],
      [
       -76.91271501196202,
       38.87749385487186
      ],
      [
       -76.91044126335727,
       38.876986613764615
      ],
      [
       -76.90937075371275,
       38.87871368792169
      ],
      [
       -76.90683067896468,
       38.87813608756409
      ],
      [
       -76.90741364693964,
       38.87748321917122
      ],
      [
       -76.90480156870657,
       38.876669997137995
      ],
      [
       -76.90448492687493,
       38.87820726494527
      ],
      [
       -76.90559534206534,
       38.88036385778186
      ],
      [
       -76.90266575448875,
       38.88082691982492
      ],
      [
       -76.90176787970589,
       38.877875103833105
      ],
      [
       -76.90317498395498,
       38.877669752997754
      ],
      [
       -76.9025043972814,
       38.87719278273078
      ],
      [
       -76.90213657224957,
       38.87593777005577
      ],
      [
       -76.90134366640267,
       38.87611694070494
      ],
      [
       -76.9012118045988,
       38.87489465326266
      ],
      [
       -76.9022293960194,
       38.87449295103095
      ],
      [
       -76.9016498980919,
       38.87362164170964
      ],
      [
       -76.90066180207481,
       38.87456085588886
      ],
      [
       -76.89813387249288,
       38.873020315558314
      ],
      [
       -76.89596162277662,
       38.87140532532332
      ],
      [
       -76.89468030774832,
       38.87093980888781
      ],
      [
       -76.8945310957071,
       38.86821870578671
      ],
      [
       -76.89296697180997,
       38.86824570410371
      ],
      [
       -76.89310403868504,
       38.868520596058595
      ],
      [
       -76.8939142947693,
       38.870307393765394
      ],
      [
       -76.89125363587164,
       38.868675222783224
      ],
      [
       -76.89274662379563,
       38.867807185985185
      ],
      [
       -76.89239094392994,
       38.86668961928762
      ],
      [
       -76.89383621870122,
       38.8660752030432
      ],
      [
       -76.89310317117318,
       38.865598232776236
      ],
      [
       -76.89408172455973,
       38.86464511037311
      ],
      [
       -76.89702085476685,
       38.86362081058881
      ],
      [
       -76.90094808099109,
       38.862914763692764
      ],
      [
       -76.90060541380342,
       38.86420413786214
      ],
      [
       -76.90135407654508,
       38.86375907469708
      ],
      [
       -76.90131156846357,
       38.86297203285003
      ],
      [
       -76.90232829237229,
       38.86341464162264
      ],
      [
       -76.90021676848677,
       38.8653077963358
      ],
      [
       -76.9009315982656,
       38.866723980781984
      ],
      [
       -76.90208018397819,
       38.8668736987217
      ],
      [
       -76.90225368635168,
       38.86818516242316
      ],
      [
       -76.90109295547296,
       38.869085106323105
      ],
      [
       -76.89880532667833,
       38.86735475964276
      ],
      [
       -76.89808702685202,
       38.868227705225706
      ],
      [
       -76.89945943062644,
       38.86944262949063
      ],
      [
       -76.8998957890958,
       38.870975806643806
      ],
      [
       -76.90288957255058,
       38.872210366048364
      ],
      [
       -76.9030969078869,
       38.87063382796183
      ],
      [
       -76.90646372144472,
       38.87320766751567
      ],
      [
       -76.9058182926153,
       38.873799994227994
      ],
      [
       -76.90713430811832,
       38.87472611831412
      ],
      [
       -76.90943494959095,
       38.87448313346113
      ],
      [
       -76.90968826305627,
       38.876098123696124
      ],
      [
       -76.9146218030468,
       38.875546703524705
      ],
      [
       -76.9148516936917,
       38.87616602855403
      ],
      [
       -76.91629696846297,
       38.87671499433299
      ],
      [
       -76.91598726672626,
       38.877285231513234
      ],
      [
       -76.91720959094759,
       38.878229354477355
      ],
      [
       -76.91938531071132,
       38.8782988955969
      ],
      [
       -76.92162435884136,
       38.88144706298506
      ],
      [
       -76.92096591733392,
       38.883840095628095
      ]
     ],
     [
      [
       -76.91394514379014,
       38.87665118012918
      ],
      [
       -76.91394514379014,
       38.87665118012918
      ],
      [
       -76.91394514379014,
       38.87665118012918
      ],
      [
       -76.91394514379014,
       38.87665118012918
      ]
     ]
    ]
   }
  },
  {
   "type": "Feature",
   "properties": {
    "name": "Cedar Heights",
    "geoid": "2414550"
   },
   "geometry": {
    "type": "Polygon",
    "coordinates": [
     [
      [
       -76.91151697807298,
       38.905721822489824
      ],
      [
       -76.90672571002871,
       38.90640577985378
      ],
      [
       -76.9019517922218,
       38.9074668955249
      ],
      [
       -76.90124477004977,
       38.90694083740884
      ],
      [
       -76.90140699476899,
       38.905704641742645
      ],
      [
       -76.90088041506542,
       38.9052873950254
      ],
      [
       -76.90030091713793,
       38.903593046101044
      ],
      [
       -76.89952189148089,
       38.903353333771335
      ],
      [
       -76.90049957735557,
       38.90219813305613
      ],
      [
       -76.90825686847487,
       38.9003377035757
      ],
      [
       -76.91069023926325,
       38.89963983798784
      ],
      [
       -76.91073534988035,
       38.903494870402874
      ],
      [
       -76.91151697807298,
       38.905721822489824
      ]
     ]
    ]
   }
  },
  {
   "type": "Feature",
   "properties": {
    "name": "Cedarville",
    "geoid": "2414800"
   },
   "geometry": {
    "type": "Polygon",
    "coordinates": [
     [
      [
       -76.83084357946558,
       38.69513085924886
      ],
      [
       -76.82633078273079,
       38.69345205481006
      ],
      [
       -76.8221033974004,
       38.69116128851929
      ],
      [
       -76.81998666844368,
       38.689732832110835
      ],
      [
       -76.81577489832691,
       38.68387992423793
      ],
      [
       -76.81196565371665,
       38.68034396284197
      ],
      [
       -76.80944813427713,
       38.677794667212666
      ],
      [
       -76.80679094542695,
       38.67662637640438
      ],
      [
       -76.80182964505664,
       38.67521428261229
      ],
      [
       -76.799326005807,
       38.673910182088186
      ],
      [
       -76.79619775801277,
       38.67139197542998
      ],
      [
       -76.78960293279593,
       38.66841970616771
      ],
      [
       -76.78707934077335,
       38.66608885146685
      ],
      [
       -76.78306796589797,
       38.663986255264255
      ],
      [
       -76.78110565405366,
       38.662794238662244
      ],
      [
       -76.77787590737091,
       38.65994877967678
      ],
      [
       -76.77486911123812,
       38.656965874713876
      ],
      [
       -76.77266823363024,
       38.65363608228409
      ],
      [
       -76.77178857659658,
       38.65133631655432
      ],
      [
       -76.770725007047,
       38.64926071866872
      ],
      [
       -76.77094101750203,
       38.646187001185005
      ],
      [
       -76.77041877535778,
       38.64429384647185
      ],
      [
       -76.7688693991624,
       38.6407267961048
      ],
      [
       -76.77005875793276,
       38.63808423356224
      ],
      [
       -76.77161073666375,
       38.63627207380008
      ],
      [
       -76.77443709032809,
       38.63445418712219
      ],
      [
       -76.7750538912659,
       38.63381686321487
      ],
      [
       -76.77731636221637,
       38.62928114595915
      ],
      [
       -76.77784294191994,
       38.62704928508729
      ],
      [
       -76.78658312398512,
       38.63044370985171
      ],
      [
       -76.81024190763591,
       38.63930815726616
      ],
      [
       -76.8168566856257,
       38.64159483290283
      ],
      [
       -76.81754375502476,
       38.641952356070355
      ],
      [
       -76.83523492453892,
       38.64834932093732
      ],
      [
       -76.8420258074378,
       38.65102460871261
      ],
      [
       -76.85715868445469,
       38.65647908687709
      ],
      [
       -76.8629553987534,
       38.658648769806774
      ],
      [
       -76.86441195117895,
       38.65809080458881
      ],
      [
       -76.86636732292833,
       38.65887702830503
      ],
      [
       -76.86892821796123,
       38.65793617786418
      ],
      [
       -76.87156805657406,
       38.6588803008283
      ],
      [
       -76.87416712212912,
       38.65826015766816
      ],
      [
       -76.87367264036465,
       38.65952826043626
      ],
      [
       -76.87370300328,
       38.661652946170946
      ],
      [
       -76.87452887457788,
       38.664113065541066
      ],
      [
       -76.87179013961214,
       38.664328233946236
      ],
      [
       -76.86911907057207,
       38.66566996848797
      ],
      [
       -76.86758183954284,
       38.66519790700591
      ],
      [
       -76.85457957167257,
       38.68602833576634
      ],
      [
       -76.853443998638,
       38.68544991727792
      ],
      [
       -76.85353942494342,
       38.686758926586926
      ],
      [
       -76.85109564401264,
       38.69062704909505
      ],
      [
       -76.85006590742591,
       38.691640713178714
      ],
      [
       -76.84669128626129,
       38.69364104302905
      ],
      [
       -76.84558607614208,
       38.694794607482606
      ],
      [
       -76.84454506190106,
       38.69666894518695
      ],
      [
       -76.84154260332761,
       38.696902930600935
      ],
      [
       -76.83910836502737,
       38.69674912200713
      ],
      [
       -76.83084357946558,
       38.69513085924886
      ]
     ]
    ]
   }
  },
  {
   "type": "Feature",
   "properties": {
    "name": "Cheverly",
    "geoid": "2416550"
   },
   "geometry": {
    "type": "Polygon",
    "coordinates": [
     [
      [
       -76.91807103023203,
       38.939345362853366
      ],
      [
       -76.91584325975626,
       38.93938626939427
      ],
      [
       -76.9154789047719,
       38.93932981836782
      ],
      [
       -76.9178957928348,
       38.93559014239814
      ],
      [
       -76.91702307589608,
       38.93523834614635
      ],
      [
       -76.9142027948148,
       38.934272951780954
      ],
      [
       -76.91031287160088,
       38.93372316787117
      ],
      [
       -76.90925103707504,
       38.931802196710194
      ],
      [
       -76.9031316083616,
       38.930423646281646
      ],
      [
       -76.90268657477358,
       38.93107733280533
      ],
      [
       -76.90824992837993,
       38.93253115126915
      ],
      [
       -76.90789685104986,
       38.933273195921196
      ],
      [
       -76.90283405179106,
       38.932407613515615
      ],
      [
       -76.90236125782326,
       38.933313284331284
      ],
      [
       -76.89923561256461,
       38.932572057810056
      ],
      [
       -76.90012914978816,
       38.93160584531385
      ],
      [
       -76.89988537895339,
       38.93075662552462
      ],
      [
       -76.90054815802016,
       38.92976096031896
      ],
      [
       -76.89984634091934,
       38.929360894348896
      ],
      [
       -76.90431229201329,
       38.92357261881062
      ],
      [
       -76.90550772336672,
       38.922499231177234
      ],
      [
       -76.90844598606199,
       38.92077215702016
      ],
      [
       -76.91073101232101,
       38.91973231275031
      ],
      [
       -76.91084205384006,
       38.91855665876466
      ],
      [
       -76.91002225512526,
       38.916799313767314
      ],
      [
       -76.90881207607008,
       38.91523668390469
      ],
      [
       -76.90803565294866,
       38.91433592187392
      ],
      [
       -76.90889015213816,
       38.91415838748639
      ],
      [
       -76.91076224274825,
       38.91232086566887
      ],
      [
       -76.91367534759935,
       38.91242313202113
      ],
      [
       -76.9147848952779,
       38.91464517532317
      ],
      [
       -76.91792008316709,
       38.91349897404697
      ],
      [
       -76.91935234526035,
       38.915770105198106
      ],
      [
       -76.91661361029462,
       38.91664959582759
      ],
      [
       -76.91784287461088,
       38.91881764249565
      ],
      [
       -76.9191267921748,
       38.91849611708412
      ],
      [
       -76.91962387647487,
       38.91935760883561
      ],
      [
       -76.92544921866522,
       38.921084682992685
      ],
      [
       -76.9287579089279,
       38.92469427616228
      ],
      [
       -76.92622564178664,
       38.92864093922894
      ],
      [
       -76.92471096606597,
       38.928646666144665
      ],
      [
       -76.9231772050842,
       38.92805433943234
      ],
      [
       -76.92193926564927,
       38.929405891543894
      ],
      [
       -76.91993791577092,
       38.92877920333721
      ],
      [
       -76.91818814433415,
       38.9329483979864
      ],
      [
       -76.92110471923272,
       38.93409868991669
      ],
      [
       -76.92049225585426,
       38.935427334365336
      ],
      [
       -76.92246237530537,
       38.936274917892916
      ],
      [
       -76.9215271975122,
       38.93713231899032
      ],
      [
       -76.91856290946092,
       38.935872397530396
      ],
      [
       -76.91706037890638,
       38.93829897353697
      ],
      [
       -76.91838767206367,
       38.938780852588856
      ],
      [
       -76.91807103023203,
       38.939345362853366
      ]
     ]
    ]
   }
  },
  {
   "type": "Feature",
   "properties": {
    "name": "Chillum",
    "geoid": "2416875"
   },
   "geometry": {
    "type": "Polygon",
    "coordinates": [
     [
      [
       -76.98693238725139,
       38.97809531092331
      ],
      [
       -76.98614642149943,
       38.97755698084498
      ],
      [
       -76.98536305828306,
       38.97797259130059
      ],
      [
       -76.98340768653368,
       38.97768379112179
      ],
      [
       -76.97935293606494,
       38.979337233505234
      ],
      [
       -76.97844031358032,
       38.979476315744314
      ],
      [
       -76.97938243146844,
       38.98400466982267
      ],
      [
       -76.97710434530434,
       38.98362832964633
      ],
      [
       -76.97278673873974,
       38.984067665895665
      ],
      [
       -76.96428512243813,
       38.98489234176034
      ],
      [
       -76.96418535857336,
       38.98478271223071
      ],
      [
       -76.96394505778606,
       38.98223668912469
      ],
      [
       -76.96138936782437,
       38.98133510896311
      ],
      [
       -76.96213022295923,
       38.979927105825105
      ],
      [
       -76.96389474209775,
       38.978552646050645
      ],
      [
       -76.96490192337592,
       38.97873672548472
      ],
      [
       -76.96571564950766,
       38.97753570944371
      ],
      [
       -76.96564104348704,
       38.97659485900286
      ],
      [
       -76.96279386953788,
       38.97706364796165
      ],
      [
       -76.96059993202493,
       38.977885051303055
      ],
      [
       -76.96114906703707,
       38.9751754020334
      ],
      [
       -76.95818477898578,
       38.97576691061491
      ],
      [
       -76.95900718023618,
       38.97453480560281
      ],
      [
       -76.96050971079072,
       38.97322006937807
      ],
      [
       -76.95898115488016,
       38.97152162979963
      ],
      [
       -76.95805291718192,
       38.97248538790339
      ],
      [
       -76.95502443325243,
       38.97262201575002
      ],
      [
       -76.95384982218383,
       38.971754797082795
      ],
      [
       -76.95400076924876,
       38.969895185733186
      ],
      [
       -76.96045939510239,
       38.97033861263661
      ],
      [
       -76.96135293232594,
       38.967627327105326
      ],
      [
       -76.96231066542767,
       38.967789317007316
      ],
      [
       -76.96276957920558,
       38.96868598838399
      ],
      [
       -76.96321114274615,
       38.96802984746785
      ],
      [
       -76.96666904505005,
       38.96861235661036
      ],
      [
       -76.96826873693374,
       38.968523180351184
      ],
      [
       -76.96915012899113,
       38.966761744699745
      ],
      [
       -76.97008357176057,
       38.9665253048933
      ],
      [
       -76.97105692007592,
       38.9650493968974
      ],
      [
       -76.9657997981588,
       38.964600243078245
      ],
      [
       -76.96611296994297,
       38.9631766954547
      ],
      [
       -76.96792867228167,
       38.96288625901426
      ],
      [
       -76.96928893088993,
       38.96353585488386
      ],
      [
       -76.97025013403913,
       38.96271608780409
      ],
      [
       -76.97085131976333,
       38.96326096292896
      ],
      [
       -76.97173878440378,
       38.96181532577333
      ],
      [
       -76.97183681324482,
       38.960778754026755
      ],
      [
       -76.97325866519567,
       38.959649733497734
      ],
      [
       -76.97338011685711,
       38.958753880251884
      ],
      [
       -76.97469960240761,
       38.95651301994102
      ],
      [
       -76.97319186678187,
       38.95537336371137
      ],
      [
       -76.96946677082278,
       38.95333703610504
      ],
      [
       -76.96741510525611,
       38.95255408491209
      ],
      [
       -76.96649033760534,
       38.95250336080136
      ],
      [
       -76.96699436200036,
       38.951421791859794
      ],
      [
       -76.9724111061011,
       38.953261768069765
      ],
      [
       -76.97249785728786,
       38.95308423368223
      ],
      [
       -76.96709759591259,
       38.95118862457662
      ],
      [
       -76.96750532649033,
       38.94975280499081
      ],
      [
       -76.96861921172821,
       38.94861314876115
      ],
      [
       -76.97139785223986,
       38.947913646911644
      ],
      [
       -76.97160085001686,
       38.947061972729976
      ],
      [
       -76.97047568712469,
       38.94549361595162
      ],
      [
       -76.97446624171525,
       38.94381235712036
      ],
      [
       -76.98469073658573,
       38.95182513035313
      ],
      [
       -77.0024356918357,
       38.96567281258081
      ],
      [
       -76.99866635277135,
       38.97075995000795
      ],
      [
       -76.99726271856971,
       38.97241011986812
      ],
      [
       -76.99418305144005,
       38.97529075847876
      ],
      [
       -76.99137318050118,
       38.97564337286137
      ],
      [
       -76.98890077167877,
       38.97622260948061
      ],
      [
       -76.98675107727108,
       38.977148733566736
      ],
      [
       -76.98693238725139,
       38.97809531092331
      ]
     ]
    ]
   }
  },
  {
   "type": "Feature",
   "properties": {
    "name": "Clinton",
    "geoid": "2417900"
   },
   "geometry": {
    "type": "Polygon",
    "coordinates": [
     [
      [
       -76.97597657987659,
       38.73390535124335
      ],
      [
       -76.97286221227222,
       38.732985772203776
      ],
      [
       -76.97254383541684,
       38.73250062062862
      ],
      [
       -76.96981811312911,
       38.733273754251755
      ],
      [
       -76.97065179203379,
       38.73476602486403
      ],
      [
       -76.97009311439112,
       38.735129274947276
      ],
      [
       -76.96805272647873,
       38.735055643173645
      ],
      [
       -76.96850903772103,
       38.73585822950623
      ],
      [
       -76.96858798130098,
       38.73732431993232
      ],
      [
       -76.9674341905172,
       38.737510035628034
      ],
      [
       -76.96658836644637,
       38.738561333729336
      ],
      [
       -76.96513441655642,
       38.738674235782234
      ],
      [
       -76.96369868441569,
       38.741415792153795
      ],
      [
       -76.96385483655183,
       38.74199421064221
      ],
      [
       -76.96216665845766,
       38.742503906141906
      ],
      [
       -76.96130174912575,
       38.74220692465492
      ],
      [
       -76.9599198027208,
       38.74303978182778
      ],
      [
       -76.95916072983673,
       38.74477094663895
      ],
      [
       -76.95704486839188,
       38.74631721388521
      ],
      [
       -76.954162993968,
       38.74752068431869
      ],
      [
       -76.95298664787565,
       38.748550711018716
      ],
      [
       -76.95282095310895,
       38.75008961508762
      ],
      [
       -76.95111021970622,
       38.75098301394102
      ],
      [
       -76.95064176329777,
       38.752349292407295
      ],
      [
       -76.949441994385,
       38.75279026491827
      ],
      [
       -76.9495113953344,
       38.75371393461194
      ],
      [
       -76.94805831295632,
       38.75491167812968
      ],
      [
       -76.94714569047169,
       38.756228868746874
      ],
      [
       -76.94562320714421,
       38.756983185361186
      ],
      [
       -76.94467501667302,
       38.75684001246801
      ],
      [
       -76.94285497677498,
       38.75853108886909
      ],
      [
       -76.93988027858128,
       38.759741104349104
      ],
      [
       -76.9403817004407,
       38.76027207125007
      ],
      [
       -76.94027065892166,
       38.7616178964459
      ],
      [
       -76.93879502123502,
       38.76482006046806
      ],
      [
       -76.93859462599363,
       38.766096344544344
      ],
      [
       -76.93714761619862,
       38.7668252991033
      ],
      [
       -76.9352521027681,
       38.76824966485766
      ],
      [
       -76.93370359408459,
       38.77000537359338
      ],
      [
       -76.93245437699538,
       38.77079568796369
      ],
      [
       -76.92824434190234,
       38.77289664790465
      ],
      [
       -76.92763881861882,
       38.77387022357823
      ],
      [
       -76.92489227604628,
       38.77633525173325
      ],
      [
       -76.92469014578114,
       38.77703884423685
      ],
      [
       -76.9249929074229,
       38.778985995583994
      ],
      [
       -76.92386167194768,
       38.781253854211855
      ],
      [
       -76.92250575089875,
       38.78249086800887
      ],
      [
       -76.92238343172544,
       38.78441592982393
      ],
      [
       -76.91881362039062,
       38.785908200436204
      ],
      [
       -76.91744381915183,
       38.785675851283855
      ],
      [
       -76.91550493012794,
       38.78595074323874
      ],
      [
       -76.9140665954516,
       38.78709612638413
      ],
      [
       -76.91153432831032,
       38.787442195720196
      ],
      [
       -76.91087328426728,
       38.78787662318462
      ],
      [
       -76.90827074866475,
       38.7885523992404
      ],
      [
       -76.90720804662705,
       38.78943188986989
      ],
      [
       -76.90479376109977,
       38.79071308273108
      ],
      [
       -76.90382475034376,
       38.794604112902114
      ],
      [
       -76.90268397223798,
       38.79632382388183
      ],
      [
       -76.90242805623706,
       38.797735099543104
      ],
      [
       -76.90162821029521,
       38.7989442968923
      ],
      [
       -76.89974397451898,
       38.79578794819595
      ],
      [
       -76.89762811307412,
       38.790609998248
      ],
      [
       -76.89704688012289,
       38.78720084712885
      ],
      [
       -76.89640231880531,
       38.786326265284266
      ],
      [
       -76.89186176169076,
       38.7837966047946
      ],
      [
       -76.89061601464901,
       38.78360107152907
      ],
      [
       -76.8878980999681,
       38.783875963483965
      ],
      [
       -76.88502316563917,
       38.78393814142614
      ],
      [
       -76.88283616822117,
       38.78368697526498
      ],
      [
       -76.87968276258276,
       38.78267821996622
      ],
      [
       -76.87685033633534,
       38.78236733025533
      ],
      [
       -76.86462622661023,
       38.78229288035088
      ],
      [
       -76.86430090965992,
       38.78421466964267
      ],
      [
       -76.86128977596778,
       38.785292966060965
      ],
      [
       -76.86118914459115,
       38.78594501632302
      ],
      [
       -76.85959118773118,
       38.78476199916
      ],
      [
       -76.85724283310583,
       38.783934050772054
      ],
      [
       -76.85505670319971,
       38.7838775997456
      ],
      [
       -76.84843498511499,
       38.78597774155574
      ],
      [
       -76.84587062003462,
       38.78625672416472
      ],
      [
       -76.84330365241865,
       38.78543613895414
      ],
      [
       -76.8397242984533,
       38.780420997039
      ],
      [
       -76.83897216566417,
       38.77810895934696
      ],
      [
       -76.8379675869216,
       38.77740127618928
      ],
      [
       -76.83765962020863,
       38.77625671117471
      ],
      [
       -76.83909101479001,
       38.77463926654727
      ],
      [
       -76.84112966767867,
       38.77387595049395
      ],
      [
       -76.84077572283672,
       38.772000794658794
      ],
      [
       -76.8409127897118,
       38.77077032590833
      ],
      [
       -76.84163282456183,
       38.77043816479617
      ],
      [
       -76.84129015737416,
       38.769720664068664
      ],
      [
       -76.84217588699089,
       38.766876023214024
      ],
      [
       -76.84327502452703,
       38.76513422270222
      ],
      [
       -76.84322037127937,
       38.76374830909631
      ],
      [
       -76.84144717702218,
       38.7601198989179
      ],
      [
       -76.84123637163837,
       38.75701018367818
      ],
      [
       -76.84193298366799,
       38.75432180580981
      ],
      [
       -76.84370617792518,
       38.75254318941119
      ],
      [
       -76.8444053924904,
       38.75082266030066
      ],
      [
       -76.8446561034201,
       38.748294636072636
      ],
      [
       -76.84606928025228,
       38.74631066883867
      ],
      [
       -76.84653860417261,
       38.74619613052413
      ],
      [
       -76.84970068492969,
       38.74346439172239
      ],
      [
       -76.8521809013589,
       38.741860855318855
      ],
      [
       -76.8532757013357,
       38.740200867888866
      ],
      [
       -76.85496387942989,
       38.739808165096164
      ],
      [
       -76.8553585973296,
       38.73896385409186
      ],
      [
       -76.85711617637318,
       38.737558305346305
      ],
      [
       -76.85924331547231,
       38.73695207041007
      ],
      [
       -76.86113362383162,
       38.73523972260772
      ],
      [
       -76.86432519999221,
       38.734648214026215
      ],
      [
       -76.86486392486192,
       38.73492065158865
      ],
      [
       -76.86793057931358,
       38.734263692541695
      ],
      [
       -76.86883365916766,
       38.7345843998224
      ],
      [
       -76.87018090509791,
       38.73414015478816
      ],
      [
       -76.87195323184324,
       38.73358628022428
      ],
      [
       -76.87376633164634,
       38.73259797819598
      ],
      [
       -76.8779407987528,
       38.73249734810535
      ],
      [
       -76.87928977970678,
       38.731378145146145
      ],
      [
       -76.88526780398581,
       38.73108034552835
      ],
      [
       -76.88581607148608,
       38.73155240701041
      ],
      [
       -76.88787207461208,
       38.7314075978556
      ],
      [
       -76.8882667925118,
       38.73071627731428
      ],
      [
       -76.89142193317393,
       38.73036693545494
      ],
      [
       -76.89341460793361,
       38.727655649923655
      ],
      [
       -76.89418062091262,
       38.72727521909322
      ],
      [
       -76.897916994526,
       38.72889020932821
      ],
      [
       -76.89869862271863,
       38.72837396878197
      ],
      [
       -76.900798001438,
       38.72796735776536
      ],
      [
       -76.9054738904039,
       38.72429395039195
      ],
      [
       -76.90867674421875,
       38.72208172465972
      ],
      [
       -76.91009425861026,
       38.72091425198225
      ],
      [
       -76.91339427375428,
       38.72051418601219
      ],
      [
       -76.9176953975934,
       38.72021393200193
      ],
      [
       -76.91959524858325,
       38.717914166272166
      ],
      [
       -76.92086528595729,
       38.715170973638976
      ],
      [
       -76.92285882822883,
       38.71497462224262
      ],
      [
       -76.92439432423433,
       38.71516933737734
      ],
      [
       -76.92695261673163,
       38.71496725906526
      ],
      [
       -76.92805175426776,
       38.71439702188502
      ],
      [
       -76.92996028037628,
       38.71400922787723
      ],
      [
       -76.93289767555967,
       38.711672646260645
      ],
      [
       -76.93657419085419,
       38.71030473153273
      ],
      [
       -76.93782687799089,
       38.71045199508
      ],
      [
       -76.93849312710513,
       38.70955368744169
      ],
      [
       -76.93931813089114,
       38.709354881652885
      ],
      [
       -76.94147303037003,
       38.70826022261822
      ],
      [
       -76.9461280990511,
       38.70732918974719
      ],
      [
       -76.9464378007878,
       38.707974694962694
      ],
      [
       -76.94776596145697,
       38.70799433010233
      ],
      [
       -76.94880957823358,
       38.706137991275995
      ],
      [
       -76.95099397311597,
       38.70587782567583
      ],
      [
       -76.95244618798219,
       38.70753126805927
      ],
      [
       -76.95390621045522,
       38.70820540785341
      ],
      [
       -76.95611663069363,
       38.70782824954625
      ],
      [
       -76.95705874858174,
       38.707304645822646
      ],
      [
       -76.95986341444942,
       38.707929697767696
      ],
      [
       -76.96380538837539,
       38.70671722789523
      ],
      [
       -76.96453062829663,
       38.705814011472015
      ],
      [
       -76.9654606010186,
       38.70550884867685
      ],
      [
       -76.96696833664434,
       38.706210804918804
      ],
      [
       -76.96884736734937,
       38.7061069023049
      ],
      [
       -76.96945202312102,
       38.70666404939205
      ],
      [
       -76.97153925667426,
       38.70672622733423
      ],
      [
       -76.97186197108897,
       38.70697166657967
      ],
      [
       -76.97134493401593,
       38.7095405973486
      ],
      [
       -76.97078712388513,
       38.71044463190263
      ],
      [
       -76.97094067348567,
       38.711771640089644
      ],
      [
       -76.97060841644041,
       38.712831937629936
      ],
      [
       -76.97084177713278,
       38.71399286526087
      ],
      [
       -76.97322656725657,
       38.71598174127974
      ],
      [
       -76.9738667910148,
       38.717025676203676
      ],
      [
       -76.97402467817469,
       38.72023683966484
      ],
      [
       -76.97447491683391,
       38.72160311813112
      ],
      [
       -76.97344865029466,
       38.7236419001299
      ],
      [
       -76.97321181955482,
       38.726088929406934
      ],
      [
       -76.9743178971859,
       38.72908901511702
      ],
      [
       -76.97604511331411,
       38.731555679533685
      ],
      [
       -76.97597657987659,
       38.73390535124335
      ]
     ]
    ]
   }
  },
  {
   "type": "Feature",
   "properties": {
    "name": "College Park",
    "geoid": "2418750"
   },
   "geometry": {
    "type": "Polygon",
    "coordinates": [
     [
      [
       -76.95341693376193,
       39.010884357852355
      ],
      [
       -76.95318270555771,
       39.010765728883726
      ],
      [
       -76.95001541972943,
       39.01225963575764
      ],
      [
       -76.94532738559738,
       39.006886152544155
      ],
      [
       -76.94459520558121,
       39.006949148617146
      ],
      [
       -76.94565183503583,
       39.00323810722611
      ],
      [
       -76.94648724896425,
       39.003387825165824
      ],
      [
       -76.94672321219221,
       39.002686687054684
      ],
      [
       -76.94796635669836,
       39.00244779285579
      ],
      [
       -76.94822227269927,
       39.001530668208666
      ],
      [
       -76.94610033867134,
       39.00115432803233
      ],
      [
       -76.94603093772194,
       38.999050913698916
      ],
      [
       -76.94724285180085,
       38.99819923951724
      ],
      [
       -76.94176277933379,
       38.99868684548485
      ],
      [
       -76.94138801420702,
       39.00031738020538
      ],
      [
       -76.94234401228502,
       39.00020611441411
      ],
      [
       -76.9427690931001,
       39.001609208767206
      ],
      [
       -76.94370687342888,
       39.001767926145924
      ],
      [
       -76.94286885696486,
       39.003904065712064
      ],
      [
       -76.93996963230363,
       39.00340827843628
      ],
      [
       -76.94106443228043,
       38.998721206979205
      ],
      [
       -76.93845235404736,
       38.9990230972511
      ],
      [
       -76.93895204088304,
       38.99820823895624
      ],
      [
       -76.93848184945085,
       38.99760691280491
      ],
      [
       -76.93727427293128,
       38.99767972644773
      ],
      [
       -76.93696804124204,
       38.99960315200115
      ],
      [
       -76.93622892113092,
       38.99948370490171
      ],
      [
       -76.93607363650663,
       38.99775172195972
      ],
      [
       -76.93280224925425,
       38.99700231413031
      ],
      [
       -76.93259925147726,
       38.99890774080574
      ],
      [
       -76.93424231895432,
       39.00166975044775
      ],
      [
       -76.93448175222976,
       39.00384106963907
      ],
      [
       -76.9343603005683,
       39.005446242304245
      ],
      [
       -76.93375390977292,
       39.006483632181634
      ],
      [
       -76.93417465302865,
       39.00903374594175
      ],
      [
       -76.93519918454419,
       39.009738156576155
      ],
      [
       -76.93607970908971,
       39.01147995708796
      ],
      [
       -76.93568238865439,
       39.015546885384886
      ],
      [
       -76.93489035031935,
       39.01667426965227
      ],
      [
       -76.93362204796905,
       39.01710133393934
      ],
      [
       -76.93263915702316,
       39.01680926123726
      ],
      [
       -76.93060223915825,
       39.019229292197295
      ],
      [
       -76.92972258212458,
       39.02028222656023
      ],
      [
       -76.93127803090303,
       39.02192176071976
      ],
      [
       -76.92816192827493,
       39.02373473861274
      ],
      [
       -76.9275138969099,
       39.023118686106685
      ],
      [
       -76.92610679266079,
       39.02493493652294
      ],
      [
       -76.92342618099018,
       39.0237511012291
      ],
      [
       -76.92510828650128,
       39.021793314181316
      ],
      [
       -76.92222207451807,
       39.02106763214563
      ],
      [
       -76.92276513694713,
       39.01972835199635
      ],
      [
       -76.92034998390798,
       39.01917284117084
      ],
      [
       -76.91929335445336,
       39.021066814014816
      ],
      [
       -76.91795478364179,
       39.02135397793198
      ],
      [
       -76.9170785966556,
       39.02100136354937
      ],
      [
       -76.9144456981377,
       39.02083037420837
      ],
      [
       -76.91429388356089,
       39.02185631025431
      ],
      [
       -76.91207131815632,
       39.02170577418377
      ],
      [
       -76.9125016040426,
       39.019499275367274
      ],
      [
       -76.91249813399514,
       39.01604676331476
      ],
      [
       -76.908936997779,
       39.014220695328696
      ],
      [
       -76.91015324941725,
       39.012365174633175
      ],
      [
       -76.91479790795591,
       39.007174952722956
      ],
      [
       -76.91659799508099,
       39.00490873035673
      ],
      [
       -76.91876937728539,
       39.001299955317954
      ],
      [
       -76.91962127393927,
       38.999301261729265
      ],
      [
       -76.9229290966901,
       38.9913972998953
      ],
      [
       -76.92023894238895,
       38.99106677504478
      ],
      [
       -76.91881795794995,
       38.9880625986806
      ],
      [
       -76.91860628505428,
       38.98670531965332
      ],
      [
       -76.90963621234421,
       38.985141053529055
      ],
      [
       -76.9106217058257,
       38.982630210048214
      ],
      [
       -76.91280089563689,
       38.98038116842917
      ],
      [
       -76.91320602367902,
       38.97765761093561
      ],
      [
       -76.91406312540413,
       38.97512222353022
      ],
      [
       -76.91594215610915,
       38.97568918818719
      ],
      [
       -76.91588143027843,
       38.97485469475269
      ],
      [
       -76.92533036953937,
       38.97532675623476
      ],
      [
       -76.92463462502162,
       38.97361686282486
      ],
      [
       -76.92475260663561,
       38.971205831303834
      ],
      [
       -76.93126501822502,
       38.97151835727636
      ],
      [
       -76.93162416813817,
       38.970666683094684
      ],
      [
       -76.93804896102897,
       38.97104465953266
      ],
      [
       -76.93793097941499,
       38.976356782934786
      ],
      [
       -76.93793878702179,
       38.9769621997402
      ],
      [
       -76.94663732851733,
       38.98087204692005
      ],
      [
       -76.94745105464905,
       38.981142030090034
      ],
      [
       -76.948630003277,
       38.983854951882954
      ],
      [
       -76.94984972496273,
       38.98361933020733
      ],
      [
       -76.94996336901737,
       38.98460763223563
      ],
      [
       -76.95184326723427,
       38.984673082701086
      ],
      [
       -76.95551717999318,
       38.985459306417305
      ],
      [
       -76.95673863670264,
       38.98786297476097
      ],
      [
       -76.95689912639813,
       38.98884473174273
      ],
      [
       -76.95664494542095,
       38.99112977111777
      ],
      [
       -76.9573268097488,
       38.99216961538762
      ],
      [
       -76.96004038687039,
       38.99407340580141
      ],
      [
       -76.9612523009493,
       38.99532105529906
      ],
      [
       -76.96243905718406,
       38.99892164902965
      ],
      [
       -76.9656557911888,
       39.0029673059253
      ],
      [
       -76.9640587018407,
       39.0025746031326
      ],
      [
       -76.96337510248911,
       39.0038787036567
      ],
      [
       -76.96115166957267,
       39.00494881876682
      ],
      [
       -76.95849187818688,
       39.00421168289969
      ],
      [
       -76.95401985450985,
       39.01120424700225
      ],
      [
       -76.95341693376193,
       39.010884357852355
      ]
     ]
    ]
   }
  },
  {
   "type": "Feature",
   "properties": {
    "name": "Colmar Manor",
    "geoid": "2418850"
   },
   "geometry": {
    "type": "Polygon",
    "coordinates": [
     [
      [
       -76.943981007179,
       38.938245795033794
      ],
      [
       -76.93954021392922,
       38.93687378965179
      ],
      [
       -76.93829186435187,
       38.93344663965464
      ],
      [
       -76.9391827990398,
       38.93157639260439
      ],
      [
       -76.94087357966959,
       38.93036065020865
      ],
      [
       -76.94234227726128,
       38.9303041991822
      ],
      [
       -76.94388731589731,
       38.9308098040278
      ],
      [
       -76.94474268259869,
       38.92985422723223
      ],
      [
       -76.94364614759814,
       38.928208966156966
      ],
      [
       -76.94223383827784,
       38.926814053112054
      ],
      [
       -76.93984471059471,
       38.92511234101034
      ],
      [
       -76.93806110619511,
       38.92411094888895
      ],
      [
       -76.93608578167279,
       38.92218506894307
      ],
      [
       -76.93679800891601,
       38.920897331035334
      ],
      [
       -76.94145481262082,
       38.918212225690226
      ],
      [
       -76.94385435044636,
       38.92010128974929
      ],
      [
       -76.94218525761326,
       38.920777883935884
      ],
      [
       -76.94104274448375,
       38.92223415679216
      ],
      [
       -76.94087271215771,
       38.92330590816391
      ],
      [
       -76.94131861325762,
       38.92441365729166
      ],
      [
       -76.94560325437125,
       38.92514997502798
      ],
      [
       -76.94667376401577,
       38.9259901953782
      ],
      [
       -76.94706414435615,
       38.928208966156966
      ],
      [
       -76.94665381124281,
       38.92866139249939
      ],
      [
       -76.95066692114192,
       38.931478216906214
      ],
      [
       -76.95128372207972,
       38.93123686831487
      ],
      [
       -76.95286606372606,
       38.93391461048261
      ],
      [
       -76.95187623268524,
       38.934533117381115
      ],
      [
       -76.94530396277696,
       38.93745793505594
      ],
      [
       -76.943981007179,
       38.938245795033794
      ]
     ]
    ]
   }
  },
  {
   "type": "Feature",
   "properties": {
    "name": "Coral Hills",
    "geoid": "2419825"
   },
   "geometry": {
    "type": "MultiPolygon",
    "coordinates": [
     [
      [
       [
        -76.92096591733392,
        38.883840095628095
       ],
       [
        -76.92162435884136,
        38.88144706298506
       ],
       [
        -76.91938531071132,
        38.8782988955969
       ],
       [
        -76.91720959094759,
        38.878229354477355
       ],
       [
        -76.91598726672626,
        38.877285231513234
       ],
       [
        -76.91629696846297,
        38.87671499433299
       ],
       [
        -76.9148516936917,
        38.87616602855403
       ],
       [
        -76.9146218030468,
        38.875546703524705
       ],
       [
        -76.90968826305627,
        38.876098123696124
       ],
       [
        -76.90943494959095,
        38.87448313346113
       ],
       [
        -76.90713430811832,
        38.87472611831412
       ],
       [
        -76.9058182926153,
        38.873799994227994
       ],
       [
        -76.90646372144472,
        38.87320766751567
       ],
       [
        -76.9030969078869,
        38.87063382796183
       ],
       [
        -76.90288957255058,
        38.872210366048364
       ],
       [
        -76.8998957890958,
        38.870975806643806
       ],
       [
        -76.89945943062644,
        38.86944262949063
       ],
       [
        -76.89808702685202,
        38.868227705225706
       ],
       [
        -76.89880532667833,
        38.86735475964276
       ],
       [
        -76.90109295547296,
        38.869085106323105
       ],
       [
        -76.90225368635168,
        38.86818516242316
       ],
       [
        -76.90208018397819,
        38.8668736987217
       ],
       [
        -76.9009315982656,
        38.866723980781984
       ],
       [
        -76.90021676848677,
        38.8653077963358
       ],
       [
        -76.90232829237229,
        38.86341464162264
       ],
       [
        -76.90512081307382,
        38.865086901014905
       ],
       [
        -76.90732776326476,
        38.865410880818885
       ],
       [
        -76.90924756702756,
        38.864717105885106
       ],
       [
        -76.91275838755539,
        38.86486273317073
       ],
       [
        -76.91486470636971,
        38.86423522683323
       ],
       [
        -76.91661014024714,
        38.866031023979026
       ],
       [
        -76.91790707048908,
        38.86881103249903
       ],
       [
        -76.92076899214,
        38.8662241028521
       ],
       [
        -76.92199478640879,
        38.86706677759478
       ],
       [
        -76.92485931059531,
        38.864727741585746
       ],
       [
        -76.92639827664829,
        38.86544033352833
       ],
       [
        -76.92859308167309,
        38.865833036321035
       ],
       [
        -76.9303896987507,
        38.865724224922225
       ],
       [
        -76.93589926662126,
        38.864048693006694
       ],
       [
        -76.94141230453931,
        38.86280022537822
       ],
       [
        -76.94366523285923,
        38.86279695285496
       ],
       [
        -76.9468090958671,
        38.863701805539804
       ],
       [
        -76.92096591733392,
        38.883840095628095
       ]
      ]
     ],
     [
      [
       [
        -76.91394514379014,
        38.87665118012918
       ],
       [
        -76.91394514379014,
        38.87665118012918
       ],
       [
        -76.91394514379014,
        38.87665118012918
       ],
       [
        -76.91394514379014,
        38.87665118012918
       ]
      ]
     ]
    ]
   }
  },
  {
   "type": "Feature",
   "properties": {
    "name": "Cottage City",
    "geoid": "2420050"
   },
   "geometry": {
    "type": "Polygon",
    "coordinates": [
     [
      [
       -76.95883801542202,
       38.93159193708994
      ],
      [
       -76.95559699108499,
       38.935067356805355
      ],
      [
       -76.94939601625602,
       38.941734304842306
      ],
      [
       -76.94641264294364,
       38.944871836529835
      ],
      [
       -76.9448008058938,
       38.9438459004839
      ],
      [
       -76.94356113143513,
       38.94391135094935
      ],
      [
       -76.9416100972451,
       38.94504773465574
      ],
      [
       -76.94283242146642,
       38.942315995853996
      ],
      [
       -76.94319504142705,
       38.94017412937213
      ],
      [
       -76.943981007179,
       38.938245795033794
      ],
      [
       -76.94530396277696,
       38.93745793505594
      ],
      [
       -76.95187623268524,
       38.934533117381115
      ],
      [
       -76.95286606372606,
       38.93391461048261
      ],
      [
       -76.95766687440087,
       38.930681357489355
      ],
      [
       -76.95883801542202,
       38.93159193708994
      ]
     ]
    ]
   }
  },
  {
   "type": "Feature",
   "properties": {
    "name": "Croom",
    "geoid": "2420925"
   },
   "geometry": {
    "type": "Polygon",
    "coordinates": [
     [
      [
       -76.82950327363028,
       38.732521892029894
      ],
      [
       -76.82077263419563,
       38.73957663407464
      ],
      [
       -76.81948264404865,
       38.73906530231331
      ],
      [
       -76.817312996868,
       38.73956436211236
      ],
      [
       -76.81315587999889,
       38.74021313985114
      ],
      [
       -76.81209317796119,
       38.74059193441994
      ],
      [
       -76.8104423028773,
       38.74176840653641
      ],
      [
       -76.81078236752937,
       38.74426206927007
      ],
      [
       -76.8100900930591,
       38.745320730548734
      ],
      [
       -76.80517303579404,
       38.74668864527665
      ],
      [
       -76.80340417909618,
       38.74812282860083
      ],
      [
       -76.80056741528942,
       38.748912324840326
      ],
      [
       -76.79852008728209,
       38.7499488965869
      ],
      [
       -76.79742528730529,
       38.748833784281786
      ],
      [
       -76.79693080554081,
       38.74772112636913
      ],
      [
       -76.79521226453127,
       38.74665182938983
      ],
      [
       -76.79241367124668,
       38.7465511992992
      ],
      [
       -76.79040885132085,
       38.745490083628084
      ],
      [
       -76.78624305933306,
       38.74490921074721
      ],
      [
       -76.78401181880982,
       38.74357402125202
      ],
      [
       -76.78299596241297,
       38.74329176611977
      ],
      [
       -76.77757661577662,
       38.74398063226863
      ],
      [
       -76.77686265350965,
       38.74419171001971
      ],
      [
       -76.77082997598298,
       38.74709934694735
      ],
      [
       -76.76972303084004,
       38.74788884318684
      ],
      [
       -76.76833587936389,
       38.74960364538165
      ],
      [
       -76.76631110666511,
       38.75060421937222
      ],
      [
       -76.76384910798511,
       38.75277717482518
      ],
      [
       -76.76445116122116,
       38.753488130506135
      ],
      [
       -76.76446157136357,
       38.754887952335956
      ],
      [
       -76.76310218026718,
       38.7571239038619
      ],
      [
       -76.76064018158719,
       38.75909478100278
      ],
      [
       -76.76005981614782,
       38.76002581387382
      ],
      [
       -76.75519567710668,
       38.76426291338092
      ],
      [
       -76.75526681307981,
       38.76512931391731
      ],
      [
       -76.7570295971946,
       38.768562190830195
      ],
      [
       -76.75815562759863,
       38.7699071978952
      ],
      [
       -76.7609681010731,
       38.77151237056037
      ],
      [
       -76.76369816092017,
       38.773821135729136
      ],
      [
       -76.76507663727764,
       38.776038270246275
      ],
      [
       -76.76638571268572,
       38.776933305361304
      ],
      [
       -76.77285561619362,
       38.77990066583867
      ],
      [
       -76.77432865134466,
       38.78002993050793
      ],
      [
       -76.77730768709769,
       38.77910871520672
      ],
      [
       -76.77992063284263,
       38.779507144915144
      ],
      [
       -76.78236875133275,
       38.78076133945934
      ],
      [
       -76.78826696451996,
       38.78258986183786
      ],
      [
       -76.79296020372321,
       38.78520624419424
      ],
      [
       -76.7841029075559,
       38.79056172852973
      ],
      [
       -76.78160100333001,
       38.79164002494802
      ],
      [
       -76.78007071239571,
       38.79183474008274
      ],
      [
       -76.77282438576638,
       38.79215381110181
      ],
      [
       -76.76997981435282,
       38.79298175948976
      ],
      [
       -76.76815456938357,
       38.79404205703006
      ],
      [
       -76.76495778815179,
       38.796679710787714
      ],
      [
       -76.76290091751392,
       38.79737512198312
      ],
      [
       -76.75755530938632,
       38.79845832718633
      ],
      [
       -76.75587667392267,
       38.799329636507636
      ],
      [
       -76.7527597037827,
       38.80178321083121
      ],
      [
       -76.75002183632884,
       38.80356673601474
      ],
      [
       -76.74255863173263,
       38.80768766094566
      ],
      [
       -76.74152108753908,
       38.80852379064179
      ],
      [
       -76.73997257885559,
       38.810520847968846
      ],
      [
       -76.73840064735165,
       38.81380400694201
      ],
      [
       -76.7333551983302,
       38.813745101523104
      ],
      [
       -76.73039785037385,
       38.81357738470538
      ],
      [
       -76.72433914749115,
       38.81290324491125
      ],
      [
       -76.71561805068706,
       38.81132425243225
      ],
      [
       -76.71216535345435,
       38.81093482216282
      ],
      [
       -76.7114565962586,
       38.80902203231003
      ],
      [
       -76.70890697887998,
       38.806474372942375
      ],
      [
       -76.70806462485663,
       38.804866745884745
      ],
      [
       -76.70840295448495,
       38.80311430967231
      ],
      [
       -76.70980225112726,
       38.800554378342376
      ],
      [
       -76.71067583557785,
       38.79842969260769
      ],
      [
       -76.7101162904233,
       38.79600311660112
      ],
      [
       -76.70941967839369,
       38.79513098914899
      ],
      [
       -76.70658811965812,
       38.79270686753487
      ],
      [
       -76.70254030928432,
       38.79039728423528
      ],
      [
       -76.70205537015038,
       38.78972887135687
      ],
      [
       -76.70240324240925,
       38.787945346173345
      ],
      [
       -76.70370798025799,
       38.786839233307234
      ],
      [
       -76.70614482109383,
       38.785665215583215
      ],
      [
       -76.710222994383,
       38.784928897846896
      ],
      [
       -76.71225123712924,
       38.78435620627421
      ],
      [
       -76.71321417530218,
       38.783382630600634
      ],
      [
       -76.71414935309535,
       38.781656374574375
      ],
      [
       -76.71440006402507,
       38.77908662567463
      ],
      [
       -76.71401662377963,
       38.776895671343674
      ],
      [
       -76.71254792618792,
       38.77491006784807
      ],
      [
       -76.70819214910115,
       38.77315681350481
      ],
      [
       -76.70285087853289,
       38.77006591527392
      ],
      [
       -76.7009466899837,
       38.76874708839509
      ],
      [
       -76.70007831060431,
       38.7661887933268
      ],
      [
       -76.69954479080579,
       38.75934512903313
      ],
      [
       -76.69949968018868,
       38.75412136375937
      ],
      [
       -76.69754691097492,
       38.75046186460987
      ],
      [
       -76.69637403493005,
       38.749426110994115
      ],
      [
       -76.69437702261102,
       38.74888287213087
      ],
      [
       -76.69022424330124,
       38.748904961662966
      ],
      [
       -76.68647832705733,
       38.748567891765894
      ],
      [
       -76.68486562249562,
       38.74692672134472
      ],
      [
       -76.68458628367429,
       38.74585824249625
      ],
      [
       -76.68483872962773,
       38.743757282555286
      ],
      [
       -76.68401806340107,
       38.7383478015858
      ],
      [
       -76.68484393469893,
       38.736749173967176
      ],
      [
       -76.68700924432025,
       38.73589668165468
      ],
      [
       -76.69384090027691,
       38.73591140800941
      ],
      [
       -76.69499642608443,
       38.73507527831328
      ],
      [
       -76.69570605079205,
       38.73317476042276
      ],
      [
       -76.6955551037271,
       38.73154422570223
      ],
      [
       -76.69370036335437,
       38.72706986825787
      ],
      [
       -76.69358932183533,
       38.72476110308911
      ],
      [
       -76.6943457921838,
       38.72341036910837
      ],
      [
       -76.69914486783487,
       38.71568066913867
      ],
      [
       -76.70120781105581,
       38.71275503333303
      ],
      [
       -76.70195994384495,
       38.71086433301233
      ],
      [
       -76.70099700567201,
       38.70924361586162
      ],
      [
       -76.70444102778603,
       38.70922725324525
      ],
      [
       -76.70455900940001,
       38.71055098890899
      ],
      [
       -76.70562778402079,
       38.71073588647389
      ],
      [
       -76.71478523929424,
       38.71560212858013
      ],
      [
       -76.71626174449275,
       38.71585738539539
      ],
      [
       -76.71775386490486,
       38.71562912689713
      ],
      [
       -76.72020892348992,
       38.71591301829102
      ],
      [
       -76.72556580927181,
       38.717139396387395
      ],
      [
       -76.73064942881543,
       38.716706605184605
      ],
      [
       -76.7317077932938,
       38.716322083700085
      ],
      [
       -76.7350667992448,
       38.71444201908002
      ],
      [
       -76.73802674973675,
       38.71420803366603
      ],
      [
       -76.740807992784,
       38.71241305465106
      ],
      [
       -76.7487223035513,
       38.71232224213024
      ],
      [
       -76.7543966986767,
       38.711199766647766
      ],
      [
       -76.75783811825512,
       38.70998238799039
      ],
      [
       -76.76140706207806,
       38.70911598745399
      ],
      [
       -76.7668238061788,
       38.70801969215769
      ],
      [
       -76.76626165848866,
       38.705551391479396
      ],
      [
       -76.76572813869014,
       38.7044640956221
      ],
      [
       -76.76903596144096,
       38.703366164064164
      ],
      [
       -76.77082737344737,
       38.70360096760897
      ],
      [
       -76.77276105740006,
       38.703034821082824
      ],
      [
       -76.77552668523369,
       38.70297264314065
      ],
      [
       -76.77695287474388,
       38.70227723194523
      ],
      [
       -76.77759223099024,
       38.70128074860875
      ],
      [
       -76.77773537044837,
       38.6990807948388
      ],
      [
       -76.7774673092813,
       38.69777914870715
      ],
      [
       -76.77832527851828,
       38.69626478856279
      ],
      [
       -76.78057386927887,
       38.69590235661036
      ],
      [
       -76.78414801817303,
       38.697491984789984
      ],
      [
       -76.78489234335535,
       38.69763515768316
      ],
      [
       -76.78907635309236,
       38.69712464405264
      ],
      [
       -76.79060924656225,
       38.69722609227409
      ],
      [
       -76.79363339293239,
       38.698211121779124
      ],
      [
       -76.79586723599124,
       38.69807285767086
      ],
      [
       -76.79806811359911,
       38.699160153528155
      ],
      [
       -76.79973633892034,
       38.69901207185007
      ],
      [
       -76.80136726123126,
       38.69827084532885
      ],
      [
       -76.80416238446838,
       38.697565616563615
      ],
      [
       -76.80845656821258,
       38.69674912200713
      ],
      [
       -76.80843141036841,
       38.69244493577294
      ],
      [
       -76.81007187530987,
       38.69140263711064
      ],
      [
       -76.81267007335308,
       38.68858335831136
      ],
      [
       -76.81360611865813,
       38.68611423950224
      ],
      [
       -76.81577489832691,
       38.68387992423793
      ],
      [
       -76.81998666844368,
       38.689732832110835
      ],
      [
       -76.8221033974004,
       38.69116128851929
      ],
      [
       -76.82633078273079,
       38.69345205481006
      ],
      [
       -76.83084357946558,
       38.69513085924886
      ],
      [
       -76.8325733981294,
       38.700352170130174
      ],
      [
       -76.83531907319008,
       38.703703233961235
      ],
      [
       -76.83467537938438,
       38.704555726273725
      ],
      [
       -76.83406031347032,
       38.70738891329692
      ],
      [
       -76.83607380851481,
       38.70921498128298
      ],
      [
       -76.83737507631608,
       38.71097314441115
      ],
      [
       -76.83759976188976,
       38.71315918995719
      ],
      [
       -76.82746982581283,
       38.72932381866182
      ],
      [
       -76.82791572691274,
       38.73092980945781
      ],
      [
       -76.82950327363028,
       38.732521892029894
      ]
     ]
    ]
   }
  },
  {
   "type": "Feature",
   "properties": {
    "name": "District Heights",
    "geoid": "2423025"
   },
   "geometry": {
    "type": "Polygon",
    "coordinates": [
     [
      [
       -76.90376922958423,
       38.85674605732406
      ],
      [
       -76.90306567745968,
       38.857106853014855
      ],
      [
       -76.90095675610976,
       38.85611282407083
      ],
      [
       -76.90076677101078,
       38.8563419006999
      ],
      [
       -76.90304659219859,
       38.8610346990727
      ],
      [
       -76.89847740719242,
       38.86135295196095
      ],
      [
       -76.89835682304283,
       38.8611066945847
      ],
      [
       -76.8953986075746,
       38.86086616412417
      ],
      [
       -76.8952467929978,
       38.861874919422924
      ],
      [
       -76.89421532138732,
       38.86236007099807
      ],
      [
       -76.88424327247027,
       38.863583176571176
      ],
      [
       -76.88251171878272,
       38.86371080497881
      ],
      [
       -76.8793184075984,
       38.863899793197795
      ],
      [
       -76.87796682410882,
       38.86465492794293
      ],
      [
       -76.87849427132427,
       38.865598232776236
      ],
      [
       -76.8773613008253,
       38.86591075874876
      ],
      [
       -76.87755302094803,
       38.866531720039724
      ],
      [
       -76.87526105459406,
       38.86727703721504
      ],
      [
       -76.87484378138578,
       38.86564813875614
      ],
      [
       -76.87407343084743,
       38.859453252201256
      ],
      [
       -76.87495916046416,
       38.85958906191706
      ],
      [
       -76.87480040579241,
       38.85797570794371
      ],
      [
       -76.87571563081264,
       38.8581286984067
      ],
      [
       -76.88115666524567,
       38.85627808649609
      ],
      [
       -76.88168497997299,
       38.85545259250059
      ],
      [
       -76.88250824873525,
       38.85589601940402
      ],
      [
       -76.88378522620422,
       38.854816086724085
      ],
      [
       -76.88431267341967,
       38.85504598148398
      ],
      [
       -76.88690566639167,
       38.85448392561192
      ],
      [
       -76.89012413542014,
       38.85346698900499
      ],
      [
       -76.89548535876136,
       38.85342280994081
      ],
      [
       -76.89583496604396,
       38.852778940986944
      ],
      [
       -76.8978822940513,
       38.853771333669336
      ],
      [
       -76.89977607245808,
       38.8515721980302
      ],
      [
       -76.90178436243137,
       38.85260876977677
      ],
      [
       -76.90023238370038,
       38.854466744864744
      ],
      [
       -76.90150242107443,
       38.855193245031245
      ],
      [
       -76.90279241122141,
       38.854808723546725
      ],
      [
       -76.90332940106741,
       38.855917290805294
      ],
      [
       -76.90486663209663,
       38.85648016480817
      ],
      [
       -76.90376922958423,
       38.85674605732406
      ]
     ],
     [
      [
       -76.89878190385791,
       38.85984022807823
      ],
      [
       -76.89454671092071,
       38.859574335562336
      ],
      [
       -76.89472888841289,
       38.860166662274665
      ],
      [
       -76.89871597295597,
       38.86043664544464
      ],
      [
       -76.89878190385791,
       38.85984022807823
      ]
     ]
    ]
   }
  },
  {
   "type": "Feature",
   "properties": {
    "name": "Eagle Harbor",
    "geoid": "2424200"
   },
   "geometry": {
    "type": "Polygon",
    "coordinates": [
     [
      [
       -76.69288663722264,
       38.563847861255866
      ],
      [
       -76.69214057701659,
       38.56483289076089
      ],
      [
       -76.68959616470917,
       38.56616398960199
      ],
      [
       -76.68897589372389,
       38.566760406968406
      ],
      [
       -76.68767983099383,
       38.56934079156879
      ],
      [
       -76.68603416098117,
       38.56978830912631
      ],
      [
       -76.68612177967978,
       38.57028982331783
      ],
      [
       -76.68468257749159,
       38.57098605264405
      ],
      [
       -76.68356261967062,
       38.56992084631885
      ],
      [
       -76.68444401172802,
       38.569035628773634
      ],
      [
       -76.68480402915303,
       38.5667055922036
      ],
      [
       -76.68371703678304,
       38.56545385205185
      ],
      [
       -76.68410307956408,
       38.56389285845086
      ],
      [
       -76.68814828740229,
       38.563964035832036
      ],
      [
       -76.69288663722264,
       38.563847861255866
      ]
     ]
    ]
   }
  },
  {
   "type": "Feature",
   "properties": {
    "name": "East Riverdale",
    "geoid": "2424650"
   },
   "geometry": {
    "type": "Polygon",
    "coordinates": [
     [
      [
       -76.92999411333912,
       38.944768752046755
      ],
      [
       -76.92995507530507,
       38.94632401873202
      ],
      [
       -76.92828337993639,
       38.94835298316099
      ],
      [
       -76.92718857995958,
       38.9490033971614
      ],
      [
       -76.92832762304162,
       38.94904512183312
      ],
      [
       -76.92611893782694,
       38.95101518084318
      ],
      [
       -76.92478990964591,
       38.95184885614686
      ],
      [
       -76.92355457274658,
       38.95353093310894
      ],
      [
       -76.92296726721227,
       38.953486754044754
      ],
      [
       -76.92279983742183,
       38.95472622223422
      ],
      [
       -76.9211984105144,
       38.957015352263355
      ],
      [
       -76.92007064508665,
       38.95780075784876
      ],
      [
       -76.91727378682579,
       38.95679200255
      ],
      [
       -76.91470074662675,
       38.956553926481924
      ],
      [
       -76.91441707024607,
       38.95806337784138
      ],
      [
       -76.91627181061881,
       38.95852071296871
      ],
      [
       -76.91579294406795,
       38.95998762152562
      ],
      [
       -76.9177517858648,
       38.95943865574666
      ],
      [
       -76.91767023974924,
       38.96017988226788
      ],
      [
       -76.91985203209603,
       38.96051695216495
      ],
      [
       -76.91886133354333,
       38.96394328403129
      ],
      [
       -76.91853861912863,
       38.966538394986394
      ],
      [
       -76.916872996343,
       38.96939203528004
      ],
      [
       -76.91466257610458,
       38.9693544012624
      ],
      [
       -76.91450208640909,
       38.97008335582136
      ],
      [
       -76.9105392921983,
       38.96944521378322
      ],
      [
       -76.90810765643366,
       38.967811406539404
      ],
      [
       -76.90654873760774,
       38.96724935066735
      ],
      [
       -76.90362001754302,
       38.96702927347727
      ],
      [
       -76.90311686065986,
       38.96772959345759
      ],
      [
       -76.90672918007618,
       38.96915232295032
      ],
      [
       -76.90486836712037,
       38.97191760511561
      ],
      [
       -76.90340313957614,
       38.971951966609964
      ],
      [
       -76.8944348018898,
       38.972149954267955
      ],
      [
       -76.89341981300481,
       38.97227431015231
      ],
      [
       -76.89426997463498,
       38.970272344040346
      ],
      [
       -76.89126404601404,
       38.96946484892285
      ],
      [
       -76.89111483397284,
       38.968285104283105
      ],
      [
       -76.89266768021568,
       38.968599266517266
      ],
      [
       -76.89290798100298,
       38.96675765404566
      ],
      [
       -76.89578378284378,
       38.96507721334521
      ],
      [
       -76.89557991755493,
       38.96436134887935
      ],
      [
       -76.89807921924522,
       38.96438671093471
      ],
      [
       -76.90047875707076,
       38.963233964611966
      ],
      [
       -76.90112331838831,
       38.96282080854881
      ],
      [
       -76.90031566483967,
       38.96214666875467
      ],
      [
       -76.90046227434527,
       38.96086302150102
      ],
      [
       -76.8999356946417,
       38.960515315903315
      ],
      [
       -76.90074334819035,
       38.95946401780202
      ],
      [
       -76.90143388763688,
       38.959435383223386
      ],
      [
       -76.90214698239198,
       38.957341786459786
      ],
      [
       -76.9004856971657,
       38.956847635445634
      ],
      [
       -76.9009315982656,
       38.95586506033306
      ],
      [
       -76.901884993808,
       38.95528091492891
      ],
      [
       -76.90446757663759,
       38.954520053268055
      ],
      [
       -76.90593887676488,
       38.95471313214113
      ],
      [
       -76.90732863077663,
       38.95564171061971
      ],
      [
       -76.90942193691293,
       38.95310877760678
      ],
      [
       -76.90990600853502,
       38.953444211242214
      ],
      [
       -76.91278614793515,
       38.95309568751369
      ],
      [
       -76.9155725960536,
       38.953122685830685
      ],
      [
       -76.91615035895737,
       38.951518331296334
      ],
      [
       -76.91431036628637,
       38.950551300669304
      ],
      [
       -76.91776913610214,
       38.94786701345502
      ],
      [
       -76.91884398330599,
       38.9456506970687
      ],
      [
       -76.91968807235307,
       38.944793295971294
      ],
      [
       -76.9218368992489,
       38.944528221586225
      ],
      [
       -76.92322925579626,
       38.94527599315399
      ],
      [
       -76.92387294960196,
       38.944457044205045
      ],
      [
       -76.92530000662401,
       38.94506000661801
      ],
      [
       -76.92530087413587,
       38.94438504869305
      ],
      [
       -76.93089198812199,
       38.94417233468034
      ],
      [
       -76.92999411333912,
       38.944768752046755
      ]
     ]
    ]
   }
  },
  {
   "type": "Feature",
   "properties": {
    "name": "Edmonston",
    "geoid": "2425425"
   },
   "geometry": {
    "type": "Polygon",
    "coordinates": [
     [
      [
       -76.93703830970331,
       38.95793165877966
      ],
      [
       -76.93565896583397,
       38.95789566102366
      ],
      [
       -76.93563033794234,
       38.95724933767734
      ],
      [
       -76.9341173972454,
       38.95156496475297
      ],
      [
       -76.93167535133836,
       38.95151505877306
      ],
      [
       -76.92998977577977,
       38.95305396284196
      ],
      [
       -76.92939032507932,
       38.95420261851062
      ],
      [
       -76.93023267910269,
       38.9551901024081
      ],
      [
       -76.93001493362394,
       38.95584378893179
      ],
      [
       -76.92498162976864,
       38.95438587981388
      ],
      [
       -76.92519590519991,
       38.95247881687682
      ],
      [
       -76.92647375018075,
       38.951237712425716
      ],
      [
       -76.92611893782694,
       38.95101518084318
      ],
      [
       -76.92832762304162,
       38.94904512183312
      ],
      [
       -76.92718857995958,
       38.9490033971614
      ],
      [
       -76.92828337993639,
       38.94835298316099
      ],
      [
       -76.92995507530507,
       38.94632401873202
      ],
      [
       -76.92999411333912,
       38.944768752046755
      ],
      [
       -76.93155823723625,
       38.94502564512364
      ],
      [
       -76.93360383021984,
       38.943191395829395
      ],
      [
       -76.94002341803942,
       38.94582986771787
      ],
      [
       -76.93749722348123,
       38.947306593844594
      ],
      [
       -76.93748681333882,
       38.948326802974805
      ],
      [
       -76.9392973106063,
       38.95065602141402
      ],
      [
       -76.93954975655976,
       38.95238473183273
      ],
      [
       -76.93703830970331,
       38.95793165877966
      ]
     ]
    ]
   }
  },
  {
   "type": "Feature",
   "properties": {
    "name": "Fairmount Heights",
    "geoid": "2427400"
   },
   "geometry": {
    "type": "Polygon",
    "coordinates": [
     [
      [
       -76.92359881585182,
       38.90399802085602
      ],
      [
       -76.91703435355035,
       38.90500268550068
      ],
      [
       -76.91151697807298,
       38.905721822489824
      ],
      [
       -76.91073534988035,
       38.903494870402874
      ],
      [
       -76.91069023926325,
       38.89963983798784
      ],
      [
       -76.9103441020281,
       38.89864499091299
      ],
      [
       -76.9114310943981,
       38.89782195130995
      ],
      [
       -76.91286769405069,
       38.89558436352237
      ],
      [
       -76.92359881585182,
       38.90399802085602
      ]
     ]
    ]
   }
  },
  {
   "type": "Feature",
   "properties": {
    "name": "Fairwood",
    "geoid": "2427580"
   },
   "geometry": {
    "type": "Polygon",
    "coordinates": [
     [
      [
       -76.79770462612663,
       38.96108391682192
      ],
      [
       -76.7949285881506,
       38.9627889014469
      ],
      [
       -76.79223322877823,
       38.966108876306876
      ],
      [
       -76.78884906498307,
       38.96867208016008
      ],
      [
       -76.78569912939213,
       38.971353094851096
      ],
      [
       -76.78438224637725,
       38.972119683427685
      ],
      [
       -76.78082371269672,
       38.97304008059808
      ],
      [
       -76.77678197490597,
       38.972881363219365
      ],
      [
       -76.77356177085377,
       38.97229230903031
      ],
      [
       -76.77304820382821,
       38.96713235796036
      ],
      [
       -76.7718787978308,
       38.962985252843254
      ],
      [
       -76.77152572050072,
       38.964157634305636
      ],
      [
       -76.76792467873868,
       38.96430326159126
      ],
      [
       -76.76813288158688,
       38.96612196639997
      ],
      [
       -76.76552861096062,
       38.966204597612595
      ],
      [
       -76.76536031365832,
       38.96368311843112
      ],
      [
       -76.76392111147011,
       38.96365612011412
      ],
      [
       -76.76130035811836,
       38.9625720967801
      ],
      [
       -76.75736185423986,
       38.96203213044013
      ],
      [
       -76.75624623397823,
       38.9624501952882
      ],
      [
       -76.75478187394587,
       38.962262025200026
      ],
      [
       -76.7527302083792,
       38.95776885074685
      ],
      [
       -76.75036276849278,
       38.958083012981014
      ],
      [
       -76.7479346027756,
       38.95867533969334
      ],
      [
       -76.7455983933164,
       38.956554744612745
      ],
      [
       -76.74780881355481,
       38.95518192109992
      ],
      [
       -76.74851236567937,
       38.955276824274826
      ],
      [
       -76.74907624839325,
       38.956405026673025
      ],
      [
       -76.75153390951391,
       38.95544781361581
      ],
      [
       -76.75294014625115,
       38.95773776177576
      ],
      [
       -76.75588274650575,
       38.9573556946837
      ],
      [
       -76.75744773791475,
       38.95812964643765
      ],
      [
       -76.75792486944188,
       38.95678873002673
      ],
      [
       -76.76019514799916,
       38.9570308967489
      ],
      [
       -76.76035824023025,
       38.95824173035973
      ],
      [
       -76.76156581674982,
       38.95818282494083
      ],
      [
       -76.76131163577264,
       38.95919730715531
      ],
      [
       -76.76363483255383,
       38.959680004338004
      ],
      [
       -76.76346393271594,
       38.95829736325536
      ],
      [
       -76.76595802933504,
       38.95792265934066
      ],
      [
       -76.76588602585002,
       38.95700798908599
      ],
      [
       -76.7644476911737,
       38.95708489338289
      ],
      [
       -76.76437221764122,
       38.95613013471814
      ],
      [
       -76.76617056974257,
       38.95612604406404
      ],
      [
       -76.76584872283972,
       38.95454868784669
      ],
      [
       -76.76426030861032,
       38.95431797495598
      ],
      [
       -76.76416574981675,
       38.953031873309875
      ],
      [
       -76.75494323115323,
       38.95371419441219
      ],
      [
       -76.754898988048,
       38.95212865688666
      ],
      [
       -76.7508051995452,
       38.952032117450116
      ],
      [
       -76.75073493108394,
       38.95127207392007
      ],
      [
       -76.74949005155406,
       38.951685229983234
      ],
      [
       -76.74898862969464,
       38.953026964524966
      ],
      [
       -76.74403513693115,
       38.953543205071206
      ],
      [
       -76.7439613984224,
       38.95303105517905
      ],
      [
       -76.7458386941037,
       38.95270134845935
      ],
      [
       -76.74806472955574,
       38.951920851658855
      ],
      [
       -76.75475931863733,
       38.94882340838141
      ],
      [
       -76.75476799375599,
       38.94909175528976
      ],
      [
       -76.7580602012932,
       38.9476273011253
      ],
      [
       -76.7622416084946,
       38.946413194991194
      ],
      [
       -76.76650976688278,
       38.94592068023868
      ],
      [
       -76.7667465976226,
       38.947757383925385
      ],
      [
       -76.76895615034915,
       38.94789564803365
      ],
      [
       -76.77132706028307,
       38.94836116446916
      ],
      [
       -76.7702018973909,
       38.94540525782326
      ],
      [
       -76.7904262015582,
       38.943759996748
      ],
      [
       -76.79529988322989,
       38.94383526478327
      ],
      [
       -76.79853396747197,
       38.94433268832069
      ],
      [
       -76.79839603308504,
       38.94697361460162
      ],
      [
       -76.79891133513433,
       38.95209429539229
      ],
      [
       -76.7988375966256,
       38.95320695330496
      ],
      [
       -76.79747907304107,
       38.9584478993259
      ],
      [
       -76.79770462612663,
       38.96108391682192
      ]
     ]
    ]
   }
  },
  {
   "type": "Feature",
   "properties": {
    "name": "Forest Heights",
    "geoid": "2428725"
   },
   "geometry": {
    "type": "Polygon",
    "coordinates": [
     [
      [
       -77.02226701312702,
       38.80477920588721
      ],
      [
       -77.02072717956219,
       38.805930315948316
      ],
      [
       -77.00661796654897,
       38.81694808367609
      ],
      [
       -77.0044838873549,
       38.81866206774007
      ],
      [
       -77.00512671364872,
       38.81590578501378
      ],
      [
       -77.00003528649829,
       38.81726633656434
      ],
      [
       -76.99972731978532,
       38.816050594168594
      ],
      [
       -76.99907061330161,
       38.8162314010794
      ],
      [
       -76.9996318934799,
       38.81791511430311
      ],
      [
       -77.0008255898096,
       38.820246787134785
      ],
      [
       -77.00156210738511,
       38.821013375711374
      ],
      [
       -77.00103726270527,
       38.82143634934435
      ],
      [
       -76.99886588050089,
       38.8178872978553
      ],
      [
       -76.99761319336419,
       38.818242366630365
      ],
      [
       -76.99880081711082,
       38.817267972825974
      ],
      [
       -76.99815278574579,
       38.815373999982
      ],
      [
       -76.99556586535687,
       38.81469740579541
      ],
      [
       -76.99387334970335,
       38.81322231593032
      ],
      [
       -76.99584086661886,
       38.811842129240134
      ],
      [
       -76.99578794839495,
       38.81097572870373
      ],
      [
       -76.99663984504885,
       38.81070165487966
      ],
      [
       -76.9944007969188,
       38.80914802445603
      ],
      [
       -76.9911111919172,
       38.81007087601888
      ],
      [
       -76.99030006832108,
       38.8085966042846
      ],
      [
       -76.9901950993851,
       38.80734895478695
      ],
      [
       -76.99203075449675,
       38.80707815348615
      ],
      [
       -76.99352981500381,
       38.805892681930686
      ],
      [
       -76.99377532086233,
       38.805247994846
      ],
      [
       -76.99350465715966,
       38.803128217896216
      ],
      [
       -76.9913167922298,
       38.803295116583115
      ],
      [
       -76.99026623535823,
       38.802778876036875
      ],
      [
       -76.98997475137075,
       38.80076791048591
      ],
      [
       -76.9932391985282,
       38.80084726917527
      ],
      [
       -76.99362263877364,
       38.80299813509614
      ],
      [
       -76.995014995321,
       38.802674973422974
      ],
      [
       -76.99527611639311,
       38.803343386301385
      ],
      [
       -76.99610285520286,
       38.80306931247731
      ],
      [
       -76.99667107547607,
       38.800929082257085
      ],
      [
       -76.99668235313035,
       38.79982133312934
      ],
      [
       -76.99552942985844,
       38.80049301853102
      ],
      [
       -76.99456562417363,
       38.79962661799462
      ],
      [
       -76.99503928565329,
       38.797934723462724
      ],
      [
       -76.99388896491696,
       38.79859822755623
      ],
      [
       -76.99171411266511,
       38.79867676811477
      ],
      [
       -76.99047096815897,
       38.7992060987541
      ],
      [
       -76.98880708039708,
       38.79836915092715
      ],
      [
       -76.98842624268724,
       38.79718122497923
      ],
      [
       -76.99034778147379,
       38.79703805208605
      ],
      [
       -76.99030527339228,
       38.79667562013362
      ],
      [
       -76.99711784408784,
       38.79557277979078
      ],
      [
       -76.99811201268801,
       38.79558014296814
      ],
      [
       -76.99871666845966,
       38.79657499004299
      ],
      [
       -76.99921115022416,
       38.797388212076214
      ],
      [
       -77.00085161516562,
       38.79841823877624
      ],
      [
       -77.0026733900874,
       38.798714402132404
      ],
      [
       -77.00390785947486,
       38.79281976958777
      ],
      [
       -77.00309066329567,
       38.79277231800032
      ],
      [
       -77.00317481194682,
       38.791959914097916
      ],
      [
       -77.00422536881837,
       38.791481307569306
      ],
      [
       -77.0067238029968,
       38.79105015262815
      ],
      [
       -77.00981995285196,
       38.790921706089705
      ],
      [
       -77.00941482480982,
       38.790392375450374
      ],
      [
       -77.01077074585875,
       38.78965605771406
      ],
      [
       -77.01250316705817,
       38.79077935132735
      ],
      [
       -77.01307485737885,
       38.7907678974959
      ],
      [
       -77.0129802985853,
       38.79233870866671
      ],
      [
       -77.01120623681624,
       38.7926136006216
      ],
      [
       -77.00869131991232,
       38.79248433595234
      ],
      [
       -77.00872081531581,
       38.794123870111875
      ],
      [
       -77.00393301731901,
       38.7970625960106
      ],
      [
       -77.00319302969604,
       38.79707895862696
      ],
      [
       -77.00238017107617,
       38.7998106974287
      ],
      [
       -77.00283474729474,
       38.801405234393236
      ],
      [
       -77.00308806076006,
       38.80229127006927
      ],
      [
       -77.00268206520607,
       38.806150393138395
      ],
      [
       -77.00415857040457,
       38.806079215757215
      ],
      [
       -77.00430604742205,
       38.80537316886117
      ],
      [
       -77.00334918183218,
       38.802343630441634
      ],
      [
       -77.00329366107266,
       38.80142323327124
      ],
      [
       -77.00913288345288,
       38.79836996905797
      ],
      [
       -77.01148037056637,
       38.79728512759313
      ],
      [
       -77.01399268493469,
       38.79684579134379
      ],
      [
       -77.01742803193004,
       38.7976581952462
      ],
      [
       -77.01916218815319,
       38.79899911165711
      ],
      [
       -77.02171267304368,
       38.80276087715888
      ],
      [
       -77.02226701312702,
       38.80477920588721
      ]
     ]
    ]
   }
  },
  {
   "type": "Feature",
   "properties": {
    "name": "Forestville",
    "geoid": "2429000"
   },
   "geometry": {
    "type": "Polygon",
    "coordinates": [
     [
      [
       -76.88431267341967,
       38.85504598148398
      ],
      [
       -76.88378522620422,
       38.854816086724085
      ],
      [
       -76.88250824873525,
       38.85589601940402
      ],
      [
       -76.88168497997299,
       38.85545259250059
      ],
      [
       -76.88115666524567,
       38.85627808649609
      ],
      [
       -76.87571563081264,
       38.8581286984067
      ],
      [
       -76.87480040579241,
       38.85797570794371
      ],
      [
       -76.87495916046416,
       38.85958906191706
      ],
      [
       -76.87407343084743,
       38.859453252201256
      ],
      [
       -76.87484378138578,
       38.86564813875614
      ],
      [
       -76.87424606570907,
       38.86637382079182
      ],
      [
       -76.87153682614682,
       38.8681687998068
      ],
      [
       -76.87192720648721,
       38.87009877040677
      ],
      [
       -76.86975669179469,
       38.87071891356691
      ],
      [
       -76.86879115108616,
       38.871540316908316
      ],
      [
       -76.86724958249758,
       38.87166712718513
      ],
      [
       -76.86692166301167,
       38.87229790604591
      ],
      [
       -76.86481013912613,
       38.87268979070779
      ],
      [
       -76.86259277879279,
       38.87362982301782
      ],
      [
       -76.85981934335234,
       38.8741027026307
      ],
      [
       -76.86022186885887,
       38.87732531992332
      ],
      [
       -76.86077707645408,
       38.87932564977365
      ],
      [
       -76.85960333289734,
       38.87959317855118
      ],
      [
       -76.85856665621566,
       38.87882577184377
      ],
      [
       -76.85701033992534,
       38.87354800993601
      ],
      [
       -76.8557966908227,
       38.87037038983839
      ],
      [
       -76.85616625087826,
       38.86926591323392
      ],
      [
       -76.85447894029595,
       38.86885112090912
      ],
      [
       -76.85240818946819,
       38.86890511754312
      ],
      [
       -76.85131165446765,
       38.86985905807706
      ],
      [
       -76.84946211916612,
       38.8691930995911
      ],
      [
       -76.84705477373377,
       38.86889202745003
      ],
      [
       -76.84466130849131,
       38.86891411698212
      ],
      [
       -76.84845233535233,
       38.86284767696568
      ],
      [
       -76.8507148063028,
       38.85943361706162
      ],
      [
       -76.85215487600288,
       38.85781617243418
      ],
      [
       -76.8573131015671,
       38.853588890496894
      ],
      [
       -76.8600527040447,
       38.850439904977904
      ],
      [
       -76.86280792173592,
       38.84558266231066
      ],
      [
       -76.87214581947782,
       38.83254902024702
      ],
      [
       -76.87444125587926,
       38.83020016666817
      ],
      [
       -76.87486373415874,
       38.8302827978808
      ],
      [
       -76.87865996609096,
       38.82759278375079
      ],
      [
       -76.87997424657024,
       38.82797076018876
      ],
      [
       -76.88047740345341,
       38.82739806861607
      ],
      [
       -76.87985713246813,
       38.82681637760438
      ],
      [
       -76.88175785096985,
       38.82555072922873
      ],
      [
       -76.88208924050325,
       38.82586898211699
      ],
      [
       -76.88524785121285,
       38.826007246225245
      ],
      [
       -76.88541267846769,
       38.82844363980164
      ],
      [
       -76.88427884045684,
       38.828497636435635
      ],
      [
       -76.88494682459482,
       38.8298450978931
      ],
      [
       -76.88737932787133,
       38.82995227303027
      ],
      [
       -76.88791892025293,
       38.82835691793492
      ],
      [
       -76.88856868664169,
       38.82832664709465
      ],
      [
       -76.8874201009291,
       38.83253020323821
      ],
      [
       -76.88804557698558,
       38.83339824003624
      ],
      [
       -76.89070103081204,
       38.83457634841435
      ],
      [
       -76.89012066537266,
       38.83549674558475
      ],
      [
       -76.88948391166191,
       38.8376197950578
      ],
      [
       -76.88761182105182,
       38.840017736485734
      ],
      [
       -76.88813406319606,
       38.84264966332766
      ],
      [
       -76.88739407557308,
       38.844182022350026
      ],
      [
       -76.89182359116859,
       38.845375675213674
      ],
      [
       -76.89137422002122,
       38.84637461294261
      ],
      [
       -76.89051017820118,
       38.85152229205029
      ],
      [
       -76.88973809263909,
       38.851209766077766
      ],
      [
       -76.88912562926063,
       38.852763396501395
      ],
      [
       -76.88709738651438,
       38.85235269483069
      ],
      [
       -76.88439074948775,
       38.85305628733429
      ],
      [
       -76.88431267341967,
       38.85504598148398
      ]
     ]
    ]
   }
  },
  {
   "type": "Feature",
   "properties": {
    "name": "Fort Washington",
    "geoid": "2429525"
   },
   "geometry": {
    "type": "Polygon",
    "coordinates": [
     [
      [
       -77.0254716019656,
       38.77911198772999
      ],
      [
       -77.01938166865567,
       38.77924534305335
      ],
      [
       -77.01871975710075,
       38.779566050334054
      ],
      [
       -77.01374631156432,
       38.77918807389607
      ],
      [
       -77.01073864791965,
       38.77875282830083
      ],
      [
       -77.0060402036452,
       38.77750681506482
      ],
      [
       -77.00626575673076,
       38.77856874886675
      ],
      [
       -77.00491504075305,
       38.77837076120876
      ],
      [
       -77.00296834412235,
       38.778922999511
      ],
      [
       -77.00195595777296,
       38.779538233886235
      ],
      [
       -76.99832021553621,
       38.779315702303705
      ],
      [
       -76.99749260921462,
       38.78032936638737
      ],
      [
       -76.99433833606433,
       38.76528394064194
      ],
      [
       -76.99381262387263,
       38.760830036468036
      ],
      [
       -76.99329038172839,
       38.75592370595171
      ],
      [
       -76.98990361539762,
       38.75545573512374
      ],
      [
       -76.97985002036502,
       38.752445013713015
      ],
      [
       -76.97859212815713,
       38.75177578270378
      ],
      [
       -76.97597137480538,
       38.74901622745423
      ],
      [
       -76.97306694507294,
       38.74707562115362
      ],
      [
       -76.97301315933716,
       38.74165714074514
      ],
      [
       -76.97325432763633,
       38.74088073459873
      ],
      [
       -76.97501103916804,
       38.73782501599302
      ],
      [
       -76.97571112124513,
       38.73595231455032
      ],
      [
       -76.97597657987659,
       38.73390535124335
      ],
      [
       -76.97604511331411,
       38.731555679533685
      ],
      [
       -76.9743178971859,
       38.72908901511702
      ],
      [
       -76.97321181955482,
       38.726088929406934
      ],
      [
       -76.97344865029466,
       38.7236419001299
      ],
      [
       -76.97447491683391,
       38.72160311813112
      ],
      [
       -76.97402467817469,
       38.72023683966484
      ],
      [
       -76.9738667910148,
       38.717025676203676
      ],
      [
       -76.97322656725657,
       38.71598174127974
      ],
      [
       -76.97084177713278,
       38.71399286526087
      ],
      [
       -76.97060841644041,
       38.712831937629936
      ],
      [
       -76.97094067348567,
       38.711771640089644
      ],
      [
       -76.97078712388513,
       38.71044463190263
      ],
      [
       -76.97134493401593,
       38.7095405973486
      ],
      [
       -76.97186197108897,
       38.70697166657967
      ],
      [
       -76.97153925667426,
       38.70672622733423
      ],
      [
       -76.97190534668235,
       38.70590318773119
      ],
      [
       -76.97094327602127,
       38.704374101232105
      ],
      [
       -76.97224280879881,
       38.70341116125916
      ],
      [
       -76.97556364422765,
       38.70325980705781
      ],
      [
       -76.97695773579873,
       38.70172581177381
      ],
      [
       -76.97744527746828,
       38.69924769352569
      ],
      [
       -76.97933385080385,
       38.698158761406766
      ],
      [
       -76.98087194934494,
       38.69782005524806
      ],
      [
       -76.98210208117308,
       38.698102310380314
      ],
      [
       -76.98398458192558,
       38.69927796436597
      ],
      [
       -76.98565280724681,
       38.6993515961396
      ],
      [
       -76.98599026936327,
       38.69868318326119
      ],
      [
       -76.98745636441937,
       38.69845083410883
      ],
      [
       -76.98920700336801,
       38.696044711372714
      ],
      [
       -76.99095677480477,
       38.69539511550312
      ],
      [
       -76.9926570980651,
       38.69618624800425
      ],
      [
       -76.9943660964441,
       38.697762786090784
      ],
      [
       -76.99571681242182,
       38.696606767244766
      ],
      [
       -76.99657738419438,
       38.697378264606265
      ],
      [
       -76.99771035469335,
       38.69740199039999
      ],
      [
       -77.00026083958385,
       38.69644395921196
      ],
      [
       -77.00135910960812,
       38.69701992330793
      ],
      [
       -77.00201668360369,
       38.696556043134045
      ],
      [
       -77.00297181416981,
       38.69681293621094
      ],
      [
       -77.00413341256042,
       38.696350692298694
      ],
      [
       -77.02909693405994,
       38.69811376421177
      ],
      [
       -77.04339786719586,
       38.70361405770206
      ],
      [
       -77.03981330815931,
       38.7098703040683
      ],
      [
       -77.03399664108764,
       38.72556696194496
      ],
      [
       -77.03361927342527,
       38.74143460916261
      ],
      [
       -77.0333355970446,
       38.757245805353804
      ],
      [
       -77.03327920877321,
       38.77292364622165
      ],
      [
       -77.03286280307681,
       38.7790898981979
      ],
      [
       -77.0254716019656,
       38.77911198772999
      ]
     ]
    ]
   }
  },
  {
   "type": "Feature",
   "properties": {
    "name": "Friendly",
    "geoid": "2430575"
   },
   "geometry": {
    "type": "Polygon",
    "coordinates": [
     [
      [
       -76.94551997323198,
       38.78122031084831
      ],
      [
       -76.94271964492364,
       38.77854502307302
      ],
      [
       -76.94273092257792,
       38.77800423860224
      ],
      [
       -76.94076774322174,
       38.77631970724771
      ],
      [
       -76.94203431054831,
       38.775377220545224
      ],
      [
       -76.9428037935748,
       38.77173408401209
      ],
      [
       -76.94074605542505,
       38.7712382967363
      ],
      [
       -76.9358558910279,
       38.7688918975499
      ],
      [
       -76.9352521027681,
       38.76824966485766
      ],
      [
       -76.93714761619862,
       38.7668252991033
      ],
      [
       -76.93859462599363,
       38.766096344544344
      ],
      [
       -76.93879502123502,
       38.76482006046806
      ],
      [
       -76.94027065892166,
       38.7616178964459
      ],
      [
       -76.9403817004407,
       38.76027207125007
      ],
      [
       -76.93988027858128,
       38.759741104349104
      ],
      [
       -76.94285497677498,
       38.75853108886909
      ],
      [
       -76.94467501667302,
       38.75684001246801
      ],
      [
       -76.94562320714421,
       38.756983185361186
      ],
      [
       -76.94714569047169,
       38.756228868746874
      ],
      [
       -76.94805831295632,
       38.75491167812968
      ],
      [
       -76.9495113953344,
       38.75371393461194
      ],
      [
       -76.949441994385,
       38.75279026491827
      ],
      [
       -76.95064176329777,
       38.752349292407295
      ],
      [
       -76.95111021970622,
       38.75098301394102
      ],
      [
       -76.95282095310895,
       38.75008961508762
      ],
      [
       -76.95298664787565,
       38.748550711018716
      ],
      [
       -76.954162993968,
       38.74752068431869
      ],
      [
       -76.95704486839188,
       38.74631721388521
      ],
      [
       -76.95916072983673,
       38.74477094663895
      ],
      [
       -76.9599198027208,
       38.74303978182778
      ],
      [
       -76.96130174912575,
       38.74220692465492
      ],
      [
       -76.96216665845766,
       38.742503906141906
      ],
      [
       -76.96385483655183,
       38.74199421064221
      ],
      [
       -76.96369868441569,
       38.741415792153795
      ],
      [
       -76.96513441655642,
       38.738674235782234
      ],
      [
       -76.96658836644637,
       38.738561333729336
      ],
      [
       -76.9674341905172,
       38.737510035628034
      ],
      [
       -76.96858798130098,
       38.73732431993232
      ],
      [
       -76.96850903772103,
       38.73585822950623
      ],
      [
       -76.96805272647873,
       38.735055643173645
      ],
      [
       -76.97009311439112,
       38.735129274947276
      ],
      [
       -76.97065179203379,
       38.73476602486403
      ],
      [
       -76.96981811312911,
       38.733273754251755
      ],
      [
       -76.97254383541684,
       38.73250062062862
      ],
      [
       -76.97286221227222,
       38.732985772203776
      ],
      [
       -76.97597657987659,
       38.73390535124335
      ],
      [
       -76.97571112124513,
       38.73595231455032
      ],
      [
       -76.97501103916804,
       38.73782501599302
      ],
      [
       -76.97325432763633,
       38.74088073459873
      ],
      [
       -76.97301315933716,
       38.74165714074514
      ],
      [
       -76.97306694507294,
       38.74707562115362
      ],
      [
       -76.97597137480538,
       38.74901622745423
      ],
      [
       -76.97859212815713,
       38.75177578270378
      ],
      [
       -76.97985002036502,
       38.752445013713015
      ],
      [
       -76.98990361539762,
       38.75545573512374
      ],
      [
       -76.99329038172839,
       38.75592370595171
      ],
      [
       -76.99381262387263,
       38.760830036468036
      ],
      [
       -76.99336325272526,
       38.76157617177417
      ],
      [
       -76.99059068479669,
       38.76463025411825
      ],
      [
       -76.98798728168228,
       38.765724913152916
      ],
      [
       -76.98550706525306,
       38.76718527666328
      ],
      [
       -76.98467512137212,
       38.76805085906886
      ],
      [
       -76.97899465366366,
       38.77111721337521
      ],
      [
       -76.97728912533212,
       38.7734627944308
      ],
      [
       -76.97532941602341,
       38.77436437459237
      ],
      [
       -76.97293768580468,
       38.774684263742266
      ],
      [
       -76.96997513277714,
       38.77410011833812
      ],
      [
       -76.96772567450468,
       38.772641391089394
      ],
      [
       -76.96522810783812,
       38.77232068380869
      ],
      [
       -76.96324237317337,
       38.772507217635216
      ],
      [
       -76.96201657890458,
       38.772949826407825
      ],
      [
       -76.95862026994327,
       38.775103964851965
      ],
      [
       -76.956218997094,
       38.77570529100329
      ],
      [
       -76.95371969540369,
       38.77579692165492
      ],
      [
       -76.95122993634394,
       38.77706911507712
      ],
      [
       -76.94874711737911,
       38.779152894270894
      ],
      [
       -76.94551997323198,
       38.78122031084831
      ]
     ]
    ]
   }
  },
  {
   "type": "Feature",
   "properties": {
    "name": "Glassmanor",
    "geoid": "2432350"
   },
   "geometry": {
    "type": "MultiPolygon",
    "coordinates": [
     [
      [
       [
        -77.00103726270527,
        38.82143634934435
       ],
       [
        -76.98732623763924,
        38.832108865866864
       ],
       [
        -76.98364972234472,
        38.83119501374301
       ],
       [
        -76.97396915741515,
        38.82490522401323
       ],
       [
        -76.97110636825236,
        38.82403391469192
       ],
       [
        -76.96893585355986,
        38.822418924456926
       ],
       [
        -76.96450373542874,
        38.817840664398666
       ],
       [
        -76.96279386953788,
        38.81565461885262
       ],
       [
        -76.96602535124435,
        38.81303578210378
       ],
       [
        -76.9682218912929,
        38.81078592235392
       ],
       [
        -76.97046267444668,
        38.80877659306459
       ],
       [
        -76.97495812094412,
        38.80802963962764
       ],
       [
        -76.98122242413943,
        38.80720496376296
       ],
       [
        -76.99214786859886,
        38.80615939257739
       ],
       [
        -76.99352981500381,
        38.805892681930686
       ],
       [
        -76.99203075449675,
        38.80707815348615
       ],
       [
        -76.9901950993851,
        38.80734895478695
       ],
       [
        -76.99030006832108,
        38.8085966042846
       ],
       [
        -76.9911111919172,
        38.81007087601888
       ],
       [
        -76.9944007969188,
        38.80914802445603
       ],
       [
        -76.99663984504885,
        38.81070165487966
       ],
       [
        -76.99578794839495,
        38.81097572870373
       ],
       [
        -76.99584086661886,
        38.811842129240134
       ],
       [
        -76.99387334970335,
        38.81322231593032
       ],
       [
        -76.99556586535687,
        38.81469740579541
       ],
       [
        -76.99815278574579,
        38.815373999982
       ],
       [
        -76.99880081711082,
        38.817267972825974
       ],
       [
        -76.99761319336419,
        38.818242366630365
       ],
       [
        -76.99886588050089,
        38.8178872978553
       ],
       [
        -77.00103726270527,
        38.82143634934435
       ]
      ]
     ],
     [
      [
       [
        -77.0044838873549,
        38.81866206774007
       ],
       [
        -77.00156210738511,
        38.821013375711374
       ],
       [
        -77.0008255898096,
        38.820246787134785
       ],
       [
        -76.9996318934799,
        38.81791511430311
       ],
       [
        -76.99907061330161,
        38.8162314010794
       ],
       [
        -76.99972731978532,
        38.816050594168594
       ],
       [
        -77.00003528649829,
        38.81726633656434
       ],
       [
        -77.00512671364872,
        38.81590578501378
       ],
       [
        -77.0044838873549,
        38.81866206774007
       ]
      ]
     ]
    ]
   }
  },
  {
   "type": "Feature",
   "properties": {
    "name": "Glenarden",
    "geoid": "2432500"
   },
   "geometry": {
    "type": "Polygon",
    "coordinates": [
     [
      [
       -76.87213367431168,
       38.936907333015334
      ],
      [
       -76.86953287373288,
       38.940219944697944
      ],
      [
       -76.86879462113362,
       38.939572803220805
      ],
      [
       -76.86533238127038,
       38.93873912791713
      ],
      [
       -76.8628833952684,
       38.9376731034611
      ],
      [
       -76.86154482445683,
       38.93581021958822
      ],
      [
       -76.86384286339387,
       38.93436130990931
      ],
      [
       -76.86097313413613,
       38.93317583835384
      ],
      [
       -76.85988874430174,
       38.931286774294776
      ],
      [
       -76.85697477193878,
       38.932162174270175
      ],
      [
       -76.85502026770126,
       38.93296803312603
      ],
      [
       -76.85318461258962,
       38.93370516899317
      ],
      [
       -76.852952986921,
       38.931164872802874
      ],
      [
       -76.85146173402073,
       38.93105687953488
      ],
      [
       -76.8501248982329,
       38.93712659207459
      ],
      [
       -76.84815477878178,
       38.936687255825255
      ],
      [
       -76.84571013033913,
       38.93646063358863
      ],
      [
       -76.84599814427915,
       38.934520845418845
      ],
      [
       -76.84480271292571,
       38.9337698013278
      ],
      [
       -76.84551060260961,
       38.93051282254082
      ],
      [
       -76.84520957599157,
       38.930468643476644
      ],
      [
       -76.84385886001387,
       38.923709246657246
      ],
      [
       -76.8441781043811,
       38.9235578924559
      ],
      [
       -76.843654994725,
       38.92103723140523
      ],
      [
       -76.84123723915025,
       38.919062263610265
      ],
      [
       -76.84275364989465,
       38.918072325320324
      ],
      [
       -76.84353527808729,
       38.91905326417127
      ],
      [
       -76.84522172115773,
       38.9183104013884
      ],
      [
       -76.8466322954543,
       38.917138838056836
      ],
      [
       -76.84842283994884,
       38.91765835112635
      ],
      [
       -76.85172025255726,
       38.920130742458745
      ],
      [
       -76.85220085413185,
       38.92087033271833
      ],
      [
       -76.85324794095594,
       38.92472372887173
      ],
      [
       -76.85307270355871,
       38.927884986352986
      ],
      [
       -76.85445898752299,
       38.92823514634315
      ],
      [
       -76.85660607939508,
       38.92845685979486
      ],
      [
       -76.85776160520261,
       38.92896491903292
      ],
      [
       -76.85934568187268,
       38.92897964538765
      ],
      [
       -76.85837667111667,
       38.924149401037404
      ],
      [
       -76.85854670344271,
       38.92316600779401
      ],
      [
       -76.86320524217125,
       38.92377633338433
      ],
      [
       -76.86316533662534,
       38.92493807914608
      ],
      [
       -76.86240279369379,
       38.92790134896935
      ],
      [
       -76.8625788986029,
       38.928712934740936
      ],
      [
       -76.86405974136075,
       38.92917436052236
      ],
      [
       -76.86691906047606,
       38.92574802865603
      ],
      [
       -76.86786985348286,
       38.92631662957463
      ],
      [
       -76.8679219041949,
       38.92702513086313
      ],
      [
       -76.86900716154116,
       38.92867939137739
      ],
      [
       -76.86977317452018,
       38.928933011931015
      ],
      [
       -76.87059384074685,
       38.92840695381496
      ],
      [
       -76.8704107957428,
       38.9274251968332
      ],
      [
       -76.87245985877387,
       38.9266536994717
      ],
      [
       -76.87291877255177,
       38.92759291365091
      ],
      [
       -76.87211025149125,
       38.92869002707803
      ],
      [
       -76.87509882987483,
       38.92807806522607
      ],
      [
       -76.87682431097932,
       38.9284634048414
      ],
      [
       -76.87550482542883,
       38.929917223305225
      ],
      [
       -76.87661090305991,
       38.93146267242067
      ],
      [
       -76.87422177537678,
       38.932275894453895
      ],
      [
       -76.87117941125742,
       38.93111087616888
      ],
      [
       -76.87080811617813,
       38.93133831653632
      ],
      [
       -76.87304976684376,
       38.93548214913015
      ],
      [
       -76.87213367431168,
       38.936907333015334
      ]
     ]
    ]
   }
  },
  {
   "type": "Feature",
   "properties": {
    "name": "Glenn Dale",
    "geoid": "2433400"
   },
   "geometry": {
    "type": "Polygon",
    "coordinates": [
     [
      [
       -76.78341670566871,
       39.0106560993541
      ],
      [
       -76.78357632785233,
       39.00936427079227
      ],
      [
       -76.78424431199032,
       39.00932090985891
      ],
      [
       -76.78450283052683,
       39.0081248026028
      ],
      [
       -76.78359888316089,
       39.0081428014808
      ],
      [
       -76.78605394174595,
       39.007068595716596
      ],
      [
       -76.78701514489515,
       39.00774518990319
      ],
      [
       -76.78995080505481,
       39.00615883424683
      ],
      [
       -76.78969228651829,
       39.005878215376214
      ],
      [
       -76.79112541612342,
       39.005086264744264
      ],
      [
       -76.78717736961437,
       39.00274395621196
      ],
      [
       -76.7989816035956,
       38.99611382406182
      ],
      [
       -76.79818783023683,
       38.995109977547976
      ],
      [
       -76.80005124572826,
       38.994087314025315
      ],
      [
       -76.79700974912075,
       38.988326854934854
      ],
      [
       -76.78975474737275,
       38.98894127117927
      ],
      [
       -76.78943810554111,
       38.98672168226968
      ],
      [
       -76.78869725040626,
       38.98677895142695
      ],
      [
       -76.78783928116928,
       38.98549203165003
      ],
      [
       -76.78389557221958,
       38.98741463907264
      ],
      [
       -76.78344273102473,
       38.98914007696808
      ],
      [
       -76.78391378996879,
       38.99149874811675
      ],
      [
       -76.7820096014196,
       38.991543745311745
      ],
      [
       -76.78015225851127,
       38.99196671894472
      ],
      [
       -76.78029626548127,
       38.99306874115674
      ],
      [
       -76.78135115991216,
       38.99298038302838
      ],
      [
       -76.78144138114638,
       38.99361688880489
      ],
      [
       -76.78304974814876,
       38.993487624135625
      ],
      [
       -76.78317987492888,
       38.99442029326829
      ],
      [
       -76.78046716531917,
       38.99462482597283
      ],
      [
       -76.78059902712303,
       38.995828296406295
      ],
      [
       -76.77817606647707,
       38.99630363041163
      ],
      [
       -76.77968987468587,
       38.99746537617337
      ],
      [
       -76.78006463981264,
       38.99865166585967
      ],
      [
       -76.77723308107709,
       38.99703422123222
      ],
      [
       -76.77559521867123,
       38.995982923130924
      ],
      [
       -76.77462013533214,
       38.99437775046575
      ],
      [
       -76.77456374706075,
       38.993244639282636
      ],
      [
       -76.77383416958017,
       38.991326122514124
      ],
      [
       -76.77397123645524,
       38.98887091192891
      ],
      [
       -76.77348022473822,
       38.98776561719362
      ],
      [
       -76.77128281717782,
       38.97970375611175
      ],
      [
       -76.77010560357361,
       38.979770024708024
      ],
      [
       -76.76810598871899,
       38.9786270959551
      ],
      [
       -76.7688026007486,
       38.978515012033014
      ],
      [
       -76.77185624252225,
       38.978353022131024
      ],
      [
       -76.7717052954573,
       38.978858626976624
      ],
      [
       -76.77448133343334,
       38.97865000361801
      ],
      [
       -76.77441713755515,
       38.97812967241767
      ],
      [
       -76.7787121888112,
       38.9778106013986
      ],
      [
       -76.77849704586805,
       38.9752293986674
      ],
      [
       -76.77588236509936,
       38.97534802763603
      ],
      [
       -76.77562037651538,
       38.9727880963061
      ],
      [
       -76.77356177085377,
       38.97229230903031
      ],
      [
       -76.77678197490597,
       38.972881363219365
      ],
      [
       -76.78082371269672,
       38.97304008059808
      ],
      [
       -76.78438224637725,
       38.972119683427685
      ],
      [
       -76.78569912939213,
       38.971353094851096
      ],
      [
       -76.78884906498307,
       38.96867208016008
      ],
      [
       -76.79223322877823,
       38.966108876306876
      ],
      [
       -76.7949285881506,
       38.9627889014469
      ],
      [
       -76.79770462612663,
       38.96108391682192
      ],
      [
       -76.79953160611961,
       38.96016188338989
      ],
      [
       -76.80609433339734,
       38.95726406403207
      ],
      [
       -76.80880183793585,
       38.95671100759901
      ],
      [
       -76.8130942866563,
       38.95702516983317
      ],
      [
       -76.81953295973696,
       38.95637802835603
      ],
      [
       -76.82047768016068,
       38.95631339602139
      ],
      [
       -76.82031979300079,
       38.95789238850039
      ],
      [
       -76.82156120248321,
       38.96047359123159
      ],
      [
       -76.82252761070362,
       38.96173596708397
      ],
      [
       -76.8253825922596,
       38.96305561209361
      ],
      [
       -76.82546413837514,
       38.96507966773767
      ],
      [
       -76.82588661665461,
       38.966607117975116
      ],
      [
       -76.82650515261615,
       38.966683204141205
      ],
      [
       -76.82662833930134,
       38.96788094765895
      ],
      [
       -76.8259456074616,
       38.968120659988664
      ],
      [
       -76.82475971873872,
       38.969756103494106
      ],
      [
       -76.82492107594608,
       38.97197896492697
      ],
      [
       -76.82433203538804,
       38.97289772583573
      ],
      [
       -76.82420104109605,
       38.97478678989479
      ],
      [
       -76.82613993011994,
       38.97659894965695
      ],
      [
       -76.82568795643697,
       38.97788096064896
      ],
      [
       -76.82447864489365,
       38.97736635636436
      ],
      [
       -76.8235000915071,
       38.977737787755785
      ],
      [
       -76.82268463035163,
       38.97899934547735
      ],
      [
       -76.82331878152678,
       38.980466254034255
      ],
      [
       -76.82338818247618,
       38.98312763358563
      ],
      [
       -76.82375600750801,
       38.98417974981775
      ],
      [
       -76.82310624111925,
       38.985120600258604
      ],
      [
       -76.81803563425363,
       38.98831621923422
      ],
      [
       -76.82068328047329,
       38.98953768854569
      ],
      [
       -76.82769190885091,
       38.990885968133966
      ],
      [
       -76.83185856835057,
       38.991062684390684
      ],
      [
       -76.835993997423,
       38.99091296645096
      ],
      [
       -76.83606426588427,
       38.99238478379279
      ],
      [
       -76.83389982377483,
       38.99622181732982
      ],
      [
       -76.8320181905342,
       38.99637726218526
      ],
      [
       -76.82474670606071,
       39.00168038614839
      ],
      [
       -76.8215880953511,
       39.002410976968974
      ],
      [
       -76.81883027512428,
       39.00345491189291
      ],
      [
       -76.816965992121,
       39.004763103071106
      ],
      [
       -76.81036162427363,
       39.00694096730897
      ],
      [
       -76.80742336157836,
       39.00519834866635
      ],
      [
       -76.80630080122181,
       39.00603938714739
      ],
      [
       -76.80505765671566,
       39.00634864059664
      ],
      [
       -76.80318816864117,
       39.00899365753166
      ],
      [
       -76.80203524536925,
       39.00960234686035
      ],
      [
       -76.80036702004803,
       39.009522988170986
      ],
      [
       -76.7944583967184,
       39.010733003651005
      ],
      [
       -76.78946326338527,
       39.01035911786712
      ],
      [
       -76.7877880979691,
       39.0106381004761
      ],
      [
       -76.78341670566871,
       39.0106560993541
      ]
     ]
    ]
   }
  },
  {
   "type": "Feature",
   "properties": {
    "name": "Greenbelt",
    "geoid": "2434775"
   },
   "geometry": {
    "type": "Polygon",
    "coordinates": [
     [
      [
       -76.908936997779,
       39.014220695328696
      ],
      [
       -76.90607594363995,
       39.01270797144597
      ],
      [
       -76.90413098203298,
       39.01253534584335
      ],
      [
       -76.90166377828179,
       39.013666002634004
      ],
      [
       -76.89997993774693,
       39.01337638432438
      ],
      [
       -76.8971960921641,
       39.011494683442685
      ],
      [
       -76.89785973874274,
       39.01302867872668
      ],
      [
       -76.89601974607174,
       39.01191602081402
      ],
      [
       -76.89510365353965,
       39.012077192585195
      ],
      [
       -76.89467857272457,
       39.011208337656335
      ],
      [
       -76.89378416798917,
       39.01120915578716
      ],
      [
       -76.89229898767199,
       39.01194792791593
      ],
      [
       -76.8881626910877,
       39.011520045498045
      ],
      [
       -76.88799439378539,
       39.0103582997363
      ],
      [
       -76.88580132378432,
       39.011137978405976
      ],
      [
       -76.88371062018362,
       39.01114861410662
      ],
      [
       -76.88362994157994,
       39.01189474941275
      ],
      [
       -76.880669991088,
       39.01167385409185
      ],
      [
       -76.87991872581073,
       39.012140188658186
      ],
      [
       -76.87991785829887,
       39.014700938118935
      ],
      [
       -76.87450978931679,
       39.0141486998167
      ],
      [
       -76.86868531463831,
       39.014688666156665
      ],
      [
       -76.86302826975027,
       39.01468293924094
      ],
      [
       -76.86050728026328,
       39.01456103774904
      ],
      [
       -76.86283307958008,
       39.007966903354905
      ],
      [
       -76.8637430995291,
       39.005663046971044
      ],
      [
       -76.8630673077843,
       39.00469601634401
      ],
      [
       -76.8631583965304,
       39.00114287420087
      ],
      [
       -76.86310808084208,
       38.9917670950251
      ],
      [
       -76.86026264191665,
       38.99149792998593
      ],
      [
       -76.8600553065803,
       38.9909096939277
      ],
      [
       -76.8628218019258,
       38.9860639050919
      ],
      [
       -76.86480493405493,
       38.98576283295083
      ],
      [
       -76.86464010680011,
       38.98521059464859
      ],
      [
       -76.8669286031066,
       38.98431228701029
      ],
      [
       -76.8669312056422,
       38.98022408731209
      ],
      [
       -76.87145614754316,
       38.979397775185774
      ],
      [
       -76.87309574497274,
       38.98095631439431
      ],
      [
       -76.87482382861283,
       38.98021508787309
      ],
      [
       -76.87812904882806,
       38.98402185056985
      ],
      [
       -76.87819584724186,
       38.98519586829387
      ],
      [
       -76.87721642634342,
       38.985844646032646
      ],
      [
       -76.87771437815537,
       38.98637397667198
      ],
      [
       -76.8784266053986,
       38.98927997733798
      ],
      [
       -76.87939474864275,
       38.988608291936295
      ],
      [
       -76.87893236481737,
       38.98774434579234
      ],
      [
       -76.8791796056996,
       38.98675195310995
      ],
      [
       -76.88002195972297,
       38.98598209201009
      ],
      [
       -76.8821490988221,
       38.98800696578497
      ],
      [
       -76.88238419453819,
       38.98656132862933
      ],
      [
       -76.88363080909181,
       38.981835805023806
      ],
      [
       -76.89135686978388,
       38.97252629444429
      ],
      [
       -76.89341981300481,
       38.97227431015231
      ],
      [
       -76.8944348018898,
       38.972149954267955
      ],
      [
       -76.90340313957614,
       38.971951966609964
      ],
      [
       -76.90248270948472,
       38.974328636636635
      ],
      [
       -76.90388807871008,
       38.974298365796365
      ],
      [
       -76.90486836712037,
       38.97191760511561
      ],
      [
       -76.91007430583731,
       38.97191760511561
      ],
      [
       -76.914338994178,
       38.972059141747145
      ],
      [
       -76.91579641411542,
       38.97240112042912
      ],
      [
       -76.91406312540413,
       38.97512222353022
      ],
      [
       -76.91320602367902,
       38.97765761093561
      ],
      [
       -76.91280089563689,
       38.98038116842917
      ],
      [
       -76.9106217058257,
       38.982630210048214
      ],
      [
       -76.90963621234421,
       38.985141053529055
      ],
      [
       -76.9090705946066,
       38.987139747117745
      ],
      [
       -76.9075966919437,
       38.98922516257316
      ],
      [
       -76.90628241146442,
       38.988671288009286
      ],
      [
       -76.90603256804657,
       38.98299591452391
      ],
      [
       -76.90300408411709,
       38.98327407900208
      ],
      [
       -76.90370503370603,
       38.98754635813436
      ],
      [
       -76.9019890952321,
       38.99064707393507
      ],
      [
       -76.89869081511182,
       38.99179327521128
      ],
      [
       -76.8976471983352,
       38.99246086995887
      ],
      [
       -76.89853119292819,
       38.99305892358692
      ],
      [
       -76.90205415862216,
       38.9930261983542
      ],
      [
       -76.90363563275663,
       38.993241366759364
      ],
      [
       -76.90180258018059,
       38.99583075079875
      ],
      [
       -76.90250266225766,
       38.99629217658018
      ],
      [
       -76.90453437505138,
       38.99676832871633
      ],
      [
       -76.91216067187868,
       38.99803724961525
      ],
      [
       -76.91445957832758,
       38.99831295970096
      ],
      [
       -76.91412471874672,
       38.998630394458395
      ],
      [
       -76.91120640882441,
       39.001398949146946
      ],
      [
       -76.9125042065782,
       39.00161084502884
      ],
      [
       -76.9155431006501,
       38.998655756513756
      ],
      [
       -76.91556478844679,
       38.99963669536469
      ],
      [
       -76.916322993819,
       38.99868520922321
      ],
      [
       -76.91813696113397,
       38.99870484436285
      ],
      [
       -76.91813696113397,
       38.9993298963079
      ],
      [
       -76.91962127393927,
       38.999301261729265
      ],
      [
       -76.91876937728539,
       39.001299955317954
      ],
      [
       -76.91659799508099,
       39.00490873035673
      ],
      [
       -76.91479790795591,
       39.007174952722956
      ],
      [
       -76.91015324941725,
       39.012365174633175
      ],
      [
       -76.908936997779,
       39.014220695328696
      ]
     ]
    ]
   }
  },
  {
   "type": "Feature",
   "properties": {
    "name": "Hillcrest Heights",
    "geoid": "2438975"
   },
   "geometry": {
    "type": "Polygon",
    "coordinates": [
     [
      [
       -76.95811017296518,
       38.85490935363735
      ],
      [
       -76.95601166175766,
       38.85231915146715
      ],
      [
       -76.95266393346094,
       38.84765416954217
      ],
      [
       -76.94502375644376,
       38.83770324440125
      ],
      [
       -76.94593724644025,
       38.83626578855379
      ],
      [
       -76.9485900977311,
       38.83581908912709
      ],
      [
       -76.94748922517122,
       38.834253186741186
      ],
      [
       -76.94922685144185,
       38.83306035200835
      ],
      [
       -76.95182938704438,
       38.8333196994777
      ],
      [
       -76.95196471889572,
       38.83108129355929
      ],
      [
       -76.9530655914556,
       38.82981237266037
      ],
      [
       -76.95343862155862,
       38.82847636503437
      ],
      [
       -76.95105903650604,
       38.82848863699664
      ],
      [
       -76.95090288436988,
       38.82791676355477
      ],
      [
       -76.95361906402707,
       38.82805093700894
      ],
      [
       -76.95620077934478,
       38.82774331982132
      ],
      [
       -76.95804771211071,
       38.82674029143829
      ],
      [
       -76.96221263658664,
       38.82682864956665
      ],
      [
       -76.96323109551909,
       38.82621914210714
      ],
      [
       -76.96606699181399,
       38.826552121350126
      ],
      [
       -76.96755303964304,
       38.827930671778674
      ],
      [
       -76.96893585355986,
       38.822418924456926
      ],
      [
       -76.97110636825236,
       38.82403391469192
      ],
      [
       -76.97396915741515,
       38.82490522401323
      ],
      [
       -76.98364972234472,
       38.83119501374301
      ],
      [
       -76.98732623763924,
       38.832108865866864
      ],
      [
       -76.95811017296518,
       38.85490935363735
      ]
     ]
    ]
   }
  },
  {
   "type": "Feature",
   "properties": {
    "name": "Hyattsville",
    "geoid": "2441250"
   },
   "geometry": {
    "type": "Polygon",
    "coordinates": [
     [
      [
       -76.96418535857336,
       38.98478271223071
      ],
      [
       -76.96024078211178,
       38.985158234276234
      ],
      [
       -76.95985126928328,
       38.984246836544834
      ],
      [
       -76.9586115948246,
       38.98321026479827
      ],
      [
       -76.95756190546491,
       38.98371423338224
      ],
      [
       -76.95538618570119,
       38.984073392811396
      ],
      [
       -76.95531678475179,
       38.983754321792325
      ],
      [
       -76.95219460954061,
       38.98370768833569
      ],
      [
       -76.95171834552535,
       38.98235368183168
      ],
      [
       -76.95394698351299,
       38.98246985640786
      ],
      [
       -76.95383680950582,
       38.981690995868995
      ],
      [
       -76.95478499997701,
       38.981690995868995
      ],
      [
       -76.95426536036837,
       38.97897234716035
      ],
      [
       -76.94975863621664,
       38.97237494024294
      ],
      [
       -76.94919475350275,
       38.97112565448366
      ],
      [
       -76.94877834780635,
       38.96772223028023
      ],
      [
       -76.94833071168271,
       38.966293773871776
      ],
      [
       -76.94436878498378,
       38.966030335748336
      ],
      [
       -76.94263723129623,
       38.96572599108399
      ],
      [
       -76.94304496187397,
       38.96345567806368
      ],
      [
       -76.94281073366973,
       38.96141935045735
      ],
      [
       -76.93943871504072,
       38.96151098110898
      ],
      [
       -76.9399063039373,
       38.957966838404836
      ],
      [
       -76.93703830970331,
       38.95793165877966
      ],
      [
       -76.93954975655976,
       38.95238473183273
      ],
      [
       -76.9392973106063,
       38.95065602141402
      ],
      [
       -76.93748681333882,
       38.948326802974805
      ],
      [
       -76.93749722348123,
       38.947306593844594
      ],
      [
       -76.94002341803942,
       38.94582986771787
      ],
      [
       -76.9416100972451,
       38.94504773465574
      ],
      [
       -76.94356113143513,
       38.94391135094935
      ],
      [
       -76.9448008058938,
       38.9438459004839
      ],
      [
       -76.94641264294364,
       38.944871836529835
      ],
      [
       -76.94744064450664,
       38.945623698751696
      ],
      [
       -76.95141818641919,
       38.94741295085095
      ],
      [
       -76.95327726435127,
       38.948452795120794
      ],
      [
       -76.95573058791258,
       38.9489853982834
      ],
      [
       -76.95794100815101,
       38.948807045765044
      ],
      [
       -76.9602216968507,
       38.95005387713188
      ],
      [
       -76.96116034469135,
       38.951164080652084
      ],
      [
       -76.96204173674874,
       38.953606201144204
      ],
      [
       -76.96277131422931,
       38.95398499571299
      ],
      [
       -76.9658718016438,
       38.952416638934636
      ],
      [
       -76.96649033760534,
       38.95250336080136
      ],
      [
       -76.96741510525611,
       38.95255408491209
      ],
      [
       -76.96946677082278,
       38.95333703610504
      ],
      [
       -76.97319186678187,
       38.95537336371137
      ],
      [
       -76.97469960240761,
       38.95651301994102
      ],
      [
       -76.97338011685711,
       38.958753880251884
      ],
      [
       -76.97325866519567,
       38.959649733497734
      ],
      [
       -76.97183681324482,
       38.960778754026755
      ],
      [
       -76.97173878440378,
       38.96181532577333
      ],
      [
       -76.97085131976333,
       38.96326096292896
      ],
      [
       -76.97025013403913,
       38.96271608780409
      ],
      [
       -76.96928893088993,
       38.96353585488386
      ],
      [
       -76.96792867228167,
       38.96288625901426
      ],
      [
       -76.96611296994297,
       38.9631766954547
      ],
      [
       -76.9657997981588,
       38.964600243078245
      ],
      [
       -76.97105692007592,
       38.9650493968974
      ],
      [
       -76.97008357176057,
       38.9665253048933
      ],
      [
       -76.96915012899113,
       38.966761744699745
      ],
      [
       -76.96826873693374,
       38.968523180351184
      ],
      [
       -76.96666904505005,
       38.96861235661036
      ],
      [
       -76.96321114274615,
       38.96802984746785
      ],
      [
       -76.96276957920558,
       38.96868598838399
      ],
      [
       -76.96231066542767,
       38.967789317007316
      ],
      [
       -76.96135293232594,
       38.967627327105326
      ],
      [
       -76.96045939510239,
       38.97033861263661
      ],
      [
       -76.95400076924876,
       38.969895185733186
      ],
      [
       -76.95384982218383,
       38.971754797082795
      ],
      [
       -76.95502443325243,
       38.97262201575002
      ],
      [
       -76.95805291718192,
       38.97248538790339
      ],
      [
       -76.95898115488016,
       38.97152162979963
      ],
      [
       -76.96050971079072,
       38.97322006937807
      ],
      [
       -76.95900718023618,
       38.97453480560281
      ],
      [
       -76.95818477898578,
       38.97576691061491
      ],
      [
       -76.96114906703707,
       38.9751754020334
      ],
      [
       -76.96059993202493,
       38.977885051303055
      ],
      [
       -76.96279386953788,
       38.97706364796165
      ],
      [
       -76.96564104348704,
       38.97659485900286
      ],
      [
       -76.96571564950766,
       38.97753570944371
      ],
      [
       -76.96490192337592,
       38.97873672548472
      ],
      [
       -76.96389474209775,
       38.978552646050645
      ],
      [
       -76.96213022295923,
       38.979927105825105
      ],
      [
       -76.96138936782437,
       38.98133510896311
      ],
      [
       -76.96394505778606,
       38.98223668912469
      ],
      [
       -76.96418535857336,
       38.98478271223071
      ]
     ]
    ]
   }
  },
  {
   "type": "Feature",
   "properties": {
    "name": "Kettering",
    "geoid": "2443900"
   },
   "geometry": {
    "type": "Polygon",
    "coordinates": [
     [
      [
       -76.83199737024937,
       38.8983251017631
      ],
      [
       -76.83012874968675,
       38.898923973521974
      ],
      [
       -76.82754703436903,
       38.89921113743914
      ],
      [
       -76.82068414798515,
       38.89901396791197
      ],
      [
       -76.81848587291287,
       38.898739075957074
      ],
      [
       -76.81096888258088,
       38.8975036984217
      ],
      [
       -76.80908638182838,
       38.89756178570978
      ],
      [
       -76.80508541709543,
       38.89845763895564
      ],
      [
       -76.80115992589494,
       38.89892560978361
      ],
      [
       -76.79591234660835,
       38.89944921350721
      ],
      [
       -76.79265657456958,
       38.900310705258704
      ],
      [
       -76.79050774767376,
       38.90084330842131
      ],
      [
       -76.78739338006939,
       38.90089894131694
      ],
      [
       -76.78333602706503,
       38.90045878693679
      ],
      [
       -76.78000998656499,
       38.90047187702988
      ],
      [
       -76.7761911993242,
       38.900784403002405
      ],
      [
       -76.76580100968701,
       38.90138491102291
      ],
      [
       -76.75846532933534,
       38.901978873996875
      ],
      [
       -76.75814087989689,
       38.90166062110862
      ],
      [
       -76.7580949017679,
       38.90104538673339
      ],
      [
       -76.75736098672799,
       38.89137180793981
      ],
      [
       -76.75749978862679,
       38.89039086908887
      ],
      [
       -76.75988718128619,
       38.88223737735538
      ],
      [
       -76.75948639080339,
       38.87836189166989
      ],
      [
       -76.75967464087864,
       38.87518427157227
      ],
      [
       -76.76112859076859,
       38.87536098782899
      ],
      [
       -76.76382481765282,
       38.875270175308174
      ],
      [
       -76.76610984391185,
       38.875893590991595
      ],
      [
       -76.76870196937197,
       38.877628846456844
      ],
      [
       -76.77028257599459,
       38.8778161984142
      ],
      [
       -76.77203408245508,
       38.87714287675088
      ],
      [
       -76.77964823411624,
       38.876930980868984
      ],
      [
       -76.78114208955209,
       38.87715923936724
      ],
      [
       -76.78387301691102,
       38.87456085588886
      ],
      [
       -76.78441087426887,
       38.87361264227064
      ],
      [
       -76.78631593032993,
       38.87417633440433
      ],
      [
       -76.78875016863017,
       38.87441113794914
      ],
      [
       -76.79177605002405,
       38.87439722972523
      ],
      [
       -76.79563300778702,
       38.8747432990613
      ],
      [
       -76.8028055959076,
       38.87608666986467
      ],
      [
       -76.80661570802971,
       38.876806624984624
      ],
      [
       -76.8097135929086,
       38.87806081952882
      ],
      [
       -76.81177306608207,
       38.879881978729976
      ],
      [
       -76.81335367270468,
       38.88263498893299
      ],
      [
       -76.81585123937124,
       38.88549271988072
      ],
      [
       -76.81792112268712,
       38.887029169557174
      ],
      [
       -76.82426436946237,
       38.89034832628633
      ],
      [
       -76.82653378050779,
       38.89185286886087
      ],
      [
       -76.82989278645879,
       38.89451261215061
      ],
      [
       -76.83099886408986,
       38.89583225716026
      ],
      [
       -76.83199737024937,
       38.8983251017631
      ]
     ]
    ]
   }
  },
  {
   "type": "Feature",
   "properties": {
    "name": "Konterra",
    "geoid": "2444715"
   },
   "geometry": {
    "type": "MultiPolygon",
    "coordinates": [
     [
      [
       [
        -76.92867723032423,
        39.076722617310615
       ],
       [
        -76.92714867441367,
        39.07865831482631
       ],
       [
        -76.92159573094973,
        39.08620720788521
       ],
       [
        -76.91758262105063,
        39.091273073911076
       ],
       [
        -76.91429561858462,
        39.096307032835035
       ],
       [
        -76.90980884720585,
        39.10247901172701
       ],
       [
        -76.91045514354714,
        39.10317605918406
       ],
       [
        -76.90922674674275,
        39.10409563822364
       ],
       [
        -76.90751861587562,
        39.10145062128862
       ],
       [
        -76.90635962002062,
        39.10058503888304
       ],
       [
        -76.90357577443778,
        39.099445382653386
       ],
       [
        -76.90089863281463,
        39.0988865993046
       ],
       [
        -76.8969878893159,
        39.09892586958387
       ],
       [
        -76.89466903009404,
        39.09910913088713
       ],
       [
        -76.88997492337893,
        39.0998659018939
       ],
       [
        -76.88438814695215,
        39.100827205605206
       ],
       [
        -76.88471086136687,
        39.09937011461811
       ],
       [
        -76.88588807497108,
        39.09817073483873
       ],
       [
        -76.88542222109822,
        39.097992382320385
       ],
       [
        -76.88119483576784,
        39.097916296154295
       ],
       [
        -76.88161731404732,
        39.09548072070872
       ],
       [
        -76.88115232768634,
        39.095433269121266
       ],
       [
        -76.88172401800702,
        39.0928127961108
       ],
       [
        -76.88360912129512,
        39.09203066304866
       ],
       [
        -76.88320139071739,
        39.09030522515322
       ],
       [
        -76.8848487957538,
        39.0900106980587
       ],
       [
        -76.88530423948424,
        39.09113808232608
       ],
       [
        -76.88632963851164,
        39.091915306603305
       ],
       [
        -76.88742964355964,
        39.091639596517595
       ],
       [
        -76.89087887074487,
        39.09224337706138
       ],
       [
        -76.89273794867695,
        39.08901094219894
       ],
       [
        -76.89356121743921,
        39.08808809063609
       ],
       [
        -76.89218100605801,
        39.085494615942615
       ],
       [
        -76.89277525168725,
        39.08432632513433
       ],
       [
        -76.89143407834008,
        39.084115247383245
       ],
       [
        -76.88959321815722,
        39.08051710804511
       ],
       [
        -76.88769423467923,
        39.078929934257935
       ],
       [
        -76.88610235040235,
        39.07723313094113
       ],
       [
        -76.8853562901963,
        39.07750065971866
       ],
       [
        -76.88452087626789,
        39.0762840991921
       ],
       [
        -76.88296803002503,
        39.07660398834199
       ],
       [
        -76.88109073434374,
        39.07915573836374
       ],
       [
        -76.88009396320797,
        39.07820261596061
       ],
       [
        -76.87960208397908,
        39.079686705264706
       ],
       [
        -76.8771609055839,
        39.07875321800122
       ],
       [
        -76.87603227264428,
        39.08036902636702
       ],
       [
        -76.87486286664686,
        39.08056783215583
       ],
       [
        -76.87587698802,
        39.07843496511296
       ],
       [
        -76.86836173271173,
        39.076247283305285
       ],
       [
        -76.87198793231794,
        39.072941216669214
       ],
       [
        -76.87799892204792,
        39.06767409046209
       ],
       [
        -76.88107425161826,
        39.06553304211104
       ],
       [
        -76.88503357578158,
        39.06210834650635
       ],
       [
        -76.89002523906724,
        39.06395323150123
       ],
       [
        -76.89663828203328,
        39.06544386585187
       ],
       [
        -76.89593906746806,
        39.0639425958006
       ],
       [
        -76.89847827470427,
        39.05879328043128
       ],
       [
        -76.90055596562696,
        39.05879328043128
       ],
       [
        -76.90304225463926,
        39.05843575726376
       ],
       [
        -76.90716380352181,
        39.056510695448694
       ],
       [
        -76.90910182503383,
        39.05595518462319
       ],
       [
        -76.91252502686302,
        39.05574574313374
       ],
       [
        -76.91458623506024,
        39.05524422894223
       ],
       [
        -76.91896456745557,
        39.05333062095862
       ],
       [
        -76.92062064761065,
        39.05288392153192
       ],
       [
        -76.92420694167095,
        39.052411041919044
       ],
       [
        -76.92600616128416,
        39.05158309353109
       ],
       [
        -76.92969568925669,
        39.051075034293035
       ],
       [
        -76.93088331300332,
        39.050733873741876
       ],
       [
        -76.92891059101659,
        39.05516568838369
       ],
       [
        -76.9268034046904,
        39.057916244194246
       ],
       [
        -76.9255246921977,
        39.05901826640627
       ],
       [
        -76.9234313860614,
        39.06025037141837
       ],
       [
        -76.92119667549068,
        39.06107586541386
       ],
       [
        -76.92151505234605,
        39.06479590624391
       ],
       [
        -76.91910597188998,
        39.067533371961375
       ],
       [
        -76.91852387142687,
        39.06869675398475
       ],
       [
        -76.91863664796965,
        39.06972187189987
       ],
       [
        -76.92076899214,
        39.0737078052458
       ],
       [
        -76.9210171005341,
        39.07550605678406
       ],
       [
        -76.92775593272094,
        39.076414181992185
       ],
       [
        -76.92867723032423,
        39.076722617310615
       ]
      ]
     ],
     [
      [
       [
        -76.8848487957538,
        39.0900106980587
       ],
       [
        -76.88454603411203,
        39.08851106426906
       ],
       [
        -76.88015468903869,
        39.088860406128404
       ],
       [
        -76.87734568561169,
        39.0879710979291
       ],
       [
        -76.88017811185911,
        39.085466799494796
       ],
       [
        -76.8834685843726,
        39.08342801749602
       ],
       [
        -76.88759707335008,
        39.08218282239082
       ],
       [
        -76.88837783403083,
        39.08643219386019
       ],
       [
        -76.88988296712097,
        39.08633565442366
       ],
       [
        -76.8903653037193,
        39.08887676874477
       ],
       [
        -76.88976758804259,
        39.089523910221914
       ],
       [
        -76.88816442611143,
        39.090148962166964
       ],
       [
        -76.88780874624575,
        39.089653174891176
       ],
       [
        -76.8848487957538,
        39.0900106980587
       ]
      ]
     ]
    ]
   }
  },
  {
   "type": "Feature",
   "properties": {
    "name": "Lake Arbor",
    "geoid": "2444817"
   },
   "geometry": {
    "type": "Polygon",
    "coordinates": [
     [
      [
       -76.85180787125587,
       38.9172001978682
      ],
      [
       -76.8484453952574,
       38.91716583637384
      ],
      [
       -76.84489727171928,
       38.91624462107262
      ],
      [
       -76.8466322954543,
       38.917138838056836
      ],
      [
       -76.84522172115773,
       38.9183104013884
      ],
      [
       -76.84353527808729,
       38.91905326417127
      ],
      [
       -76.84275364989465,
       38.918072325320324
      ],
      [
       -76.84123723915025,
       38.919062263610265
      ],
      [
       -76.83929488007888,
       38.92141275345075
      ],
      [
       -76.83907626708827,
       38.92321264125064
      ],
      [
       -76.83809424365424,
       38.92471309317109
      ],
      [
       -76.83777066172766,
       38.92621190882991
      ],
      [
       -76.83602522785023,
       38.927651000939
      ],
      [
       -76.83218388530089,
       38.93289931013731
      ],
      [
       -76.83046968185069,
       38.933606993294994
      ],
      [
       -76.82974097188198,
       38.93261705500505
      ],
      [
       -76.82697794658395,
       38.93239861407662
      ],
      [
       -76.8258631938342,
       38.93146921746722
      ],
      [
       -76.82345584840185,
       38.92865893810694
      ],
      [
       -76.82092011121311,
       38.92488735503535
      ],
      [
       -76.8197428976089,
       38.92279375827176
      ],
      [
       -76.82016711091211,
       38.92153874559675
      ],
      [
       -76.81965441139842,
       38.920778702066706
      ],
      [
       -76.81748129417029,
       38.9199842970423
      ],
      [
       -76.81712734932836,
       38.918799643617646
      ],
      [
       -76.81610195030095,
       38.91768616757417
      ],
      [
       -76.81598917375818,
       38.916134173412175
      ],
      [
       -76.81510170911771,
       38.915764378282375
      ],
      [
       -76.81461676998377,
       38.91463208523009
      ],
      [
       -76.81384468442168,
       38.91422301982102
      ],
      [
       -76.8136520967871,
       38.913000732378734
      ],
      [
       -76.81226060775161,
       38.9122275987556
      ],
      [
       -76.81162125150526,
       38.91038762254562
      ],
      [
       -76.81042842268742,
       38.908460106338104
      ],
      [
       -76.80811737107237,
       38.90684020731821
      ],
      [
       -76.80802541481442,
       38.90605071107871
      ],
      [
       -76.80710324969925,
       38.90556474137274
      ],
      [
       -76.80705206649907,
       38.90453226028026
      ],
      [
       -76.80590608332209,
       38.90299662873463
      ],
      [
       -76.80435583961484,
       38.90204105193905
      ],
      [
       -76.80365402251402,
       38.901200013458016
      ],
      [
       -76.8036227920868,
       38.89985337013137
      ],
      [
       -76.80115992589494,
       38.89892560978361
      ],
      [
       -76.80508541709543,
       38.89845763895564
      ],
      [
       -76.80908638182838,
       38.89756178570978
      ],
      [
       -76.81096888258088,
       38.8975036984217
      ],
      [
       -76.81848587291287,
       38.898739075957074
      ],
      [
       -76.82068414798515,
       38.89901396791197
      ],
      [
       -76.82754703436903,
       38.89921113743914
      ],
      [
       -76.83012874968675,
       38.898923973521974
      ],
      [
       -76.83199737024937,
       38.8983251017631
      ],
      [
       -76.83542664466165,
       38.89644503714304
      ],
      [
       -76.84133006292006,
       38.893999644127646
      ],
      [
       -76.84734365518565,
       38.89216375857176
      ],
      [
       -76.850228999657,
       38.899703652191654
      ],
      [
       -76.8507174088384,
       38.902459934917935
      ],
      [
       -76.850634995211,
       38.903763217311216
      ],
      [
       -76.84980391884193,
       38.90780396542197
      ],
      [
       -76.84975013310614,
       38.90964312350113
      ],
      [
       -76.85022032453833,
       38.91191916343716
      ],
      [
       -76.85180787125587,
       38.9172001978682
      ]
     ]
    ]
   }
  },
  {
   "type": "Feature",
   "properties": {
    "name": "Landover",
    "geoid": "2445325"
   },
   "geometry": {
    "type": "Polygon",
    "coordinates": [
     [
      [
       -76.91435721192721,
       38.93915801089601
      ],
      [
       -76.91206871562072,
       38.93881685034485
      ],
      [
       -76.91243827567628,
       38.937016962544966
      ],
      [
       -76.91191863606764,
       38.93703005263805
      ],
      [
       -76.91169308298208,
       38.938200797838796
      ],
      [
       -76.90907493216594,
       38.93787518177318
      ],
      [
       -76.90900986877587,
       38.93829897353697
      ],
      [
       -76.90714992333193,
       38.938833212961214
      ],
      [
       -76.90669361208961,
       38.93825970325771
      ],
      [
       -76.90370503370603,
       38.940328756096754
      ],
      [
       -76.90274296304497,
       38.9414315964396
      ],
      [
       -76.9021357047377,
       38.94106261944062
      ],
      [
       -76.90030091713793,
       38.94298522686323
      ],
      [
       -76.89944121287722,
       38.94326666386466
      ],
      [
       -76.89638236603237,
       38.942171186699184
      ],
      [
       -76.8979117894548,
       38.94039666095466
      ],
      [
       -76.89658536380936,
       38.939843604521606
      ],
      [
       -76.89622100882501,
       38.93862540773341
      ],
      [
       -76.89491627097627,
       38.93865567857368
      ],
      [
       -76.8952598056758,
       38.93991723629524
      ],
      [
       -76.8944747074357,
       38.94042120487921
      ],
      [
       -76.886982007436,
       38.93710123001923
      ],
      [
       -76.88647885055285,
       38.93742275543076
      ],
      [
       -76.8827580921531,
       38.93582821846622
      ],
      [
       -76.87938867605968,
       38.936297825555826
      ],
      [
       -76.87213367431168,
       38.936907333015334
      ],
      [
       -76.87304976684376,
       38.93548214913015
      ],
      [
       -76.87080811617813,
       38.93133831653632
      ],
      [
       -76.87117941125742,
       38.93111087616888
      ],
      [
       -76.87422177537678,
       38.932275894453895
      ],
      [
       -76.87661090305991,
       38.93146267242067
      ],
      [
       -76.87550482542883,
       38.929917223305225
      ],
      [
       -76.87682431097932,
       38.9284634048414
      ],
      [
       -76.87509882987483,
       38.92807806522607
      ],
      [
       -76.87211025149125,
       38.92869002707803
      ],
      [
       -76.87291877255177,
       38.92759291365091
      ],
      [
       -76.87245985877387,
       38.9266536994717
      ],
      [
       -76.8704107957428,
       38.9274251968332
      ],
      [
       -76.87059384074685,
       38.92840695381496
      ],
      [
       -76.86977317452018,
       38.928933011931015
      ],
      [
       -76.86900716154116,
       38.92867939137739
      ],
      [
       -76.8679219041949,
       38.92702513086313
      ],
      [
       -76.86786985348286,
       38.92631662957463
      ],
      [
       -76.86691906047606,
       38.92574802865603
      ],
      [
       -76.86405974136075,
       38.92917436052236
      ],
      [
       -76.8625788986029,
       38.928712934740936
      ],
      [
       -76.86240279369379,
       38.92790134896935
      ],
      [
       -76.86316533662534,
       38.92493807914608
      ],
      [
       -76.86320524217125,
       38.92377633338433
      ],
      [
       -76.85854670344271,
       38.92316600779401
      ],
      [
       -76.85984883875584,
       38.920990597948595
      ],
      [
       -76.86028606473707,
       38.91972494957295
      ],
      [
       -76.860090007055,
       38.918515752223755
      ],
      [
       -76.86048472495473,
       38.91607772238572
      ],
      [
       -76.86124813539814,
       38.91464926597727
      ],
      [
       -76.87191506132106,
       38.91278310958111
      ],
      [
       -76.87313825305425,
       38.912702114630115
      ],
      [
       -76.88355793809494,
       38.912876376494374
      ],
      [
       -76.88598176625277,
       38.91237240791041
      ],
      [
       -76.89014235316935,
       38.910098004236005
      ],
      [
       -76.89208471224072,
       38.90958094555894
      ],
      [
       -76.9019517922218,
       38.9074668955249
      ],
      [
       -76.902637994109,
       38.90795777401578
      ],
      [
       -76.90380306254707,
       38.9097772969553
      ],
      [
       -76.90523098708098,
       38.91082859505659
      ],
      [
       -76.90641774331574,
       38.91338198133998
      ],
      [
       -76.90795931190432,
       38.91421402038202
      ],
      [
       -76.90881207607008,
       38.91523668390469
      ],
      [
       -76.91002225512526,
       38.916799313767314
      ],
      [
       -76.91084205384006,
       38.91855665876466
      ],
      [
       -76.90786388559889,
       38.91983785162585
      ],
      [
       -76.90488831989332,
       38.92165082951883
      ],
      [
       -76.90147986576586,
       38.92420094327895
      ],
      [
       -76.89984026833628,
       38.92573821108621
      ],
      [
       -76.89597463545464,
       38.92980513938314
      ],
      [
       -76.90012914978816,
       38.93160584531385
      ],
      [
       -76.89923561256461,
       38.932572057810056
      ],
      [
       -76.90236125782326,
       38.933313284331284
      ],
      [
       -76.90283405179106,
       38.932407613515615
      ],
      [
       -76.90789685104986,
       38.933273195921196
      ],
      [
       -76.91031287160088,
       38.93372316787117
      ],
      [
       -76.9142027948148,
       38.934272951780954
      ],
      [
       -76.91702307589608,
       38.93523834614635
      ],
      [
       -76.91638285213786,
       38.935877306315305
      ],
      [
       -76.91435721192721,
       38.93915801089601
      ]
     ]
    ]
   }
  },
  {
   "type": "Feature",
   "properties": {
    "name": "Landover Hills",
    "geoid": "2445400"
   },
   "geometry": {
    "type": "Polygon",
    "coordinates": [
     [
      [
       -76.91206871562072,
       38.93881685034485
      ],
      [
       -76.90952256828957,
       38.93888475520276
      ],
      [
       -76.9075377011367,
       38.939311001359
      ],
      [
       -76.90622689070489,
       38.9399515977896
      ],
      [
       -76.90350463846464,
       38.941880750258754
      ],
      [
       -76.90476773574373,
       38.942868234156236
      ],
      [
       -76.90345432277633,
       38.94358573488373
      ],
      [
       -76.90290518776419,
       38.942635066873066
      ],
      [
       -76.90054468797268,
       38.94453640289441
      ],
      [
       -76.8979117894548,
       38.945532886230886
      ],
      [
       -76.89583670106771,
       38.94604830864631
      ],
      [
       -76.88839084670884,
       38.94828016951817
      ],
      [
       -76.88804731200932,
       38.9480060956941
      ],
      [
       -76.88603815452416,
       38.94743094972895
      ],
      [
       -76.8860476971547,
       38.9470497007677
      ],
      [
       -76.88841166699368,
       38.946454101532105
      ],
      [
       -76.88827113007113,
       38.946142393690394
      ],
      [
       -76.89003217916218,
       38.94569078547879
      ],
      [
       -76.88725006860307,
       38.93989923741724
      ],
      [
       -76.88445668038969,
       38.938762035580034
      ],
      [
       -76.88647885055285,
       38.93742275543076
      ],
      [
       -76.886982007436,
       38.93710123001923
      ],
      [
       -76.8944747074357,
       38.94042120487921
      ],
      [
       -76.8952598056758,
       38.93991723629524
      ],
      [
       -76.89491627097627,
       38.93865567857368
      ],
      [
       -76.89622100882501,
       38.93862540773341
      ],
      [
       -76.89658536380936,
       38.939843604521606
      ],
      [
       -76.8979117894548,
       38.94039666095466
      ],
      [
       -76.89638236603237,
       38.942171186699184
      ],
      [
       -76.89944121287722,
       38.94326666386466
      ],
      [
       -76.90030091713793,
       38.94298522686323
      ],
      [
       -76.9021357047377,
       38.94106261944062
      ],
      [
       -76.90274296304497,
       38.9414315964396
      ],
      [
       -76.90370503370603,
       38.940328756096754
      ],
      [
       -76.90669361208961,
       38.93825970325771
      ],
      [
       -76.90714992333193,
       38.938833212961214
      ],
      [
       -76.90900986877587,
       38.93829897353697
      ],
      [
       -76.90907493216594,
       38.93787518177318
      ],
      [
       -76.91169308298208,
       38.938200797838796
      ],
      [
       -76.91191863606764,
       38.93703005263805
      ],
      [
       -76.91243827567628,
       38.937016962544966
      ],
      [
       -76.91206871562072,
       38.93881685034485
      ]
     ]
    ]
   }
  },
  {
   "type": "Feature",
   "properties": {
    "name": "Langley Park",
    "geoid": "2445525"
   },
   "geometry": {
    "type": "Polygon",
    "coordinates": [
     [
      [
       -76.9836289020599,
       39.002266985944985
      ],
      [
       -76.9828811068301,
       39.00135640634441
      ],
      [
       -76.97970167583567,
       38.999153998181995
      ],
      [
       -76.97907533226733,
       38.997732086820086
      ],
      [
       -76.97709827272128,
       38.99519424502225
      ],
      [
       -76.97703928191429,
       38.994011227859225
      ],
      [
       -76.97519928924329,
       38.992743125091124
      ],
      [
       -76.9734391076641,
       38.99280284864085
      ],
      [
       -76.97203200341501,
       38.992366784914786
      ],
      [
       -76.9682513866964,
       38.989840396948395
      ],
      [
       -76.97278673873974,
       38.984067665895665
      ],
      [
       -76.97710434530434,
       38.98362832964633
      ],
      [
       -76.97938243146844,
       38.98400466982267
      ],
      [
       -76.97844031358032,
       38.979476315744314
      ],
      [
       -76.97935293606494,
       38.979337233505234
      ],
      [
       -76.98340768653368,
       38.97768379112179
      ],
      [
       -76.98536305828306,
       38.97797259130059
      ],
      [
       -76.98614642149943,
       38.97755698084498
      ],
      [
       -76.98693238725139,
       38.97809531092331
      ],
      [
       -76.98478703040303,
       38.98718228992029
      ],
      [
       -76.98681961070861,
       38.988375124653125
      ],
      [
       -76.98857111716912,
       38.989827306855304
      ],
      [
       -76.99109817923917,
       38.99240523706324
      ],
      [
       -76.98988366262466,
       38.993985865803864
      ],
      [
       -76.98905865883866,
       38.99557713024513
      ],
      [
       -76.9882648854799,
       38.99628808592609
      ],
      [
       -76.98569271279271,
       38.99998031030831
      ],
      [
       -76.9836289020599,
       39.002266985944985
      ]
     ]
    ]
   }
  },
  {
   "type": "Feature",
   "properties": {
    "name": "Lanham",
    "geoid": "2445550"
   },
   "geometry": {
    "type": "Polygon",
    "coordinates": [
     [
      [
       -76.8660368009068,
       38.95965873293673
      ],
      [
       -76.86326336546637,
       38.96128517700318
      ],
      [
       -76.86148409862611,
       38.96296970835771
      ],
      [
       -76.85935695952696,
       38.96439489224289
      ],
      [
       -76.85290180372081,
       38.96905823790624
      ],
      [
       -76.85211670548071,
       38.96952702686503
      ],
      [
       -76.83990821096921,
       38.975829906687906
      ],
      [
       -76.83586040059541,
       38.978180396528394
      ],
      [
       -76.8284318964739,
       38.98182598745399
      ],
      [
       -76.82310624111925,
       38.985120600258604
      ],
      [
       -76.82375600750801,
       38.98417974981775
      ],
      [
       -76.82338818247618,
       38.98312763358563
      ],
      [
       -76.82331878152678,
       38.980466254034255
      ],
      [
       -76.82268463035163,
       38.97899934547735
      ],
      [
       -76.8235000915071,
       38.977737787755785
      ],
      [
       -76.82447864489365,
       38.97736635636436
      ],
      [
       -76.82568795643697,
       38.97788096064896
      ],
      [
       -76.82613993011994,
       38.97659894965695
      ],
      [
       -76.82420104109605,
       38.97478678989479
      ],
      [
       -76.82433203538804,
       38.97289772583573
      ],
      [
       -76.82492107594608,
       38.97197896492697
      ],
      [
       -76.82475971873872,
       38.969756103494106
      ],
      [
       -76.8259456074616,
       38.968120659988664
      ],
      [
       -76.82662833930134,
       38.96788094765895
      ],
      [
       -76.82650515261615,
       38.966683204141205
      ],
      [
       -76.82588661665461,
       38.966607117975116
      ],
      [
       -76.82546413837514,
       38.96507966773767
      ],
      [
       -76.8253825922596,
       38.96305561209361
      ],
      [
       -76.82252761070362,
       38.96173596708397
      ],
      [
       -76.82156120248321,
       38.96047359123159
      ],
      [
       -76.82031979300079,
       38.95789238850039
      ],
      [
       -76.82047768016068,
       38.95631339602139
      ],
      [
       -76.81953295973696,
       38.95637802835603
      ],
      [
       -76.82321294507895,
       38.95594605528406
      ],
      [
       -76.82765287081688,
       38.956096591354594
      ],
      [
       -76.82918576428676,
       38.95566461828262
      ],
      [
       -76.83121487454488,
       38.95431797495598
      ],
      [
       -76.84045387593387,
       38.949270925938926
      ],
      [
       -76.83941806676407,
       38.94833089362889
      ],
      [
       -76.8390753995764,
       38.94710778805579
      ],
      [
       -76.84778174867876,
       38.94644592022392
      ],
      [
       -76.85850159282559,
       38.94554434006234
      ],
      [
       -76.86205578894679,
       38.95208938660739
      ],
      [
       -76.86489428777729,
       38.95685172609973
      ],
      [
       -76.86470690521391,
       38.95709471095271
      ],
      [
       -76.8660368009068,
       38.95965873293673
      ]
     ]
    ]
   }
  },
  {
   "type": "Feature",
   "properties": {
    "name": "Largo",
    "geoid": "2445825"
   },
   "geometry": {
    "type": "Polygon",
    "coordinates": [
     [
      [
       -76.84734365518565,
       38.89216375857176
      ],
      [
       -76.84133006292006,
       38.893999644127646
      ],
      [
       -76.83542664466165,
       38.89644503714304
      ],
      [
       -76.83199737024937,
       38.8983251017631
      ],
      [
       -76.83099886408986,
       38.89583225716026
      ],
      [
       -76.82989278645879,
       38.89451261215061
      ],
      [
       -76.82653378050779,
       38.89185286886087
      ],
      [
       -76.82426436946237,
       38.89034832628633
      ],
      [
       -76.81792112268712,
       38.887029169557174
      ],
      [
       -76.81585123937124,
       38.88549271988072
      ],
      [
       -76.81335367270468,
       38.88263498893299
      ],
      [
       -76.81177306608207,
       38.879881978729976
      ],
      [
       -76.8097135929086,
       38.87806081952882
      ],
      [
       -76.80661570802971,
       38.876806624984624
      ],
      [
       -76.8028055959076,
       38.87608666986467
      ],
      [
       -76.80402792012892,
       38.87399061870862
      ],
      [
       -76.80578983673183,
       38.87214327932128
      ],
      [
       -76.80726634193034,
       38.87173175951976
      ],
      [
       -76.81319231549732,
       38.87073363992164
      ],
      [
       -76.8164637027497,
       38.86918000949801
      ],
      [
       -76.81897428209429,
       38.86821788765589
      ],
      [
       -76.82351397169697,
       38.86742839141639
      ],
      [
       -76.82730413104613,
       38.867248402636406
      ],
      [
       -76.83029964952465,
       38.866435998734
      ],
      [
       -76.8345947007807,
       38.86641636359437
      ],
      [
       -76.83645638124838,
       38.866624986952985
      ],
      [
       -76.84124157670958,
       38.868140983358984
      ],
      [
       -76.84466130849131,
       38.86891411698212
      ],
      [
       -76.84415901912003,
       38.87005786386587
      ],
      [
       -76.84387187269188,
       38.872072101940105
      ],
      [
       -76.8440419050179,
       38.88118607925408
      ],
      [
       -76.84419979217779,
       38.88373782927583
      ],
      [
       -76.8445736897927,
       38.884966661764665
      ],
      [
       -76.84734365518565,
       38.89216375857176
      ]
     ]
    ]
   }
  },
  {
   "type": "Feature",
   "properties": {
    "name": "Laurel",
    "geoid": "2445900"
   },
   "geometry": {
    "type": "Polygon",
    "coordinates": [
     [
      [
       -76.8848487957538,
       39.0900106980587
      ],
      [
       -76.88780874624575,
       39.089653174891176
      ],
      [
       -76.88816442611143,
       39.090148962166964
      ],
      [
       -76.88976758804259,
       39.089523910221914
      ],
      [
       -76.8903653037193,
       39.08887676874477
      ],
      [
       -76.88988296712097,
       39.08633565442366
      ],
      [
       -76.88837783403083,
       39.08643219386019
      ],
      [
       -76.88759707335008,
       39.08218282239082
      ],
      [
       -76.8834685843726,
       39.08342801749602
      ],
      [
       -76.88017811185911,
       39.085466799494796
      ],
      [
       -76.87734568561169,
       39.0879710979291
      ],
      [
       -76.88015468903869,
       39.088860406128404
      ],
      [
       -76.88454603411203,
       39.08851106426906
      ],
      [
       -76.8848487957538,
       39.0900106980587
      ],
      [
       -76.88320139071739,
       39.09030522515322
      ],
      [
       -76.88360912129512,
       39.09203066304866
      ],
      [
       -76.88172401800702,
       39.0928127961108
      ],
      [
       -76.88115232768634,
       39.095433269121266
      ],
      [
       -76.88161731404732,
       39.09548072070872
      ],
      [
       -76.88119483576784,
       39.097916296154295
      ],
      [
       -76.88542222109822,
       39.097992382320385
      ],
      [
       -76.88588807497108,
       39.09817073483873
      ],
      [
       -76.88471086136687,
       39.09937011461811
      ],
      [
       -76.88438814695215,
       39.100827205605206
      ],
      [
       -76.88405935995436,
       39.102231118089115
      ],
      [
       -76.88482277039778,
       39.1029837984418
      ],
      [
       -76.88693776433077,
       39.101863777351774
      ],
      [
       -76.88833706097306,
       39.100705304113305
      ],
      [
       -76.88935291736992,
       39.101714877542875
      ],
      [
       -76.88997058581958,
       39.102330111918114
      ],
      [
       -76.88781221629321,
       39.1050053996934
      ],
      [
       -76.88582474660475,
       39.10643467423267
      ],
      [
       -76.8770168986139,
       39.111529992967995
      ],
      [
       -76.87194542423643,
       39.1107724038304
      ],
      [
       -76.8726108058388,
       39.113284065442066
      ],
      [
       -76.8734653050283,
       39.1140661985042
      ],
      [
       -76.87280773103274,
       39.11458816596617
      ],
      [
       -76.87073524518125,
       39.113936933834935
      ],
      [
       -76.87037262522063,
       39.11292081535881
      ],
      [
       -76.87231498429199,
       39.10888906668707
      ],
      [
       -76.87066410920811,
       39.108318011376014
      ],
      [
       -76.87021994313194,
       39.106382313860315
      ],
      [
       -76.87128958526459,
       39.10649930656731
      ],
      [
       -76.87201482518583,
       39.10524674828475
      ],
      [
       -76.87094171300572,
       39.10511993800794
      ],
      [
       -76.87059037069938,
       39.10416027055827
      ],
      [
       -76.86595698981499,
       39.105015217263215
      ],
      [
       -76.86724697996198,
       39.10636022432823
      ],
      [
       -76.86620336318536,
       39.10772486653287
      ],
      [
       -76.8657297017057,
       39.10893406388206
      ],
      [
       -76.86430004214805,
       39.1090076956557
      ],
      [
       -76.86464704689504,
       39.10944375938176
      ],
      [
       -76.86397125515026,
       39.11094912008712
      ],
      [
       -76.86273331571532,
       39.11030934178734
      ],
      [
       -76.86120996487597,
       39.11069140887941
      ],
      [
       -76.85655229365929,
       39.11072577037377
      ],
      [
       -76.85537508005508,
       39.110139988707985
      ],
      [
       -76.85381529371729,
       39.109995997683995
      ],
      [
       -76.85091780407981,
       39.108920973788976
      ],
      [
       -76.84908388399188,
       39.10909687191487
      ],
      [
       -76.8475908960679,
       39.10804311942112
      ],
      [
       -76.8446083902674,
       39.1074826998107
      ],
      [
       -76.84319434592335,
       39.10682983141783
      ],
      [
       -76.84103771142071,
       39.10535965033765
      ],
      [
       -76.84083471364372,
       39.10352131038931
      ],
      [
       -76.83901987881688,
       39.10136962633763
      ],
      [
       -76.8377992896193,
       39.100948288966286
      ],
      [
       -76.8374331996112,
       39.099571374799375
      ],
      [
       -76.83805520562021,
       39.09881296753097
      ],
      [
       -76.83787476315176,
       39.09732806009606
      ],
      [
       -76.83720591150191,
       39.09673491525292
      ],
      [
       -76.83560535210636,
       39.096643284601285
      ],
      [
       -76.83420865799967,
       39.09583415322216
      ],
      [
       -76.83264973917375,
       39.096154860502864
      ],
      [
       -76.83251614234615,
       39.09532036706837
      ],
      [
       -76.83114200354801,
       39.09543735977536
      ],
      [
       -76.8302128983379,
       39.0948523962404
      ],
      [
       -76.82932716872118,
       39.09564189247989
      ],
      [
       -76.82783765084466,
       39.094625774003774
      ],
      [
       -76.82739174974475,
       39.093269313107314
      ],
      [
       -76.82784372342772,
       39.09225074023874
      ],
      [
       -76.82709679570979,
       39.09015223469024
      ],
      [
       -76.82870863275963,
       39.08842434240234
      ],
      [
       -76.82985721847223,
       39.087980097368096
      ],
      [
       -76.82997606759807,
       39.0870686996367
      ],
      [
       -76.83177788974689,
       39.08637410657211
      ],
      [
       -76.8344211984072,
       39.0834631971212
      ],
      [
       -76.8444105975616,
       39.08295513788314
      ],
      [
       -76.84547503462304,
       39.083963893181895
      ],
      [
       -76.84729594203294,
       39.08436477728278
      ],
      [
       -76.84689168150268,
       39.086671906189906
      ],
      [
       -76.84530500229701,
       39.08650500750301
      ],
      [
       -76.84520523843224,
       39.08707279029079
      ],
      [
       -76.84664357310858,
       39.08720123682924
      ],
      [
       -76.84596691385191,
       39.089394645552645
      ],
      [
       -76.84379726667127,
       39.09270889349689
      ],
      [
       -76.8460233021233,
       39.09377982673783
      ],
      [
       -76.84615863397464,
       39.092892972930976
      ],
      [
       -76.84723521620222,
       39.09300014806815
      ],
      [
       -76.84752323014223,
       39.09233664397465
      ],
      [
       -76.84626620544621,
       39.092214742482746
      ],
      [
       -76.84644231035531,
       39.09117408008208
      ],
      [
       -76.84725603648704,
       39.0912608019488
      ],
      [
       -76.8475856909967,
       39.09019886814687
      ],
      [
       -76.85010234292434,
       39.09045412496212
      ],
      [
       -76.84842457497258,
       39.09350575291375
      ],
      [
       -76.85482421001922,
       39.09158805427605
      ],
      [
       -76.85666073264274,
       39.0914816972697
      ],
      [
       -76.85651759318459,
       39.09232437201237
      ],
      [
       -76.85754732977134,
       39.09147187969988
      ],
      [
       -76.855905997318,
       39.09061611486411
      ],
      [
       -76.85763928602928,
       39.08992233993034
      ],
      [
       -76.85879567934869,
       39.08998288161088
      ],
      [
       -76.86658940596641,
       39.07783036643837
      ],
      [
       -76.86836173271173,
       39.076247283305285
      ],
      [
       -76.87587698802,
       39.07843496511296
      ],
      [
       -76.87486286664686,
       39.08056783215583
      ],
      [
       -76.87603227264428,
       39.08036902636702
      ],
      [
       -76.8771609055839,
       39.07875321800122
      ],
      [
       -76.87960208397908,
       39.079686705264706
      ],
      [
       -76.88009396320797,
       39.07820261596061
      ],
      [
       -76.88109073434374,
       39.07915573836374
      ],
      [
       -76.88296803002503,
       39.07660398834199
      ],
      [
       -76.88452087626789,
       39.0762840991921
      ],
      [
       -76.8853562901963,
       39.07750065971866
      ],
      [
       -76.88610235040235,
       39.07723313094113
      ],
      [
       -76.88769423467923,
       39.078929934257935
      ],
      [
       -76.88959321815722,
       39.08051710804511
      ],
      [
       -76.89143407834008,
       39.084115247383245
      ],
      [
       -76.89277525168725,
       39.08432632513433
      ],
      [
       -76.89218100605801,
       39.085494615942615
      ],
      [
       -76.89356121743921,
       39.08808809063609
      ],
      [
       -76.89273794867695,
       39.08901094219894
      ],
      [
       -76.89087887074487,
       39.09224337706138
      ],
      [
       -76.88742964355964,
       39.091639596517595
      ],
      [
       -76.88632963851164,
       39.091915306603305
      ],
      [
       -76.88530423948424,
       39.09113808232608
      ],
      [
       -76.8848487957538,
       39.0900106980587
      ]
     ],
     [
      [
       -76.86917372381973,
       39.10297398087198
      ],
      [
       -76.86605415114416,
       39.10189323006123
      ],
      [
       -76.86318702442203,
       39.10149970913771
      ],
      [
       -76.86307685041486,
       39.10237510911311
      ],
      [
       -76.86411873216774,
       39.10333886721687
      ],
      [
       -76.86444925418925,
       39.102752267420264
      ],
      [
       -76.86880936883537,
       39.10324069151869
      ],
      [
       -76.86917372381973,
       39.10297398087198
      ]
     ]
    ]
   }
  },
  {
   "type": "Feature",
   "properties": {
    "name": "Marlboro Meadows",
    "geoid": "2450680"
   },
   "geometry": {
    "type": "Polygon",
    "coordinates": [
     [
      [
       -76.72322179220579,
       38.86586985220785
      ],
      [
       -76.7211761992222,
       38.866089111267115
      ],
      [
       -76.7197317919628,
       38.866569354057354
      ],
      [
       -76.71796206775308,
       38.86612101836902
      ],
      [
       -76.71710496602797,
       38.86640981854782
      ],
      [
       -76.71574383990784,
       38.865881306039306
      ],
      [
       -76.7138491939892,
       38.86629691649492
      ],
      [
       -76.70876036937437,
       38.86389733880534
      ],
      [
       -76.70782605909307,
       38.864577205515204
      ],
      [
       -76.70546902934903,
       38.86437103654904
      ],
      [
       -76.70427967057867,
       38.86254415043215
      ],
      [
       -76.70091285702087,
       38.86179474260275
      ],
      [
       -76.69967925514526,
       38.86099461066261
      ],
      [
       -76.69856103234804,
       38.859260991458996
      ],
      [
       -76.69841876040176,
       38.85732283955084
      ],
      [
       -76.69775771635872,
       38.85639998798799
      ],
      [
       -76.69433017697018,
       38.85553931436731
      ],
      [
       -76.69116896372496,
       38.854401294399295
      ],
      [
       -76.69235311742412,
       38.85149938438739
      ],
      [
       -76.69364657761858,
       38.84971585920386
      ],
      [
       -76.69654927232727,
       38.84716410918211
      ],
      [
       -76.69827301840802,
       38.843030094158095
      ],
      [
       -76.6984577984358,
       38.841392196260195
      ],
      [
       -76.69956908113808,
       38.8382742997123
      ],
      [
       -76.69971742566743,
       38.83677793844594
      ],
      [
       -76.6989600878071,
       38.83455834953635
      ],
      [
       -76.69936001077801,
       38.83277891500692
      ],
      [
       -76.69897917306818,
       38.83115083467884
      ],
      [
       -76.69780716453516,
       38.828779073437076
      ],
      [
       -76.69752175313076,
       38.825693902121905
      ],
      [
       -76.69637143239444,
       38.82272408725209
      ],
      [
       -76.6968823968844,
       38.8206084009564
      ],
      [
       -76.69696481051182,
       38.81878396923197
      ],
      [
       -76.69782624979625,
       38.81794783953584
      ],
      [
       -76.70177516381717,
       38.81553762614563
      ],
      [
       -76.70383897454998,
       38.815132651390655
      ],
      [
       -76.70687006101507,
       38.815732341280345
      ],
      [
       -76.70811667556868,
       38.816422843690845
      ],
      [
       -76.7106394000794,
       38.81569388913189
      ],
      [
       -76.71206732461333,
       38.8140019946
      ],
      [
       -76.71234666343467,
       38.81168422999223
      ],
      [
       -76.71216535345435,
       38.81093482216282
      ],
      [
       -76.71561805068706,
       38.81132425243225
      ],
      [
       -76.72433914749115,
       38.81290324491125
      ],
      [
       -76.73039785037385,
       38.81357738470538
      ],
      [
       -76.7333551983302,
       38.813745101523104
      ],
      [
       -76.73840064735165,
       38.81380400694201
      ],
      [
       -76.7365138090398,
       38.82112218711019
      ],
      [
       -76.73549274757175,
       38.824721962709965
      ],
      [
       -76.7341003910244,
       38.82729662039462
      ],
      [
       -76.73182403988405,
       38.830439060867064
      ],
      [
       -76.73095566050466,
       38.8323583957664
      ],
      [
       -76.73005865323366,
       38.83626415229215
      ],
      [
       -76.72925099968501,
       38.83822602999403
      ],
      [
       -76.72772157626258,
       38.841042854400854
      ],
      [
       -76.72695035821236,
       38.84394803693604
      ],
      [
       -76.72581305015406,
       38.85686223190023
      ],
      [
       -76.72544262258663,
       38.858711207549206
      ],
      [
       -76.72322179220579,
       38.86586985220785
      ]
     ]
    ]
   }
  },
  {
   "type": "Feature",
   "properties": {
    "name": "Marlboro Village",
    "geoid": "2450685"
   },
   "geometry": {
    "type": "Polygon",
    "coordinates": [
     [
      [
       -76.77364418448118,
       38.86024438470238
      ],
      [
       -76.77209914584515,
       38.858500947928945
      ],
      [
       -76.77076578010478,
       38.856139004257
      ],
      [
       -76.76943761943562,
       38.851366847194846
      ],
      [
       -76.76728966005166,
       38.8486981044661
      ],
      [
       -76.76136628902029,
       38.84444873299673
      ],
      [
       -76.75828315184316,
       38.84133001831802
      ],
      [
       -76.75666003713904,
       38.838595825123825
      ],
      [
       -76.75314574656375,
       38.83165480326281
      ],
      [
       -76.75148793138493,
       38.82929204146004
      ],
      [
       -76.75032286294686,
       38.825658722496726
      ],
      [
       -76.74859304428304,
       38.823618304236305
      ],
      [
       -76.74962364838166,
       38.82194604484405
      ],
      [
       -76.74806472955574,
       38.821722695130696
      ],
      [
       -76.74962191335791,
       38.82167115288915
      ],
      [
       -76.75174558240958,
       38.82097737795538
      ],
      [
       -76.75373391960993,
       38.82137008074808
      ],
      [
       -76.7544235915446,
       38.82185523232323
      ],
      [
       -76.75646137692138,
       38.820725393663395
      ],
      [
       -76.75990973659474,
       38.819981712749716
      ],
      [
       -76.76099325891727,
       38.81907931445731
      ],
      [
       -76.76331905823406,
       38.81823336719137
      ],
      [
       -76.76398877739578,
       38.81765003991804
      ],
      [
       -76.7603218047318,
       38.811940304938304
      ],
      [
       -76.75951068113568,
       38.81186176437976
      ],
      [
       -76.75643101400601,
       38.81351684302484
      ],
      [
       -76.75467083242684,
       38.81328367574168
      ],
      [
       -76.75254109079209,
       38.813687014235015
      ],
      [
       -76.75179503058604,
       38.81311595892396
      ],
      [
       -76.75064470984971,
       38.81425806954607
      ],
      [
       -76.75083642997244,
       38.812710166038165
      ],
      [
       -76.75285166004066,
       38.8112858002838
      ],
      [
       -76.75676934363435,
       38.80982134611935
      ],
      [
       -76.75865010936312,
       38.80944664220464
      ],
      [
       -76.7606583993364,
       38.80940164500964
      ],
      [
       -76.76322883699984,
       38.809799256587254
      ],
      [
       -76.76685677162978,
       38.81094218534019
      ],
      [
       -76.7699962970783,
       38.81154023896824
      ],
      [
       -76.77447179080279,
       38.81199839222639
      ],
      [
       -76.77634041136541,
       38.8130545991126
      ],
      [
       -76.78054263885164,
       38.81847880643681
      ],
      [
       -76.78167560935061,
       38.81975181798982
      ],
      [
       -76.78368997190698,
       38.82095201590002
      ],
      [
       -76.78850813281913,
       38.8228958947239
      ],
      [
       -76.79625935135536,
       38.82697591311391
      ],
      [
       -76.79372795172596,
       38.82828901307701
      ],
      [
       -76.79294111846212,
       38.82920204707005
      ],
      [
       -76.78713139148539,
       38.832508931836934
      ],
      [
       -76.78575898771099,
       38.833506233304234
      ],
      [
       -76.7835824004354,
       38.83452480617281
      ],
      [
       -76.77896376725278,
       38.8353323012903
      ],
      [
       -76.77246263331763,
       38.8355171988552
      ],
      [
       -76.77384371221072,
       38.83841992699793
      ],
      [
       -76.77524127382928,
       38.839620943038945
      ],
      [
       -76.77234291667992,
       38.839704392382394
      ],
      [
       -76.77342990904991,
       38.840893954591955
      ],
      [
       -76.77359733884035,
       38.84347106666907
      ],
      [
       -76.77667960850562,
       38.845388765306765
      ],
      [
       -76.7765087086677,
       38.84725573983374
      ],
      [
       -76.7769762975643,
       38.84765335141135
      ],
      [
       -76.77643323513524,
       38.850217373395374
      ],
      [
       -76.7772165983516,
       38.85187408830209
      ],
      [
       -76.77712811214111,
       38.85263167743968
      ],
      [
       -76.77884405061505,
       38.852809211827214
      ],
      [
       -76.78075257672359,
       38.854345661503665
      ],
      [
       -76.78160534088934,
       38.8544961975742
      ],
      [
       -76.7820737972978,
       38.8565987937768
      ],
      [
       -76.7801938990809,
       38.85770490664291
      ],
      [
       -76.78055478401778,
       38.85849685727486
      ],
      [
       -76.77883624300824,
       38.859232356880355
      ],
      [
       -76.77587542500443,
       38.86086370973171
      ],
      [
       -76.77517794546294,
       38.85955715481516
      ],
      [
       -76.77364418448118,
       38.86024438470238
      ]
     ]
    ]
   }
  },
  {
   "type": "Feature",
   "properties": {
    "name": "Marlow Heights",
    "geoid": "2450750"
   },
   "geometry": {
    "type": "Polygon",
    "coordinates": [
     [
      [
       -76.96893585355986,
       38.822418924456926
      ],
      [
       -76.96755303964304,
       38.827930671778674
      ],
      [
       -76.96606699181399,
       38.826552121350126
      ],
      [
       -76.96323109551909,
       38.82621914210714
      ],
      [
       -76.96221263658664,
       38.82682864956665
      ],
      [
       -76.95804771211071,
       38.82674029143829
      ],
      [
       -76.95620077934478,
       38.82774331982132
      ],
      [
       -76.95361906402707,
       38.82805093700894
      ],
      [
       -76.95090288436988,
       38.82791676355477
      ],
      [
       -76.95105903650604,
       38.82848863699664
      ],
      [
       -76.95343862155862,
       38.82847636503437
      ],
      [
       -76.9530655914556,
       38.82981237266037
      ],
      [
       -76.95196471889572,
       38.83108129355929
      ],
      [
       -76.95182938704438,
       38.8333196994777
      ],
      [
       -76.94922685144185,
       38.83306035200835
      ],
      [
       -76.94748922517122,
       38.834253186741186
      ],
      [
       -76.9485900977311,
       38.83581908912709
      ],
      [
       -76.94593724644025,
       38.83626578855379
      ],
      [
       -76.94502375644376,
       38.83770324440125
      ],
      [
       -76.94165260532661,
       38.83359459143259
      ],
      [
       -76.93970070362471,
       38.832309307917306
      ],
      [
       -76.93786331348932,
       38.83172188998989
      ],
      [
       -76.93330106857807,
       38.83075567749368
      ],
      [
       -76.9307046055586,
       38.8297371046251
      ],
      [
       -76.92714260183061,
       38.82732361871162
      ],
      [
       -76.92884726265027,
       38.82326568985369
      ],
      [
       -76.93051375294776,
       38.82153861569662
      ],
      [
       -76.93115918177719,
       38.818842874650876
      ],
      [
       -76.93539263969065,
       38.81808364925165
      ],
      [
       -76.93734107134507,
       38.81796502028302
      ],
      [
       -76.9435593964114,
       38.81820882326682
      ],
      [
       -76.94740073896074,
       38.81770567281367
      ],
      [
       -76.95851790354291,
       38.814114896652896
      ],
      [
       -76.96060166704866,
       38.81309796004596
      ],
      [
       -76.96404742418643,
       38.810761378429376
      ],
      [
       -76.96566099626,
       38.80988516032316
      ],
      [
       -76.96812906752307,
       38.80913575249375
      ],
      [
       -76.97046267444668,
       38.80877659306459
      ],
      [
       -76.9682218912929,
       38.81078592235392
      ],
      [
       -76.96602535124435,
       38.81303578210378
      ],
      [
       -76.96279386953788,
       38.81565461885262
      ],
      [
       -76.96450373542874,
       38.817840664398666
      ],
      [
       -76.96893585355986,
       38.822418924456926
      ]
     ]
    ]
   }
  },
  {
   "type": "Feature",
   "properties": {
    "name": "Marlton",
    "geoid": "2450775"
   },
   "geometry": {
    "type": "Polygon",
    "coordinates": [
     [
      [
       -76.79479932888233,
       38.78409767693568
      ],
      [
       -76.79296020372321,
       38.78520624419424
      ],
      [
       -76.78826696451996,
       38.78258986183786
      ],
      [
       -76.78236875133275,
       38.78076133945934
      ],
      [
       -76.77992063284263,
       38.779507144915144
      ],
      [
       -76.77730768709769,
       38.77910871520672
      ],
      [
       -76.77432865134466,
       38.78002993050793
      ],
      [
       -76.77285561619362,
       38.77990066583867
      ],
      [
       -76.76638571268572,
       38.776933305361304
      ],
      [
       -76.76507663727764,
       38.776038270246275
      ],
      [
       -76.76369816092017,
       38.773821135729136
      ],
      [
       -76.7609681010731,
       38.77151237056037
      ],
      [
       -76.75815562759863,
       38.7699071978952
      ],
      [
       -76.7570295971946,
       38.768562190830195
      ],
      [
       -76.75526681307981,
       38.76512931391731
      ],
      [
       -76.75519567710668,
       38.76426291338092
      ],
      [
       -76.76005981614782,
       38.76002581387382
      ],
      [
       -76.76064018158719,
       38.75909478100278
      ],
      [
       -76.76310218026718,
       38.7571239038619
      ],
      [
       -76.76446157136357,
       38.754887952335956
      ],
      [
       -76.76445116122116,
       38.753488130506135
      ],
      [
       -76.76384910798511,
       38.75277717482518
      ],
      [
       -76.76631110666511,
       38.75060421937222
      ],
      [
       -76.76833587936389,
       38.74960364538165
      ],
      [
       -76.76972303084004,
       38.74788884318684
      ],
      [
       -76.77082997598298,
       38.74709934694735
      ],
      [
       -76.77686265350965,
       38.74419171001971
      ],
      [
       -76.77757661577662,
       38.74398063226863
      ],
      [
       -76.78299596241297,
       38.74329176611977
      ],
      [
       -76.78401181880982,
       38.74357402125202
      ],
      [
       -76.78624305933306,
       38.74490921074721
      ],
      [
       -76.79040885132085,
       38.745490083628084
      ],
      [
       -76.79241367124668,
       38.7465511992992
      ],
      [
       -76.79521226453127,
       38.74665182938983
      ],
      [
       -76.79693080554081,
       38.74772112636913
      ],
      [
       -76.79742528730529,
       38.748833784281786
      ],
      [
       -76.79852008728209,
       38.7499488965869
      ],
      [
       -76.80056741528942,
       38.748912324840326
      ],
      [
       -76.80340417909618,
       38.74812282860083
      ],
      [
       -76.80517303579404,
       38.74668864527665
      ],
      [
       -76.8100900930591,
       38.745320730548734
      ],
      [
       -76.81078236752937,
       38.74426206927007
      ],
      [
       -76.8104423028773,
       38.74176840653641
      ],
      [
       -76.81209317796119,
       38.74059193441994
      ],
      [
       -76.81315587999889,
       38.74021313985114
      ],
      [
       -76.817312996868,
       38.73956436211236
      ],
      [
       -76.81948264404865,
       38.73906530231331
      ],
      [
       -76.82077263419563,
       38.73957663407464
      ],
      [
       -76.81935685482786,
       38.7412448028128
      ],
      [
       -76.81809462506062,
       38.74335803471604
      ],
      [
       -76.80464472106672,
       38.76663140209941
      ],
      [
       -76.80378414929415,
       38.76837402074202
      ],
      [
       -76.79836393514594,
       38.7802450989131
      ],
      [
       -76.79677812345213,
       38.78249004987805
      ],
      [
       -76.79479932888233,
       38.78409767693568
      ]
     ]
    ]
   }
  },
  {
   "type": "Feature",
   "properties": {
    "name": "Maryland Park",
    "geoid": "2451125"
   },
   "geometry": {
    "type": "Polygon",
    "coordinates": [
     [
      [
       -76.91278441291142,
       38.89022233414033
      ],
      [
       -76.90939330902131,
       38.89285180658981
      ],
      [
       -76.91050198918799,
       38.89375011422811
      ],
      [
       -76.90761057213358,
       38.89261782117582
      ],
      [
       -76.90345432277633,
       38.88931011827812
      ],
      [
       -76.9039088989949,
       38.88884787436587
      ],
      [
       -76.90169240617341,
       38.88681972806773
      ],
      [
       -76.90174185434985,
       38.886328031446034
      ],
      [
       -76.9036685982076,
       38.886057230145234
      ],
      [
       -76.90847634897735,
       38.88537490904291
      ],
      [
       -76.91278441291142,
       38.89022233414033
      ]
     ]
    ]
   }
  },
  {
   "type": "Feature",
   "properties": {
    "name": "Melwood",
    "geoid": "2451940"
   },
   "geometry": {
    "type": "Polygon",
    "coordinates": [
     [
      [
       -76.84908908906309,
       38.82048977198777
      ],
      [
       -76.8484375876506,
       38.821097643185645
      ],
      [
       -76.84728206184306,
       38.820444774792776
      ],
      [
       -76.84370617792518,
       38.81913167482968
      ],
      [
       -76.83374974422175,
       38.81673864218664
      ],
      [
       -76.82951368377269,
       38.81558835025635
      ],
      [
       -76.8248377948068,
       38.8140698994579
      ],
      [
       -76.82443787183587,
       38.810412036570035
      ],
      [
       -76.82386965156266,
       38.808789683157684
      ],
      [
       -76.82383668611169,
       38.80591313520114
      ],
      [
       -76.8241299051229,
       38.80406088702889
      ],
      [
       -76.8257321995422,
       38.80087181309982
      ],
      [
       -76.82681311932912,
       38.799848331446334
      ],
      [
       -76.82841888379589,
       38.79889111838912
      ],
      [
       -76.8324987921088,
       38.7969906004986
      ],
      [
       -76.83541796954297,
       38.79503935849736
      ],
      [
       -76.83762058217458,
       38.792625872583876
      ],
      [
       -76.84286208887809,
       38.7874921017001
      ],
      [
       -76.8432516017066,
       38.78689813872614
      ],
      [
       -76.84267470631471,
       38.7856283996964
      ],
      [
       -76.84330365241865,
       38.78543613895414
      ],
      [
       -76.84587062003462,
       38.78625672416472
      ],
      [
       -76.84843498511499,
       38.78597774155574
      ],
      [
       -76.85505670319971,
       38.7838775997456
      ],
      [
       -76.85724283310583,
       38.783934050772054
      ],
      [
       -76.85959118773118,
       38.78476199916
      ],
      [
       -76.86118914459115,
       38.78594501632302
      ],
      [
       -76.861176999425,
       38.78659215780016
      ],
      [
       -76.86435382788383,
       38.78837895550696
      ],
      [
       -76.86348024343324,
       38.788717661665665
      ],
      [
       -76.85704330537631,
       38.78917172426973
      ],
      [
       -76.85670584325985,
       38.795908213426216
      ],
      [
       -76.85181394383895,
       38.79807626009426
      ],
      [
       -76.85379360592061,
       38.80126287963088
      ],
      [
       -76.85351773714675,
       38.803240301818306
      ],
      [
       -76.8524133945394,
       38.80439795692596
      ],
      [
       -76.85162482625182,
       38.80676071872872
      ],
      [
       -76.84902576069676,
       38.8053928040008
      ],
      [
       -76.84897370998472,
       38.80571023875824
      ],
      [
       -76.84993491313392,
       38.8193672965053
      ],
      [
       -76.84908908906309,
       38.82048977198777
      ]
     ]
    ]
   }
  },
  {
   "type": "Feature",
   "properties": {
    "name": "Mitchellville",
    "geoid": "2452975"
   },
   "geometry": {
    "type": "Polygon",
    "coordinates": [
     [
      [
       -76.81953295973696,
       38.95637802835603
      ],
      [
       -76.8130942866563,
       38.95702516983317
      ],
      [
       -76.80880183793585,
       38.95671100759901
      ],
      [
       -76.80609433339734,
       38.95726406403207
      ],
      [
       -76.79953160611961,
       38.96016188338989
      ],
      [
       -76.79770462612663,
       38.96108391682192
      ],
      [
       -76.79747907304107,
       38.9584478993259
      ],
      [
       -76.7988375966256,
       38.95320695330496
      ],
      [
       -76.79891133513433,
       38.95209429539229
      ],
      [
       -76.79839603308504,
       38.94697361460162
      ],
      [
       -76.79853396747197,
       38.94433268832069
      ],
      [
       -76.79952813607214,
       38.94124588074388
      ],
      [
       -76.80211071890172,
       38.93769764738565
      ],
      [
       -76.80304069162369,
       38.93613665378466
      ],
      [
       -76.80668337395538,
       38.92894937454737
      ],
      [
       -76.80687162403062,
       38.927394107862106
      ],
      [
       -76.80611428617028,
       38.92621272696073
      ],
      [
       -76.80390907100308,
       38.92398004795805
      ],
      [
       -76.8032593046143,
       38.92236914837715
      ],
      [
       -76.8039645917626,
       38.91860411035211
      ],
      [
       -76.80365315500215,
       38.917349097677096
      ],
      [
       -76.80175764157164,
       38.915478850626855
      ],
      [
       -76.80053618486218,
       38.91376732095532
      ],
      [
       -76.7997241937542,
       38.911345653733655
      ],
      [
       -76.79776101439802,
       38.90813367214167
      ],
      [
       -76.79729516052517,
       38.90603025780826
      ],
      [
       -76.79629058178259,
       38.904289275427274
      ],
      [
       -76.79414001986302,
       38.90248120631921
      ],
      [
       -76.79265657456958,
       38.900310705258704
      ],
      [
       -76.79591234660835,
       38.89944921350721
      ],
      [
       -76.80115992589494,
       38.89892560978361
      ],
      [
       -76.8036227920868,
       38.89985337013137
      ],
      [
       -76.80365402251402,
       38.901200013458016
      ],
      [
       -76.80435583961484,
       38.90204105193905
      ],
      [
       -76.80590608332209,
       38.90299662873463
      ],
      [
       -76.80705206649907,
       38.90453226028026
      ],
      [
       -76.80710324969925,
       38.90556474137274
      ],
      [
       -76.80802541481442,
       38.90605071107871
      ],
      [
       -76.80811737107237,
       38.90684020731821
      ],
      [
       -76.81042842268742,
       38.908460106338104
      ],
      [
       -76.81162125150526,
       38.91038762254562
      ],
      [
       -76.81226060775161,
       38.9122275987556
      ],
      [
       -76.8136520967871,
       38.913000732378734
      ],
      [
       -76.81384468442168,
       38.91422301982102
      ],
      [
       -76.81461676998377,
       38.91463208523009
      ],
      [
       -76.81510170911771,
       38.915764378282375
      ],
      [
       -76.81598917375818,
       38.916134173412175
      ],
      [
       -76.81610195030095,
       38.91768616757417
      ],
      [
       -76.81712734932836,
       38.918799643617646
      ],
      [
       -76.81748129417029,
       38.9199842970423
      ],
      [
       -76.81965441139842,
       38.920778702066706
      ],
      [
       -76.82016711091211,
       38.92153874559675
      ],
      [
       -76.8197428976089,
       38.92279375827176
      ],
      [
       -76.82092011121311,
       38.92488735503535
      ],
      [
       -76.82345584840185,
       38.92865893810694
      ],
      [
       -76.8258631938342,
       38.93146921746722
      ],
      [
       -76.82697794658395,
       38.93239861407662
      ],
      [
       -76.82974097188198,
       38.93261705500505
      ],
      [
       -76.83046968185069,
       38.933606993294994
      ],
      [
       -76.8332248995419,
       38.93586667061467
      ],
      [
       -76.83588122088022,
       38.938707220815225
      ],
      [
       -76.8363783051803,
       38.94019376451177
      ],
      [
       -76.83850197423197,
       38.94358491675292
      ],
      [
       -76.83972690098891,
       38.94428932738733
      ],
      [
       -76.83995765914567,
       38.94491192493992
      ],
      [
       -76.8390753995764,
       38.94710778805579
      ],
      [
       -76.83941806676407,
       38.94833089362889
      ],
      [
       -76.84045387593387,
       38.949270925938926
      ],
      [
       -76.83121487454488,
       38.95431797495598
      ],
      [
       -76.82918576428676,
       38.95566461828262
      ],
      [
       -76.82765287081688,
       38.956096591354594
      ],
      [
       -76.82321294507895,
       38.95594605528406
      ],
      [
       -76.81953295973696,
       38.95637802835603
      ]
     ]
    ]
   }
  },
  {
   "type": "Feature",
   "properties": {
    "name": "Morningside",
    "geoid": "2453625"
   },
   "geometry": {
    "type": "Polygon",
    "coordinates": [
     [
      [
       -76.89070103081204,
       38.83457634841435
      ],
      [
       -76.88804557698558,
       38.83339824003624
      ],
      [
       -76.8874201009291,
       38.83253020323821
      ],
      [
       -76.88856868664169,
       38.82832664709465
      ],
      [
       -76.88791892025293,
       38.82835691793492
      ],
      [
       -76.88737932787133,
       38.82995227303027
      ],
      [
       -76.88494682459482,
       38.8298450978931
      ],
      [
       -76.88427884045684,
       38.828497636435635
      ],
      [
       -76.88541267846769,
       38.82844363980164
      ],
      [
       -76.88524785121285,
       38.826007246225245
      ],
      [
       -76.88208924050325,
       38.82586898211699
      ],
      [
       -76.88175785096985,
       38.82555072922873
      ],
      [
       -76.87985713246813,
       38.82681637760438
      ],
      [
       -76.88047740345341,
       38.82739806861607
      ],
      [
       -76.87997424657024,
       38.82797076018876
      ],
      [
       -76.87865996609096,
       38.82759278375079
      ],
      [
       -76.87486373415874,
       38.8302827978808
      ],
      [
       -76.87444125587926,
       38.83020016666817
      ],
      [
       -76.87372208854109,
       38.830047994336
      ],
      [
       -76.87738125359826,
       38.827356343944345
      ],
      [
       -76.87772305327405,
       38.82688100993901
      ],
      [
       -76.87458786538487,
       38.82817202037002
      ],
      [
       -76.87236877002778,
       38.82876434708235
      ],
      [
       -76.8723358045768,
       38.82860317531117
      ],
      [
       -76.87810042093642,
       38.82625677612478
      ],
      [
       -76.88585337449638,
       38.821523071211075
      ],
      [
       -76.89019266885767,
       38.8185598013878
      ],
      [
       -76.89241696928597,
       38.81686463433264
      ],
      [
       -76.89365924628025,
       38.81542390596191
      ],
      [
       -76.89558078506678,
       38.811672776160776
      ],
      [
       -76.89574821485722,
       38.81181022213822
      ],
      [
       -76.89437928113028,
       38.814969843357844
      ],
      [
       -76.89265987260887,
       38.81707734834535
      ],
      [
       -76.88941624573624,
       38.81938038659839
      ],
      [
       -76.8899141975482,
       38.82022633386433
      ],
      [
       -76.894223996506,
       38.81870624680425
      ],
      [
       -76.8943280979301,
       38.81929693725494
      ],
      [
       -76.89730366363567,
       38.81829390887191
      ],
      [
       -76.901884993808,
       38.81742423581224
      ],
      [
       -76.90273775797375,
       38.8181850974731
      ],
      [
       -76.90071125025125,
       38.8184109015789
      ],
      [
       -76.8968117844068,
       38.8193312987493
      ],
      [
       -76.8924082941673,
       38.820851385809384
      ],
      [
       -76.89269457308357,
       38.82203603923404
      ],
      [
       -76.89038178644479,
       38.8222462988543
      ],
      [
       -76.8904242945263,
       38.82334913919714
      ],
      [
       -76.89371216450417,
       38.82310288182088
      ],
      [
       -76.89355774739175,
       38.8225710967891
      ],
      [
       -76.89473409348409,
       38.82240010744811
      ],
      [
       -76.89499261202062,
       38.82335568424369
      ],
      [
       -76.89284118258918,
       38.82395701039501
      ],
      [
       -76.89268242791744,
       38.825035306813305
      ],
      [
       -76.89493015116615,
       38.826138965286965
      ],
      [
       -76.89430727764528,
       38.82707817946618
      ],
      [
       -76.89549143134444,
       38.828567995685994
      ],
      [
       -76.89473843104344,
       38.82891488315288
      ],
      [
       -76.89393685007785,
       38.83075976814777
      ],
      [
       -76.89426216702817,
       38.833751672549674
      ],
      [
       -76.89948979354179,
       38.83304235313035
      ],
      [
       -76.90043017640618,
       38.83252365819166
      ],
      [
       -76.90016385026286,
       38.83345632732433
      ],
      [
       -76.90182513548913,
       38.83433990860791
      ],
      [
       -76.90028963948365,
       38.8344838996319
      ],
      [
       -76.8978102905663,
       38.834306365244366
      ],
      [
       -76.89474797367397,
       38.83499359513159
      ],
      [
       -76.89440964404565,
       38.83536584465384
      ],
      [
       -76.89070103081204,
       38.83457634841435
      ]
     ]
    ]
   }
  },
  {
   "type": "Feature",
   "properties": {
    "name": "Mount Rainier",
    "geoid": "2454275"
   },
   "geometry": {
    "type": "Polygon",
    "coordinates": [
     [
      [
       -76.96649033760534,
       38.95250336080136
      ],
      [
       -76.9658718016438,
       38.952416638934636
      ],
      [
       -76.96277131422931,
       38.95398499571299
      ],
      [
       -76.96260822199822,
       38.94962435845236
      ],
      [
       -76.96233235322435,
       38.94888313193113
      ],
      [
       -76.96202091646391,
       38.943245392463396
      ],
      [
       -76.9614552987263,
       38.943269936387935
      ],
      [
       -76.96095561189061,
       38.940929264117266
      ],
      [
       -76.9574257061017,
       38.941313785601785
      ],
      [
       -76.957116004365,
       38.936368184806184
      ],
      [
       -76.95559699108499,
       38.935067356805355
      ],
      [
       -76.95883801542202,
       38.93159193708994
      ],
      [
       -76.97446624171525,
       38.94381235712036
      ],
      [
       -76.97047568712469,
       38.94549361595162
      ],
      [
       -76.97160085001686,
       38.947061972729976
      ],
      [
       -76.97139785223986,
       38.947913646911644
      ],
      [
       -76.96861921172821,
       38.94861314876115
      ],
      [
       -76.96750532649033,
       38.94975280499081
      ],
      [
       -76.96709759591259,
       38.95118862457662
      ],
      [
       -76.97249785728786,
       38.95308423368223
      ],
      [
       -76.9724111061011,
       38.953261768069765
      ],
      [
       -76.96699436200036,
       38.951421791859794
      ],
      [
       -76.96649033760534,
       38.95250336080136
      ]
     ]
    ]
   }
  },
  {
   "type": "Feature",
   "properties": {
    "name": "National Harbor",
    "geoid": "2455018"
   },
   "geometry": {
    "type": "Polygon",
    "coordinates": [
     [
      [
       -77.00283474729474,
       38.801405234393236
      ],
      [
       -77.00238017107617,
       38.7998106974287
      ],
      [
       -77.00319302969604,
       38.79707895862696
      ],
      [
       -77.00393301731901,
       38.7970625960106
      ],
      [
       -77.00872081531581,
       38.794123870111875
      ],
      [
       -77.00869131991232,
       38.79248433595234
      ],
      [
       -77.01120623681624,
       38.7926136006216
      ],
      [
       -77.0129802985853,
       38.79233870866671
      ],
      [
       -77.01307485737885,
       38.7907678974959
      ],
      [
       -77.01250316705817,
       38.79077935132735
      ],
      [
       -77.01077074585875,
       38.78965605771406
      ],
      [
       -77.00941482480982,
       38.790392375450374
      ],
      [
       -77.00981995285196,
       38.790921706089705
      ],
      [
       -77.0067238029968,
       38.79105015262815
      ],
      [
       -77.00422536881837,
       38.791481307569306
      ],
      [
       -77.00317481194682,
       38.791959914097916
      ],
      [
       -77.00309066329567,
       38.79277231800032
      ],
      [
       -77.00390785947486,
       38.79281976958777
      ],
      [
       -77.0026733900874,
       38.798714402132404
      ],
      [
       -77.00085161516562,
       38.79841823877624
      ],
      [
       -76.99921115022416,
       38.797388212076214
      ],
      [
       -76.99871666845966,
       38.79657499004299
      ],
      [
       -76.99876438161239,
       38.79428995066795
      ],
      [
       -76.99856485388285,
       38.788563034941035
      ],
      [
       -76.99829679271579,
       38.78562512717313
      ],
      [
       -76.99749260921462,
       38.78032936638737
      ],
      [
       -76.99832021553621,
       38.779315702303705
      ],
      [
       -77.00195595777296,
       38.779538233886235
      ],
      [
       -77.00296834412235,
       38.778922999511
      ],
      [
       -77.00491504075305,
       38.77837076120876
      ],
      [
       -77.00626575673076,
       38.77856874886675
      ],
      [
       -77.0060402036452,
       38.77750681506482
      ],
      [
       -77.01073864791965,
       38.77875282830083
      ],
      [
       -77.01374631156432,
       38.77918807389607
      ],
      [
       -77.01871975710075,
       38.779566050334054
      ],
      [
       -77.01938166865567,
       38.77924534305335
      ],
      [
       -77.0254716019656,
       38.77911198772999
      ],
      [
       -77.02568414237314,
       38.79240334100134
      ],
      [
       -77.02557657090158,
       38.79319774602575
      ],
      [
       -77.02277364005764,
       38.793571631809634
      ],
      [
       -77.02007828068528,
       38.79415577721378
      ],
      [
       -77.01497037080937,
       38.79551387437188
      ],
      [
       -77.01237998037298,
       38.79658398948199
      ],
      [
       -77.00810141184242,
       38.79861622643423
      ],
      [
       -77.00283474729474,
       38.801405234393236
      ]
     ]
    ]
   }
  },
  {
   "type": "Feature",
   "properties": {
    "name": "New Carrollton",
    "geoid": "2455400"
   },
   "geometry": {
    "type": "Polygon",
    "coordinates": [
     [
      [
       -76.89341981300481,
       38.97227431015231
      ],
      [
       -76.89135686978388,
       38.97252629444429
      ],
      [
       -76.88903714305015,
       38.973131711249714
      ],
      [
       -76.88760488095689,
       38.97125491915292
      ],
      [
       -76.88954376998078,
       38.97036233843034
      ],
      [
       -76.88903280549081,
       38.969720105738105
      ],
      [
       -76.88710692914493,
       38.970669137487135
      ],
      [
       -76.8867391041131,
       38.971218103266104
      ],
      [
       -76.8885738917129,
       38.97342623834424
      ],
      [
       -76.8865682042752,
       38.97463216317016
      ],
      [
       -76.8836073862714,
       38.97498805007605
      ],
      [
       -76.8817058002578,
       38.975445385203386
      ],
      [
       -76.87960468651468,
       38.97660631283431
      ],
      [
       -76.87731619020819,
       38.97699737936538
      ],
      [
       -76.87797463171563,
       38.97774187840988
      ],
      [
       -76.87823922283522,
       38.97940104770905
      ],
      [
       -76.87729276738777,
       38.980458890856895
      ],
      [
       -76.8772146913197,
       38.981461101109105
      ],
      [
       -76.87411507141708,
       38.97793004849805
      ],
      [
       -76.87211372153872,
       38.97558773996574
      ],
      [
       -76.86998224488025,
       38.972415846783846
      ],
      [
       -76.869446990058,
       38.9704596959977
      ],
      [
       -76.86924572730473,
       38.966424674802674
      ],
      [
       -76.86557615210515,
       38.968154203352206
      ],
      [
       -76.86557181454582,
       38.964906224004224
      ],
      [
       -76.86438072075173,
       38.96499130960931
      ],
      [
       -76.86416471029672,
       38.96423781112581
      ],
      [
       -76.86555186177286,
       38.96410609206409
      ],
      [
       -76.86554058411859,
       38.962495192483196
      ],
      [
       -76.86684879201479,
       38.962454285942286
      ],
      [
       -76.86756015174615,
       38.96240765248565
      ],
      [
       -76.86756882686483,
       38.96137926204726
      ],
      [
       -76.86838862557963,
       38.95993607928408
      ],
      [
       -76.86733806870807,
       38.95735733094533
      ],
      [
       -76.86834091242692,
       38.956860725538725
      ],
      [
       -76.86825763128763,
       38.955461721839725
      ],
      [
       -76.86544776034876,
       38.956332213030215
      ],
      [
       -76.86688002244202,
       38.95439487925288
      ],
      [
       -76.86720013432114,
       38.9544316951397
      ],
      [
       -76.86852135489536,
       38.95246490865291
      ],
      [
       -76.87269929204929,
       38.95318977255777
      ],
      [
       -76.87249802929603,
       38.95364792581593
      ],
      [
       -76.8737377037547,
       38.95504283886084
      ],
      [
       -76.87534867329268,
       38.95412735047535
      ],
      [
       -76.87957258857558,
       38.95219574361374
      ],
      [
       -76.88243624525025,
       38.95231191818992
      ],
      [
       -76.88493988449989,
       38.95165659540459
      ],
      [
       -76.88230178091078,
       38.94939119116919
      ],
      [
       -76.88114972515072,
       38.94727714113514
      ],
      [
       -76.88214996633397,
       38.946876257034255
      ],
      [
       -76.88294981227581,
       38.948569787827786
      ],
      [
       -76.88434303633504,
       38.95027886310687
      ],
      [
       -76.88547860936961,
       38.95115099055899
      ],
      [
       -76.88719628286728,
       38.94867532670333
      ],
      [
       -76.88804731200932,
       38.9480060956941
      ],
      [
       -76.88839084670884,
       38.94828016951817
      ],
      [
       -76.88765172659772,
       38.94879068314869
      ],
      [
       -76.88578484105885,
       38.95140379298179
      ],
      [
       -76.88588373741175,
       38.95177276998077
      ],
      [
       -76.88811758047058,
       38.95395227048027
      ],
      [
       -76.88976411799511,
       38.95528827810628
      ],
      [
       -76.8894361985092,
       38.95545272240072
      ],
      [
       -76.88899116492117,
       38.95567607211407
      ],
      [
       -76.88528688924688,
       38.952145837633836
      ],
      [
       -76.88289168898069,
       38.952652260610265
      ],
      [
       -76.8799516912617,
       38.952571265659266
      ],
      [
       -76.87852203170404,
       38.952978694806696
      ],
      [
       -76.87498605333205,
       38.95478594578395
      ],
      [
       -76.87644087073387,
       38.95542490595291
      ],
      [
       -76.87739426627627,
       38.95473276728077
      ],
      [
       -76.87925421172021,
       38.954735221673225
      ],
      [
       -76.88022669252369,
       38.955946873414874
      ],
      [
       -76.88356401067801,
       38.95760604271404
      ],
      [
       -76.88272686172587,
       38.95824827540628
      ],
      [
       -76.88258025222025,
       38.96000807479608
      ],
      [
       -76.88301834571335,
       38.96084011383812
      ],
      [
       -76.88253600911501,
       38.9613089027969
      ],
      [
       -76.88408538531039,
       38.96184396035196
      ],
      [
       -76.88443586010486,
       38.965865891453895
      ],
      [
       -76.8866324001534,
       38.96696464114264
      ],
      [
       -76.88913430437931,
       38.96748988112788
      ],
      [
       -76.89096301939603,
       38.96718062767863
      ],
      [
       -76.89121806788506,
       38.96640994844795
      ],
      [
       -76.89290798100298,
       38.96675765404566
      ],
      [
       -76.89266768021568,
       38.968599266517266
      ],
      [
       -76.89111483397284,
       38.968285104283105
      ],
      [
       -76.89126404601404,
       38.96946484892285
      ],
      [
       -76.89426997463498,
       38.970272344040346
      ],
      [
       -76.89341981300481,
       38.97227431015231
      ]
     ]
    ]
   }
  },
  {
   "type": "Feature",
   "properties": {
    "name": "North Brentwood",
    "geoid": "2456375"
   },
   "geometry": {
    "type": "Polygon",
    "coordinates": [
     [
      [
       -76.95327726435127,
       38.948452795120794
      ],
      [
       -76.95141818641919,
       38.94741295085095
      ],
      [
       -76.94744064450664,
       38.945623698751696
      ],
      [
       -76.94641264294364,
       38.944871836529835
      ],
      [
       -76.94939601625602,
       38.941734304842306
      ],
      [
       -76.9505099014939,
       38.94268988163788
      ],
      [
       -76.9510841943502,
       38.942283270621274
      ],
      [
       -76.95444493532494,
       38.94443086401886
      ],
      [
       -76.95507561645262,
       38.94558033781834
      ],
      [
       -76.95327726435127,
       38.948452795120794
      ]
     ]
    ]
   }
  },
  {
   "type": "Feature",
   "properties": {
    "name": "Oxon Hill",
    "geoid": "2459500"
   },
   "geometry": {
    "type": "Polygon",
    "coordinates": [
     [
      [
       -76.99871666845966,
       38.79657499004299
      ],
      [
       -76.99811201268801,
       38.79558014296814
      ],
      [
       -76.99711784408784,
       38.79557277979078
      ],
      [
       -76.99030527339228,
       38.79667562013362
      ],
      [
       -76.99034778147379,
       38.79703805208605
      ],
      [
       -76.98842624268724,
       38.79718122497923
      ],
      [
       -76.98880708039708,
       38.79836915092715
      ],
      [
       -76.99047096815897,
       38.7992060987541
      ],
      [
       -76.99171411266511,
       38.79867676811477
      ],
      [
       -76.99388896491696,
       38.79859822755623
      ],
      [
       -76.99503928565329,
       38.797934723462724
      ],
      [
       -76.99456562417363,
       38.79962661799462
      ],
      [
       -76.99552942985844,
       38.80049301853102
      ],
      [
       -76.99668235313035,
       38.79982133312934
      ],
      [
       -76.99667107547607,
       38.800929082257085
      ],
      [
       -76.99610285520286,
       38.80306931247731
      ],
      [
       -76.99527611639311,
       38.803343386301385
      ],
      [
       -76.995014995321,
       38.802674973422974
      ],
      [
       -76.99362263877364,
       38.80299813509614
      ],
      [
       -76.9932391985282,
       38.80084726917527
      ],
      [
       -76.98997475137075,
       38.80076791048591
      ],
      [
       -76.99026623535823,
       38.802778876036875
      ],
      [
       -76.9913167922298,
       38.803295116583115
      ],
      [
       -76.99350465715966,
       38.803128217896216
      ],
      [
       -76.99377532086233,
       38.805247994846
      ],
      [
       -76.99352981500381,
       38.805892681930686
      ],
      [
       -76.99214786859886,
       38.80615939257739
      ],
      [
       -76.98122242413943,
       38.80720496376296
      ],
      [
       -76.97495812094412,
       38.80802963962764
      ],
      [
       -76.97046267444668,
       38.80877659306459
      ],
      [
       -76.97316584142584,
       38.80568324044124
      ],
      [
       -76.97069343260344,
       38.80584604847405
      ],
      [
       -76.9679278047698,
       38.804988647376646
      ],
      [
       -76.96569396171097,
       38.8047922959803
      ],
      [
       -76.9641307053257,
       38.805544976332975
      ],
      [
       -76.96244512976713,
       38.80578468866269
      ],
      [
       -76.95897508229709,
       38.80513100213901
      ],
      [
       -76.95690606649306,
       38.8041876973057
      ],
      [
       -76.95516930773431,
       38.803817084045086
      ],
      [
       -76.9529267895568,
       38.804102611700614
      ],
      [
       -76.95008742321443,
       38.80320266780067
      ],
      [
       -76.94667463152763,
       38.80266924650725
      ],
      [
       -76.94545230730631,
       38.80226181735982
      ],
      [
       -76.94275434539834,
       38.80112297926098
      ],
      [
       -76.9484165953576,
       38.79321901742702
      ],
      [
       -76.94973261086061,
       38.79058627245428
      ],
      [
       -76.94364094252694,
       38.790542093390094
      ],
      [
       -76.94105662467362,
       38.78971169060969
      ],
      [
       -76.93845408907109,
       38.78773426842227
      ],
      [
       -76.93962696511596,
       38.78580838847639
      ],
      [
       -76.94342840211941,
       38.78237632969433
      ],
      [
       -76.94551997323198,
       38.78122031084831
      ],
      [
       -76.94874711737911,
       38.779152894270894
      ],
      [
       -76.95122993634394,
       38.77706911507712
      ],
      [
       -76.95371969540369,
       38.77579692165492
      ],
      [
       -76.956218997094,
       38.77570529100329
      ],
      [
       -76.95862026994327,
       38.775103964851965
      ],
      [
       -76.96201657890458,
       38.772949826407825
      ],
      [
       -76.96324237317337,
       38.772507217635216
      ],
      [
       -76.96522810783812,
       38.77232068380869
      ],
      [
       -76.96772567450468,
       38.772641391089394
      ],
      [
       -76.96997513277714,
       38.77410011833812
      ],
      [
       -76.97293768580468,
       38.774684263742266
      ],
      [
       -76.97532941602341,
       38.77436437459237
      ],
      [
       -76.97728912533212,
       38.7734627944308
      ],
      [
       -76.97899465366366,
       38.77111721337521
      ],
      [
       -76.98467512137212,
       38.76805085906886
      ],
      [
       -76.98550706525306,
       38.76718527666328
      ],
      [
       -76.98798728168228,
       38.765724913152916
      ],
      [
       -76.99059068479669,
       38.76463025411825
      ],
      [
       -76.99336325272526,
       38.76157617177417
      ],
      [
       -76.99381262387263,
       38.760830036468036
      ],
      [
       -76.99433833606433,
       38.76528394064194
      ],
      [
       -76.99749260921462,
       38.78032936638737
      ],
      [
       -76.99829679271579,
       38.78562512717313
      ],
      [
       -76.99856485388285,
       38.788563034941035
      ],
      [
       -76.99876438161239,
       38.79428995066795
      ],
      [
       -76.99871666845966,
       38.79657499004299
      ]
     ]
    ]
   }
  },
  {
   "type": "Feature",
   "properties": {
    "name": "Peppermill Village",
    "geoid": "2460950"
   },
   "geometry": {
    "type": "Polygon",
    "coordinates": [
     [
      [
       -76.88819912658613,
       38.901219648597646
      ],
      [
       -76.88672782645882,
       38.902135955113955
      ],
      [
       -76.8849633073203,
       38.9013120973801
      ],
      [
       -76.88382426423827,
       38.90017816806617
      ],
      [
       -76.88299318786919,
       38.898167202515204
      ],
      [
       -76.88190966554667,
       38.89690319040119
      ],
      [
       -76.87980421424422,
       38.895965612483614
      ],
      [
       -76.87862006054506,
       38.894083093471096
      ],
      [
       -76.87726934456735,
       38.88868015754816
      ],
      [
       -76.8798180944341,
       38.888424082602086
      ],
      [
       -76.8826860886681,
       38.8878742986923
      ],
      [
       -76.88490171397771,
       38.88770167308967
      ],
      [
       -76.8899141975482,
       38.88768121981922
      ],
      [
       -76.89270411571412,
       38.88749386786187
      ],
      [
       -76.89413811283111,
       38.8894402010782
      ],
      [
       -76.8942612995163,
       38.89159597578398
      ],
      [
       -76.89538212484912,
       38.89329277910078
      ],
      [
       -76.89683260469161,
       38.89411990935791
      ],
      [
       -76.89751186648387,
       38.89508612185412
      ],
      [
       -76.899364004321,
       38.8956989018369
      ],
      [
       -76.89968585122385,
       38.89748733580534
      ],
      [
       -76.89011285776586,
       38.89997281723082
      ],
      [
       -76.88819912658613,
       38.901219648597646
      ]
     ]
    ]
   }
  },
  {
   "type": "Feature",
   "properties": {
    "name": "Queen Anne",
    "geoid": "2464495"
   },
   "geometry": {
    "type": "Polygon",
    "coordinates": [
     [
      [
       -76.71820323605223,
       38.898355372603376
      ],
      [
       -76.7172481054861,
       38.90469588644389
      ],
      [
       -76.71713706396707,
       38.90738262805063
      ],
      [
       -76.71737562973064,
       38.91224068884869
      ],
      [
       -76.71722208013009,
       38.9147998020478
      ],
      [
       -76.71631032515732,
       38.921901995679995
      ],
      [
       -76.71614463039063,
       38.925014983442985
      ],
      [
       -76.71665732990434,
       38.929149816597814
      ],
      [
       -76.71742594541895,
       38.933680625068625
      ],
      [
       -76.71755173463974,
       38.935330794928795
      ],
      [
       -76.7168932931323,
       38.93523098296898
      ],
      [
       -76.71502120252221,
       38.93346382040182
      ],
      [
       -76.71016400357601,
       38.92856403493204
      ],
      [
       -76.70076364497965,
       38.934754012702015
      ],
      [
       -76.70064392834193,
       38.93487100540901
      ],
      [
       -76.69935393819495,
       38.935821673419674
      ],
      [
       -76.69723026914328,
       38.93420586505387
      ],
      [
       -76.69217874753875,
       38.93632482387282
      ],
      [
       -76.69115595104695,
       38.934857915315916
      ],
      [
       -76.68889521512023,
       38.93354481535282
      ],
      [
       -76.68528029316829,
       38.93281667892468
      ],
      [
       -76.68332665644266,
       38.93191918941719
      ],
      [
       -76.6817981005321,
       38.931924098202096
      ],
      [
       -76.68142507042907,
       38.93126468476269
      ],
      [
       -76.68137562225263,
       38.929350258648256
      ],
      [
       -76.6831253936894,
       38.92629617630418
      ],
      [
       -76.68562816542718,
       38.92556067669868
      ],
      [
       -76.68929860813861,
       38.92518760904561
      ],
      [
       -76.69053307752608,
       38.924762999151
      ],
      [
       -76.69059206833307,
       38.923455626103625
      ],
      [
       -76.68922660465361,
       38.921560016998015
      ],
      [
       -76.68718274669375,
       38.91946396584196
      ],
      [
       -76.68650782246083,
       38.91816313784114
      ],
      [
       -76.6851172009372,
       38.917997057285056
      ],
      [
       -76.68400158067558,
       38.91909580697381
      ],
      [
       -76.68280614932215,
       38.918950997818996
      ],
      [
       -76.68089762321362,
       38.91690976142776
      ],
      [
       -76.6793708023268,
       38.91651296798097
      ],
      [
       -76.67805565433567,
       38.91419438524239
      ],
      [
       -76.67804697921699,
       38.91227586847387
      ],
      [
       -76.67861519949021,
       38.91175226475026
      ],
      [
       -76.67851803816104,
       38.91053897674698
      ],
      [
       -76.67681597987698,
       38.90931178051978
      ],
      [
       -76.67493261161262,
       38.90902625286425
      ],
      [
       -76.67258078693979,
       38.90711591740392
      ],
      [
       -76.67060632992933,
       38.90737608300408
      ],
      [
       -76.67011098065298,
       38.90691874787675
      ],
      [
       -76.66964425926827,
       38.90524485222285
      ],
      [
       -76.66957225578327,
       38.903684676752675
      ],
      [
       -76.67020640695841,
       38.90248366071166
      ],
      [
       -76.67123614354514,
       38.901720344658344
      ],
      [
       -76.67150507222408,
       38.89941894266694
      ],
      [
       -76.6730240855041,
       38.89879716324516
      ],
      [
       -76.67428458024759,
       38.89744479300279
      ],
      [
       -76.6758755970126,
       38.89654403097203
      ],
      [
       -76.67630328036329,
       38.89570708314508
      ],
      [
       -76.67630067782768,
       38.89191013801814
      ],
      [
       -76.67497685471785,
       38.89023378797179
      ],
      [
       -76.67321840816241,
       38.888496896244895
      ],
      [
       -76.67178614606915,
       38.887568317766316
      ],
      [
       -76.6721452959823,
       38.88662664919465
      ],
      [
       -76.67366777930978,
       38.88581588155388
      ],
      [
       -76.67523710827811,
       38.885665345483346
      ],
      [
       -76.67589815232115,
       38.88366992441792
      ],
      [
       -76.67540974313975,
       38.881734226902225
      ],
      [
       -76.6761453932034,
       38.880011243399245
      ],
      [
       -76.67657481157782,
       38.87596395024195
      ],
      [
       -76.67792466004366,
       38.87437186766987
      ],
      [
       -76.67849201280502,
       38.874429954957954
      ],
      [
       -76.68009430722431,
       38.8756546967927
      ],
      [
       -76.68183366851868,
       38.87573978239779
      ],
      [
       -76.6819290948241,
       38.87665118012918
      ],
      [
       -76.68338477973778,
       38.877101152079156
      ],
      [
       -76.68451601521302,
       38.87502964484764
      ],
      [
       -76.68574094196994,
       38.87542562016362
      ],
      [
       -76.68722004970405,
       38.87435877757678
      ],
      [
       -76.6902467986098,
       38.87431214412015
      ],
      [
       -76.6931520958541,
       38.87397671048471
      ],
      [
       -76.69433191199391,
       38.87276833126633
      ],
      [
       -76.69522631672932,
       38.8706730982411
      ],
      [
       -76.6963375994316,
       38.870853905151904
      ],
      [
       -76.69929928494729,
       38.872737242295244
      ],
      [
       -76.70099093308893,
       38.87346210620011
      ],
      [
       -76.70455814188814,
       38.87544198277998
      ],
      [
       -76.70630357576557,
       38.8760923967804
      ],
      [
       -76.71095257186357,
       38.876475282003284
      ],
      [
       -76.71434194072994,
       38.87580032407833
      ],
      [
       -76.71686726777627,
       38.87581668669469
      ],
      [
       -76.71885820751221,
       38.876912981990984
      ],
      [
       -76.71957563982664,
       38.877750747948745
      ],
      [
       -76.72074764835965,
       38.878049365697365
      ],
      [
       -76.72022627372728,
       38.88309314219114
      ],
      [
       -76.71970142904743,
       38.884312975240974
      ],
      [
       -76.7189388861159,
       38.89321014788815
      ],
      [
       -76.71820323605223,
       38.898355372603376
      ]
     ]
    ]
   }
  },
  {
   "type": "Feature",
   "properties": {
    "name": "Queensland",
    "geoid": "2464568"
   },
   "geometry": {
    "type": "Polygon",
    "coordinates": [
     [
      [
       -76.8248377948068,
       38.8140698994579
      ],
      [
       -76.81738933791235,
       38.81163186961987
      ],
      [
       -76.81411968568369,
       38.81112462851263
      ],
      [
       -76.81211920331721,
       38.81143388196188
      ],
      [
       -76.80775128106428,
       38.81260299090099
      ],
      [
       -76.80481735592836,
       38.813016146964145
      ],
      [
       -76.79814792469092,
       38.81340066844867
      ],
      [
       -76.79333323382623,
       38.81287133780934
      ],
      [
       -76.7886851052401,
       38.811832311670315
      ],
      [
       -76.78585181148081,
       38.81182003970804
      ],
      [
       -76.77634041136541,
       38.8130545991126
      ],
      [
       -76.77447179080279,
       38.81199839222639
      ],
      [
       -76.7699962970783,
       38.81154023896824
      ],
      [
       -76.76685677162978,
       38.81094218534019
      ],
      [
       -76.76322883699984,
       38.809799256587254
      ],
      [
       -76.7606583993364,
       38.80940164500964
      ],
      [
       -76.75865010936312,
       38.80944664220464
      ],
      [
       -76.75676934363435,
       38.80982134611935
      ],
      [
       -76.75285166004066,
       38.8112858002838
      ],
      [
       -76.7525862014092,
       38.809698626496626
      ],
      [
       -76.751827996037,
       38.80882240839041
      ],
      [
       -76.7493338994179,
       38.80728023179823
      ],
      [
       -76.74724926840027,
       38.807655753843754
      ],
      [
       -76.7476196959677,
       38.80675335555136
      ],
      [
       -76.74415919112819,
       38.807357136095135
      ],
      [
       -76.74217866153467,
       38.813643653301654
      ],
      [
       -76.73840064735165,
       38.81380400694201
      ],
      [
       -76.73997257885559,
       38.810520847968846
      ],
      [
       -76.74152108753908,
       38.80852379064179
      ],
      [
       -76.74255863173263,
       38.80768766094566
      ],
      [
       -76.75002183632884,
       38.80356673601474
      ],
      [
       -76.7527597037827,
       38.80178321083121
      ],
      [
       -76.75587667392267,
       38.799329636507636
      ],
      [
       -76.75755530938632,
       38.79845832718633
      ],
      [
       -76.76290091751392,
       38.79737512198312
      ],
      [
       -76.76495778815179,
       38.796679710787714
      ],
      [
       -76.76815456938357,
       38.79404205703006
      ],
      [
       -76.76997981435282,
       38.79298175948976
      ],
      [
       -76.77282438576638,
       38.79215381110181
      ],
      [
       -76.78007071239571,
       38.79183474008274
      ],
      [
       -76.78160100333001,
       38.79164002494802
      ],
      [
       -76.7841029075559,
       38.79056172852973
      ],
      [
       -76.79296020372321,
       38.78520624419424
      ],
      [
       -76.79479932888233,
       38.78409767693568
      ],
      [
       -76.79839863562064,
       38.785262695220695
      ],
      [
       -76.80055874017074,
       38.78659215780016
      ],
      [
       -76.80153382350983,
       38.78775390356191
      ],
      [
       -76.80364534739535,
       38.78946625136425
      ],
      [
       -76.80839237233438,
       38.7919860942841
      ],
      [
       -76.8108188030278,
       38.793731167319166
      ],
      [
       -76.8112195935106,
       38.79486836915637
      ],
      [
       -76.81068694122395,
       38.797071595449594
      ],
      [
       -76.81185114215015,
       38.79841660251461
      ],
      [
       -76.81212180585281,
       38.800839905997904
      ],
      [
       -76.81342480867781,
       38.80214727904528
      ],
      [
       -76.81312464957165,
       38.804254784032786
      ],
      [
       -76.81339704829806,
       38.8054558000738
      ],
      [
       -76.81510257662958,
       38.80702170245971
      ],
      [
       -76.81710392650793,
       38.81048894086694
      ],
      [
       -76.8187738868529,
       38.811171261969264
      ],
      [
       -76.82443787183587,
       38.810412036570035
      ],
      [
       -76.8248377948068,
       38.8140698994579
      ]
     ]
    ]
   }
  },
  {
   "type": "Feature",
   "properties": {
    "name": "Riverdale Park",
    "geoid": "2466635"
   },
   "geometry": {
    "type": "Polygon",
    "coordinates": [
     [
      [
       -76.94263723129623,
       38.96572599108399
      ],
      [
       -76.93902057432058,
       38.964542155790156
      ],
      [
       -76.93804896102897,
       38.97104465953266
      ],
      [
       -76.93162416813817,
       38.970666683094684
      ],
      [
       -76.93126501822502,
       38.97151835727636
      ],
      [
       -76.92475260663561,
       38.971205831303834
      ],
      [
       -76.92463462502162,
       38.97361686282486
      ],
      [
       -76.92533036953937,
       38.97532675623476
      ],
      [
       -76.91588143027843,
       38.97485469475269
      ],
      [
       -76.91594215610915,
       38.97568918818719
      ],
      [
       -76.91406312540413,
       38.97512222353022
      ],
      [
       -76.91579641411542,
       38.97240112042912
      ],
      [
       -76.914338994178,
       38.972059141747145
      ],
      [
       -76.91007430583731,
       38.97191760511561
      ],
      [
       -76.90486836712037,
       38.97191760511561
      ],
      [
       -76.90672918007618,
       38.96915232295032
      ],
      [
       -76.90311686065986,
       38.96772959345759
      ],
      [
       -76.90362001754302,
       38.96702927347727
      ],
      [
       -76.90654873760774,
       38.96724935066735
      ],
      [
       -76.90810765643366,
       38.967811406539404
      ],
      [
       -76.9105392921983,
       38.96944521378322
      ],
      [
       -76.91450208640909,
       38.97008335582136
      ],
      [
       -76.91466257610458,
       38.9693544012624
      ],
      [
       -76.916872996343,
       38.96939203528004
      ],
      [
       -76.91853861912863,
       38.966538394986394
      ],
      [
       -76.91886133354333,
       38.96394328403129
      ],
      [
       -76.91985203209603,
       38.96051695216495
      ],
      [
       -76.91767023974924,
       38.96017988226788
      ],
      [
       -76.9177517858648,
       38.95943865574666
      ],
      [
       -76.91579294406795,
       38.95998762152562
      ],
      [
       -76.91627181061881,
       38.95852071296871
      ],
      [
       -76.91441707024607,
       38.95806337784138
      ],
      [
       -76.91470074662675,
       38.956553926481924
      ],
      [
       -76.91727378682579,
       38.95679200255
      ],
      [
       -76.92007064508665,
       38.95780075784876
      ],
      [
       -76.9211984105144,
       38.957015352263355
      ],
      [
       -76.92279983742183,
       38.95472622223422
      ],
      [
       -76.92296726721227,
       38.953486754044754
      ],
      [
       -76.92355457274658,
       38.95353093310894
      ],
      [
       -76.92478990964591,
       38.95184885614686
      ],
      [
       -76.92611893782694,
       38.95101518084318
      ],
      [
       -76.92647375018075,
       38.951237712425716
      ],
      [
       -76.92519590519991,
       38.95247881687682
      ],
      [
       -76.92498162976864,
       38.95438587981388
      ],
      [
       -76.93001493362394,
       38.95584378893179
      ],
      [
       -76.93023267910269,
       38.9551901024081
      ],
      [
       -76.92939032507932,
       38.95420261851062
      ],
      [
       -76.92998977577977,
       38.95305396284196
      ],
      [
       -76.93167535133836,
       38.95151505877306
      ],
      [
       -76.9341173972454,
       38.95156496475297
      ],
      [
       -76.93563033794234,
       38.95724933767734
      ],
      [
       -76.93565896583397,
       38.95789566102366
      ],
      [
       -76.93703830970331,
       38.95793165877966
      ],
      [
       -76.9399063039373,
       38.957966838404836
      ],
      [
       -76.93943871504072,
       38.96151098110898
      ],
      [
       -76.94281073366973,
       38.96141935045735
      ],
      [
       -76.94304496187397,
       38.96345567806368
      ],
      [
       -76.94263723129623,
       38.96572599108399
      ]
     ]
    ]
   }
  },
  {
   "type": "Feature",
   "properties": {
    "name": "Rosaryville",
    "geoid": "2468300"
   },
   "geometry": {
    "type": "Polygon",
    "coordinates": [
     [
      [
       -76.84330365241865,
       38.78543613895414
      ],
      [
       -76.84267470631471,
       38.7856283996964
      ],
      [
       -76.8432516017066,
       38.78689813872614
      ],
      [
       -76.84286208887809,
       38.7874921017001
      ],
      [
       -76.83762058217458,
       38.792625872583876
      ],
      [
       -76.83541796954297,
       38.79503935849736
      ],
      [
       -76.8324987921088,
       38.7969906004986
      ],
      [
       -76.82841888379589,
       38.79889111838912
      ],
      [
       -76.82681311932912,
       38.799848331446334
      ],
      [
       -76.8257321995422,
       38.80087181309982
      ],
      [
       -76.8241299051229,
       38.80406088702889
      ],
      [
       -76.82383668611169,
       38.80591313520114
      ],
      [
       -76.82386965156266,
       38.808789683157684
      ],
      [
       -76.82443787183587,
       38.810412036570035
      ],
      [
       -76.8187738868529,
       38.811171261969264
      ],
      [
       -76.81710392650793,
       38.81048894086694
      ],
      [
       -76.81510257662958,
       38.80702170245971
      ],
      [
       -76.81339704829806,
       38.8054558000738
      ],
      [
       -76.81312464957165,
       38.804254784032786
      ],
      [
       -76.81342480867781,
       38.80214727904528
      ],
      [
       -76.81212180585281,
       38.800839905997904
      ],
      [
       -76.81185114215015,
       38.79841660251461
      ],
      [
       -76.81068694122395,
       38.797071595449594
      ],
      [
       -76.8112195935106,
       38.79486836915637
      ],
      [
       -76.8108188030278,
       38.793731167319166
      ],
      [
       -76.80839237233438,
       38.7919860942841
      ],
      [
       -76.80364534739535,
       38.78946625136425
      ],
      [
       -76.80153382350983,
       38.78775390356191
      ],
      [
       -76.80055874017074,
       38.78659215780016
      ],
      [
       -76.79839863562064,
       38.785262695220695
      ],
      [
       -76.79479932888233,
       38.78409767693568
      ],
      [
       -76.79677812345213,
       38.78249004987805
      ],
      [
       -76.79836393514594,
       38.7802450989131
      ],
      [
       -76.80378414929415,
       38.76837402074202
      ],
      [
       -76.80464472106672,
       38.76663140209941
      ],
      [
       -76.81809462506062,
       38.74335803471604
      ],
      [
       -76.81935685482786,
       38.7412448028128
      ],
      [
       -76.82077263419563,
       38.73957663407464
      ],
      [
       -76.82950327363028,
       38.732521892029894
      ],
      [
       -76.83142220988121,
       38.73366236639037
      ],
      [
       -76.83288570240171,
       38.73318621425422
      ],
      [
       -76.83408460380261,
       38.73386526283326
      ],
      [
       -76.83289871507972,
       38.734455135153134
      ],
      [
       -76.83335762885763,
       38.735612790260795
      ],
      [
       -76.83435787004088,
       38.736457919395924
      ],
      [
       -76.83977895170095,
       38.73425632936433
      ],
      [
       -76.84216807938408,
       38.73174630401431
      ],
      [
       -76.84295057508858,
       38.731375690753694
      ],
      [
       -76.84399419186519,
       38.729237096795096
      ],
      [
       -76.84580902669202,
       38.72813425645226
      ],
      [
       -76.84683182318382,
       38.72941872183672
      ],
      [
       -76.84787283742484,
       38.729755791733794
      ],
      [
       -76.84926866401966,
       38.729447356415356
      ],
      [
       -76.85087442848643,
       38.729925962943966
      ],
      [
       -76.85438438150238,
       38.72961098257898
      ],
      [
       -76.85616191331891,
       38.7290611986692
      ],
      [
       -76.85876184638585,
       38.7298056977137
      ],
      [
       -76.86047518232418,
       38.73005604574405
      ],
      [
       -76.8632356050866,
       38.730912628710634
      ],
      [
       -76.8637673898614,
       38.73149022906823
      ],
      [
       -76.86609665922566,
       38.732241273159275
      ],
      [
       -76.87018090509791,
       38.73414015478816
      ],
      [
       -76.86883365916766,
       38.7345843998224
      ],
      [
       -76.86793057931358,
       38.734263692541695
      ],
      [
       -76.86486392486192,
       38.73492065158865
      ],
      [
       -76.86432519999221,
       38.734648214026215
      ],
      [
       -76.86113362383162,
       38.73523972260772
      ],
      [
       -76.85924331547231,
       38.73695207041007
      ],
      [
       -76.85711617637318,
       38.737558305346305
      ],
      [
       -76.8553585973296,
       38.73896385409186
      ],
      [
       -76.85496387942989,
       38.739808165096164
      ],
      [
       -76.8532757013357,
       38.740200867888866
      ],
      [
       -76.8521809013589,
       38.741860855318855
      ],
      [
       -76.84970068492969,
       38.74346439172239
      ],
      [
       -76.84653860417261,
       38.74619613052413
      ],
      [
       -76.84606928025228,
       38.74631066883867
      ],
      [
       -76.8446561034201,
       38.748294636072636
      ],
      [
       -76.8444053924904,
       38.75082266030066
      ],
      [
       -76.84370617792518,
       38.75254318941119
      ],
      [
       -76.84193298366799,
       38.75432180580981
      ],
      [
       -76.84123637163837,
       38.75701018367818
      ],
      [
       -76.84144717702218,
       38.7601198989179
      ],
      [
       -76.84322037127937,
       38.76374830909631
      ],
      [
       -76.84327502452703,
       38.76513422270222
      ],
      [
       -76.84217588699089,
       38.766876023214024
      ],
      [
       -76.84129015737416,
       38.769720664068664
      ],
      [
       -76.84163282456183,
       38.77043816479617
      ],
      [
       -76.8409127897118,
       38.77077032590833
      ],
      [
       -76.84077572283672,
       38.772000794658794
      ],
      [
       -76.84112966767867,
       38.77387595049395
      ],
      [
       -76.83909101479001,
       38.77463926654727
      ],
      [
       -76.83765962020863,
       38.77625671117471
      ],
      [
       -76.8379675869216,
       38.77740127618928
      ],
      [
       -76.83897216566417,
       38.77810895934696
      ],
      [
       -76.8397242984533,
       38.780420997039
      ],
      [
       -76.84330365241865,
       38.78543613895414
      ]
     ]
    ]
   }
  },
  {
   "type": "Feature",
   "properties": {
    "name": "Seabrook",
    "geoid": "2470775"
   },
   "geometry": {
    "type": "Polygon",
    "coordinates": [
     [
      [
       -76.87145614754316,
       38.979397775185774
      ],
      [
       -76.8669312056422,
       38.98022408731209
      ],
      [
       -76.8669286031066,
       38.98431228701029
      ],
      [
       -76.86464010680011,
       38.98521059464859
      ],
      [
       -76.86480493405493,
       38.98576283295083
      ],
      [
       -76.8628218019258,
       38.9860639050919
      ],
      [
       -76.8600553065803,
       38.9909096939277
      ],
      [
       -76.86026264191665,
       38.99149792998593
      ],
      [
       -76.85430023285123,
       38.99116331448131
      ],
      [
       -76.850648007889,
       38.99072725075525
      ],
      [
       -76.84879500254,
       38.99084587972388
      ],
      [
       -76.8438978980479,
       38.992047713895715
      ],
      [
       -76.84140293391694,
       38.991897995955995
      ],
      [
       -76.83795023668424,
       38.991004597102595
      ],
      [
       -76.835993997423,
       38.99091296645096
      ],
      [
       -76.83185856835057,
       38.991062684390684
      ],
      [
       -76.82769190885091,
       38.990885968133966
      ],
      [
       -76.82068328047329,
       38.98953768854569
      ],
      [
       -76.81803563425363,
       38.98831621923422
      ],
      [
       -76.82310624111925,
       38.985120600258604
      ],
      [
       -76.8284318964739,
       38.98182598745399
      ],
      [
       -76.83586040059541,
       38.978180396528394
      ],
      [
       -76.83990821096921,
       38.975829906687906
      ],
      [
       -76.85211670548071,
       38.96952702686503
      ],
      [
       -76.85290180372081,
       38.96905823790624
      ],
      [
       -76.85935695952696,
       38.96439489224289
      ],
      [
       -76.86148409862611,
       38.96296970835771
      ],
      [
       -76.86326336546637,
       38.96128517700318
      ],
      [
       -76.8660368009068,
       38.95965873293673
      ],
      [
       -76.86684879201479,
       38.962454285942286
      ],
      [
       -76.86554058411859,
       38.962495192483196
      ],
      [
       -76.86555186177286,
       38.96410609206409
      ],
      [
       -76.86416471029672,
       38.96423781112581
      ],
      [
       -76.86438072075173,
       38.96499130960931
      ],
      [
       -76.86557181454582,
       38.964906224004224
      ],
      [
       -76.86557615210515,
       38.968154203352206
      ],
      [
       -76.86924572730473,
       38.966424674802674
      ],
      [
       -76.869446990058,
       38.9704596959977
      ],
      [
       -76.86998224488025,
       38.972415846783846
      ],
      [
       -76.87211372153872,
       38.97558773996574
      ],
      [
       -76.87411507141708,
       38.97793004849805
      ],
      [
       -76.87145614754316,
       38.979397775185774
      ]
     ]
    ]
   }
  },
  {
   "type": "Feature",
   "properties": {
    "name": "Seat Pleasant",
    "geoid": "2470850"
   },
   "geometry": {
    "type": "Polygon",
    "coordinates": [
     [
      [
       -76.91069023926325,
       38.89963983798784
      ],
      [
       -76.90825686847487,
       38.9003377035757
      ],
      [
       -76.90049957735557,
       38.90219813305613
      ],
      [
       -76.89952189148089,
       38.903353333771335
      ],
      [
       -76.89948372095873,
       38.903395876573875
      ],
      [
       -76.89752921672122,
       38.90248038818839
      ],
      [
       -76.89661312418913,
       38.90168925568726
      ],
      [
       -76.8946109067989,
       38.90153135643936
      ],
      [
       -76.89353519208319,
       38.90232003454803
      ],
      [
       -76.89105584316584,
       38.900893214401215
      ],
      [
       -76.88819912658613,
       38.901219648597646
      ],
      [
       -76.89011285776586,
       38.89997281723082
      ],
      [
       -76.89968585122385,
       38.89748733580534
      ],
      [
       -76.899364004321,
       38.8956989018369
      ],
      [
       -76.89751186648387,
       38.89508612185412
      ],
      [
       -76.89683260469161,
       38.89411990935791
      ],
      [
       -76.89538212484912,
       38.89329277910078
      ],
      [
       -76.8942612995163,
       38.89159597578398
      ],
      [
       -76.89413811283111,
       38.8894402010782
      ],
      [
       -76.89270411571412,
       38.88749386786187
      ],
      [
       -76.89739908994109,
       38.886840999469
      ],
      [
       -76.90028356690057,
       38.88670600788401
      ],
      [
       -76.90169240617341,
       38.88681972806773
      ],
      [
       -76.9039088989949,
       38.88884787436587
      ],
      [
       -76.90345432277633,
       38.88931011827812
      ],
      [
       -76.90761057213358,
       38.89261782117582
      ],
      [
       -76.91050198918799,
       38.89375011422811
      ],
      [
       -76.91286769405069,
       38.89558436352237
      ],
      [
       -76.9114310943981,
       38.89782195130995
      ],
      [
       -76.9103441020281,
       38.89864499091299
      ],
      [
       -76.91069023926325,
       38.89963983798784
      ]
     ]
    ]
   }
  },
  {
   "type": "Feature",
   "properties": {
    "name": "Silver Hill",
    "geoid": "2472350"
   },
   "geometry": {
    "type": "Polygon",
    "coordinates": [
     [
      [
       -76.95601166175766,
       38.85231915146715
      ],
      [
       -76.95317923551023,
       38.85234205913006
      ],
      [
       -76.94878528790129,
       38.851424934482935
      ],
      [
       -76.94602313011514,
       38.850048020316024
      ],
      [
       -76.9440373954504,
       38.84848620858421
      ],
      [
       -76.94184432544932,
       38.84717229049029
      ],
      [
       -76.93648657215557,
       38.84557284474084
      ],
      [
       -76.93433340770041,
       38.84479480233281
      ],
      [
       -76.93266865242666,
       38.843611785169784
      ],
      [
       -76.92997589558989,
       38.84009136825937
      ],
      [
       -76.92724063067163,
       38.83782514589315
      ],
      [
       -76.92450276321776,
       38.83655131620932
      ],
      [
       -76.9217006998857,
       38.835738094176094
      ],
      [
       -76.91775091835292,
       38.83484060466861
      ],
      [
       -76.91463828577228,
       38.83443317552118
      ],
      [
       -76.91168527537528,
       38.83436363440163
      ],
      [
       -76.91346974728675,
       38.83377376208176
      ],
      [
       -76.91443875804276,
       38.83404129085929
      ],
      [
       -76.91539215358516,
       38.83337696863497
      ],
      [
       -76.91853428156928,
       38.83259810809611
      ],
      [
       -76.91928034177535,
       38.831671165879165
      ],
      [
       -76.92100322034422,
       38.83093812066612
      ],
      [
       -76.9221119005109,
       38.830835854313854
      ],
      [
       -76.92418091631492,
       38.82976982985783
      ],
      [
       -76.925706002178,
       38.82946793958594
      ],
      [
       -76.92599835367736,
       38.82838227999028
      ],
      [
       -76.92714260183061,
       38.82732361871162
      ],
      [
       -76.9307046055586,
       38.8297371046251
      ],
      [
       -76.93330106857807,
       38.83075567749368
      ],
      [
       -76.93786331348932,
       38.83172188998989
      ],
      [
       -76.93970070362471,
       38.832309307917306
      ],
      [
       -76.94165260532661,
       38.83359459143259
      ],
      [
       -76.94502375644376,
       38.83770324440125
      ],
      [
       -76.95266393346094,
       38.84765416954217
      ],
      [
       -76.95601166175766,
       38.85231915146715
      ]
     ]
    ]
   }
  },
  {
   "type": "Feature",
   "properties": {
    "name": "South Laurel",
    "geoid": "2473650"
   },
   "geometry": {
    "type": "Polygon",
    "coordinates": [
     [
      [
       -76.88503357578158,
       39.06210834650635
      ],
      [
       -76.88107425161826,
       39.06553304211104
      ],
      [
       -76.87799892204792,
       39.06767409046209
      ],
      [
       -76.87198793231794,
       39.072941216669214
      ],
      [
       -76.86836173271173,
       39.076247283305285
      ],
      [
       -76.86658940596641,
       39.07783036643837
      ],
      [
       -76.85879567934869,
       39.08998288161088
      ],
      [
       -76.85763928602928,
       39.08992233993034
      ],
      [
       -76.855905997318,
       39.09061611486411
      ],
      [
       -76.85754732977134,
       39.09147187969988
      ],
      [
       -76.85666073264274,
       39.0914816972697
      ],
      [
       -76.85482421001922,
       39.09158805427605
      ],
      [
       -76.84842457497258,
       39.09350575291375
      ],
      [
       -76.85010234292434,
       39.09045412496212
      ],
      [
       -76.8475856909967,
       39.09019886814687
      ],
      [
       -76.84725603648704,
       39.0912608019488
      ],
      [
       -76.84644231035531,
       39.09117408008208
      ],
      [
       -76.84626620544621,
       39.092214742482746
      ],
      [
       -76.84752323014223,
       39.09233664397465
      ],
      [
       -76.84723521620222,
       39.09300014806815
      ],
      [
       -76.84615863397464,
       39.092892972930976
      ],
      [
       -76.8460233021233,
       39.09377982673783
      ],
      [
       -76.84379726667127,
       39.09270889349689
      ],
      [
       -76.84596691385191,
       39.089394645552645
      ],
      [
       -76.84664357310858,
       39.08720123682924
      ],
      [
       -76.84520523843224,
       39.08707279029079
      ],
      [
       -76.84530500229701,
       39.08650500750301
      ],
      [
       -76.84689168150268,
       39.086671906189906
      ],
      [
       -76.84729594203294,
       39.08436477728278
      ],
      [
       -76.84547503462304,
       39.083963893181895
      ],
      [
       -76.8444105975616,
       39.08295513788314
      ],
      [
       -76.8344211984072,
       39.0834631971212
      ],
      [
       -76.83490787256487,
       39.08287087040887
      ],
      [
       -76.83340794454595,
       39.077791096159096
      ],
      [
       -76.8323998957559,
       39.07614910760711
      ],
      [
       -76.83439604056305,
       39.07539479099279
      ],
      [
       -76.83503713183313,
       39.07439667139467
      ],
      [
       -76.83594021168722,
       39.074404852702855
      ],
      [
       -76.83653879487579,
       39.07358099496899
      ],
      [
       -76.83729526522427,
       39.07410378056178
      ],
      [
       -76.83813675173576,
       39.07331182992983
      ],
      [
       -76.83735165349566,
       39.071327044565045
      ],
      [
       -76.83738982401783,
       39.070149754317754
      ],
      [
       -76.83584131533432,
       39.067966163164165
      ],
      [
       -76.83338365421366,
       39.06843740651541
      ],
      [
       -76.83330384312184,
       39.069378256956256
      ],
      [
       -76.83169894616695,
       39.069208085746084
      ],
      [
       -76.83031873478573,
       39.06784017101817
      ],
      [
       -76.82996305492006,
       39.0665057996538
      ],
      [
       -76.82916060644261,
       39.06571712154512
      ],
      [
       -76.82933237379238,
       39.06468791297591
      ],
      [
       -76.8279938029808,
       39.064853175401176
      ],
      [
       -76.82750105624005,
       39.06572039406839
      ],
      [
       -76.82649387496188,
       39.06569503201303
      ],
      [
       -76.82232634795035,
       39.063337997126
      ],
      [
       -76.82120292008192,
       39.063539257307255
      ],
      [
       -76.81959108303208,
       39.06246586967387
      ],
      [
       -76.81726268117968,
       39.06177373100173
      ],
      [
       -76.81620518421319,
       39.06262295079095
      ],
      [
       -76.81499327013427,
       39.06176718595518
      ],
      [
       -76.81316802516503,
       39.06228097210897
      ],
      [
       -76.81136273296873,
       39.06105295775096
      ],
      [
       -76.81053686167087,
       39.060922056820054
      ],
      [
       -76.81085784106185,
       39.0606937983218
      ],
      [
       -76.81338837317938,
       39.061259126717125
      ],
      [
       -76.81508696141596,
       39.05822877016677
      ],
      [
       -76.81775195787296,
       39.055263864081866
      ],
      [
       -76.81567600197401,
       39.0542322011202
      ],
      [
       -76.81775716294416,
       39.053000914238915
      ],
      [
       -76.81932475688876,
       39.05395730916531
      ],
      [
       -76.82074400630401,
       39.05354088057888
      ],
      [
       -76.82074487381588,
       39.05215905762706
      ],
      [
       -76.8190619007929,
       39.050493343281346
      ],
      [
       -76.81743531604133,
       39.04964330536131
      ],
      [
       -76.81664501273002,
       39.04873518015318
      ],
      [
       -76.81612884316884,
       39.04614334172134
      ],
      [
       -76.81604122447023,
       39.04430172924973
      ],
      [
       -76.81685321557822,
       39.0409433022413
      ],
      [
       -76.81869841332042,
       39.03832037483838
      ],
      [
       -76.82122374036675,
       39.03638713171513
      ],
      [
       -76.82637676085976,
       39.03369466319266
      ],
      [
       -76.8296628958139,
       39.03263682004482
      ],
      [
       -76.83235391762692,
       39.032316112764114
      ],
      [
       -76.83477687827288,
       39.03236765500566
      ],
      [
       -76.84120687623488,
       39.03340586301386
      ],
      [
       -76.84471682925083,
       39.033846835524834
      ],
      [
       -76.84852173630173,
       39.03376829496629
      ],
      [
       -76.85225116982018,
       39.03334532133332
      ],
      [
       -76.8503278960099,
       39.037057998986
      ],
      [
       -76.85082931786933,
       39.037248623466624
      ],
      [
       -76.85045715527816,
       39.03870980510781
      ],
      [
       -76.85243941989542,
       39.040680682248684
      ],
      [
       -76.85314123699624,
       39.04199787286587
      ],
      [
       -76.85361576598777,
       39.044162647010644
      ],
      [
       -76.85325401353901,
       39.04635523760324
      ],
      [
       -76.8535854030724,
       39.046922202260205
      ],
      [
       -76.85923377284178,
       39.048529011187014
      ],
      [
       -76.86006658423459,
       39.04912133789934
      ],
      [
       -76.8617885952916,
       39.0495484021864
      ],
      [
       -76.85926413575714,
       39.051350744378745
      ],
      [
       -76.85715261187161,
       39.05390085813886
      ],
      [
       -76.85528312379712,
       39.05528022669823
      ],
      [
       -76.85506798085399,
       39.05582919247719
      ],
      [
       -76.86134182667983,
       39.05562711416511
      ],
      [
       -76.8637430995291,
       39.055785013413015
      ],
      [
       -76.8672998981859,
       39.05647878834679
      ],
      [
       -76.86985125058825,
       39.056252984240984
      ],
      [
       -76.87187168572768,
       39.056612143670144
      ],
      [
       -76.87570608818208,
       39.058169046617046
      ],
      [
       -76.87885081870182,
       39.05896836042636
      ],
      [
       -76.88123994638495,
       39.05990102955903
      ],
      [
       -76.88408278277478,
       39.06171400745201
      ],
      [
       -76.88503357578158,
       39.06210834650635
      ]
     ]
    ]
   }
  },
  {
   "type": "Feature",
   "properties": {
    "name": "Springdale",
    "geoid": "2474282"
   },
   "geometry": {
    "type": "Polygon",
    "coordinates": [
     [
      [
       -76.85850159282559,
       38.94554434006234
      ],
      [
       -76.84778174867876,
       38.94644592022392
      ],
      [
       -76.8390753995764,
       38.94710778805579
      ],
      [
       -76.83995765914567,
       38.94491192493992
      ],
      [
       -76.83972690098891,
       38.94428932738733
      ],
      [
       -76.83850197423197,
       38.94358491675292
      ],
      [
       -76.8363783051803,
       38.94019376451177
      ],
      [
       -76.83588122088022,
       38.938707220815225
      ],
      [
       -76.8332248995419,
       38.93586667061467
      ],
      [
       -76.83046968185069,
       38.933606993294994
      ],
      [
       -76.83218388530089,
       38.93289931013731
      ],
      [
       -76.83602522785023,
       38.927651000939
      ],
      [
       -76.83777066172766,
       38.92621190882991
      ],
      [
       -76.83809424365424,
       38.92471309317109
      ],
      [
       -76.83907626708827,
       38.92321264125064
      ],
      [
       -76.83929488007888,
       38.92141275345075
      ],
      [
       -76.84123723915025,
       38.919062263610265
      ],
      [
       -76.843654994725,
       38.92103723140523
      ],
      [
       -76.8441781043811,
       38.9235578924559
      ],
      [
       -76.84385886001387,
       38.923709246657246
      ],
      [
       -76.84520957599157,
       38.930468643476644
      ],
      [
       -76.84551060260961,
       38.93051282254082
      ],
      [
       -76.84480271292571,
       38.9337698013278
      ],
      [
       -76.84599814427915,
       38.934520845418845
      ],
      [
       -76.84571013033913,
       38.93646063358863
      ],
      [
       -76.84815477878178,
       38.936687255825255
      ],
      [
       -76.8501248982329,
       38.93712659207459
      ],
      [
       -76.85146173402073,
       38.93105687953488
      ],
      [
       -76.852952986921,
       38.931164872802874
      ],
      [
       -76.85318461258962,
       38.93370516899317
      ],
      [
       -76.85502026770126,
       38.93296803312603
      ],
      [
       -76.85567784169685,
       38.93793326906127
      ],
      [
       -76.85700426734228,
       38.94237735566536
      ],
      [
       -76.85850159282559,
       38.94554434006234
      ]
     ]
    ]
   }
  },
  {
   "type": "Feature",
   "properties": {
    "name": "Suitland",
    "geoid": "2475725"
   },
   "geometry": {
    "type": "Polygon",
    "coordinates": [
     [
      [
       -76.9468090958671,
       38.863701805539804
      ],
      [
       -76.94366523285923,
       38.86279695285496
      ],
      [
       -76.94141230453931,
       38.86280022537822
      ],
      [
       -76.93589926662126,
       38.864048693006694
      ],
      [
       -76.9303896987507,
       38.865724224922225
      ],
      [
       -76.92859308167309,
       38.865833036321035
      ],
      [
       -76.92639827664829,
       38.86544033352833
      ],
      [
       -76.92485931059531,
       38.864727741585746
      ],
      [
       -76.91923783369384,
       38.860543002451
      ],
      [
       -76.91319734856035,
       38.85532578222379
      ],
      [
       -76.91086634417235,
       38.853475170313175
      ],
      [
       -76.90716033347434,
       38.85102486851287
      ],
      [
       -76.90604037565338,
       38.85047426647227
      ],
      [
       -76.89328361364161,
       38.84580028510829
      ],
      [
       -76.89182359116859,
       38.845375675213674
      ],
      [
       -76.88739407557308,
       38.844182022350026
      ],
      [
       -76.88813406319606,
       38.84264966332766
      ],
      [
       -76.88761182105182,
       38.840017736485734
      ],
      [
       -76.88948391166191,
       38.8376197950578
      ],
      [
       -76.89012066537266,
       38.83549674558475
      ],
      [
       -76.894295999991,
       38.8362077012657
      ],
      [
       -76.8992573003613,
       38.83621097378897
      ],
      [
       -76.90913132043733,
       38.83457798467599
      ],
      [
       -76.91168527537528,
       38.83436363440163
      ],
      [
       -76.91463828577228,
       38.83443317552118
      ],
      [
       -76.91775091835292,
       38.83484060466861
      ],
      [
       -76.9217006998857,
       38.835738094176094
      ],
      [
       -76.92450276321776,
       38.83655131620932
      ],
      [
       -76.92724063067163,
       38.83782514589315
      ],
      [
       -76.92997589558989,
       38.84009136825937
      ],
      [
       -76.93266865242666,
       38.843611785169784
      ],
      [
       -76.93433340770041,
       38.84479480233281
      ],
      [
       -76.93648657215557,
       38.84557284474084
      ],
      [
       -76.94184432544932,
       38.84717229049029
      ],
      [
       -76.9440373954504,
       38.84848620858421
      ],
      [
       -76.94602313011514,
       38.850048020316024
      ],
      [
       -76.94878528790129,
       38.851424934482935
      ],
      [
       -76.95317923551023,
       38.85234205913006
      ],
      [
       -76.95601166175766,
       38.85231915146715
      ],
      [
       -76.95811017296518,
       38.85490935363735
      ],
      [
       -76.9468090958671,
       38.863701805539804
      ]
     ]
    ]
   }
  },
  {
   "type": "Feature",
   "properties": {
    "name": "Summerfield",
    "geoid": "2475810"
   },
   "geometry": {
    "type": "Polygon",
    "coordinates": [
     [
      [
       -76.89948372095873,
       38.903395876573875
      ],
      [
       -76.89806013398413,
       38.90481778793579
      ],
      [
       -76.89513141391942,
       38.90700383348184
      ],
      [
       -76.89208471224072,
       38.90958094555894
      ],
      [
       -76.89014235316935,
       38.910098004236005
      ],
      [
       -76.88598176625277,
       38.91237240791041
      ],
      [
       -76.88355793809494,
       38.912876376494374
      ],
      [
       -76.87313825305425,
       38.912702114630115
      ],
      [
       -76.87191506132106,
       38.91278310958111
      ],
      [
       -76.86124813539814,
       38.91464926597727
      ],
      [
       -76.86048472495473,
       38.91607772238572
      ],
      [
       -76.860090007055,
       38.918515752223755
      ],
      [
       -76.86028606473707,
       38.91972494957295
      ],
      [
       -76.85984883875584,
       38.920990597948595
      ],
      [
       -76.85854670344271,
       38.92316600779401
      ],
      [
       -76.85837667111667,
       38.924149401037404
      ],
      [
       -76.85934568187268,
       38.92897964538765
      ],
      [
       -76.85776160520261,
       38.92896491903292
      ],
      [
       -76.85660607939508,
       38.92845685979486
      ],
      [
       -76.85445898752299,
       38.92823514634315
      ],
      [
       -76.85403217168417,
       38.9251377030657
      ],
      [
       -76.85293129912431,
       38.92087115084915
      ],
      [
       -76.85180787125587,
       38.9172001978682
      ],
      [
       -76.85022032453833,
       38.91191916343716
      ],
      [
       -76.84975013310614,
       38.90964312350113
      ],
      [
       -76.84980391884193,
       38.90780396542197
      ],
      [
       -76.850634995211,
       38.903763217311216
      ],
      [
       -76.8507174088384,
       38.902459934917935
      ],
      [
       -76.850228999657,
       38.899703652191654
      ],
      [
       -76.84734365518565,
       38.89216375857176
      ],
      [
       -76.85136891025091,
       38.89103064738865
      ],
      [
       -76.858237001706,
       38.89024769619569
      ],
      [
       -76.87042901349201,
       38.88911785753586
      ],
      [
       -76.87726934456735,
       38.88868015754816
      ],
      [
       -76.87862006054506,
       38.894083093471096
      ],
      [
       -76.87980421424422,
       38.895965612483614
      ],
      [
       -76.88190966554667,
       38.89690319040119
      ],
      [
       -76.88299318786919,
       38.898167202515204
      ],
      [
       -76.88382426423827,
       38.90017816806617
      ],
      [
       -76.8849633073203,
       38.9013120973801
      ],
      [
       -76.88672782645882,
       38.902135955113955
      ],
      [
       -76.88819912658613,
       38.901219648597646
      ],
      [
       -76.89105584316584,
       38.900893214401215
      ],
      [
       -76.89353519208319,
       38.90232003454803
      ],
      [
       -76.8946109067989,
       38.90153135643936
      ],
      [
       -76.89661312418913,
       38.90168925568726
      ],
      [
       -76.89752921672122,
       38.90248038818839
      ],
      [
       -76.89948372095873,
       38.903395876573875
      ]
     ]
    ]
   }
  },
  {
   "type": "Feature",
   "properties": {
    "name": "Temple Hills",
    "geoid": "2477100"
   },
   "geometry": {
    "type": "Polygon",
    "coordinates": [
     [
      [
       -76.97046267444668,
       38.80877659306459
      ],
      [
       -76.96812906752307,
       38.80913575249375
      ],
      [
       -76.96566099626,
       38.80988516032316
      ],
      [
       -76.96404742418643,
       38.810761378429376
      ],
      [
       -76.96060166704866,
       38.81309796004596
      ],
      [
       -76.95851790354291,
       38.814114896652896
      ],
      [
       -76.94740073896074,
       38.81770567281367
      ],
      [
       -76.9435593964114,
       38.81820882326682
      ],
      [
       -76.93734107134507,
       38.81796502028302
      ],
      [
       -76.93539263969065,
       38.81808364925165
      ],
      [
       -76.93115918177719,
       38.818842874650876
      ],
      [
       -76.93165366354167,
       38.81685481676282
      ],
      [
       -76.93167361631461,
       38.81499438728239
      ],
      [
       -76.93701835693035,
       38.80883713474513
      ],
      [
       -76.93844714897615,
       38.807398042636045
      ],
      [
       -76.94203257552458,
       38.804267055995055
      ],
      [
       -76.9446594014594,
       38.80363136834937
      ],
      [
       -76.94545230730631,
       38.80226181735982
      ],
      [
       -76.94667463152763,
       38.80266924650725
      ],
      [
       -76.95008742321443,
       38.80320266780067
      ],
      [
       -76.9529267895568,
       38.804102611700614
      ],
      [
       -76.95516930773431,
       38.803817084045086
      ],
      [
       -76.95690606649306,
       38.8041876973057
      ],
      [
       -76.95897508229709,
       38.80513100213901
      ],
      [
       -76.96244512976713,
       38.80578468866269
      ],
      [
       -76.9641307053257,
       38.805544976332975
      ],
      [
       -76.96569396171097,
       38.8047922959803
      ],
      [
       -76.9679278047698,
       38.804988647376646
      ],
      [
       -76.97069343260344,
       38.80584604847405
      ],
      [
       -76.97316584142584,
       38.80568324044124
      ],
      [
       -76.97046267444668,
       38.80877659306459
      ]
     ]
    ]
   }
  },
  {
   "type": "Feature",
   "properties": {
    "name": "University Park",
    "geoid": "2479675"
   },
   "geometry": {
    "type": "Polygon",
    "coordinates": [
     [
      [
       -76.95426536036837,
       38.97897234716035
      ],
      [
       -76.94726974466874,
       38.977268998797
      ],
      [
       -76.9424671989702,
       38.97584136051936
      ],
      [
       -76.94090307507308,
       38.97689838553639
      ],
      [
       -76.93793097941499,
       38.976356782934786
      ],
      [
       -76.93804896102897,
       38.97104465953266
      ],
      [
       -76.93902057432058,
       38.964542155790156
      ],
      [
       -76.94263723129623,
       38.96572599108399
      ],
      [
       -76.94436878498378,
       38.966030335748336
      ],
      [
       -76.94833071168271,
       38.966293773871776
      ],
      [
       -76.94877834780635,
       38.96772223028023
      ],
      [
       -76.94919475350275,
       38.97112565448366
      ],
      [
       -76.94975863621664,
       38.97237494024294
      ],
      [
       -76.95426536036837,
       38.97897234716035
      ]
     ]
    ]
   }
  },
  {
   "type": "Feature",
   "properties": {
    "name": "Upper Marlboro",
    "geoid": "2479875"
   },
   "geometry": {
    "type": "Polygon",
    "coordinates": [
     [
      [
       -76.74806472955574,
       38.821722695130696
      ],
      [
       -76.74708530865732,
       38.820246787134785
      ],
      [
       -76.74582828396129,
       38.82005698078498
      ],
      [
       -76.74452441362442,
       38.8192593032373
      ],
      [
       -76.74278505233005,
       38.81751177580978
      ],
      [
       -76.74207282508682,
       38.81556871511672
      ],
      [
       -76.74217866153467,
       38.813643653301654
      ],
      [
       -76.74415919112819,
       38.807357136095135
      ],
      [
       -76.7476196959677,
       38.80675335555136
      ],
      [
       -76.74724926840027,
       38.807655753843754
      ],
      [
       -76.7493338994179,
       38.80728023179823
      ],
      [
       -76.751827996037,
       38.80882240839041
      ],
      [
       -76.7525862014092,
       38.809698626496626
      ],
      [
       -76.75285166004066,
       38.8112858002838
      ],
      [
       -76.75083642997244,
       38.812710166038165
      ],
      [
       -76.75064470984971,
       38.81425806954607
      ],
      [
       -76.75179503058604,
       38.81311595892396
      ],
      [
       -76.75254109079209,
       38.813687014235015
      ],
      [
       -76.75467083242684,
       38.81328367574168
      ],
      [
       -76.75643101400601,
       38.81351684302484
      ],
      [
       -76.75951068113568,
       38.81186176437976
      ],
      [
       -76.7603218047318,
       38.811940304938304
      ],
      [
       -76.76398877739578,
       38.81765003991804
      ],
      [
       -76.76331905823406,
       38.81823336719137
      ],
      [
       -76.76099325891727,
       38.81907931445731
      ],
      [
       -76.75990973659474,
       38.819981712749716
      ],
      [
       -76.75646137692138,
       38.820725393663395
      ],
      [
       -76.7544235915446,
       38.82185523232323
      ],
      [
       -76.75373391960993,
       38.82137008074808
      ],
      [
       -76.75174558240958,
       38.82097737795538
      ],
      [
       -76.74962191335791,
       38.82167115288915
      ],
      [
       -76.74806472955574,
       38.821722695130696
      ]
     ]
    ]
   }
  },
  {
   "type": "Feature",
   "properties": {
    "name": "Walker Mill",
    "geoid": "2481250"
   },
   "geometry": {
    "type": "Polygon",
    "coordinates": [
     [
      [
       -76.90232829237229,
       38.86341464162264
      ],
      [
       -76.90131156846357,
       38.86297203285003
      ],
      [
       -76.90135407654508,
       38.86375907469708
      ],
      [
       -76.90060541380342,
       38.86420413786214
      ],
      [
       -76.90094808099109,
       38.862914763692764
      ],
      [
       -76.89702085476685,
       38.86362081058881
      ],
      [
       -76.89408172455973,
       38.86464511037311
      ],
      [
       -76.89310317117318,
       38.865598232776236
      ],
      [
       -76.89383621870122,
       38.8660752030432
      ],
      [
       -76.89239094392994,
       38.86668961928762
      ],
      [
       -76.89274662379563,
       38.867807185985185
      ],
      [
       -76.89125363587164,
       38.868675222783224
      ],
      [
       -76.8939142947693,
       38.870307393765394
      ],
      [
       -76.89310403868504,
       38.868520596058595
      ],
      [
       -76.89296697180997,
       38.86824570410371
      ],
      [
       -76.8945310957071,
       38.86821870578671
      ],
      [
       -76.89468030774832,
       38.87093980888781
      ],
      [
       -76.89596162277662,
       38.87140532532332
      ],
      [
       -76.89813387249288,
       38.873020315558314
      ],
      [
       -76.90066180207481,
       38.87456085588886
      ],
      [
       -76.9016498980919,
       38.87362164170964
      ],
      [
       -76.9022293960194,
       38.87449295103095
      ],
      [
       -76.9012118045988,
       38.87489465326266
      ],
      [
       -76.90134366640267,
       38.87611694070494
      ],
      [
       -76.90213657224957,
       38.87593777005577
      ],
      [
       -76.9025043972814,
       38.87719278273078
      ],
      [
       -76.90317498395498,
       38.877669752997754
      ],
      [
       -76.90176787970589,
       38.877875103833105
      ],
      [
       -76.90266575448875,
       38.88082691982492
      ],
      [
       -76.90246796178296,
       38.880861281319284
      ],
      [
       -76.9036685982076,
       38.886057230145234
      ],
      [
       -76.90174185434985,
       38.886328031446034
      ],
      [
       -76.90028356690057,
       38.88670600788401
      ],
      [
       -76.89739908994109,
       38.886840999469
      ],
      [
       -76.89270411571412,
       38.88749386786187
      ],
      [
       -76.8899141975482,
       38.88768121981922
      ],
      [
       -76.88490171397771,
       38.88770167308967
      ],
      [
       -76.8826860886681,
       38.8878742986923
      ],
      [
       -76.8798180944341,
       38.888424082602086
      ],
      [
       -76.87726934456735,
       38.88868015754816
      ],
      [
       -76.87716003807203,
       38.88779739439539
      ],
      [
       -76.87600277724079,
       38.88716416114216
      ],
      [
       -76.8746616038936,
       38.88587887762688
      ],
      [
       -76.87118895388795,
       38.88631903200703
      ],
      [
       -76.8668860950251,
       38.883888365346365
      ],
      [
       -76.8639460973061,
       38.88147160690961
      ],
      [
       -76.86165586597586,
       38.88178413288213
      ],
      [
       -76.86077707645408,
       38.87932564977365
      ],
      [
       -76.86022186885887,
       38.87732531992332
      ],
      [
       -76.85981934335234,
       38.8741027026307
      ],
      [
       -76.86259277879279,
       38.87362982301782
      ],
      [
       -76.86481013912613,
       38.87268979070779
      ],
      [
       -76.86692166301167,
       38.87229790604591
      ],
      [
       -76.86724958249758,
       38.87166712718513
      ],
      [
       -76.86879115108616,
       38.871540316908316
      ],
      [
       -76.86975669179469,
       38.87071891356691
      ],
      [
       -76.87192720648721,
       38.87009877040677
      ],
      [
       -76.87424086063787,
       38.87007831713632
      ],
      [
       -76.87567659277859,
       38.86975433733234
      ],
      [
       -76.8772866948047,
       38.868806941844944
      ],
      [
       -76.879249006649,
       38.86802562691363
      ],
      [
       -76.8801945945846,
       38.86724185758986
      ],
      [
       -76.88160777141677,
       38.86529061558862
      ],
      [
       -76.88239026712127,
       38.86487500513301
      ],
      [
       -76.88251171878272,
       38.86371080497881
      ],
      [
       -76.88424327247027,
       38.863583176571176
      ],
      [
       -76.89421532138732,
       38.86236007099807
      ],
      [
       -76.8952467929978,
       38.861874919422924
      ],
      [
       -76.8953986075746,
       38.86086616412417
      ],
      [
       -76.89835682304283,
       38.8611066945847
      ],
      [
       -76.89847740719242,
       38.86135295196095
      ],
      [
       -76.90304659219859,
       38.8610346990727
      ],
      [
       -76.90076677101078,
       38.8563419006999
      ],
      [
       -76.90095675610976,
       38.85611282407083
      ],
      [
       -76.90306567745968,
       38.857106853014855
      ],
      [
       -76.90376922958423,
       38.85674605732406
      ],
      [
       -76.90879559334459,
       38.85925117388918
      ],
      [
       -76.91486470636971,
       38.86423522683323
      ],
      [
       -76.91275838755539,
       38.86486273317073
      ],
      [
       -76.90924756702756,
       38.864717105885106
      ],
      [
       -76.90732776326476,
       38.865410880818885
      ],
      [
       -76.90512081307382,
       38.865086901014905
      ],
      [
       -76.90232829237229,
       38.86341464162264
      ]
     ]
    ]
   }
  },
  {
   "type": "Feature",
   "properties": {
    "name": "West Laurel",
    "geoid": "2483025"
   },
   "geometry": {
    "type": "Polygon",
    "coordinates": [
     [
      [
       -76.90922674674275,
       39.10409563822364
      ],
      [
       -76.90883376386677,
       39.1038501989782
      ],
      [
       -76.90744400985501,
       39.106238322836326
      ],
      [
       -76.9047339027809,
       39.11228512771313
      ],
      [
       -76.90389675382876,
       39.11461761867562
      ],
      [
       -76.9072921952782,
       39.11790814082614
      ],
      [
       -76.90240723595224,
       39.120316717954715
      ],
      [
       -76.90293034560835,
       39.12110294167094
      ],
      [
       -76.9013454014264,
       39.12181635174435
      ],
      [
       -76.9007927963668,
       39.121126667464665
      ],
      [
       -76.89427517970618,
       39.12386086065886
      ],
      [
       -76.88880204733405,
       39.12998620609421
      ],
      [
       -76.88850535827537,
       39.130967144945146
      ],
      [
       -76.88825638236939,
       39.13130666923467
      ],
      [
       -76.88565558179059,
       39.13129194287994
      ],
      [
       -76.88547513932214,
       39.12938324368125
      ],
      [
       -76.88431527595527,
       39.126884672162674
      ],
      [
       -76.88189578535679,
       39.12490724997525
      ],
      [
       -76.87979640663741,
       39.122807108165105
      ],
      [
       -76.8778956881357,
       39.120507342435346
      ],
      [
       -76.87543282194382,
       39.11695665468466
      ],
      [
       -76.87356333386934,
       39.11538093472893
      ],
      [
       -76.87534607075708,
       39.11411365009165
      ],
      [
       -76.8777646938437,
       39.11192433202233
      ],
      [
       -76.8770168986139,
       39.111529992967995
      ],
      [
       -76.88582474660475,
       39.10643467423267
      ],
      [
       -76.88781221629321,
       39.1050053996934
      ],
      [
       -76.88997058581958,
       39.102330111918114
      ],
      [
       -76.88935291736992,
       39.101714877542875
      ],
      [
       -76.88997492337893,
       39.0998659018939
      ],
      [
       -76.89466903009404,
       39.09910913088713
      ],
      [
       -76.8969878893159,
       39.09892586958387
      ],
      [
       -76.90089863281463,
       39.0988865993046
      ],
      [
       -76.90357577443778,
       39.099445382653386
      ],
      [
       -76.90635962002062,
       39.10058503888304
      ],
      [
       -76.90751861587562,
       39.10145062128862
      ],
      [
       -76.90922674674275,
       39.10409563822364
      ]
     ]
    ]
   }
  },
  {
   "type": "Feature",
   "properties": {
    "name": "Westphalia",
    "geoid": "2483290"
   },
   "geometry": {
    "type": "Polygon",
    "coordinates": [
     [
      [
       -76.87444125587926,
       38.83020016666817
      ],
      [
       -76.87214581947782,
       38.83254902024702
      ],
      [
       -76.86280792173592,
       38.84558266231066
      ],
      [
       -76.8600527040447,
       38.850439904977904
      ],
      [
       -76.8573131015671,
       38.853588890496894
      ],
      [
       -76.85215487600288,
       38.85781617243418
      ],
      [
       -76.8507148063028,
       38.85943361706162
      ],
      [
       -76.84845233535233,
       38.86284767696568
      ],
      [
       -76.84466130849131,
       38.86891411698212
      ],
      [
       -76.84124157670958,
       38.868140983358984
      ],
      [
       -76.83645638124838,
       38.866624986952985
      ],
      [
       -76.8345947007807,
       38.86641636359437
      ],
      [
       -76.83285273695074,
       38.86383597899398
      ],
      [
       -76.82873986318687,
       38.860123301341304
      ],
      [
       -76.82305592543092,
       38.85731302198102
      ],
      [
       -76.81472260643162,
       38.85287138976939
      ],
      [
       -76.81325911391112,
       38.851005233373236
      ],
      [
       -76.8131341922022,
       38.84765907832708
      ],
      [
       -76.81199688414388,
       38.84505496793297
      ],
      [
       -76.80827005316105,
       38.840380168438166
      ],
      [
       -76.8077642937423,
       38.83878235895036
      ],
      [
       -76.80757777869078,
       38.8349215996196
      ],
      [
       -76.80660703291103,
       38.83320434303234
      ],
      [
       -76.80522421899423,
       38.83223485801286
      ],
      [
       -76.79822513324713,
       38.82806075457876
      ],
      [
       -76.79625935135536,
       38.82697591311391
      ],
      [
       -76.78850813281913,
       38.8228958947239
      ],
      [
       -76.78368997190698,
       38.82095201590002
      ],
      [
       -76.78167560935061,
       38.81975181798982
      ],
      [
       -76.78054263885164,
       38.81847880643681
      ],
      [
       -76.77634041136541,
       38.8130545991126
      ],
      [
       -76.78585181148081,
       38.81182003970804
      ],
      [
       -76.7886851052401,
       38.811832311670315
      ],
      [
       -76.79333323382623,
       38.81287133780934
      ],
      [
       -76.79814792469092,
       38.81340066844867
      ],
      [
       -76.80481735592836,
       38.813016146964145
      ],
      [
       -76.80775128106428,
       38.81260299090099
      ],
      [
       -76.81211920331721,
       38.81143388196188
      ],
      [
       -76.81411968568369,
       38.81112462851263
      ],
      [
       -76.81738933791235,
       38.81163186961987
      ],
      [
       -76.8248377948068,
       38.8140698994579
      ],
      [
       -76.82951368377269,
       38.81558835025635
      ],
      [
       -76.83374974422175,
       38.81673864218664
      ],
      [
       -76.84370617792518,
       38.81913167482968
      ],
      [
       -76.84728206184306,
       38.820444774792776
      ],
      [
       -76.8484375876506,
       38.821097643185645
      ],
      [
       -76.84908908906309,
       38.82048977198777
      ],
      [
       -76.85222514446414,
       38.82384492647293
      ],
      [
       -76.85677958176858,
       38.82973874088674
      ],
      [
       -76.86737623923024,
       38.829607021825026
      ],
      [
       -76.87236877002778,
       38.82876434708235
      ],
      [
       -76.87458786538487,
       38.82817202037002
      ],
      [
       -76.87772305327405,
       38.82688100993901
      ],
      [
       -76.87738125359826,
       38.827356343944345
      ],
      [
       -76.87372208854109,
       38.830047994336
      ],
      [
       -76.87444125587926,
       38.83020016666817
      ]
     ]
    ]
   }
  },
  {
   "type": "Feature",
   "properties": {
    "name": "Woodlawn",
    "geoid": "2486525"
   },
   "geometry": {
    "type": "Polygon",
    "coordinates": [
     [
      [
       -76.91435721192721,
       38.93915801089601
      ],
      [
       -76.91141808172009,
       38.94222763772564
      ],
      [
       -76.91033542690943,
       38.9441616989797
      ],
      [
       -76.9098019071109,
       38.946567003585
      ],
      [
       -76.91000924244725,
       38.951201714669715
      ],
      [
       -76.90942193691293,
       38.95310877760678
      ],
      [
       -76.90732863077663,
       38.95564171061971
      ],
      [
       -76.90593887676488,
       38.95471313214113
      ],
      [
       -76.90446757663759,
       38.954520053268055
      ],
      [
       -76.901884993808,
       38.95528091492891
      ],
      [
       -76.9009315982656,
       38.95586506033306
      ],
      [
       -76.9004856971657,
       38.956847635445634
      ],
      [
       -76.90214698239198,
       38.957341786459786
      ],
      [
       -76.90143388763688,
       38.959435383223386
      ],
      [
       -76.90074334819035,
       38.95946401780202
      ],
      [
       -76.8999356946417,
       38.960515315903315
      ],
      [
       -76.90046227434527,
       38.96086302150102
      ],
      [
       -76.90031566483967,
       38.96214666875467
      ],
      [
       -76.90112331838831,
       38.96282080854881
      ],
      [
       -76.90047875707076,
       38.963233964611966
      ],
      [
       -76.89522684022484,
       38.96047931814732
      ],
      [
       -76.89282469986371,
       38.95876287969088
      ],
      [
       -76.8894361985092,
       38.95545272240072
      ],
      [
       -76.88976411799511,
       38.95528827810628
      ],
      [
       -76.88811758047058,
       38.95395227048027
      ],
      [
       -76.88588373741175,
       38.95177276998077
      ],
      [
       -76.88578484105885,
       38.95140379298179
      ],
      [
       -76.88765172659772,
       38.94879068314869
      ],
      [
       -76.88839084670884,
       38.94828016951817
      ],
      [
       -76.89583670106771,
       38.94604830864631
      ],
      [
       -76.8979117894548,
       38.945532886230886
      ],
      [
       -76.90054468797268,
       38.94453640289441
      ],
      [
       -76.90290518776419,
       38.942635066873066
      ],
      [
       -76.90345432277633,
       38.94358573488373
      ],
      [
       -76.90476773574373,
       38.942868234156236
      ],
      [
       -76.90350463846464,
       38.941880750258754
      ],
      [
       -76.90622689070489,
       38.9399515977896
      ],
      [
       -76.9075377011367,
       38.939311001359
      ],
      [
       -76.90952256828957,
       38.93888475520276
      ],
      [
       -76.91206871562072,
       38.93881685034485
      ],
      [
       -76.91435721192721,
       38.93915801089601
      ]
     ]
    ]
   }
  },
  {
   "type": "Feature",
   "properties": {
    "name": "Woodmore",
    "geoid": "2486710"
   },
   "geometry": {
    "type": "Polygon",
    "coordinates": [
     [
      [
       -76.79853396747197,
       38.94433268832069
      ],
      [
       -76.79529988322989,
       38.94383526478327
      ],
      [
       -76.7904262015582,
       38.943759996748
      ],
      [
       -76.7702018973909,
       38.94540525782326
      ],
      [
       -76.77003013004114,
       38.94495283148083
      ],
      [
       -76.7687305972636,
       38.94139887120687
      ],
      [
       -76.76711008509508,
       38.93880866903667
      ],
      [
       -76.76433838467838,
       38.93572677024477
      ],
      [
       -76.76167772578073,
       38.9331242961123
      ],
      [
       -76.76145564274265,
       38.931632843630844
      ],
      [
       -76.76139491691193,
       38.930861346269346
      ],
      [
       -76.76020642565342,
       38.92810915419715
      ],
      [
       -76.76080240630641,
       38.926095734253735
      ],
      [
       -76.76052480250881,
       38.924415293553295
      ],
      [
       -76.75850783741684,
       38.92088914972715
      ],
      [
       -76.75762818038318,
       38.91897063295863
      ],
      [
       -76.7565542006912,
       38.91733764384564
      ],
      [
       -76.75636421559221,
       38.91547721436522
      ],
      [
       -76.75566760356261,
       38.9147588955069
      ],
      [
       -76.75525033035433,
       38.91309890807691
      ],
      [
       -76.75696800385201,
       38.90890026071826
      ],
      [
       -76.75809923932724,
       38.90731308693109
      ],
      [
       -76.75851477751178,
       38.906179975747975
      ],
      [
       -76.75863102410203,
       38.90433427262227
      ],
      [
       -76.7582337036667,
       38.90312834779635
      ],
      [
       -76.75846532933534,
       38.901978873996875
      ],
      [
       -76.76580100968701,
       38.90138491102291
      ],
      [
       -76.7761911993242,
       38.900784403002405
      ],
      [
       -76.78000998656499,
       38.90047187702988
      ],
      [
       -76.78333602706503,
       38.90045878693679
      ],
      [
       -76.78739338006939,
       38.90089894131694
      ],
      [
       -76.79050774767376,
       38.90084330842131
      ],
      [
       -76.79265657456958,
       38.900310705258704
      ],
      [
       -76.79414001986302,
       38.90248120631921
      ],
      [
       -76.79629058178259,
       38.904289275427274
      ],
      [
       -76.79729516052517,
       38.90603025780826
      ],
      [
       -76.79776101439802,
       38.90813367214167
      ],
      [
       -76.7997241937542,
       38.911345653733655
      ],
      [
       -76.80053618486218,
       38.91376732095532
      ],
      [
       -76.80175764157164,
       38.915478850626855
      ],
      [
       -76.80365315500215,
       38.917349097677096
      ],
      [
       -76.8039645917626,
       38.91860411035211
      ],
      [
       -76.8032593046143,
       38.92236914837715
      ],
      [
       -76.80390907100308,
       38.92398004795805
      ],
      [
       -76.80611428617028,
       38.92621272696073
      ],
      [
       -76.80687162403062,
       38.927394107862106
      ],
      [
       -76.80668337395538,
       38.92894937454737
      ],
      [
       -76.80304069162369,
       38.93613665378466
      ],
      [
       -76.80211071890172,
       38.93769764738565
      ],
      [
       -76.79952813607214,
       38.94124588074388
      ],
      [
       -76.79853396747197,
       38.94433268832069
      ]
     ]
    ]
   }
  }
 ]
}
