{
 "type": "FeatureCollection",
 "features": [
  {
   "type": "Feature",
   "properties": {
    "name": "Adams Morgan"
   },
   "geometry": {
    "type": "Polygon",
    "coordinates": [
     [
      [
       -77.046057,
       38.9144694
      ],
      [
       -77.0461643,
       38.9148701
      ],
      [
       -77.0461857,
       38.9152207
      ],
      [
       -77.046218,
       38.91578
      ],
      [
       -77.0462823,
       38.9160888
      ],
      [
       -77.0462608,
       38.9166648
      ],
      [
       -77.0460677,
       38.9169987
      ],
      [
       -77.0443511,
       38.9196866
      ],
      [
       -77.04382,
       38.9208469
      ],
      [
       -77.043238,
       38.922195
      ],
      [
       -77.0431817,
       38.9223056
      ],
      [
       -77.04312,
       38.9223765
      ],
      [
       -77.0430234,
       38.9224495
      ],
      [
       -77.0429,
       38.9225288
      ],
      [
       -77.0426613,
       38.9226874
      ],
      [
       -77.0427471,
       38.9228794
      ],
      [
       -77.0428222,
       38.92299
      ],
      [
       -77.0430154,
       38.9231444
      ],
      [
       -77.0431468,
       38.9231987
      ],
      [
       -77.0434445,
       38.9232404
      ],
      [
       -77.047323,
       38.9232425
      ],
      [
       -77.0474088,
       38.923351
      ],
      [
       -77.047441,
       38.9235597
      ],
      [
       -77.0474303,
       38.9238268
      ],
      [
       -77.047441,
       38.9240104
      ],
      [
       -77.0473874,
       38.9241106
      ],
      [
       -77.0472693,
       38.9242024
      ],
      [
       -77.0454454,
       38.9246197
      ],
      [
       -77.0452094,
       38.9247199
      ],
      [
       -77.0449841,
       38.9248868
      ],
      [
       -77.0448124,
       38.9251038
      ],
      [
       -77.0446086,
       38.9256714
      ],
      [
       -77.0444262,
       38.9262139
      ],
      [
       -77.0436645,
       38.9269484
      ],
      [
       -77.0430851,
       38.9274075
      ],
      [
       -77.042731,
       38.9276996
      ],
      [
       -77.0424736,
       38.9275744
      ],
      [
       -77.0422053,
       38.9274409
      ],
      [
       -77.0419157,
       38.9273073
      ],
      [
       -77.0415938,
       38.9272322
      ],
      [
       -77.0412183,
       38.9271821
      ],
      [
       -77.0391476,
       38.9271905
      ],
      [
       -77.0387828,
       38.9271905
      ],
      [
       -77.038343,
       38.9271571
      ],
      [
       -77.0380425,
       38.9271321
      ],
      [
       -77.0377421,
       38.9270569
      ],
      [
       -77.037549,
       38.9269568
      ],
      [
       -77.0372808,
       38.926698
      ],
      [
       -77.0369053,
       38.9262807
      ],
      [
       -77.0365298,
       38.92583
      ],
      [
       -77.0365512,
       38.9191107
      ],
      [
       -77.0395982,
       38.9182091
      ],
      [
       -77.0400488,
       38.9181006
      ],
      [
       -77.040199,
       38.9180505
      ],
      [
       -77.0403063,
       38.9179754
      ],
      [
       -77.0406711,
       38.9174662
      ],
      [
       -77.0408964,
       38.9171907
      ],
      [
       -77.0411754,
       38.9170321
      ],
      [
       -77.041626,
       38.9167901
      ],
      [
       -77.043407,
       38.9159135
      ],
      [
       -77.0448661,
       38.9151372
      ],
      [
       -77.0448661,
       38.9151372
      ],
      [
       -77.046057,
       38.9144694
      ]
     ]
    ]
   }
  },
  {
   "type": "Feature",
   "properties": {
    "name": "American University Park"
   },
   "geometry": {
    "type": "Polygon",
    "coordinates": [
     [
      [
       -77.0864725,
       38.9383612
      ],
      [
       -77.1002431,
       38.9483955
      ],
      [
       -77.1004093,
       38.948504
      ],
      [
       -77.1004736,
       38.9485958
      ],
      [
       -77.1005058,
       38.9487627
      ],
      [
       -77.1005327,
       38.9489462
      ],
      [
       -77.1004952,
       38.9491632
      ],
      [
       -77.10042,
       38.949305
      ],
      [
       -77.0953292,
       38.9533266
      ],
      [
       -77.085802,
       38.9607977
      ],
      [
       -77.0808023,
       38.9509988
      ],
      [
       -77.0806468,
       38.9504731
      ],
      [
       -77.0804697,
       38.9497097
      ],
      [
       -77.0802499,
       38.9488002
      ],
      [
       -77.0770312,
       38.9431887
      ],
      [
       -77.0793915,
       38.9431553
      ],
      [
       -77.0794988,
       38.9418202
      ],
      [
       -77.0797563,
       38.9414196
      ],
      [
       -77.0800782,
       38.9404683
      ],
      [
       -77.0803142,
       38.9395003
      ],
      [
       -77.0798421,
       38.9389662
      ],
      [
       -77.0799923,
       38.9377812
      ],
      [
       -77.0801855,
       38.9371637
      ],
      [
       -77.0805073,
       38.936713
      ],
      [
       -77.0809365,
       38.9367464
      ],
      [
       -77.0822025,
       38.937147
      ],
      [
       -77.0821167,
       38.9366462
      ],
      [
       -77.0813656,
       38.9361956
      ],
      [
       -77.0809365,
       38.9356281
      ],
      [
       -77.0809365,
       38.9351107
      ],
      [
       -77.0810438,
       38.9347936
      ],
      [
       -77.08143,
       38.9346267
      ],
      [
       -77.08143,
       38.9346267
      ],
      [
       -77.0864725,
       38.9383612
      ]
     ]
    ]
   }
  },
  {
   "type": "Feature",
   "properties": {
    "name": "Anacostia"
   },
   "geometry": {
    "type": "Polygon",
    "coordinates": [
     [
      [
       -76.9882876,
       38.8603583
      ],
      [
       -76.9885772,
       38.8607008
      ],
      [
       -76.9912273,
       38.8633156
      ],
      [
       -76.9910234,
       38.8634242
      ],
      [
       -76.9914097,
       38.8639631
      ],
      [
       -76.9927883,
       38.8648444
      ],
      [
       -76.9923431,
       38.8651744
      ],
      [
       -76.9918656,
       38.8656881
      ],
      [
       -76.9915599,
       38.866064
      ],
      [
       -76.9909859,
       38.8666195
      ],
      [
       -76.9898647,
       38.8679102
      ],
      [
       -76.989339,
       38.8682318
      ],
      [
       -76.9890332,
       38.8679937
      ],
      [
       -76.9885933,
       38.8674424
      ],
      [
       -76.9789642,
       38.8656505
      ],
      [
       -76.9781005,
       38.8654667
      ],
      [
       -76.977854,
       38.865341
      ],
      [
       -76.9751501,
       38.8640299
      ],
      [
       -76.97382,
       38.86347
      ],
      [
       -76.974898,
       38.8625512
      ],
      [
       -76.9763625,
       38.8633407
      ],
      [
       -76.9760513,
       38.8635955
      ],
      [
       -76.9790125,
       38.8647024
      ],
      [
       -76.9790286,
       38.8629773
      ],
      [
       -76.9778538,
       38.8620542
      ],
      [
       -76.9783205,
       38.8617033
      ],
      [
       -76.9780737,
       38.8615446
      ],
      [
       -76.978476,
       38.8612188
      ],
      [
       -76.9795328,
       38.8618203
      ],
      [
       -76.9813943,
       38.8604752
      ],
      [
       -76.9822365,
       38.8613274
      ],
      [
       -76.9827139,
       38.86106
      ],
      [
       -76.9829875,
       38.8612898
      ],
      [
       -76.9836259,
       38.8607676
      ],
      [
       -76.9836956,
       38.8605546
      ],
      [
       -76.983701,
       38.8603624
      ],
      [
       -76.9836849,
       38.8601202
      ],
      [
       -76.9844252,
       38.8594852
      ],
      [
       -76.9840872,
       38.8593014
      ],
      [
       -76.9851655,
       38.858278
      ],
      [
       -76.9863778,
       38.8591218
      ],
      [
       -76.9863778,
       38.8591218
      ],
      [
       -76.9882876,
       38.8603583
      ]
     ]
    ]
   }
  },
  {
   "type": "Feature",
   "properties": {
    "name": "Anacostia Park"
   },
   "geometry": {
    "type": "Polygon",
    "coordinates": [
     [
      [
       -76.9726772,
       38.8774658
      ],
      [
       -76.9722802,
       38.8777622
      ],
      [
       -76.9718724,
       38.8781632
      ],
      [
       -76.9702579,
       38.8804934
      ],
      [
       -76.9694425,
       38.8816626
      ],
      [
       -76.9689275,
       38.8822139
      ],
      [
       -76.9680906,
       38.8828821
      ],
      [
       -76.9662666,
       38.884285
      ],
      [
       -76.9651509,
       38.8852538
      ],
      [
       -76.9643354,
       38.8860388
      ],
      [
       -76.9639385,
       38.8865734
      ],
      [
       -76.9634342,
       38.8873709
      ],
      [
       -76.9630481,
       38.8880765
      ],
      [
       -76.9626189,
       38.8891621
      ],
      [
       -76.9625385,
       38.8896715
      ],
      [
       -76.9617284,
       38.8895212
      ],
      [
       -76.9613905,
       38.8894252
      ],
      [
       -76.9612188,
       38.8892665
      ],
      [
       -76.9611329,
       38.8890786
      ],
      [
       -76.9611597,
       38.8888615
      ],
      [
       -76.9612564,
       38.888707
      ],
      [
       -76.9613797,
       38.8885818
      ],
      [
       -76.9614869,
       38.8884231
      ],
      [
       -76.9616104,
       38.8882895
      ],
      [
       -76.9616748,
       38.8881934
      ],
      [
       -76.9621038,
       38.8875086
      ],
      [
       -76.9625975,
       38.8864731
      ],
      [
       -76.963842,
       38.8832829
      ],
      [
       -76.9646413,
       38.8814497
      ],
      [
       -76.9654621,
       38.8801342
      ],
      [
       -76.9657678,
       38.8797208
      ],
      [
       -76.9666101,
       38.8787394
      ],
      [
       -76.9671786,
       38.8781256
      ],
      [
       -76.9676937,
       38.8776537
      ],
      [
       -76.9686485,
       38.8769019
      ],
      [
       -76.9694746,
       38.8764008
      ],
      [
       -76.9699682,
       38.876192
      ],
      [
       -76.9704993,
       38.8760375
      ],
      [
       -76.9709177,
       38.8759331
      ],
      [
       -76.9728327,
       38.8757368
      ],
      [
       -76.9737715,
       38.8756031
      ],
      [
       -76.9735784,
       38.875695
      ],
      [
       -76.9734872,
       38.8757952
      ],
      [
       -76.9734175,
       38.8759623
      ],
      [
       -76.9734496,
       38.8760918
      ],
      [
       -76.9735784,
       38.8762379
      ],
      [
       -76.9737366,
       38.8762985
      ],
      [
       -76.9739942,
       38.8763069
      ],
      [
       -76.9742891,
       38.8762567
      ],
      [
       -76.974536,
       38.876169
      ],
      [
       -76.9747666,
       38.87605
      ],
      [
       -76.9749169,
       38.8759415
      ],
      [
       -76.9750134,
       38.8758203
      ],
      [
       -76.9750215,
       38.8756533
      ],
      [
       -76.9749839,
       38.8755615
      ],
      [
       -76.9750696,
       38.8755656
      ],
      [
       -76.9760621,
       38.8760437
      ],
      [
       -76.9764644,
       38.8759372
      ],
      [
       -76.9763249,
       38.8758621
      ],
      [
       -76.9761963,
       38.8757618
      ],
      [
       -76.9761319,
       38.8756783
      ],
      [
       -76.9761157,
       38.8755405
      ],
      [
       -76.9766173,
       38.8750571
      ],
      [
       -76.9770358,
       38.8747001
      ],
      [
       -76.9777707,
       38.8743576
      ],
      [
       -76.9805736,
       38.8730024
      ],
      [
       -76.9822151,
       38.8721587
      ],
      [
       -76.982824,
       38.8718747
      ],
      [
       -76.9840497,
       38.871384
      ],
      [
       -76.9856537,
       38.8707868
      ],
      [
       -76.9862035,
       38.8706093
      ],
      [
       -76.9865442,
       38.8705278
      ],
      [
       -76.98685,
       38.8704986
      ],
      [
       -76.9870726,
       38.8705069
      ],
      [
       -76.9874374,
       38.8705696
      ],
      [
       -76.9878772,
       38.8712086
      ],
      [
       -76.9885505,
       38.8709413
      ],
      [
       -76.9889313,
       38.8707283
      ],
      [
       -76.9892344,
       38.8704986
      ],
      [
       -76.9895161,
       38.8703587
      ],
      [
       -76.9891084,
       38.8698074
      ],
      [
       -76.9891057,
       38.8697531
      ],
      [
       -76.9891379,
       38.8696988
      ],
      [
       -76.9892988,
       38.8695108
      ],
      [
       -76.9894544,
       38.8691642
      ],
      [
       -76.989567,
       38.8690075
      ],
      [
       -76.9898379,
       38.8688008
      ],
      [
       -76.9902456,
       38.8684479
      ],
      [
       -76.9906104,
       38.8680636
      ],
      [
       -76.9908706,
       38.8677503
      ],
      [
       -76.9915197,
       38.8668043
      ],
      [
       -76.9919327,
       38.8662008
      ],
      [
       -76.9925362,
       38.8655408
      ],
      [
       -76.9926704,
       38.8655042
      ],
      [
       -76.9928367,
       38.8654959
      ],
      [
       -76.9930888,
       38.8655335
      ],
      [
       -76.9956476,
       38.8650573
      ],
      [
       -76.9961304,
       38.8649905
      ],
      [
       -76.9964469,
       38.8649278
      ],
      [
       -76.9967903,
       38.8646187
      ],
      [
       -76.9972622,
       38.8645854
      ],
      [
       -76.998362,
       38.8647232
      ],
      [
       -76.9990433,
       38.8650573
      ],
      [
       -77.0008941,
       38.8654499
      ],
      [
       -77.0010925,
       38.8655627
      ],
      [
       -77.0013554,
       38.8656922
      ],
      [
       -77.0013929,
       38.8659219
      ],
      [
       -77.0014894,
       38.866536
      ],
      [
       -77.0016665,
       38.8668659
      ],
      [
       -77.0018166,
       38.8670914
      ],
      [
       -77.0020957,
       38.867342
      ],
      [
       -77.0029003,
       38.867814
      ],
      [
       -77.003603,
       38.868144
      ],
      [
       -77.0030881,
       38.8688832
      ],
      [
       -77.0027339,
       38.8692132
      ],
      [
       -77.0023585,
       38.8694512
      ],
      [
       -77.0020206,
       38.8695891
      ],
      [
       -77.001511,
       38.8697227
      ],
      [
       -77.0005561,
       38.8697854
      ],
      [
       -76.9954921,
       38.8684154
      ],
      [
       -76.993518,
       38.8684154
      ],
      [
       -76.9916136,
       38.8690795
      ],
      [
       -76.9906426,
       38.8698856
      ],
      [
       -76.9898755,
       38.8705079
      ],
      [
       -76.9863779,
       38.8723289
      ],
      [
       -76.9831378,
       38.8739368
      ],
      [
       -76.9821025,
       38.8743628
      ],
      [
       -76.97868,
       38.875528
      ],
      [
       -76.9735194,
       38.8771024
      ],
      [
       -76.9735194,
       38.8771024
      ],
      [
       -76.9726772,
       38.8774658
      ]
     ]
    ]
   }
  },
  {
   "type": "Feature",
   "properties": {
    "name": "Armed Forces Retirement Home - Washington"
   },
   "geometry": {
    "type": "Polygon",
    "coordinates": [
     [
      [
       -77.0182908,
       38.9305457
      ],
      [
       -77.0191705,
       38.934076
      ],
      [
       -77.0191759,
       38.9342763
      ],
      [
       -77.0192456,
       38.9365754
      ],
      [
       -77.0192456,
       38.9367757
      ],
      [
       -77.0192242,
       38.9369844
      ],
      [
       -77.0191491,
       38.9371596
      ],
      [
       -77.019031,
       38.93741
      ],
      [
       -77.0177382,
       38.9377271
      ],
      [
       -77.0175183,
       38.9378105
      ],
      [
       -77.0173627,
       38.9378982
      ],
      [
       -77.0171964,
       38.9380192
      ],
      [
       -77.0164937,
       38.9386576
      ],
      [
       -77.0153028,
       38.9397549
      ],
      [
       -77.0151579,
       38.9399218
      ],
      [
       -77.0145786,
       38.9407814
      ],
      [
       -77.0143908,
       38.9410568
      ],
      [
       -77.0142567,
       38.9412278
      ],
      [
       -77.01401,
       38.9414823
      ],
      [
       -77.0134467,
       38.9420122
      ],
      [
       -77.0129371,
       38.9424754
      ],
      [
       -77.0127815,
       38.9426005
      ],
      [
       -77.0127064,
       38.9426923
      ],
      [
       -77.0126098,
       38.9428467
      ],
      [
       -77.012229,
       38.9436895
      ],
      [
       -77.0121646,
       38.9438147
      ],
      [
       -77.0120305,
       38.9439315
      ],
      [
       -77.0117515,
       38.9441735
      ],
      [
       -77.011553,
       38.944307
      ],
      [
       -77.0113653,
       38.9444071
      ],
      [
       -77.01114,
       38.9445031
      ],
      [
       -77.0109683,
       38.9445907
      ],
      [
       -77.0092893,
       38.9456379
      ],
      [
       -77.0090425,
       38.9457464
      ],
      [
       -77.0087636,
       38.9458507
      ],
      [
       -77.0083934,
       38.9460009
      ],
      [
       -77.0081574,
       38.9461135
      ],
      [
       -77.0076746,
       38.9462804
      ],
      [
       -77.0076263,
       38.9461427
      ],
      [
       -77.0076048,
       38.945834
      ],
      [
       -77.0075887,
       38.9443737
      ],
      [
       -77.0075727,
       38.9440566
      ],
      [
       -77.0076048,
       38.9437521
      ],
      [
       -77.0076585,
       38.9435143
      ],
      [
       -77.0078677,
       38.9429927
      ],
      [
       -77.0083612,
       38.9417369
      ],
      [
       -77.0084202,
       38.9415074
      ],
      [
       -77.0084471,
       38.9412403
      ],
      [
       -77.008431,
       38.9409816
      ],
      [
       -77.0083827,
       38.9406395
      ],
      [
       -77.0083022,
       38.9403725
      ],
      [
       -77.0069396,
       38.9378064
      ],
      [
       -77.0066983,
       38.9373307
      ],
      [
       -77.006489,
       38.9367966
      ],
      [
       -77.0063013,
       38.9361039
      ],
      [
       -77.0061886,
       38.9354113
      ],
      [
       -77.006135,
       38.9346643
      ],
      [
       -77.0061672,
       38.9340176
      ],
      [
       -77.0062476,
       38.9334626
      ],
      [
       -77.0063227,
       38.9330995
      ],
      [
       -77.0064569,
       38.9328116
      ],
      [
       -77.0066017,
       38.9326572
      ],
      [
       -77.0067519,
       38.9325445
      ],
      [
       -77.0069236,
       38.9324736
      ],
      [
       -77.0074493,
       38.9323359
      ],
      [
       -77.0077068,
       38.9322733
      ],
      [
       -77.0078784,
       38.932194
      ],
      [
       -77.0080179,
       38.9320813
      ],
      [
       -77.0081091,
       38.9319478
      ],
      [
       -77.0081735,
       38.9317642
      ],
      [
       -77.0083022,
       38.9316014
      ],
      [
       -77.0084363,
       38.9315013
      ],
      [
       -77.008608,
       38.9314095
      ],
      [
       -77.0088869,
       38.9313594
      ],
      [
       -77.0091766,
       38.9313678
      ],
      [
       -77.0096862,
       38.9313594
      ],
      [
       -77.0103085,
       38.9313344
      ],
      [
       -77.0148361,
       38.9312801
      ],
      [
       -77.0150667,
       38.9312509
      ],
      [
       -77.0152813,
       38.9311967
      ],
      [
       -77.0155925,
       38.9311049
      ],
      [
       -77.0158607,
       38.9310047
      ],
      [
       -77.0161235,
       38.9309254
      ],
      [
       -77.0164454,
       38.9308503
      ],
      [
       -77.0164454,
       38.9308503
      ],
      [
       -77.0182908,
       38.9305457
      ]
     ]
    ]
   }
  },
  {
   "type": "Feature",
   "properties": {
    "name": "Barnaby Woods"
   },
   "geometry": {
    "type": "Polygon",
    "coordinates": [
     [
      [
       -77.07028,
       38.9728517
      ],
      [
       -77.0668977,
       38.975525
      ],
      [
       -77.0627028,
       38.9787611
      ],
      [
       -77.0609647,
       38.9787444
      ],
      [
       -77.0602673,
       38.9787611
      ],
      [
       -77.059527,
       38.9788028
      ],
      [
       -77.0584542,
       38.9788403
      ],
      [
       -77.057569,
       38.9788278
      ],
      [
       -77.0569307,
       38.9787736
      ],
      [
       -77.0562655,
       38.9785985
      ],
      [
       -77.0556968,
       38.9784233
      ],
      [
       -77.0553052,
       38.9782565
      ],
      [
       -77.0545596,
       38.977902
      ],
      [
       -77.0540714,
       38.9775642
      ],
      [
       -77.0536745,
       38.9773265
      ],
      [
       -77.0532614,
       38.9771806
      ],
      [
       -77.0525265,
       38.977068
      ],
      [
       -77.0532158,
       38.9728183
      ],
      [
       -77.0532158,
       38.9728183
      ],
      [
       -77.07028,
       38.9728517
      ]
     ]
    ]
   }
  },
  {
   "type": "Feature",
   "properties": {
    "name": "Barney Circle"
   },
   "geometry": {
    "type": "Polygon",
    "coordinates": [
     [
      [
       -76.9836634,
       38.8774658
      ],
      [
       -76.9836582,
       38.885329
      ],
      [
       -76.9836581,
       38.889847
      ],
      [
       -76.9772423,
       38.8897969
      ],
      [
       -76.9768507,
       38.8897301
      ],
      [
       -76.9765395,
       38.8895547
      ],
      [
       -76.9763679,
       38.8894628
      ],
      [
       -76.9758529,
       38.8894628
      ],
      [
       -76.9742758,
       38.8894628
      ],
      [
       -76.9740397,
       38.8893877
      ],
      [
       -76.9738466,
       38.8891622
      ],
      [
       -76.9738573,
       38.8888616
      ],
      [
       -76.973793,
       38.8886444
      ],
      [
       -76.9736428,
       38.8884106
      ],
      [
       -76.9734067,
       38.888135
      ],
      [
       -76.972999,
       38.8878928
      ],
      [
       -76.9724197,
       38.8878093
      ],
      [
       -76.971733,
       38.887968
      ],
      [
       -76.9714648,
       38.8880348
      ],
      [
       -76.9710035,
       38.8883605
      ],
      [
       -76.9698555,
       38.8892541
      ],
      [
       -76.9691688,
       38.889563
      ],
      [
       -76.9682569,
       38.889705
      ],
      [
       -76.9673986,
       38.889705
      ],
      [
       -76.9674951,
       38.8892708
      ],
      [
       -76.9677955,
       38.8887614
      ],
      [
       -76.9683213,
       38.8877759
      ],
      [
       -76.9685251,
       38.8871078
      ],
      [
       -76.9688148,
       38.8865316
      ],
      [
       -76.9692547,
       38.885805
      ],
      [
       -76.9698555,
       38.8852038
      ],
      [
       -76.9701452,
       38.8847444
      ],
      [
       -76.9701452,
       38.8845273
      ],
      [
       -76.9700486,
       38.884377
      ],
      [
       -76.969952,
       38.8841264
      ],
      [
       -76.9700701,
       38.8841181
      ],
      [
       -76.970746,
       38.8836671
      ],
      [
       -76.9716687,
       38.8823225
      ],
      [
       -76.971894,
       38.8819049
      ],
      [
       -76.9723848,
       38.8810739
      ],
      [
       -76.9732914,
       38.8800591
      ],
      [
       -76.9734523,
       38.8795747
      ],
      [
       -76.9740639,
       38.8790193
      ],
      [
       -76.974493,
       38.878798
      ],
      [
       -76.974552,
       38.8785516
      ],
      [
       -76.9765798,
       38.8780838
      ],
      [
       -76.9766602,
       38.8782342
      ],
      [
       -76.9794283,
       38.8775201
      ],
      [
       -76.9801498,
       38.8778625
      ],
      [
       -76.980351,
       38.8779188
      ],
      [
       -76.9805924,
       38.8779794
      ],
      [
       -76.9808097,
       38.8780587
      ],
      [
       -76.9810134,
       38.8781798
      ],
      [
       -76.9813327,
       38.8780504
      ],
      [
       -76.9824216,
       38.8777414
      ],
      [
       -76.9832263,
       38.8775493
      ],
      [
       -76.9832263,
       38.8775493
      ],
      [
       -76.9836634,
       38.8774658
      ]
     ]
    ]
   }
  },
  {
   "type": "Feature",
   "properties": {
    "name": "Barry Farm"
   },
   "geometry": {
    "type": "Polygon",
    "coordinates": [
     [
      [
       -77.002981,
       38.860279
      ],
      [
       -77.002637,
       38.860997
      ],
      [
       -77.002208,
       38.861532
      ],
      [
       -77.001822,
       38.86195
      ],
      [
       -77.001328,
       38.86225
      ],
      [
       -77.000792,
       38.862568
      ],
      [
       -76.999934,
       38.862852
      ],
      [
       -76.999247,
       38.863019
      ],
      [
       -76.996393,
       38.861816
      ],
      [
       -76.995728,
       38.861515
      ],
      [
       -76.995106,
       38.861215
      ],
      [
       -76.994569,
       38.860763
      ],
      [
       -76.99429,
       38.860429
      ],
      [
       -76.99399,
       38.860078
      ],
      [
       -76.993775,
       38.859527
      ],
      [
       -76.993732,
       38.859059
      ],
      [
       -76.993732,
       38.858558
      ],
      [
       -76.993732,
       38.857672
      ],
      [
       -76.993775,
       38.857104
      ],
      [
       -76.993754,
       38.856168
      ],
      [
       -76.993647,
       38.855417
      ],
      [
       -76.993432,
       38.854882
      ],
      [
       -76.993067,
       38.854414
      ],
      [
       -76.9932657,
       38.854368
      ],
      [
       -76.9947356,
       38.8547816
      ],
      [
       -76.9954437,
       38.8551032
      ],
      [
       -76.9959533,
       38.8551158
      ],
      [
       -76.9960284,
       38.8558134
      ],
      [
       -77.0029378,
       38.8600366
      ],
      [
       -77.0029378,
       38.8600366
      ],
      [
       -77.002981,
       38.860279
      ]
     ]
    ]
   }
  },
  {
   "type": "Feature",
   "properties": {
    "name": "Battery Kemble Park"
   },
   "geometry": {
    "type": "Polygon",
    "coordinates": [
     [
      [
       -77.0951736,
       38.9307293
      ],
      [
       -77.0951736,
       38.9307293
      ],
      [
       -77.0948517,
       38.9309463
      ],
      [
       -77.0947552,
       38.9311049
      ],
      [
       -77.0944655,
       38.9312885
      ],
      [
       -77.0941114,
       38.9314137
      ],
      [
       -77.0938432,
       38.9315138
      ],
      [
       -77.0935321,
       38.9316724
      ],
      [
       -77.0931995,
       38.9318643
      ],
      [
       -77.092824,
       38.9320062
      ],
      [
       -77.0926309,
       38.9320813
      ],
      [
       -77.0925558,
       38.9321815
      ],
      [
       -77.0927703,
       38.9327323
      ],
      [
       -77.091161,
       38.9331663
      ],
      [
       -77.0910859,
       38.9328742
      ],
      [
       -77.0910698,
       38.9317976
      ],
      [
       -77.0913863,
       38.9317475
      ],
      [
       -77.0923305,
       38.9303537
      ],
      [
       -77.0923948,
       38.9300783
      ],
      [
       -77.0922124,
       38.9296693
      ],
      [
       -77.0922983,
       38.9295608
      ],
      [
       -77.0924699,
       38.9294523
      ],
      [
       -77.0928884,
       38.9293105
      ],
      [
       -77.0931137,
       38.929252
      ],
      [
       -77.0933926,
       38.9291602
      ],
      [
       -77.0935321,
       38.9290016
      ],
      [
       -77.0935857,
       38.9283006
      ],
      [
       -77.0936179,
       38.9276245
      ],
      [
       -77.0937681,
       38.927203
      ],
      [
       -77.0942831,
       38.9264268
      ],
      [
       -77.0946157,
       38.9255754
      ],
      [
       -77.0951092,
       38.9247116
      ],
      [
       -77.0950985,
       38.9239019
      ],
      [
       -77.0952433,
       38.9235054
      ],
      [
       -77.0958334,
       38.9229963
      ],
      [
       -77.096386,
       38.9226123
      ],
      [
       -77.0965791,
       38.9224036
      ],
      [
       -77.0967346,
       38.9221115
      ],
      [
       -77.0967615,
       38.921811
      ],
      [
       -77.0973033,
       38.9218152
      ],
      [
       -77.0988321,
       38.921594
      ],
      [
       -77.0994973,
       38.9222409
      ],
      [
       -77.0990413,
       38.9222158
      ],
      [
       -77.0988375,
       38.9222743
      ],
      [
       -77.0987248,
       38.9223661
      ],
      [
       -77.0980167,
       38.9234094
      ],
      [
       -77.0977807,
       38.9236432
      ],
      [
       -77.0972335,
       38.9244611
      ],
      [
       -77.0968795,
       38.9251122
      ],
      [
       -77.0965147,
       38.9257883
      ],
      [
       -77.096386,
       38.926022
      ],
      [
       -77.0961177,
       38.9262974
      ],
      [
       -77.0957959,
       38.9265645
      ],
      [
       -77.0955813,
       38.9268066
      ],
      [
       -77.095474,
       38.9269902
      ],
      [
       -77.0954311,
       38.9272489
      ],
      [
       -77.095592,
       38.9284758
      ],
      [
       -77.0956886,
       38.9290684
      ],
      [
       -77.0957959,
       38.9292186
      ],
      [
       -77.0959139,
       38.9293021
      ],
      [
       -77.0961607,
       38.929419
      ],
      [
       -77.0963109,
       38.9295692
      ],
      [
       -77.0964181,
       38.9297528
      ],
      [
       -77.0963967,
       38.9300449
      ],
      [
       -77.096225,
       38.9304789
      ],
      [
       -77.0960212,
       38.9306792
      ],
      [
       -77.0955491,
       38.930988
      ],
      [
       -77.0951736,
       38.9307293
      ]
     ]
    ]
   }
  },
  {
   "type": "Feature",
   "properties": {
    "name": "Bellevue"
   },
   "geometry": {
    "type": "Polygon",
    "coordinates": [
     [
      [
       -77.013044,
       38.822524
      ],
      [
       -77.014332,
       38.8228579
      ],
      [
       -77.0173037,
       38.8234519
      ],
      [
       -77.0173894,
       38.8274973
      ],
      [
       -77.0171106,
       38.828985
      ],
      [
       -77.0164347,
       38.8302137
      ],
      [
       -77.0154369,
       38.8310997
      ],
      [
       -77.0145464,
       38.8320274
      ],
      [
       -77.0093428,
       38.8392563
      ],
      [
       -77.0092571,
       38.8390641
      ],
      [
       -77.009182,
       38.838571
      ],
      [
       -77.008549,
       38.8375098
      ],
      [
       -77.0078945,
       38.8358132
      ],
      [
       -77.0080447,
       38.8351279
      ],
      [
       -77.0084953,
       38.8338408
      ],
      [
       -77.0084953,
       38.833281
      ],
      [
       -77.00841,
       38.832554
      ],
      [
       -77.0078087,
       38.8313922
      ],
      [
       -77.0036029,
       38.8310495
      ],
      [
       -77.0037317,
       38.8271379
      ],
      [
       -77.0034313,
       38.8254997
      ],
      [
       -77.0040321,
       38.825366
      ],
      [
       -77.0046329,
       38.8244967
      ],
      [
       -77.003689,
       38.8227249
      ],
      [
       -77.0026159,
       38.8221563
      ],
      [
       -77.001801,
       38.821655
      ],
      [
       -77.0013607,
       38.8211281
      ],
      [
       -77.0103836,
       38.8139057
      ],
      [
       -77.010555,
       38.815569
      ],
      [
       -77.0110917,
       38.8162882
      ],
      [
       -77.0107055,
       38.8173248
      ],
      [
       -77.0107269,
       38.81903
      ],
      [
       -77.010963,
       38.8191137
      ],
      [
       -77.0110488,
       38.820334
      ],
      [
       -77.0111132,
       38.8213037
      ],
      [
       -77.0113277,
       38.8220393
      ],
      [
       -77.0113277,
       38.8220393
      ],
      [
       -77.0113277,
       38.8220393
      ],
      [
       -77.013044,
       38.822524
      ]
     ]
    ]
   }
  },
  {
   "type": "Feature",
   "properties": {
    "name": "Bellevue"
   },
   "geometry": {
    "type": "Polygon",
    "coordinates": [
     [
      [
       -77.013044,
       38.822524
      ],
      [
       -77.014332,
       38.8228579
      ],
      [
       -77.0173037,
       38.8234519
      ],
      [
       -77.0173894,
       38.8274973
      ],
      [
       -77.0171106,
       38.828985
      ],
      [
       -77.0164347,
       38.8302137
      ],
      [
       -77.0154369,
       38.8310997
      ],
      [
       -77.0145464,
       38.8320274
      ],
      [
       -77.0093428,
       38.8392563
      ],
      [
       -77.0092571,
       38.8390641
      ],
      [
       -77.009182,
       38.838571
      ],
      [
       -77.008549,
       38.8375098
      ],
      [
       -77.0078945,
       38.8358132
      ],
      [
       -77.0080447,
       38.8351279
      ],
      [
       -77.0084953,
       38.8338408
      ],
      [
       -77.0084953,
       38.833281
      ],
      [
       -77.00841,
       38.832554
      ],
      [
       -77.0078087,
       38.8313922
      ],
      [
       -77.0036029,
       38.8310495
      ],
      [
       -77.0037317,
       38.8271379
      ],
      [
       -77.0034313,
       38.8254997
      ],
      [
       -77.0040321,
       38.825366
      ],
      [
       -77.0046329,
       38.8244967
      ],
      [
       -77.003689,
       38.8227249
      ],
      [
       -77.0026159,
       38.8221563
      ],
      [
       -77.001801,
       38.821655
      ],
      [
       -77.0013607,
       38.8211281
      ],
      [
       -77.0103836,
       38.8139057
      ],
      [
       -77.010555,
       38.815569
      ],
      [
       -77.0110917,
       38.8162882
      ],
      [
       -77.0107055,
       38.8173248
      ],
      [
       -77.0107269,
       38.81903
      ],
      [
       -77.010963,
       38.8191137
      ],
      [
       -77.0110488,
       38.820334
      ],
      [
       -77.0111132,
       38.8213037
      ],
      [
       -77.0113277,
       38.8220393
      ],
      [
       -77.0113277,
       38.8220393
      ],
      [
       -77.0113277,
       38.8220393
      ],
      [
       -77.013044,
       38.822524
      ]
     ]
    ]
   }
  },
  {
   "type": "Feature",
   "properties": {
    "name": "Benning"
   },
   "geometry": {
    "type": "Polygon",
    "coordinates": [
     [
      [
       -76.9577801,
       38.8899305
      ],
      [
       -76.9571364,
       38.8903814
      ],
      [
       -76.9562567,
       38.8913835
      ],
      [
       -76.9539178,
       38.893755
      ],
      [
       -76.9517505,
       38.895542
      ],
      [
       -76.9494975,
       38.8951746
      ],
      [
       -76.946708,
       38.8940389
      ],
      [
       -76.9458282,
       38.8936882
      ],
      [
       -76.9445622,
       38.8934377
      ],
      [
       -76.943425,
       38.8932206
      ],
      [
       -76.9418156,
       38.8926361
      ],
      [
       -76.939584,
       38.8917175
      ],
      [
       -76.938833,
       38.8913668
      ],
      [
       -76.9382322,
       38.8908323
      ],
      [
       -76.9378245,
       38.8903647
      ],
      [
       -76.9375885,
       38.8898136
      ],
      [
       -76.9460857,
       38.889847
      ],
      [
       -76.9460857,
       38.889847
      ],
      [
       -76.9577801,
       38.8899305
      ]
     ]
    ]
   }
  },
  {
   "type": "Feature",
   "properties": {
    "name": "Benning Heights"
   },
   "geometry": {
    "type": "Polygon",
    "coordinates": [
     [
      [
       -76.9391571,
       38.893387
      ],
      [
       -76.9335996,
       38.892719
      ],
      [
       -76.9279777,
       38.8918672
      ],
      [
       -76.9279777,
       38.8898296
      ],
      [
       -76.9307672,
       38.8897962
      ],
      [
       -76.9375692,
       38.889863
      ],
      [
       -76.9380413,
       38.890648
      ],
      [
       -76.9392,
       38.8915165
      ],
      [
       -76.9392,
       38.8915165
      ],
      [
       -76.9391571,
       38.893387
      ]
     ]
    ]
   }
  },
  {
   "type": "Feature",
   "properties": {
    "name": "Benning Ridge"
   },
   "geometry": {
    "type": "Polygon",
    "coordinates": [
     [
      [
       -76.9358665,
       38.8733146
      ],
      [
       -76.9383073,
       38.8746009
      ],
      [
       -76.9407052,
       38.8759958
      ],
      [
       -76.9414401,
       38.8764134
      ],
      [
       -76.9422394,
       38.8767058
      ],
      [
       -76.9425613,
       38.8768102
      ],
      [
       -76.9427919,
       38.8769271
      ],
      [
       -76.9430065,
       38.8770399
      ],
      [
       -76.9436073,
       38.8775786
      ],
      [
       -76.9440901,
       38.8780964
      ],
      [
       -76.944852,
       38.87904
      ],
      [
       -76.9450557,
       38.8793952
      ],
      [
       -76.945624,
       38.880544
      ],
      [
       -76.9457424,
       38.8808818
      ],
      [
       -76.944809,
       38.8811282
      ],
      [
       -76.9439721,
       38.8814957
      ],
      [
       -76.9436127,
       38.8817003
      ],
      [
       -76.9440901,
       38.8830074
      ],
      [
       -76.943307,
       38.883183
      ],
      [
       -76.9438863,
       38.883997
      ],
      [
       -76.9440579,
       38.8843269
      ],
      [
       -76.9435161,
       38.8845232
      ],
      [
       -76.9439185,
       38.8851412
      ],
      [
       -76.9444066,
       38.885755
      ],
      [
       -76.9450074,
       38.8863479
      ],
      [
       -76.945045,
       38.886515
      ],
      [
       -76.9405764,
       38.8865233
      ],
      [
       -76.940437,
       38.8872457
      ],
      [
       -76.940276,
       38.8876424
      ],
      [
       -76.941247,
       38.8879597
      ],
      [
       -76.9402868,
       38.8897176
      ],
      [
       -76.9395196,
       38.8896591
      ],
      [
       -76.9374919,
       38.8896299
      ],
      [
       -76.9351691,
       38.8842601
      ],
      [
       -76.9348419,
       38.8837214
      ],
      [
       -76.9330716,
       38.8815416
      ],
      [
       -76.9324815,
       38.8804058
      ],
      [
       -76.9320148,
       38.8796666
      ],
      [
       -76.9315749,
       38.8786685
      ],
      [
       -76.9313765,
       38.878063
      ],
      [
       -76.9312423,
       38.8775326
      ],
      [
       -76.9311833,
       38.8768227
      ],
      [
       -76.9311833,
       38.8762923
      ],
      [
       -76.9311458,
       38.8761963
      ],
      [
       -76.9309956,
       38.8760292
      ],
      [
       -76.9336241,
       38.8739578
      ],
      [
       -76.9339353,
       38.8738492
      ],
      [
       -76.9339353,
       38.8738492
      ],
      [
       -76.9358665,
       38.8733146
      ]
     ]
    ]
   }
  },
  {
   "type": "Feature",
   "properties": {
    "name": "Berkley"
   },
   "geometry": {
    "type": "Polygon",
    "coordinates": [
     [
      [
       -77.0967722,
       38.9218568
      ],
      [
       -77.0966649,
       38.9222741
      ],
      [
       -77.0963001,
       38.9226748
      ],
      [
       -77.0957422,
       38.9230754
      ],
      [
       -77.0952701,
       38.9235262
      ],
      [
       -77.0950556,
       38.9239936
      ],
      [
       -77.0951199,
       38.9245779
      ],
      [
       -77.0947981,
       38.9252456
      ],
      [
       -77.0944494,
       38.9260093
      ],
      [
       -77.0932638,
       38.9262806
      ],
      [
       -77.0922071,
       38.926435
      ],
      [
       -77.0913112,
       38.9264058
      ],
      [
       -77.0904743,
       38.9263348
      ],
      [
       -77.0895275,
       38.9263119
      ],
      [
       -77.0883822,
       38.9263557
      ],
      [
       -77.0871967,
       38.9262055
      ],
      [
       -77.0861453,
       38.9260344
      ],
      [
       -77.0862096,
       38.925062
      ],
      [
       -77.0865637,
       38.9242315
      ],
      [
       -77.0870733,
       38.9229669
      ],
      [
       -77.0870304,
       38.9225788
      ],
      [
       -77.0867032,
       38.9220821
      ],
      [
       -77.0862686,
       38.9215563
      ],
      [
       -77.0860004,
       38.9209553
      ],
      [
       -77.0860219,
       38.9206506
      ],
      [
       -77.0858288,
       38.9191523
      ],
      [
       -77.0848846,
       38.917249
      ],
      [
       -77.0837688,
       38.9151454
      ],
      [
       -77.0836508,
       38.9150118
      ],
      [
       -77.0837903,
       38.9149784
      ],
      [
       -77.0839834,
       38.914703
      ],
      [
       -77.0842623,
       38.9147531
      ],
      [
       -77.0846915,
       38.9146195
      ],
      [
       -77.0858609,
       38.9139266
      ],
      [
       -77.0853567,
       38.9133255
      ],
      [
       -77.0850348,
       38.912424
      ],
      [
       -77.0857429,
       38.9127579
      ],
      [
       -77.0865798,
       38.913192
      ],
      [
       -77.0891547,
       38.9139099
      ],
      [
       -77.0916652,
       38.9146111
      ],
      [
       -77.0942402,
       38.9154626
      ],
      [
       -77.0948624,
       38.9159301
      ],
      [
       -77.0958066,
       38.9167816
      ],
      [
       -77.0966863,
       38.9175662
      ],
      [
       -77.0972872,
       38.9179502
      ],
      [
       -77.0981025,
       38.9182841
      ],
      [
       -77.09836,
       38.9187349
      ],
      [
       -77.0984673,
       38.9208885
      ],
      [
       -77.0985317,
       38.9212057
      ],
      [
       -77.0988106,
       38.921573
      ],
      [
       -77.097888,
       38.9217399
      ],
      [
       -77.097373,
       38.9218568
      ],
      [
       -77.097373,
       38.9218568
      ],
      [
       -77.0967722,
       38.9218568
      ]
     ]
    ]
   }
  },
  {
   "type": "Feature",
   "properties": {
    "name": "Bloomingdale"
   },
   "geometry": {
    "type": "Polygon",
    "coordinates": [
     [
      [
       -77.0121431,
       38.9213102
      ],
      [
       -77.0121539,
       38.9223744
      ],
      [
       -77.0091122,
       38.9223786
      ],
      [
       -77.009123,
       38.9108212
      ],
      [
       -77.0114833,
       38.9118147
      ],
      [
       -77.0140314,
       38.9129125
      ],
      [
       -77.0142996,
       38.9152123
      ],
      [
       -77.014938,
       38.9206674
      ],
      [
       -77.0142353,
       38.9207927
      ],
      [
       -77.0136613,
       38.9209262
      ],
      [
       -77.0133555,
       38.9210305
      ],
      [
       -77.012744,
       38.921289
      ],
      [
       -77.0126474,
       38.9213018
      ],
      [
       -77.0126474,
       38.9213018
      ],
      [
       -77.0121431,
       38.9213102
      ]
     ]
    ]
   }
  },
  {
   "type": "Feature",
   "properties": {
    "name": "Blue Plains Advanced Wastewater Treatment Plant"
   },
   "geometry": {
    "type": "Polygon",
    "coordinates": [
     [
      [
       -77.0273083,
       38.8173708
      ],
      [
       -77.0276731,
       38.8181356
      ],
      [
       -77.0275497,
       38.8191471
      ],
      [
       -77.0275015,
       38.8197322
      ],
      [
       -77.0274371,
       38.8199872
      ],
      [
       -77.0200825,
       38.8206643
      ],
      [
       -77.0178294,
       38.8207855
      ],
      [
       -77.0176739,
       38.8207479
      ],
      [
       -77.0176417,
       38.8206434
      ],
      [
       -77.0176739,
       38.819703
      ],
      [
       -77.0178509,
       38.818679
      ],
      [
       -77.0190525,
       38.8160709
      ],
      [
       -77.0193475,
       38.8156403
      ],
      [
       -77.0207101,
       38.8135337
      ],
      [
       -77.0213377,
       38.8126016
      ],
      [
       -77.0219815,
       38.8115357
      ],
      [
       -77.022357,
       38.8107164
      ],
      [
       -77.0225179,
       38.8101855
      ],
      [
       -77.0226628,
       38.8094833
      ],
      [
       -77.0228505,
       38.8094874
      ],
      [
       -77.0230973,
       38.809592
      ],
      [
       -77.0231724,
       38.8096588
      ],
      [
       -77.0233145,
       38.8096693
      ],
      [
       -77.0254576,
       38.8102838
      ],
      [
       -77.0256025,
       38.8103799
      ],
      [
       -77.0257795,
       38.8105764
      ],
      [
       -77.0259941,
       38.8110508
      ],
      [
       -77.0262247,
       38.8119495
      ],
      [
       -77.0266458,
       38.8133184
      ],
      [
       -77.0268604,
       38.8139057
      ],
      [
       -77.0269918,
       38.8141356
      ],
      [
       -77.0276999,
       38.8145933
      ],
      [
       -77.0283732,
       38.8149778
      ],
      [
       -77.0284671,
       38.8150928
      ],
      [
       -77.0286441,
       38.8152286
      ],
      [
       -77.0287246,
       38.8152851
      ],
      [
       -77.0287836,
       38.8152809
      ],
      [
       -77.0288721,
       38.81526
      ],
      [
       -77.0289767,
       38.8152621
      ],
      [
       -77.0290062,
       38.8153352
      ],
      [
       -77.0289284,
       38.8153833
      ],
      [
       -77.0288211,
       38.8154063
      ],
      [
       -77.0286843,
       38.8154711
      ],
      [
       -77.0281559,
       38.8159204
      ],
      [
       -77.0277804,
       38.8162966
      ],
      [
       -77.02748,
       38.8166602
      ],
      [
       -77.0274156,
       38.8168567
      ],
      [
       -77.0273781,
       38.8172203
      ],
      [
       -77.0273781,
       38.8172203
      ],
      [
       -77.0273083,
       38.8173708
      ]
     ]
    ]
   }
  },
  {
   "type": "Feature",
   "properties": {
    "name": "Bolling Air Force Base"
   },
   "geometry": {
    "type": "Polygon",
    "coordinates": [
     [
      [
       -77.0111346,
       38.845273
      ],
      [
       -77.010802,
       38.8465431
      ],
      [
       -77.0103407,
       38.8475541
      ],
      [
       -77.009005,
       38.8498227
      ],
      [
       -77.0087743,
       38.8502321
      ],
      [
       -77.0083666,
       38.8501193
      ],
      [
       -77.0084471,
       38.8487574
      ],
      [
       -77.0082915,
       38.8484983
      ],
      [
       -77.0085758,
       38.8457284
      ],
      [
       -77.0087528,
       38.8432842
      ],
      [
       -77.0088816,
       38.8415962
      ],
      [
       -77.0089889,
       38.8406436
      ],
      [
       -77.0092034,
       38.8398246
      ],
      [
       -77.0093161,
       38.8393984
      ],
      [
       -77.0097184,
       38.8387549
      ],
      [
       -77.0105338,
       38.8376685
      ],
      [
       -77.0127171,
       38.8347018
      ],
      [
       -77.0137632,
       38.833352
      ],
      [
       -77.0142674,
       38.8326166
      ],
      [
       -77.0148468,
       38.8319062
      ],
      [
       -77.0151097,
       38.8315175
      ],
      [
       -77.0158821,
       38.8308197
      ],
      [
       -77.0164347,
       38.8303391
      ],
      [
       -77.0169497,
       38.8298794
      ],
      [
       -77.0170355,
       38.8297373
      ],
      [
       -77.0173359,
       38.8299797
      ],
      [
       -77.01747,
       38.8299797
      ],
      [
       -77.0201147,
       38.8294197
      ],
      [
       -77.0204473,
       38.8271296
      ],
      [
       -77.021842,
       38.8265613
      ],
      [
       -77.0225823,
       38.8274054
      ],
      [
       -77.0235801,
       38.8278066
      ],
      [
       -77.0251679,
       38.8284753
      ],
      [
       -77.0263481,
       38.8285421
      ],
      [
       -77.0264554,
       38.8287762
      ],
      [
       -77.0264125,
       38.8291941
      ],
      [
       -77.0262623,
       38.8297123
      ],
      [
       -77.0260692,
       38.8300967
      ],
      [
       -77.0258117,
       38.8305313
      ],
      [
       -77.0255327,
       38.8308489
      ],
      [
       -77.0254469,
       38.8310495
      ],
      [
       -77.0256186,
       38.831317
      ],
      [
       -77.0253181,
       38.8322363
      ],
      [
       -77.0248675,
       38.8328046
      ],
      [
       -77.0248246,
       38.8332225
      ],
      [
       -77.0248246,
       38.8337908
      ],
      [
       -77.024889,
       38.8340582
      ],
      [
       -77.0247817,
       38.8344427
      ],
      [
       -77.0243955,
       38.8349943
      ],
      [
       -77.024138,
       38.8355793
      ],
      [
       -77.0234513,
       38.8384875
      ],
      [
       -77.0227861,
       38.8413789
      ],
      [
       -77.0221639,
       38.8431505
      ],
      [
       -77.0215201,
       38.845039
      ],
      [
       -77.0211768,
       38.8462089
      ],
      [
       -77.0205331,
       38.8472283
      ],
      [
       -77.0205331,
       38.8472283
      ],
      [
       -77.0111346,
       38.845273
      ]
     ]
    ]
   }
  },
  {
   "type": "Feature",
   "properties": {
    "name": "Brentwood"
   },
   "geometry": {
    "type": "Polygon",
    "coordinates": [
     [
      [
       -77.0018864,
       38.9097651
      ],
      [
       -76.9959319,
       38.9212851
      ],
      [
       -76.9855464,
       38.9245196
      ],
      [
       -76.9852996,
       38.92424
      ],
      [
       -76.9789213,
       38.9198244
      ],
      [
       -76.9786155,
       38.9194613
      ],
      [
       -76.9785029,
       38.9191941
      ],
      [
       -76.9782776,
       38.9179545
      ],
      [
       -76.9783205,
       38.9176582
      ],
      [
       -76.9784546,
       38.9174453
      ],
      [
       -76.9785351,
       38.9172826
      ],
      [
       -76.9785243,
       38.9171615
      ],
      [
       -76.9793397,
       38.9171407
      ],
      [
       -76.9799244,
       38.9171448
      ],
      [
       -76.9806755,
       38.9170739
      ],
      [
       -76.9811851,
       38.9169445
      ],
      [
       -76.9811851,
       38.9169445
      ],
      [
       -77.0018864,
       38.9097651
      ]
     ]
    ]
   }
  },
  {
   "type": "Feature",
   "properties": {
    "name": "Brightwood"
   },
   "geometry": {
    "type": "Polygon",
    "coordinates": [
     [
      [
       -77.0376348,
       38.9583409
      ],
      [
       -77.0389223,
       38.958975
      ],
      [
       -77.0378923,
       38.9604099
      ],
      [
       -77.0387936,
       38.9609772
      ],
      [
       -77.0384073,
       38.9617113
      ],
      [
       -77.0389652,
       38.9619115
      ],
      [
       -77.0391369,
       38.9630795
      ],
      [
       -77.0363903,
       38.9630461
      ],
      [
       -77.0364761,
       38.966116
      ],
      [
       -77.0381498,
       38.9675508
      ],
      [
       -77.0381606,
       38.969803
      ],
      [
       -77.0383751,
       38.969878
      ],
      [
       -77.0385039,
       38.970145
      ],
      [
       -77.0382786,
       38.9702451
      ],
      [
       -77.0364225,
       38.970537
      ],
      [
       -77.0363903,
       38.9721886
      ],
      [
       -77.0333862,
       38.9721552
      ],
      [
       -77.0296955,
       38.9722553
      ],
      [
       -77.0270777,
       38.972322
      ],
      [
       -77.027303,
       38.9698947
      ],
      [
       -77.0278394,
       38.9637051
      ],
      [
       -77.0282793,
       38.9583409
      ],
      [
       -77.033515,
       38.9583743
      ],
      [
       -77.0344162,
       38.9582742
      ],
      [
       -77.0354462,
       38.9582408
      ],
      [
       -77.0354462,
       38.9582408
      ],
      [
       -77.0376348,
       38.9583409
      ]
     ]
    ]
   }
  },
  {
   "type": "Feature",
   "properties": {
    "name": "Brightwood Park"
   },
   "geometry": {
    "type": "Polygon",
    "coordinates": [
     [
      [
       -77.028193,
       38.958274
      ],
      [
       -77.0279467,
       38.9609355
      ],
      [
       -77.0149112,
       38.956689
      ],
      [
       -77.0149863,
       38.9565973
      ],
      [
       -77.0279789,
       38.9562135
      ],
      [
       -77.0281506,
       38.957223
      ],
      [
       -77.0281506,
       38.957223
      ],
      [
       -77.028193,
       38.958274
      ]
     ]
    ]
   }
  },
  {
   "type": "Feature",
   "properties": {
    "name": "Brookland"
   },
   "geometry": {
    "type": "Polygon",
    "coordinates": [
     [
      [
       -76.9959587,
       38.9213894
      ],
      [
       -76.994934,
       38.9241609
      ],
      [
       -76.9945693,
       38.9252539
      ],
      [
       -76.9943547,
       38.9262389
      ],
      [
       -76.994247,
       38.9270319
      ],
      [
       -76.9939685,
       38.9292686
      ],
      [
       -76.99399,
       38.9298699
      ],
      [
       -76.994226,
       38.9322482
      ],
      [
       -76.994762,
       38.9337759
      ],
      [
       -76.9978523,
       38.9407854
      ],
      [
       -76.9879603,
       38.9407354
      ],
      [
       -76.9813943,
       38.9407521
      ],
      [
       -76.9716096,
       38.9313301
      ],
      [
       -76.9849992,
       38.9248784
      ],
      [
       -76.9855839,
       38.9246196
      ],
      [
       -76.9858038,
       38.9245403
      ],
      [
       -76.9924289,
       38.9225037
      ],
      [
       -76.9924289,
       38.9225037
      ],
      [
       -76.9959587,
       38.9213894
      ]
     ]
    ]
   }
  },
  {
   "type": "Feature",
   "properties": {
    "name": "Buena Vista"
   },
   "geometry": {
    "type": "Polygon",
    "coordinates": [
     [
      [
       -76.9971925,
       38.8621252
      ],
      [
       -76.999349,
       38.8629648
      ],
      [
       -76.9963771,
       38.8635537
      ],
      [
       -76.9948912,
       38.8638753
      ],
      [
       -76.9938129,
       38.8642346
      ],
      [
       -76.9933999,
       38.8644518
      ],
      [
       -76.9927776,
       38.8648402
      ],
      [
       -76.9914258,
       38.8639798
      ],
      [
       -76.9910127,
       38.8634242
      ],
      [
       -76.9912112,
       38.8633156
      ],
      [
       -76.9895428,
       38.8616448
      ],
      [
       -76.988706,
       38.8608178
      ],
      [
       -76.9882929,
       38.8603833
      ],
      [
       -76.988014,
       38.8601578
      ],
      [
       -76.9868821,
       38.8594602
      ],
      [
       -76.984731,
       38.8579647
      ],
      [
       -76.9837546,
       38.8573214
      ],
      [
       -76.9836581,
       38.8572755
      ],
      [
       -76.9831753,
       38.8569622
      ],
      [
       -76.9829714,
       38.8568828
      ],
      [
       -76.9805628,
       38.8573005
      ],
      [
       -76.9774675,
       38.8573089
      ],
      [
       -76.9772315,
       38.8572922
      ],
      [
       -76.9769579,
       38.8572295
      ],
      [
       -76.9767272,
       38.8571293
      ],
      [
       -76.9754452,
       38.8563439
      ],
      [
       -76.9760245,
       38.8558134
      ],
      [
       -76.977725,
       38.8541257
      ],
      [
       -76.9780791,
       38.85418
      ],
      [
       -76.9784653,
       38.8542176
      ],
      [
       -76.9788194,
       38.8542468
      ],
      [
       -76.9791734,
       38.854251
      ],
      [
       -76.9796669,
       38.8542427
      ],
      [
       -76.9802517,
       38.8541925
      ],
      [
       -76.9806755,
       38.8541299
      ],
      [
       -76.9811797,
       38.8540212
      ],
      [
       -76.981523,
       38.8539335
      ],
      [
       -76.9821131,
       38.8537205
      ],
      [
       -76.9832879,
       38.8532818
      ],
      [
       -76.983937,
       38.8530688
      ],
      [
       -76.9843018,
       38.8529602
      ],
      [
       -76.984731,
       38.8528808
      ],
      [
       -76.9854766,
       38.8527805
      ],
      [
       -76.9860452,
       38.8527471
      ],
      [
       -76.9865549,
       38.8527053
      ],
      [
       -76.9872844,
       38.8527095
      ],
      [
       -76.9885343,
       38.8527972
      ],
      [
       -76.9889688,
       38.8528432
      ],
      [
       -76.9897681,
       38.8529852
      ],
      [
       -76.9903529,
       38.8531147
      ],
      [
       -76.9910663,
       38.8532902
      ],
      [
       -76.9915491,
       38.8534615
      ],
      [
       -76.9919354,
       38.8536202
      ],
      [
       -76.9923538,
       38.8538541
      ],
      [
       -76.9926596,
       38.8540714
      ],
      [
       -76.9929761,
       38.8543722
      ],
      [
       -76.9933784,
       38.8548567
      ],
      [
       -76.9935983,
       38.8553706
      ],
      [
       -76.9937056,
       38.8558468
      ],
      [
       -76.9937217,
       38.8562938
      ],
      [
       -76.9936788,
       38.8575136
      ],
      [
       -76.9936359,
       38.8588461
      ],
      [
       -76.9936681,
       38.859197
      ],
      [
       -76.9937378,
       38.8595855
      ],
      [
       -76.9939524,
       38.8600575
      ],
      [
       -76.9941509,
       38.860375
      ],
      [
       -76.9943708,
       38.8606089
      ],
      [
       -76.9946122,
       38.860847
      ],
      [
       -76.9950897,
       38.8611979
      ],
      [
       -76.9954491,
       38.8613942
      ],
      [
       -76.9954491,
       38.8613942
      ],
      [
       -76.9971925,
       38.8621252
      ]
     ]
    ]
   }
  },
  {
   "type": "Feature",
   "properties": {
    "name": "Buena Vista"
   },
   "geometry": {
    "type": "Polygon",
    "coordinates": [
     [
      [
       -76.972275,
       38.850704
      ],
      [
       -76.97279,
       38.851189
      ],
      [
       -76.972017,
       38.851373
      ],
      [
       -76.971374,
       38.85169
      ],
      [
       -76.970708,
       38.852125
      ],
      [
       -76.970279,
       38.852425
      ],
      [
       -76.970043,
       38.85276
      ],
      [
       -76.969957,
       38.853044
      ],
      [
       -76.969957,
       38.855166
      ],
      [
       -76.96955,
       38.855166
      ],
      [
       -76.969571,
       38.8554
      ],
      [
       -76.967511,
       38.857305
      ],
      [
       -76.965945,
       38.855015
      ],
      [
       -76.965709,
       38.854765
      ],
      [
       -76.963263,
       38.852359
      ],
      [
       -76.962984,
       38.852108
      ],
      [
       -76.96264,
       38.851991
      ],
      [
       -76.962297,
       38.851924
      ],
      [
       -76.961932,
       38.851924
      ],
      [
       -76.965559,
       38.849067
      ],
      [
       -76.966546,
       38.849
      ],
      [
       -76.967747,
       38.849067
      ],
      [
       -76.968713,
       38.8492
      ],
      [
       -76.96955,
       38.849451
      ],
      [
       -76.970429,
       38.849718
      ],
      [
       -76.971245,
       38.850103
      ],
      [
       -76.971245,
       38.850103
      ],
      [
       -76.972275,
       38.850704
      ]
     ]
    ]
   }
  },
  {
   "type": "Feature",
   "properties": {
    "name": "Burleith"
   },
   "geometry": {
    "type": "Polygon",
    "coordinates": [
     [
      [
       -77.0755826,
       38.9126157
      ],
      [
       -77.0757437,
       38.9168818
      ],
      [
       -77.0749068,
       38.9168735
      ],
      [
       -77.0749068,
       38.9165146
      ],
      [
       -77.0747566,
       38.9165146
      ],
      [
       -77.074735,
       38.916531
      ],
      [
       -77.073727,
       38.916464
      ],
      [
       -77.0737374,
       38.9164228
      ],
      [
       -77.0731795,
       38.9164228
      ],
      [
       -77.073169,
       38.916414
      ],
      [
       -77.072847,
       38.916631
      ],
      [
       -77.072246,
       38.916431
      ],
      [
       -77.071517,
       38.916298
      ],
      [
       -77.07098,
       38.916431
      ],
      [
       -77.070336,
       38.916598
      ],
      [
       -77.069435,
       38.916631
      ],
      [
       -77.0693922,
       38.9160805
      ],
      [
       -77.0693707,
       38.9154795
      ],
      [
       -77.0693493,
       38.9151289
      ],
      [
       -77.0692849,
       38.9139267
      ],
      [
       -77.0692635,
       38.9131587
      ],
      [
       -77.069242,
       38.9126745
      ],
      [
       -77.074156,
       38.912558
      ],
      [
       -77.074156,
       38.912558
      ],
      [
       -77.0755826,
       38.9126157
      ]
     ]
    ]
   }
  },
  {
   "type": "Feature",
   "properties": {
    "name": "Burrville"
   },
   "geometry": {
    "type": "Polygon",
    "coordinates": [
     [
      [
       -76.925583,
       38.898348
      ],
      [
       -76.923587,
       38.903975
      ],
      [
       -76.921527,
       38.902472
      ],
      [
       -76.920562,
       38.901688
      ],
      [
       -76.91994,
       38.90112
      ],
      [
       -76.91951,
       38.900853
      ],
      [
       -76.916399,
       38.898348
      ],
      [
       -76.916399,
       38.898348
      ],
      [
       -76.925583,
       38.898348
      ]
     ]
    ]
   }
  },
  {
   "type": "Feature",
   "properties": {
    "name": "Buzzard Point"
   },
   "geometry": {
    "type": "Polygon",
    "coordinates": [
     [
      [
       -77.0136935,
       38.872049
      ],
      [
       -77.0091578,
       38.8720386
      ],
      [
       -77.0091391,
       38.8714852
      ],
      [
       -77.0090881,
       38.8711699
      ],
      [
       -77.0089057,
       38.8707898
      ],
      [
       -77.0085382,
       38.8702469
      ],
      [
       -77.0082271,
       38.8699775
      ],
      [
       -77.0078033,
       38.8696893
      ],
      [
       -77.0075297,
       38.869564
      ],
      [
       -77.0073956,
       38.8695097
      ],
      [
       -77.0073795,
       38.8691171
      ],
      [
       -77.0078462,
       38.8688039
      ],
      [
       -77.0078945,
       38.8687287
      ],
      [
       -77.0079213,
       38.8685992
      ],
      [
       -77.0079321,
       38.8685491
      ],
      [
       -77.0079267,
       38.8684656
      ],
      [
       -77.0079643,
       38.8684113
      ],
      [
       -77.0080286,
       38.8683403
      ],
      [
       -77.0080179,
       38.8682567
      ],
      [
       -77.0079374,
       38.8682066
      ],
      [
       -77.0078892,
       38.868144
      ],
      [
       -77.0079857,
       38.8679727
      ],
      [
       -77.0083398,
       38.867956
      ],
      [
       -77.0084524,
       38.8679101
      ],
      [
       -77.0092034,
       38.866774
      ],
      [
       -77.0092839,
       38.866586
      ],
      [
       -77.0094073,
       38.8664607
      ],
      [
       -77.0094877,
       38.8663897
      ],
      [
       -77.0095038,
       38.8663187
      ],
      [
       -77.0094448,
       38.8662602
      ],
      [
       -77.0094448,
       38.8662018
      ],
      [
       -77.0094877,
       38.8661809
      ],
      [
       -77.0095414,
       38.8662101
      ],
      [
       -77.0095789,
       38.8661809
      ],
      [
       -77.0095897,
       38.8660639
      ],
      [
       -77.0096487,
       38.8659971
      ],
      [
       -77.0097506,
       38.8659136
      ],
      [
       -77.0098579,
       38.8658718
      ],
      [
       -77.0099437,
       38.865876
      ],
      [
       -77.0100564,
       38.8658718
      ],
      [
       -77.0101154,
       38.8658008
      ],
      [
       -77.0101261,
       38.8657173
      ],
      [
       -77.0101207,
       38.865617
      ],
      [
       -77.0102334,
       38.8654541
      ],
      [
       -77.0108342,
       38.8646229
      ],
      [
       -77.0108557,
       38.8644099
      ],
      [
       -77.0108235,
       38.8643138
      ],
      [
       -77.0108986,
       38.864247
      ],
      [
       -77.0109951,
       38.8642094
      ],
      [
       -77.0110756,
       38.8642094
      ],
      [
       -77.0112312,
       38.8641092
      ],
      [
       -77.011537,
       38.8639087
      ],
      [
       -77.0114994,
       38.863846
      ],
      [
       -77.0118159,
       38.8636831
      ],
      [
       -77.0119178,
       38.8635745
      ],
      [
       -77.0125079,
       38.8635411
      ],
      [
       -77.0134252,
       38.8634575
      ],
      [
       -77.0135862,
       38.8635327
      ],
      [
       -77.0137578,
       38.8635661
      ]
     ]
    ]
   }
  },
  {
   "type": "Feature",
   "properties": {
    "name": "Capitol Hill"
   },
   "geometry": {
    "type": "Polygon",
    "coordinates": [
     [
      [
       -77.0090801,
       38.8818757
      ],
      [
       -77.0090961,
       38.8820636
      ],
      [
       -77.0091337,
       38.8830658
      ],
      [
       -77.009064,
       38.8831869
      ],
      [
       -77.0091981,
       38.8832788
      ],
      [
       -77.0095146,
       38.8837339
      ],
      [
       -77.0097184,
       38.8839177
      ],
      [
       -77.0101368,
       38.8842684
      ],
      [
       -77.0103621,
       38.8845607
      ],
      [
       -77.0108771,
       38.8850368
      ],
      [
       -77.012229,
       38.8860139
      ],
      [
       -77.0121914,
       38.8860598
      ],
      [
       -77.0121753,
       38.8861976
      ],
      [
       -77.0121431,
       38.8875756
      ],
      [
       -77.0121458,
       38.888705
      ],
      [
       -77.0121297,
       38.88887
      ],
      [
       -77.0121244,
       38.8890098
      ],
      [
       -77.0121512,
       38.8890746
      ],
      [
       -77.0122182,
       38.889133
      ],
      [
       -77.0123443,
       38.8892395
      ],
      [
       -77.0124087,
       38.8893668
      ],
      [
       -77.0124596,
       38.8895568
      ],
      [
       -77.0124838,
       38.8897614
      ],
      [
       -77.0124757,
       38.8899702
      ],
      [
       -77.0124623,
       38.8900955
      ],
      [
       -77.0124274,
       38.890227
      ],
      [
       -77.0123819,
       38.890323
      ],
      [
       -77.0123202,
       38.8904044
      ],
      [
       -77.0122585,
       38.8904545
      ],
      [
       -77.0121887,
       38.8905046
      ],
      [
       -77.0121351,
       38.8905485
      ],
      [
       -77.0121136,
       38.8906111
      ],
      [
       -77.0121244,
       38.8907155
      ],
      [
       -77.0121297,
       38.8909723
      ],
      [
       -77.0121324,
       38.8911978
      ],
      [
       -77.0121619,
       38.8913877
      ],
      [
       -77.0121592,
       38.8921309
      ],
      [
       -77.0131516,
       38.8921393
      ],
      [
       -77.007519,
       38.8962101
      ],
      [
       -77.0071542,
       38.8959679
      ],
      [
       -77.006768,
       38.8958427
      ],
      [
       -77.0064139,
       38.8957926
      ],
      [
       -77.005899,
       38.8958594
      ],
      [
       -77.0057863,
       38.8959345
      ],
      [
       -77.0055825,
       38.8960389
      ],
      [
       -77.0053303,
       38.896185
      ],
      [
       -77.0051801,
       38.8963186
      ],
      [
       -77.005105,
       38.8964773
      ],
      [
       -77.0050299,
       38.8965482
      ],
      [
       -77.004751,
       38.8973415
      ],
      [
       -77.003517,
       38.897362
      ],
      [
       -76.983642,
       38.8973123
      ],
      [
       -76.9836634,
       38.8774658
      ],
      [
       -76.9838056,
       38.8774575
      ],
      [
       -76.9841087,
       38.8774032
      ],
      [
       -76.984731,
       38.8773614
      ],
      [
       -76.9860291,
       38.8773322
      ],
      [
       -76.9872952,
       38.8773656
      ],
      [
       -76.9884914,
       38.8774491
      ],
      [
       -76.9898325,
       38.8775953
      ],
      [
       -76.9908679,
       38.8777916
      ],
      [
       -76.9911897,
       38.8780463
      ],
      [
       -76.9915813,
       38.8782426
      ],
      [
       -76.9924986,
       38.8785433
      ],
      [
       -76.9942689,
       38.8788732
      ],
      [
       -76.9955778,
       38.8790319
      ],
      [
       -76.9961894,
       38.8791321
      ],
      [
       -76.9971281,
       38.8793284
      ],
      [
       -76.9975358,
       38.8793868
      ],
      [
       -76.9983137,
       38.8795914
      ],
      [
       -76.9985658,
       38.8797209
      ],
      [
       -76.999408,
       38.8799756
      ],
      [
       -77.0005989,
       38.8803139
      ],
      [
       -77.0017201,
       38.8806856
      ],
      [
       -77.0026428,
       38.8809445
      ],
      [
       -77.0031363,
       38.8810447
      ],
      [
       -77.0041394,
       38.8811115
      ],
      [
       -77.0048475,
       38.8811115
      ],
      [
       -77.005534,
       38.881078
      ],
      [
       -77.0059258,
       38.8810697
      ],
      [
       -77.0061672,
       38.8810697
      ],
      [
       -77.0071435,
       38.8812117
      ],
      [
       -77.0074922,
       38.8812994
      ],
      [
       -77.0078301,
       38.8814331
      ],
      [
       -77.0078301,
       38.8814331
      ],
      [
       -77.0090801,
       38.8818757
      ]
     ]
    ]
   }
  },
  {
   "type": "Feature",
   "properties": {
    "name": "Capitol View"
   },
   "geometry": {
    "type": "Polygon",
    "coordinates": [
     [
      [
       -76.929553,
       38.889246
      ],
      [
       -76.930625,
       38.889546
      ],
      [
       -76.93202,
       38.88978
      ],
      [
       -76.913331,
       38.889747
      ],
      [
       -76.918588,
       38.885705
      ],
      [
       -76.92039,
       38.886122
      ],
      [
       -76.921442,
       38.886306
      ],
      [
       -76.921978,
       38.88644
      ],
      [
       -76.92318,
       38.886423
      ],
      [
       -76.92378,
       38.886523
      ],
      [
       -76.924403,
       38.886824
      ],
      [
       -76.925604,
       38.887492
      ],
      [
       -76.926913,
       38.888344
      ],
      [
       -76.927493,
       38.888628
      ],
      [
       -76.927493,
       38.888628
      ],
      [
       -76.929553,
       38.889246
      ]
     ]
    ]
   }
  },
  {
   "type": "Feature",
   "properties": {
    "name": "Carver Langston"
   },
   "geometry": {
    "type": "Polygon",
    "coordinates": [
     [
      [
       -76.9833148,
       38.9001596
      ],
      [
       -76.983524,
       38.9001888
      ],
      [
       -76.9833577,
       38.9002848
      ],
      [
       -76.9829446,
       38.9008943
      ],
      [
       -76.9787067,
       38.9074401
      ],
      [
       -76.9749892,
       38.9058955
      ],
      [
       -76.9750053,
       38.9056075
      ],
      [
       -76.9699788,
       38.905645
      ],
      [
       -76.9724679,
       38.904568
      ],
      [
       -76.9719529,
       38.9037415
      ],
      [
       -76.9717813,
       38.9035828
      ],
      [
       -76.971588,
       38.903458
      ],
      [
       -76.9704616,
       38.9034325
      ],
      [
       -76.9702578,
       38.903349
      ],
      [
       -76.9702685,
       38.8984479
      ],
      [
       -76.9703972,
       38.8978968
      ],
      [
       -76.9703972,
       38.8978968
      ],
      [
       -76.9833148,
       38.9001596
      ]
     ]
    ]
   }
  },
  {
   "type": "Feature",
   "properties": {
    "name": "Cathedral Heights"
   },
   "geometry": {
    "type": "Polygon",
    "coordinates": [
     [
      [
       -77.0812154,
       38.9260387
      ],
      [
       -77.0813763,
       38.9261096
      ],
      [
       -77.081344,
       38.926448
      ],
      [
       -77.080679,
       38.92765
      ],
      [
       -77.080657,
       38.92795
      ],
      [
       -77.080121,
       38.928801
      ],
      [
       -77.0807,
       38.929185
      ],
      [
       -77.080379,
       38.930254
      ],
      [
       -77.0799172,
       38.9309421
      ],
      [
       -77.0797133,
       38.9314429
      ],
      [
       -77.0794237,
       38.9319019
      ],
      [
       -77.0790428,
       38.9323067
      ],
      [
       -77.0787156,
       38.932603
      ],
      [
       -77.0770526,
       38.9314011
      ],
      [
       -77.076323,
       38.9322441
      ],
      [
       -77.0727181,
       38.9318518
      ],
      [
       -77.0725894,
       38.9318477
      ],
      [
       -77.0731044,
       38.9285676
      ],
      [
       -77.0731312,
       38.9261847
      ],
      [
       -77.079027,
       38.926181
      ],
      [
       -77.0792788,
       38.9261764
      ],
      [
       -77.0795256,
       38.9260971
      ],
      [
       -77.0797509,
       38.926022
      ],
      [
       -77.0800835,
       38.9259636
      ],
      [
       -77.0804751,
       38.9259552
      ],
      [
       -77.0804751,
       38.9259552
      ],
      [
       -77.0812154,
       38.9260387
      ]
     ]
    ]
   }
  },
  {
   "type": "Feature",
   "properties": {
    "name": "Central Northeast/Mahaning Heights"
   },
   "geometry": {
    "type": "Polygon",
    "coordinates": [
     [
      [
       -76.951933,
       38.895609
      ],
      [
       -76.950259,
       38.897112
      ],
      [
       -76.94747,
       38.899416
      ],
      [
       -76.944723,
       38.901587
      ],
      [
       -76.943865,
       38.902389
      ],
      [
       -76.939187,
       38.900585
      ],
      [
       -76.93923,
       38.891534
      ],
      [
       -76.942492,
       38.892937
      ],
      [
       -76.944079,
       38.893304
      ],
      [
       -76.945882,
       38.893738
      ],
      [
       -76.947169,
       38.894273
      ],
      [
       -76.949229,
       38.895141
      ],
      [
       -76.949229,
       38.895141
      ],
      [
       -76.951933,
       38.895609
      ]
     ]
    ]
   }
  },
  {
   "type": "Feature",
   "properties": {
    "name": "Chesapeake and Ohio Canal National Historical Park"
   },
   "geometry": {
    "type": "Polygon",
    "coordinates": [
     [
      [
       -77.0711303,
       38.9042048
      ],
      [
       -77.0713341,
       38.9042633
      ],
      [
       -77.0715272,
       38.9043342
      ],
      [
       -77.0716828,
       38.9043676
      ],
      [
       -77.0719188,
       38.9044094
      ],
      [
       -77.0720851,
       38.9043927
      ],
      [
       -77.0722783,
       38.9043927
      ],
      [
       -77.072584,
       38.9044428
      ],
      [
       -77.0727825,
       38.9044845
      ],
      [
       -77.0730507,
       38.9045263
      ],
      [
       -77.0734638,
       38.904568
      ],
      [
       -77.0738071,
       38.9045889
      ],
      [
       -77.0741397,
       38.9046056
      ],
      [
       -77.074483,
       38.9046306
      ],
      [
       -77.074703,
       38.9046724
      ],
      [
       -77.0749444,
       38.9046849
      ],
      [
       -77.0752287,
       38.90471
      ],
      [
       -77.0755506,
       38.9047392
      ],
      [
       -77.0757329,
       38.9047767
      ],
      [
       -77.0758992,
       38.9048101
      ],
      [
       -77.076087,
       38.9048101
      ],
      [
       -77.0763606,
       38.9047934
      ],
      [
       -77.0766771,
       38.9047684
      ],
      [
       -77.076956,
       38.90476
      ],
      [
       -77.0772994,
       38.9047809
      ],
      [
       -77.0776373,
       38.9048268
      ],
      [
       -77.0779699,
       38.9048686
      ],
      [
       -77.0782381,
       38.9049187
      ],
      [
       -77.0785278,
       38.9049604
      ],
      [
       -77.0787746,
       38.9049855
      ],
      [
       -77.0791501,
       38.9049646
      ],
      [
       -77.0793217,
       38.9049187
      ],
      [
       -77.0795095,
       38.9048895
      ],
      [
       -77.0797992,
       38.9048769
      ],
      [
       -77.0801425,
       38.9048728
      ],
      [
       -77.080518,
       38.9048602
      ],
      [
       -77.080856,
       38.9048227
      ],
      [
       -77.0810974,
       38.9047684
      ],
      [
       -77.0813012,
       38.9046933
      ],
      [
       -77.0814407,
       38.9046807
      ],
      [
       -77.081607,
       38.9046891
      ],
      [
       -77.0819825,
       38.9047058
      ],
      [
       -77.0823258,
       38.9047225
      ],
      [
       -77.0826584,
       38.9047642
      ],
      [
       -77.0829266,
       38.9048435
      ],
      [
       -77.0832324,
       38.9049855
      ],
      [
       -77.0835221,
       38.905069
      ],
      [
       -77.0837474,
       38.9051566
      ],
      [
       -77.0839888,
       38.9052359
      ],
      [
       -77.0842677,
       38.9053528
      ],
      [
       -77.0845467,
       38.905428
      ],
      [
       -77.0848095,
       38.9055031
      ],
      [
       -77.0851368,
       38.9056325
      ],
      [
       -77.0853138,
       38.9057244
      ],
      [
       -77.0857483,
       38.905883
      ],
      [
       -77.0861077,
       38.9059915
      ],
      [
       -77.086435,
       38.9061001
      ],
      [
       -77.0867193,
       38.9061669
      ],
      [
       -77.0870197,
       38.9062545
      ],
      [
       -77.0873308,
       38.9063631
      ],
      [
       -77.0877224,
       38.906434
      ],
      [
       -77.0879906,
       38.9064925
      ],
      [
       -77.0882964,
       38.9065718
      ],
      [
       -77.0886344,
       38.9066928
      ],
      [
       -77.0887524,
       38.9067221
      ],
      [
       -77.0889026,
       38.9067137
      ],
      [
       -77.0892084,
       38.9067095
      ],
      [
       -77.0894659,
       38.9067304
      ],
      [
       -77.0896965,
       38.906793
      ],
      [
       -77.089836,
       38.9068181
      ],
      [
       -77.0900452,
       38.9069057
      ],
      [
       -77.0902061,
       38.9070143
      ],
      [
       -77.0903403,
       38.9071019
      ],
      [
       -77.0905012,
       38.9071478
      ],
      [
       -77.0907265,
       38.9071729
      ],
      [
       -77.0910269,
       38.9072522
      ],
      [
       -77.0912737,
       38.907344
      ],
      [
       -77.09144,
       38.9074359
      ],
      [
       -77.0916384,
       38.9075319
      ],
      [
       -77.0920515,
       38.9076905
      ],
      [
       -77.0924324,
       38.9077573
      ],
      [
       -77.0927918,
       38.9078157
      ],
      [
       -77.0929796,
       38.9078658
      ],
      [
       -77.0931888,
       38.9078867
      ],
      [
       -77.0936501,
       38.9079869
      ],
      [
       -77.0939237,
       38.9080913
      ],
      [
       -77.0941597,
       38.908204
      ],
      [
       -77.0943314,
       38.9083208
      ],
      [
       -77.0945138,
       38.9084711
      ],
      [
       -77.0947069,
       38.9086423
      ],
      [
       -77.0949429,
       38.9088385
      ],
      [
       -77.0952433,
       38.909043
      ],
      [
       -77.0955223,
       38.9092768
      ],
      [
       -77.0958334,
       38.9095397
      ],
      [
       -77.0961016,
       38.9097693
      ],
      [
       -77.0963591,
       38.9100657
      ],
      [
       -77.0966274,
       38.9102368
      ],
      [
       -77.0968795,
       38.9104205
      ],
      [
       -77.0972443,
       38.9106167
      ],
      [
       -77.0975822,
       38.9108254
      ],
      [
       -77.0978826,
       38.9110425
      ],
      [
       -77.0981133,
       38.9112136
      ],
      [
       -77.0982796,
       38.9113054
      ],
      [
       -77.0984405,
       38.911414
      ],
      [
       -77.0986283,
       38.9115642
      ],
      [
       -77.0987892,
       38.9116936
      ],
      [
       -77.0990252,
       38.9117813
      ],
      [
       -77.0992935,
       38.9119482
      ],
      [
       -77.0995456,
       38.9120776
      ],
      [
       -77.0998299,
       38.9122112
      ],
      [
       -77.1006775,
       38.9126745
      ],
      [
       -77.1010959,
       38.9130085
      ],
      [
       -77.1015573,
       38.9133424
      ],
      [
       -77.1017075,
       38.9135594
      ],
      [
       -77.1016967,
       38.9138182
      ],
      [
       -77.1015573,
       38.9140937
      ],
      [
       -77.10145,
       38.9145445
      ],
      [
       -77.1013427,
       38.9151289
      ],
      [
       -77.1013427,
       38.9154043
      ],
      [
       -77.1014714,
       38.9156631
      ],
      [
       -77.1017075,
       38.9160888
      ],
      [
       -77.1019328,
       38.916573
      ],
      [
       -77.1021795,
       38.9169153
      ],
      [
       -77.1023405,
       38.9171323
      ],
      [
       -77.1024692,
       38.9174746
      ],
      [
       -77.1026087,
       38.9177918
      ],
      [
       -77.1026731,
       38.9180589
      ],
      [
       -77.1026945,
       38.9183844
      ],
      [
       -77.1026301,
       38.9186766
      ],
      [
       -77.1026731,
       38.9188519
      ],
      [
       -77.1028662,
       38.918902
      ],
      [
       -77.1030807,
       38.9188769
      ],
      [
       -77.1032953,
       38.9186432
      ],
      [
       -77.1034884,
       38.9185263
      ],
      [
       -77.1036923,
       38.9184679
      ],
      [
       -77.1038961,
       38.9185263
      ],
      [
       -77.1041429,
       38.918685
      ],
      [
       -77.1043682,
       38.9190272
      ],
      [
       -77.104497,
       38.919311
      ],
      [
       -77.1048081,
       38.9196032
      ],
      [
       -77.10513,
       38.9199287
      ],
      [
       -77.1051729,
       38.9201457
      ],
      [
       -77.1053874,
       38.9204129
      ],
      [
       -77.1056235,
       38.9205881
      ],
      [
       -77.1058702,
       38.92073
      ],
      [
       -77.1062136,
       38.9208386
      ],
      [
       -77.1064925,
       38.9210806
      ],
      [
       -77.106868,
       38.9212893
      ],
      [
       -77.1072221,
       38.9215147
      ],
      [
       -77.1074367,
       38.9217734
      ],
      [
       -77.1076512,
       38.9220322
      ],
      [
       -77.1078765,
       38.9221741
      ],
      [
       -77.1080804,
       38.9222075
      ],
      [
       -77.1083486,
       38.9222826
      ],
      [
       -77.1085417,
       38.9224746
      ],
      [
       -77.108649,
       38.9226749
      ],
      [
       -77.1087992,
       38.9227918
      ],
      [
       -77.1091855,
       38.9230923
      ],
      [
       -77.1095502,
       38.9233343
      ],
      [
       -77.1098506,
       38.9234595
      ],
      [
       -77.1101189,
       38.9236432
      ],
      [
       -77.1101403,
       38.9237934
      ],
      [
       -77.1101081,
       38.923927
      ],
      [
       -77.1099257,
       38.9239436
      ],
      [
       -77.1099472,
       38.9240605
      ],
      [
       -77.1103013,
       38.9241523
      ],
      [
       -77.1105909,
       38.9242107
      ],
      [
       -77.1110094,
       38.9244528
      ],
      [
       -77.1117175,
       38.9250621
      ],
      [
       -77.1121252,
       38.9255045
      ],
      [
       -77.1126401,
       38.9259385
      ],
      [
       -77.1132517,
       38.9264477
      ],
      [
       -77.113831,
       38.9270319
      ],
      [
       -77.1143782,
       38.9275661
      ],
      [
       -77.1147537,
       38.9280001
      ],
      [
       -77.115258,
       38.9283924
      ],
      [
       -77.1155262,
       38.9286761
      ],
      [
       -77.1157837,
       38.9291352
      ],
      [
       -77.1158266,
       38.9293772
      ],
      [
       -77.1158588,
       38.9297945
      ],
      [
       -77.115891,
       38.9301785
      ],
      [
       -77.1161056,
       38.9306041
      ],
      [
       -77.1162236,
       38.9309713
      ],
      [
       -77.1162772,
       38.9312467
      ],
      [
       -77.116363,
       38.9315555
      ],
      [
       -77.1164918,
       38.9318643
      ],
      [
       -77.1166742,
       38.9320146
      ],
      [
       -77.1168458,
       38.9322399
      ],
      [
       -77.1169102,
       38.9324736
      ],
      [
       -77.1171033,
       38.9326572
      ],
      [
       -77.1174467,
       38.9328325
      ],
      [
       -77.1176827,
       38.9329743
      ],
      [
       -77.1178007,
       38.9332748
      ],
      [
       -77.1178436,
       38.9334667
      ],
      [
       -77.1181548,
       38.9337171
      ],
      [
       -77.1184337,
       38.9340342
      ],
      [
       -77.1188092,
       38.9343263
      ],
      [
       -77.1190667,
       38.9345099
      ],
      [
       -77.119174,
       38.9347603
      ],
      [
       -77.117039,
       38.9364127
      ],
      [
       -77.1167171,
       38.9360789
      ],
      [
       -77.1162236,
       38.93567
      ],
      [
       -77.1159124,
       38.9354196
      ],
      [
       -77.1155691,
       38.9350524
      ],
      [
       -77.1152258,
       38.9346101
      ],
      [
       -77.1147323,
       38.9340342
      ],
      [
       -77.1142709,
       38.9334584
      ],
      [
       -77.113992,
       38.9330578
      ],
      [
       -77.1137452,
       38.9326489
      ],
      [
       -77.1134984,
       38.9322232
      ],
      [
       -77.1131015,
       38.9315222
      ],
      [
       -77.1121037,
       38.929853
      ],
      [
       -77.1109557,
       38.9280418
      ],
      [
       -77.1103656,
       38.9271988
      ],
      [
       -77.1097648,
       38.926481
      ],
      [
       -77.1085417,
       38.9253376
      ],
      [
       -77.1064603,
       38.9238184
      ],
      [
       -77.1052909,
       38.9230255
      ],
      [
       -77.1047544,
       38.9226415
      ],
      [
       -77.1040463,
       38.9221324
      ],
      [
       -77.1029627,
       38.9211474
      ],
      [
       -77.1018469,
       38.9197952
      ],
      [
       -77.0976144,
       38.9131504
      ],
      [
       -77.097432,
       38.9128832
      ],
      [
       -77.0972496,
       38.9126453
      ],
      [
       -77.0970136,
       38.9123782
      ],
      [
       -77.0967132,
       38.9120234
      ],
      [
       -77.0965308,
       38.9118188
      ],
      [
       -77.0962143,
       38.9115141
      ],
      [
       -77.0960373,
       38.9113221
      ],
      [
       -77.095753,
       38.9110466
      ],
      [
       -77.0955062,
       38.9108337
      ],
      [
       -77.0947981,
       38.9102744
      ],
      [
       -77.0939451,
       38.9096023
      ],
      [
       -77.0932478,
       38.9090931
      ],
      [
       -77.0921481,
       38.9084419
      ],
      [
       -77.0919442,
       38.9082958
      ],
      [
       -77.0917296,
       38.9081914
      ],
      [
       -77.0912308,
       38.9079911
      ],
      [
       -77.0909035,
       38.907845
      ],
      [
       -77.090587,
       38.9077072
      ],
      [
       -77.0901686,
       38.9075402
      ],
      [
       -77.0897341,
       38.9073691
      ],
      [
       -77.0893586,
       38.9072522
      ],
      [
       -77.0874113,
       38.9066553
      ],
      [
       -77.0866334,
       38.9064257
      ],
      [
       -77.0856947,
       38.9061293
      ],
      [
       -77.0854264,
       38.9060374
      ],
      [
       -77.0847291,
       38.9058037
      ],
      [
       -77.0842892,
       38.9056409
      ],
      [
       -77.0837957,
       38.9054572
      ],
      [
       -77.0833075,
       38.9052819
      ],
      [
       -77.082932,
       38.9051525
      ],
      [
       -77.0826423,
       38.9050731
      ],
      [
       -77.082417,
       38.9050272
      ],
      [
       -77.0821381,
       38.9050063
      ],
      [
       -77.0818323,
       38.9049896
      ],
      [
       -77.081548,
       38.904998
      ],
      [
       -77.0812958,
       38.9050272
      ],
      [
       -77.0810008,
       38.9050982
      ],
      [
       -77.0804644,
       38.9052485
      ],
      [
       -77.0799655,
       38.9053821
      ],
      [
       -77.0796758,
       38.9054655
      ],
      [
       -77.0794988,
       38.9055282
      ],
      [
       -77.0791876,
       38.9055949
      ],
      [
       -77.0788282,
       38.9056534
      ],
      [
       -77.0785707,
       38.9056826
      ],
      [
       -77.0782006,
       38.9056993
      ],
      [
       -77.0779753,
       38.9056868
      ],
      [
       -77.0777231,
       38.9056617
      ],
      [
       -77.0774388,
       38.9055949
      ],
      [
       -77.077058,
       38.9054948
      ],
      [
       -77.0767522,
       38.9054113
      ],
      [
       -77.076484,
       38.9053487
      ],
      [
       -77.0761138,
       38.9052819
      ],
      [
       -77.075792,
       38.9052359
      ],
      [
       -77.0754969,
       38.9052025
      ],
      [
       -77.075159,
       38.9051775
      ],
      [
       -77.0748961,
       38.905165
      ],
      [
       -77.074644,
       38.9051608
      ],
      [
       -77.0742148,
       38.9051608
      ],
      [
       -77.0738232,
       38.9051441
      ],
      [
       -77.073378,
       38.9051149
      ],
      [
       -77.0729595,
       38.9050731
      ],
      [
       -77.0723534,
       38.9049855
      ],
      [
       -77.0719725,
       38.9049062
      ],
      [
       -77.0716238,
       38.9048477
      ],
      [
       -77.0712644,
       38.9047976
      ],
      [
       -77.0708406,
       38.9047308
      ],
      [
       -77.0706421,
       38.9047141
      ],
      [
       -77.0704114,
       38.9046807
      ],
      [
       -77.0702505,
       38.9046348
      ],
      [
       -77.0701969,
       38.9045388
      ],
      [
       -77.0701057,
       38.9044386
      ],
      [
       -77.0699823,
       38.9043342
      ],
      [
       -77.0698321,
       38.9042633
      ],
      [
       -77.0692152,
       38.9041213
      ],
      [
       -77.0693493,
       38.9038542
      ],
      [
       -77.0697141,
       38.9039418
      ],
      [
       -77.0699179,
       38.9039794
      ],
      [
       -77.0701271,
       38.9039961
      ],
      [
       -77.0703685,
       38.9040587
      ],
      [
       -77.0705724,
       38.9041088
      ],
      [
       -77.0707816,
       38.9041339
      ],
      [
       -77.0707816,
       38.9041339
      ],
      [
       -77.0711303,
       38.9042048
      ]
     ]
    ]
   }
  },
  {
   "type": "Feature",
   "properties": {
    "name": "Chevy Chase"
   },
   "geometry": {
    "type": "Polygon",
    "coordinates": [
     [
      [
       -77.0802927,
       38.9617051
      ],
      [
       -77.08029,
       38.9649064
      ],
      [
       -77.0803624,
       38.9649836
      ],
      [
       -77.070251,
       38.972856
      ],
      [
       -77.056131,
       38.972856
      ],
      [
       -77.0532131,
       38.9728225
      ],
      [
       -77.054396,
       38.9659783
      ],
      [
       -77.0544362,
       38.9657823
      ],
      [
       -77.0544764,
       38.9655863
      ],
      [
       -77.0544523,
       38.9653506
      ],
      [
       -77.0543343,
       38.9650419
      ],
      [
       -77.0539534,
       38.9646082
      ],
      [
       -77.0531434,
       38.9635425
      ],
      [
       -77.0526794,
       38.9616321
      ],
      [
       -77.0536691,
       38.9612671
      ],
      [
       -77.0546401,
       38.9611002
      ],
      [
       -77.0561984,
       38.9610001
      ],
      [
       -77.056217,
       38.959976
      ],
      [
       -77.0560402,
       38.9591752
      ],
      [
       -77.0560107,
       38.9587977
      ],
      [
       -77.0560294,
       38.9586976
      ],
      [
       -77.0562387,
       38.9583868
      ],
      [
       -77.056649,
       38.9580781
      ],
      [
       -77.056818,
       38.95794
      ],
      [
       -77.056936,
       38.9577694
      ],
      [
       -77.0570755,
       38.9573982
      ],
      [
       -77.0571774,
       38.9570374
      ],
      [
       -77.05729,
       38.956839
      ],
      [
       -77.0573786,
       38.9567725
      ],
      [
       -77.0575529,
       38.9567287
      ],
      [
       -77.05802,
       38.956739
      ],
      [
       -77.0584005,
       38.957077
      ],
      [
       -77.0587412,
       38.9573398
      ],
      [
       -77.0589048,
       38.9574232
      ],
      [
       -77.0591623,
       38.9575212
      ],
      [
       -77.0593688,
       38.9575776
      ],
      [
       -77.0600125,
       38.9577152
      ],
      [
       -77.0609754,
       38.9578299
      ],
      [
       -77.063325,
       38.9580051
      ],
      [
       -77.0635879,
       38.9580698
      ],
      [
       -77.0639044,
       38.9581657
      ],
      [
       -77.0642826,
       38.9582763
      ],
      [
       -77.0651489,
       38.9584869
      ],
      [
       -77.0660287,
       38.9586204
      ],
      [
       -77.0668951,
       38.9580552
      ],
      [
       -77.0672411,
       38.9578112
      ],
      [
       -77.0677695,
       38.9573356
      ],
      [
       -77.0680779,
       38.9569685
      ],
      [
       -77.0687324,
       38.9560091
      ],
      [
       -77.069006,
       38.9555002
      ],
      [
       -77.0692742,
       38.9546825
      ],
      [
       -77.0695558,
       38.9546971
      ],
      [
       -77.0703712,
       38.9560779
      ],
      [
       -77.0722407,
       38.9538565
      ],
      [
       -77.0727101,
       38.9546909
      ],
      [
       -77.0733216,
       38.9556691
      ],
      [
       -77.074113,
       38.956606
      ],
      [
       -77.074475,
       38.9569477
      ],
      [
       -77.0748961,
       38.9572918
      ],
      [
       -77.0752421,
       38.9575129
      ],
      [
       -77.0777473,
       38.9588039
      ],
      [
       -77.0785493,
       38.9592169
      ],
      [
       -77.0788202,
       38.9593838
      ],
      [
       -77.0790187,
       38.959536
      ],
      [
       -77.0791581,
       38.9596799
      ],
      [
       -77.079547,
       38.9601367
      ],
      [
       -77.0796651,
       38.9602848
      ],
      [
       -77.0798367,
       38.9605747
      ],
      [
       -77.0800674,
       38.9610189
      ],
      [
       -77.0802122,
       38.9614027
      ],
      [
       -77.0802122,
       38.9614027
      ],
      [
       -77.0802927,
       38.9617051
      ]
     ]
    ]
   }
  },
  {
   "type": "Feature",
   "properties": {
    "name": "Chinatown"
   },
   "geometry": {
    "type": "Polygon",
    "coordinates": [
     [
      [
       -77.0229578,
       38.8984646
      ],
      [
       -77.022931,
       38.9021092
      ],
      [
       -77.0218903,
       38.9021008
      ],
      [
       -77.0189399,
       38.9011323
      ],
      [
       -77.0166224,
       38.900337
      ],
      [
       -77.0162067,
       38.9001533
      ],
      [
       -77.015689,
       38.899932
      ],
      [
       -77.0158848,
       38.8998819
      ],
      [
       -77.0161879,
       38.8998506
      ],
      [
       -77.0189452,
       38.8998673
      ],
      [
       -77.0189184,
       38.8983184
      ],
      [
       -77.0199054,
       38.8983143
      ],
      [
       -77.0198894,
       38.8973415
      ],
      [
       -77.0219225,
       38.8973498
      ],
      [
       -77.0219198,
       38.898452
      ],
      [
       -77.0219198,
       38.898452
      ],
      [
       -77.0229578,
       38.8984646
      ]
     ]
    ]
   }
  },
  {
   "type": "Feature",
   "properties": {
    "name": "Civic Betterment"
   },
   "geometry": {
    "type": "Polygon",
    "coordinates": [
     [
      [
       -76.9310063,
       38.8760125
      ],
      [
       -76.9311672,
       38.8762046
      ],
      [
       -76.931178,
       38.8765471
      ],
      [
       -76.9311994,
       38.8770482
      ],
      [
       -76.9312263,
       38.8774199
      ],
      [
       -76.9313711,
       38.8780421
      ],
      [
       -76.9318593,
       38.8792782
      ],
      [
       -76.9330502,
       38.8815166
      ],
      [
       -76.9327444,
       38.8816084
      ],
      [
       -76.9324332,
       38.8816418
      ],
      [
       -76.9320846,
       38.8815166
      ],
      [
       -76.9318861,
       38.8813537
      ],
      [
       -76.931693,
       38.8810196
      ],
      [
       -76.9313657,
       38.8807858
      ],
      [
       -76.9309849,
       38.8806522
      ],
      [
       -76.9306737,
       38.8805728
      ],
      [
       -76.9302499,
       38.8805603
      ],
      [
       -76.9294024,
       38.880648
      ],
      [
       -76.9259799,
       38.8810656
      ],
      [
       -76.9244778,
       38.8812493
      ],
      [
       -76.9242847,
       38.8813119
      ],
      [
       -76.9241667,
       38.8812493
      ],
      [
       -76.9241667,
       38.8812493
      ],
      [
       -76.9310063,
       38.8760125
      ]
     ]
    ]
   }
  },
  {
   "type": "Feature",
   "properties": {
    "name": "Cleveland Park"
   },
   "geometry": {
    "type": "Polygon",
    "coordinates": [
     [
      [
       -77.0731258,
       38.9361123
      ],
      [
       -77.0764357,
       38.9422125
      ],
      [
       -77.0785975,
       38.9460843
      ],
      [
       -77.0784849,
       38.946197
      ],
      [
       -77.0784259,
       38.9463138
      ],
      [
       -77.0784098,
       38.9465015
      ],
      [
       -77.078324,
       38.9468144
      ],
      [
       -77.0773691,
       38.9478992
      ],
      [
       -77.0567054,
       38.9479033
      ],
      [
       -77.0560455,
       38.9456254
      ],
      [
       -77.0553857,
       38.9446199
      ],
      [
       -77.0552516,
       38.9443237
      ],
      [
       -77.0551497,
       38.9443362
      ],
      [
       -77.0545167,
       38.9438272
      ],
      [
       -77.0543987,
       38.9435017
      ],
      [
       -77.0541143,
       38.9426965
      ],
      [
       -77.0541036,
       38.942442
      ],
      [
       -77.0541358,
       38.9422
      ],
      [
       -77.054227,
       38.9420873
      ],
      [
       -77.0544577,
       38.9418537
      ],
      [
       -77.0545435,
       38.9417118
      ],
      [
       -77.0546025,
       38.9412654
      ],
      [
       -77.0549566,
       38.9407104
      ],
      [
       -77.0536208,
       38.9409858
      ],
      [
       -77.0531917,
       38.9410109
      ],
      [
       -77.0527947,
       38.9408523
      ],
      [
       -77.0520544,
       38.9401513
      ],
      [
       -77.0529878,
       38.9387076
      ],
      [
       -77.0533419,
       38.9386826
      ],
      [
       -77.0538086,
       38.9385992
      ],
      [
       -77.054109,
       38.9385574
      ],
      [
       -77.054463,
       38.9385241
      ],
      [
       -77.0547581,
       38.9384656
      ],
      [
       -77.0550799,
       38.9384323
      ],
      [
       -77.0554018,
       38.9384573
      ],
      [
       -77.05567,
       38.9385491
      ],
      [
       -77.0558631,
       38.9387243
      ],
      [
       -77.0559061,
       38.9389997
      ],
      [
       -77.0558524,
       38.9393419
      ],
      [
       -77.0557719,
       38.9396047
      ],
      [
       -77.0564693,
       38.9396047
      ],
      [
       -77.0569468,
       38.940047
      ],
      [
       -77.057977,
       38.940118
      ],
      [
       -77.058449,
       38.940385
      ],
      [
       -77.0596451,
       38.9404017
      ],
      [
       -77.0596343,
       38.9398968
      ],
      [
       -77.0592749,
       38.9392835
      ],
      [
       -77.0603478,
       38.9388245
      ],
      [
       -77.0601976,
       38.9385908
      ],
      [
       -77.0594198,
       38.9388161
      ],
      [
       -77.0594412,
       38.93857
      ],
      [
       -77.058964,
       38.938516
      ],
      [
       -77.0582986,
       38.9384323
      ],
      [
       -77.057848,
       38.9382904
      ],
      [
       -77.057462,
       38.938048
      ],
      [
       -77.0570862,
       38.9376728
      ],
      [
       -77.0566785,
       38.9375477
      ],
      [
       -77.0562708,
       38.9374726
      ],
      [
       -77.0557773,
       38.9374308
      ],
      [
       -77.0553803,
       38.9374141
      ],
      [
       -77.0550907,
       38.9373474
      ],
      [
       -77.0548975,
       38.9372556
      ],
      [
       -77.054758,
       38.937014
      ],
      [
       -77.0544469,
       38.9368634
      ],
      [
       -77.0540071,
       38.9367799
      ],
      [
       -77.053653,
       38.9367799
      ],
      [
       -77.0532882,
       38.9369802
      ],
      [
       -77.0530415,
       38.9370887
      ],
      [
       -77.0527196,
       38.9371304
      ],
      [
       -77.0523334,
       38.9370887
      ],
      [
       -77.0518398,
       38.9369051
      ],
      [
       -77.0514858,
       38.9367632
      ],
      [
       -77.0510244,
       38.9366798
      ],
      [
       -77.0503592,
       38.936588
      ],
      [
       -77.0500159,
       38.9365045
      ],
      [
       -77.0496726,
       38.9363877
      ],
      [
       -77.0493078,
       38.9361957
      ],
      [
       -77.0490396,
       38.9360205
      ],
      [
       -77.0489538,
       38.9357785
      ],
      [
       -77.0489216,
       38.9355615
      ],
      [
       -77.0489967,
       38.9352527
      ],
      [
       -77.0490503,
       38.9350441
      ],
      [
       -77.0491683,
       38.9347853
      ],
      [
       -77.04934,
       38.9346435
      ],
      [
       -77.0496511,
       38.9345183
      ],
      [
       -77.050209,
       38.9343514
      ],
      [
       -77.0510137,
       38.9342012
      ],
      [
       -77.0516789,
       38.9341094
      ],
      [
       -77.052269,
       38.9339842
      ],
      [
       -77.0528376,
       38.9335085
      ],
      [
       -77.0552838,
       38.9328158
      ],
      [
       -77.0549834,
       38.9324235
      ],
      [
       -77.0553052,
       38.9324319
      ],
      [
       -77.0564532,
       38.932315
      ],
      [
       -77.0572579,
       38.9322149
      ],
      [
       -77.0577514,
       38.9321064
      ],
      [
       -77.058084,
       38.9318226
      ],
      [
       -77.0582342,
       38.9315472
      ],
      [
       -77.058481,
       38.9311716
      ],
      [
       -77.0588565,
       38.9308044
      ],
      [
       -77.0591462,
       38.9305791
      ],
      [
       -77.0595539,
       38.9304288
      ],
      [
       -77.0599616,
       38.9303537
      ],
      [
       -77.0607233,
       38.930312
      ],
      [
       -77.0610344,
       38.9302536
      ],
      [
       -77.0623112,
       38.9301451
      ],
      [
       -77.0626652,
       38.9302953
      ],
      [
       -77.064757,
       38.931105
      ],
      [
       -77.0664257,
       38.931493
      ],
      [
       -77.0667797,
       38.931543
      ],
      [
       -77.0685929,
       38.9316098
      ],
      [
       -77.0726001,
       38.931856
      ],
      [
       -77.0723748,
       38.9331997
      ],
      [
       -77.0723426,
       38.9335418
      ],
      [
       -77.0723534,
       38.9339091
      ],
      [
       -77.0723855,
       38.9343013
      ],
      [
       -77.0724499,
       38.9346351
      ],
      [
       -77.0726216,
       38.9350607
      ],
      [
       -77.0726216,
       38.9350607
      ],
      [
       -77.0731258,
       38.9361123
      ]
     ]
    ]
   }
  },
  {
   "type": "Feature",
   "properties": {
    "name": "Colonial Village"
   },
   "geometry": {
    "type": "Polygon",
    "coordinates": [
     [
      [
       -77.0386353,
       38.9811026
      ],
      [
       -77.0387211,
       38.9811527
      ],
      [
       -77.0388097,
       38.981259
      ],
      [
       -77.0388418,
       38.9813653
      ],
      [
       -77.0388633,
       38.9815092
      ],
      [
       -77.038874,
       38.9816843
      ],
      [
       -77.0389304,
       38.9817719
      ],
      [
       -77.0390618,
       38.9824787
      ],
      [
       -77.0393622,
       38.9829666
      ],
      [
       -77.0398986,
       38.9834628
      ],
      [
       -77.0399415,
       38.983515
      ],
      [
       -77.0391771,
       38.9839862
      ],
      [
       -77.040014,
       38.9851058
      ],
      [
       -77.0414543,
       38.9853664
      ],
      [
       -77.0414329,
       38.9857041
      ],
      [
       -77.0412719,
       38.9860106
      ],
      [
       -77.0416179,
       38.9862524
      ],
      [
       -77.0419505,
       38.9864526
      ],
      [
       -77.0421115,
       38.9866277
      ],
      [
       -77.0422509,
       38.986955
      ],
      [
       -77.0423394,
       38.9873637
      ],
      [
       -77.042441,
       38.987668
      ],
      [
       -77.0424682,
       38.9877431
      ],
      [
       -77.0424494,
       38.987839
      ],
      [
       -77.0424119,
       38.9879162
      ],
      [
       -77.0423555,
       38.987962
      ],
      [
       -77.0421785,
       38.9880663
      ],
      [
       -77.0416635,
       38.9883269
      ],
      [
       -77.0413738,
       38.9885208
      ],
      [
       -77.0410225,
       38.9888481
      ],
      [
       -77.0406792,
       38.9891316
      ],
      [
       -77.0399764,
       38.9896653
      ],
      [
       -77.0386755,
       38.9905555
      ],
      [
       -77.0364922,
       38.9921628
      ],
      [
       -77.0364279,
       38.9918418
      ],
      [
       -77.03639,
       38.991371
      ],
      [
       -77.0364171,
       38.9808628
      ],
      [
       -77.0364171,
       38.9808628
      ],
      [
       -77.0386353,
       38.9811026
      ]
     ]
    ]
   }
  },
  {
   "type": "Feature",
   "properties": {
    "name": "Colony Hill"
   },
   "geometry": {
    "type": "Polygon",
    "coordinates": [
     [
      [
       -77.0852628,
       38.9131817
      ],
      [
       -77.0854372,
       38.9134572
      ],
      [
       -77.0856088,
       38.9136513
      ],
      [
       -77.0858385,
       38.9138821
      ],
      [
       -77.0853181,
       38.9142285
      ],
      [
       -77.0845403,
       38.9145958
      ],
      [
       -77.084315,
       38.9146668
      ],
      [
       -77.084095,
       38.9146752
      ],
      [
       -77.0840038,
       38.9146585
      ],
      [
       -77.0838,
       38.914984
      ],
      [
       -77.0836605,
       38.9150299
      ],
      [
       -77.0831358,
       38.9144026
      ],
      [
       -77.0826423,
       38.9139852
      ],
      [
       -77.0820415,
       38.9136262
      ],
      [
       -77.0817411,
       38.9132923
      ],
      [
       -77.081548,
       38.9126871
      ],
      [
       -77.0822507,
       38.9126871
      ],
      [
       -77.082653,
       38.9126912
      ],
      [
       -77.0846969,
       38.912374
      ],
      [
       -77.0849919,
       38.9123865
      ],
      [
       -77.0851636,
       38.9129459
      ],
      [
       -77.0851636,
       38.9129459
      ],
      [
       -77.0852628,
       38.9131817
      ]
     ]
    ]
   }
  },
  {
   "type": "Feature",
   "properties": {
    "name": "Columbia Heights"
   },
   "geometry": {
    "type": "Polygon",
    "coordinates": [
     [
      [
       -77.029009,
       38.920622
      ],
      [
       -77.033354,
       38.9197618
      ],
      [
       -77.033987,
       38.91962
      ],
      [
       -77.0344162,
       38.9191941
      ],
      [
       -77.0362937,
       38.9191774
      ],
      [
       -77.0364547,
       38.9191524
      ],
      [
       -77.0364118,
       38.9374392
      ],
      [
       -77.033987,
       38.9374058
      ],
      [
       -77.0259941,
       38.9353111
      ],
      [
       -77.0258117,
       38.9352193
      ],
      [
       -77.0253181,
       38.9350774
      ],
      [
       -77.0267022,
       38.933208
      ],
      [
       -77.0268846,
       38.9329743
      ],
      [
       -77.0268953,
       38.9327657
      ],
      [
       -77.0260906,
       38.9275494
      ],
      [
       -77.0254898,
       38.9233677
      ],
      [
       -77.0252913,
       38.9206758
      ],
      [
       -77.0260799,
       38.9205714
      ],
      [
       -77.0262408,
       38.9206257
      ],
      [
       -77.0267773,
       38.9207801
      ],
      [
       -77.027024,
       38.9207718
      ],
      [
       -77.0286763,
       38.9206716
      ],
      [
       -77.0286763,
       38.9206716
      ],
      [
       -77.029009,
       38.920622
      ]
     ]
    ]
   }
  },
  {
   "type": "Feature",
   "properties": {
    "name": "Congress Heights"
   },
   "geometry": {
    "type": "Polygon",
    "coordinates": [
     [
      [
       -76.993475,
       38.8372339
      ],
      [
       -76.9931317,
       38.8367325
      ],
      [
       -76.99502,
       38.8362979
      ],
      [
       -76.9961787,
       38.8358299
      ],
      [
       -77.0036459,
       38.8309826
      ],
      [
       -77.0074976,
       38.8313963
      ],
      [
       -77.0077283,
       38.8314172
      ],
      [
       -77.0080555,
       38.8320106
      ],
      [
       -77.0082379,
       38.8324869
      ],
      [
       -77.0083988,
       38.832955
      ],
      [
       -77.0084095,
       38.8336444
      ],
      [
       -77.0078034,
       38.8356251
      ],
      [
       -77.0077712,
       38.8357129
      ],
      [
       -77.007578,
       38.8359636
      ],
      [
       -77.0064781,
       38.8374009
      ],
      [
       -77.0070361,
       38.8377189
      ],
      [
       -77.0064781,
       38.8384709
      ],
      [
       -77.006993,
       38.8387379
      ],
      [
       -77.0064515,
       38.8393398
      ],
      [
       -77.006811,
       38.839507
      ],
      [
       -77.0069611,
       38.8397869
      ],
      [
       -77.006312,
       38.8411741
      ],
      [
       -77.0062584,
       38.8412326
      ],
      [
       -77.0061405,
       38.841266
      ],
      [
       -77.0057918,
       38.841124
      ],
      [
       -77.0052771,
       38.8418469
      ],
      [
       -77.005727,
       38.8420979
      ],
      [
       -77.0053519,
       38.8425153
      ],
      [
       -77.0048047,
       38.8422813
      ],
      [
       -77.0042897,
       38.8429582
      ],
      [
       -77.0037265,
       38.8433259
      ],
      [
       -77.0031578,
       38.8435097
      ],
      [
       -77.0027179,
       38.8435891
      ],
      [
       -77.0023638,
       38.8436476
      ],
      [
       -77.0024229,
       38.8439693
      ],
      [
       -77.0020206,
       38.8440027
      ],
      [
       -77.0020527,
       38.8446169
      ],
      [
       -77.001999,
       38.8446754
      ],
      [
       -76.9977129,
       38.8446587
      ],
      [
       -76.9973749,
       38.8450849
      ],
      [
       -77.002203,
       38.8450974
      ],
      [
       -77.0032973,
       38.8450849
      ],
      [
       -77.0033187,
       38.8453188
      ],
      [
       -77.0033723,
       38.8454316
      ],
      [
       -77.0035118,
       38.8455027
      ],
      [
       -77.0037157,
       38.845557
      ],
      [
       -77.0047779,
       38.8457116
      ],
      [
       -77.0050837,
       38.8458578
      ],
      [
       -77.0052607,
       38.8460166
      ],
      [
       -77.0053519,
       38.8461586
      ],
      [
       -77.0057006,
       38.8490915
      ],
      [
       -77.0056577,
       38.8495469
      ],
      [
       -77.0055395,
       38.8497808
      ],
      [
       -77.0053947,
       38.8499479
      ],
      [
       -77.0051372,
       38.8500566
      ],
      [
       -77.0048691,
       38.8500858
      ],
      [
       -77.0046383,
       38.850044
      ],
      [
       -77.0044023,
       38.8499103
      ],
      [
       -77.0042735,
       38.8497015
      ],
      [
       -77.004295,
       38.8494842
      ],
      [
       -77.004397,
       38.849292
      ],
      [
       -77.004633,
       38.8490497
      ],
      [
       -77.0028789,
       38.8479844
      ],
      [
       -77.0022351,
       38.8486319
      ],
      [
       -77.0020902,
       38.8487322
      ],
      [
       -77.0018595,
       38.8488032
      ],
      [
       -77.001645,
       38.8488492
      ],
      [
       -77.0013876,
       38.8488617
      ],
      [
       -77.0011675,
       38.8488408
      ],
      [
       -77.0009638,
       38.8487406
      ],
      [
       -77.0002128,
       38.8483353
      ],
      [
       -76.9999551,
       38.8486649
      ],
      [
       -76.9974661,
       38.8472619
      ],
      [
       -76.996264,
       38.8465599
      ],
      [
       -76.9950841,
       38.8457739
      ],
      [
       -76.9920856,
       38.8440571
      ],
      [
       -76.9942475,
       38.8436894
      ],
      [
       -76.993647,
       38.8406439
      ],
      [
       -76.9935555,
       38.8388133
      ],
      [
       -76.9935555,
       38.8388133
      ],
      [
       -76.9935555,
       38.8388133
      ],
      [
       -76.993475,
       38.8372339
      ]
     ]
    ]
   }
  },
  {
   "type": "Feature",
   "properties": {
    "name": "Congress Heights"
   },
   "geometry": {
    "type": "Polygon",
    "coordinates": [
     [
      [
       -76.993475,
       38.8372339
      ],
      [
       -76.9931317,
       38.8367325
      ],
      [
       -76.99502,
       38.8362979
      ],
      [
       -76.9961787,
       38.8358299
      ],
      [
       -77.0036459,
       38.8309826
      ],
      [
       -77.0074976,
       38.8313963
      ],
      [
       -77.0077283,
       38.8314172
      ],
      [
       -77.0080555,
       38.8320106
      ],
      [
       -77.0082379,
       38.8324869
      ],
      [
       -77.0083988,
       38.832955
      ],
      [
       -77.0084095,
       38.8336444
      ],
      [
       -77.0078034,
       38.8356251
      ],
      [
       -77.0077712,
       38.8357129
      ],
      [
       -77.007578,
       38.8359636
      ],
      [
       -77.0064781,
       38.8374009
      ],
      [
       -77.0070361,
       38.8377189
      ],
      [
       -77.0064781,
       38.8384709
      ],
      [
       -77.006993,
       38.8387379
      ],
      [
       -77.0064515,
       38.8393398
      ],
      [
       -77.006811,
       38.839507
      ],
      [
       -77.0069611,
       38.8397869
      ],
      [
       -77.006312,
       38.8411741
      ],
      [
       -77.0062584,
       38.8412326
      ],
      [
       -77.0061405,
       38.841266
      ],
      [
       -77.0057918,
       38.841124
      ],
      [
       -77.0052771,
       38.8418469
      ],
      [
       -77.005727,
       38.8420979
      ],
      [
       -77.0053519,
       38.8425153
      ],
      [
       -77.0048047,
       38.8422813
      ],
      [
       -77.0042897,
       38.8429582
      ],
      [
       -77.0037265,
       38.8433259
      ],
      [
       -77.0031578,
       38.8435097
      ],
      [
       -77.0027179,
       38.8435891
      ],
      [
       -77.0023638,
       38.8436476
      ],
      [
       -77.0024229,
       38.8439693
      ],
      [
       -77.0020206,
       38.8440027
      ],
      [
       -77.0020527,
       38.8446169
      ],
      [
       -77.001999,
       38.8446754
      ],
      [
       -76.9977129,
       38.8446587
      ],
      [
       -76.9973749,
       38.8450849
      ],
      [
       -77.002203,
       38.8450974
      ],
      [
       -77.0032973,
       38.8450849
      ],
      [
       -77.0033187,
       38.8453188
      ],
      [
       -77.0033723,
       38.8454316
      ],
      [
       -77.0035118,
       38.8455027
      ],
      [
       -77.0037157,
       38.845557
      ],
      [
       -77.0047779,
       38.8457116
      ],
      [
       -77.0050837,
       38.8458578
      ],
      [
       -77.0052607,
       38.8460166
      ],
      [
       -77.0053519,
       38.8461586
      ],
      [
       -77.0057006,
       38.8490915
      ],
      [
       -77.0056577,
       38.8495469
      ],
      [
       -77.0055395,
       38.8497808
      ],
      [
       -77.0053947,
       38.8499479
      ],
      [
       -77.0051372,
       38.8500566
      ],
      [
       -77.0048691,
       38.8500858
      ],
      [
       -77.0046383,
       38.850044
      ],
      [
       -77.0044023,
       38.8499103
      ],
      [
       -77.0042735,
       38.8497015
      ],
      [
       -77.004295,
       38.8494842
      ],
      [
       -77.004397,
       38.849292
      ],
      [
       -77.004633,
       38.8490497
      ],
      [
       -77.0028789,
       38.8479844
      ],
      [
       -77.0022351,
       38.8486319
      ],
      [
       -77.0020902,
       38.8487322
      ],
      [
       -77.0018595,
       38.8488032
      ],
      [
       -77.001645,
       38.8488492
      ],
      [
       -77.0013876,
       38.8488617
      ],
      [
       -77.0011675,
       38.8488408
      ],
      [
       -77.0009638,
       38.8487406
      ],
      [
       -77.0002128,
       38.8483353
      ],
      [
       -76.9999551,
       38.8486649
      ],
      [
       -76.9974661,
       38.8472619
      ],
      [
       -76.996264,
       38.8465599
      ],
      [
       -76.9950841,
       38.8457739
      ],
      [
       -76.9920856,
       38.8440571
      ],
      [
       -76.9942475,
       38.8436894
      ],
      [
       -76.993647,
       38.8406439
      ],
      [
       -76.9935555,
       38.8388133
      ],
      [
       -76.9935555,
       38.8388133
      ],
      [
       -76.9935555,
       38.8388133
      ],
      [
       -76.993475,
       38.8372339
      ]
     ]
    ]
   }
  },
  {
   "type": "Feature",
   "properties": {
    "name": "Crestwood"
   },
   "geometry": {
    "type": "Polygon",
    "coordinates": [
     [
      [
       -77.048042,
       38.940468
      ],
      [
       -77.0475858,
       38.9414615
      ],
      [
       -77.047323,
       38.9417118
      ],
      [
       -77.047087,
       38.9419872
      ],
      [
       -77.0468938,
       38.9422959
      ],
      [
       -77.0467544,
       38.942613
      ],
      [
       -77.0461482,
       38.9433807
      ],
      [
       -77.0456225,
       38.9439565
      ],
      [
       -77.0434821,
       38.9461386
      ],
      [
       -77.042162,
       38.947545
      ],
      [
       -77.0416421,
       38.948066
      ],
      [
       -77.039904,
       38.9495346
      ],
      [
       -77.0364547,
       38.952459
      ],
      [
       -77.0364922,
       38.9389747
      ],
      [
       -77.0369053,
       38.9389246
      ],
      [
       -77.0373237,
       38.9389163
      ],
      [
       -77.0377743,
       38.9389747
      ],
      [
       -77.0379031,
       38.9391082
      ],
      [
       -77.0380104,
       38.9392542
      ],
      [
       -77.0380747,
       38.9393127
      ],
      [
       -77.0382035,
       38.9393502
      ],
      [
       -77.0383215,
       38.9393502
      ],
      [
       -77.0384181,
       38.9392918
      ],
      [
       -77.038461,
       38.9392
      ],
      [
       -77.03852,
       38.9390164
      ],
      [
       -77.0385844,
       38.9388704
      ],
      [
       -77.0386648,
       38.9387035
      ],
      [
       -77.0387721,
       38.9385908
      ],
      [
       -77.0389974,
       38.9385407
      ],
      [
       -77.0391691,
       38.9385241
      ],
      [
       -77.0393354,
       38.9385491
      ],
      [
       -77.039507,
       38.938595
      ],
      [
       -77.0396465,
       38.9385074
      ],
      [
       -77.0397806,
       38.938474
      ],
      [
       -77.0399201,
       38.9384573
      ],
      [
       -77.0400542,
       38.9384698
      ],
      [
       -77.0401883,
       38.9385157
      ],
      [
       -77.0403224,
       38.9385658
      ],
      [
       -77.0405209,
       38.9387202
      ],
      [
       -77.0406282,
       38.9388328
      ],
      [
       -77.0407999,
       38.939054
      ],
      [
       -77.0408803,
       38.9392
      ],
      [
       -77.040934,
       38.9393544
      ],
      [
       -77.0409608,
       38.9395088
      ],
      [
       -77.0409662,
       38.9397633
      ],
      [
       -77.041562,
       38.939601
      ],
      [
       -77.041562,
       38.939217
      ],
      [
       -77.041562,
       38.938783
      ],
      [
       -77.04169,
       38.938332
      ],
      [
       -77.042012,
       38.938048
      ],
      [
       -77.042892,
       38.937848
      ],
      [
       -77.043836,
       38.937731
      ],
      [
       -77.0444047,
       38.9376019
      ],
      [
       -77.0448232,
       38.9375352
      ],
      [
       -77.0452201,
       38.9374225
      ],
      [
       -77.0454776,
       38.9374141
      ],
      [
       -77.0456064,
       38.9374517
      ],
      [
       -77.0456976,
       38.9375477
      ],
      [
       -77.045719,
       38.9376562
      ],
      [
       -77.0454454,
       38.9378356
      ],
      [
       -77.0452791,
       38.9379608
      ],
      [
       -77.0451236,
       38.9381402
      ],
      [
       -77.0449734,
       38.9383363
      ],
      [
       -77.0448393,
       38.9385157
      ],
      [
       -77.0447695,
       38.9387285
      ],
      [
       -77.044673,
       38.9388787
      ],
      [
       -77.0445496,
       38.9390248
      ],
      [
       -77.0444208,
       38.9391625
      ],
      [
       -77.0442867,
       38.9392584
      ],
      [
       -77.0441902,
       38.9393919
      ],
      [
       -77.0441526,
       38.9395338
      ],
      [
       -77.0441204,
       38.9397508
      ],
      [
       -77.0450377,
       38.9397383
      ],
      [
       -77.0450485,
       38.9394545
      ],
      [
       -77.0450968,
       38.9392835
      ],
      [
       -77.0451719,
       38.9391332
      ],
      [
       -77.0453006,
       38.9389747
      ],
      [
       -77.0455045,
       38.9388161
      ],
      [
       -77.0457083,
       38.9387202
      ],
      [
       -77.0459121,
       38.9386868
      ],
      [
       -77.0461965,
       38.9387035
      ],
      [
       -77.046454,
       38.938741
      ],
      [
       -77.0466471,
       38.9387911
      ],
      [
       -77.0466471,
       38.9387911
      ],
      [
       -77.048042,
       38.940468
      ]
     ]
    ]
   }
  },
  {
   "type": "Feature",
   "properties": {
    "name": "DC Village"
   },
   "geometry": {
    "type": "Polygon",
    "coordinates": [
     [
      [
       -77.0185697,
       38.8160959
      ],
      [
       -77.0171857,
       38.8192976
      ],
      [
       -77.0165205,
       38.8224322
      ],
      [
       -77.0162201,
       38.8223319
      ],
      [
       -77.0156407,
       38.8224322
      ],
      [
       -77.0152009,
       38.8226913
      ],
      [
       -77.0150614,
       38.8230089
      ],
      [
       -77.0131302,
       38.8225408
      ],
      [
       -77.0112956,
       38.8220142
      ],
      [
       -77.0111132,
       38.8213622
      ],
      [
       -77.0109308,
       38.819122
      ],
      [
       -77.0107055,
       38.8190468
      ],
      [
       -77.0106626,
       38.8173415
      ],
      [
       -77.0110703,
       38.8162882
      ],
      [
       -77.0105338,
       38.8155024
      ],
      [
       -77.0103943,
       38.8139141
      ],
      [
       -77.0149112,
       38.8103109
      ],
      [
       -77.0197713,
       38.8140228
      ],
      [
       -77.0197713,
       38.8140228
      ],
      [
       -77.0185697,
       38.8160959
      ]
     ]
    ]
   }
  },
  {
   "type": "Feature",
   "properties": {
    "name": "Deanwood"
   },
   "geometry": {
    "type": "Polygon",
    "coordinates": [
     [
      [
       -76.943897,
       38.9024765
      ],
      [
       -76.9427866,
       38.9033866
      ],
      [
       -76.9411129,
       38.9046933
      ],
      [
       -76.9403994,
       38.9053111
      ],
      [
       -76.9393587,
       38.9064048
      ],
      [
       -76.9375241,
       38.9084795
      ],
      [
       -76.9344234,
       38.9119983
      ],
      [
       -76.934123,
       38.9122446
      ],
      [
       -76.9299656,
       38.9089804
      ],
      [
       -76.9294667,
       38.9085588
      ],
      [
       -76.9293648,
       38.9085129
      ],
      [
       -76.9264519,
       38.9062336
      ],
      [
       -76.9262695,
       38.9060416
      ],
      [
       -76.9236088,
       38.9039961
      ],
      [
       -76.9256687,
       38.898356
      ],
      [
       -76.9296062,
       38.8983644
      ],
      [
       -76.9304109,
       38.8984019
      ],
      [
       -76.9353569,
       38.8992369
      ],
      [
       -76.936612,
       38.899517
      ],
      [
       -76.9373095,
       38.899788
      ],
      [
       -76.938656,
       38.9003224
      ],
      [
       -76.938656,
       38.9003224
      ],
      [
       -76.943897,
       38.9024765
      ]
     ]
    ]
   }
  },
  {
   "type": "Feature",
   "properties": {
    "name": "Douglass"
   },
   "geometry": {
    "type": "Polygon",
    "coordinates": [
     [
      [
       -76.984677,
       38.845657
      ],
      [
       -76.987596,
       38.844855
      ],
      [
       -76.98884,
       38.844621
      ],
      [
       -76.98854,
       38.846109
      ],
      [
       -76.988711,
       38.846409
      ],
      [
       -76.988389,
       38.846543
      ],
      [
       -76.988025,
       38.846359
      ],
      [
       -76.98751,
       38.846292
      ],
      [
       -76.987263,
       38.8466601
      ],
      [
       -76.985064,
       38.849
      ],
      [
       -76.9899452,
       38.8519241
      ],
      [
       -76.9894356,
       38.8529393
      ],
      [
       -76.9884592,
       38.8527847
      ],
      [
       -76.9870859,
       38.8527011
      ],
      [
       -76.9861257,
       38.8527387
      ],
      [
       -76.9850743,
       38.8528474
      ],
      [
       -76.9845003,
       38.8529267
      ],
      [
       -76.9832826,
       38.8532944
      ],
      [
       -76.9824833,
       38.853591
      ],
      [
       -76.9816196,
       38.8539001
      ],
      [
       -76.9805896,
       38.8541382
      ],
      [
       -76.979624,
       38.8542468
      ],
      [
       -76.9789857,
       38.854251
      ],
      [
       -76.9783741,
       38.8542092
      ],
      [
       -76.9776821,
       38.854109
      ],
      [
       -76.9766253,
       38.8538291
      ],
      [
       -76.9757617,
       38.853474
      ],
      [
       -76.9753271,
       38.8532526
      ],
      [
       -76.9747317,
       38.8528599
      ],
      [
       -76.9740182,
       38.8522834
      ],
      [
       -76.9728112,
       38.851193
      ],
      [
       -76.9740987,
       38.8510134
      ],
      [
       -76.9751555,
       38.8507209
      ],
      [
       -76.97618,
       38.850337
      ],
      [
       -76.976867,
       38.849902
      ],
      [
       -76.977468,
       38.849367
      ],
      [
       -76.977854,
       38.848766
      ],
      [
       -76.978412,
       38.847997
      ],
      [
       -76.979227,
       38.847395
      ],
      [
       -76.980343,
       38.846894
      ],
      [
       -76.980343,
       38.846894
      ],
      [
       -76.984677,
       38.845657
      ]
     ]
    ]
   }
  },
  {
   "type": "Feature",
   "properties": {
    "name": "Downtown"
   },
   "geometry": {
    "type": "Polygon",
    "coordinates": [
     [
      [
       -77.0495814,
       38.9031194
      ],
      [
       -77.0474678,
       38.9053361
      ],
      [
       -77.0466524,
       38.9056283
      ],
      [
       -77.0464057,
       38.9056576
      ],
      [
       -77.0411003,
       38.905645
      ],
      [
       -77.0364064,
       38.9056534
      ],
      [
       -77.0364171,
       38.9067972
      ],
      [
       -77.0363796,
       38.9069057
      ],
      [
       -77.0362937,
       38.9070393
      ],
      [
       -77.0361865,
       38.9070143
      ],
      [
       -77.0360577,
       38.9070143
      ],
      [
       -77.0315194,
       38.9055699
      ],
      [
       -77.0315194,
       38.9056617
      ],
      [
       -77.023977,
       38.9056283
      ],
      [
       -77.02402,
       38.9021175
      ],
      [
       -77.0240951,
       38.9020507
      ],
      [
       -77.0336598,
       38.8987485
      ],
      [
       -77.0394748,
       38.8987318
      ],
      [
       -77.0488143,
       38.9020006
      ],
      [
       -77.0488197,
       38.9021509
      ],
      [
       -77.0491469,
       38.902272
      ],
      [
       -77.0492917,
       38.9023889
      ],
      [
       -77.0494473,
       38.902631
      ],
      [
       -77.0494795,
       38.9027145
      ],
      [
       -77.0495385,
       38.9027896
      ],
      [
       -77.049576,
       38.9028982
      ],
      [
       -77.0495975,
       38.9030025
      ],
      [
       -77.0495975,
       38.9030025
      ],
      [
       -77.0495814,
       38.9031194
      ]
     ]
    ]
   }
  },
  {
   "type": "Feature",
   "properties": {
    "name": "DuPont Park"
   },
   "geometry": {
    "type": "Polygon",
    "coordinates": [
     [
      [
       -76.9692278,
       38.8729178
      ],
      [
       -76.9692278,
       38.8729178
      ],
      [
       -76.9704508,
       38.8735526
      ],
      [
       -76.9621253,
       38.8777957
      ],
      [
       -76.9619965,
       38.8777289
      ],
      [
       -76.961782,
       38.8776286
      ],
      [
       -76.9616103,
       38.8775952
      ],
      [
       -76.9614011,
       38.8775701
      ],
      [
       -76.9612616,
       38.8775743
      ],
      [
       -76.9611168,
       38.8776202
      ],
      [
       -76.9609666,
       38.8777163
      ],
      [
       -76.9608593,
       38.8777998
      ],
      [
       -76.9486606,
       38.8728718
      ],
      [
       -76.9487089,
       38.8724835
      ],
      [
       -76.9485587,
       38.8718319
      ],
      [
       -76.9485211,
       38.8713474
      ],
      [
       -76.948607,
       38.8709381
      ],
      [
       -76.9488269,
       38.870462
      ],
      [
       -76.9492131,
       38.8699357
      ],
      [
       -76.9493794,
       38.8694513
      ],
      [
       -76.9494277,
       38.8686995
      ],
      [
       -76.9495833,
       38.8681607
      ],
      [
       -76.9499588,
       38.867743
      ],
      [
       -76.9505811,
       38.8673921
      ],
      [
       -76.95159,
       38.8671119
      ],
      [
       -76.952346,
       38.8668993
      ],
      [
       -76.9526786,
       38.8667113
      ],
      [
       -76.9529682,
       38.866323
      ],
      [
       -76.9549692,
       38.8670873
      ],
      [
       -76.9549692,
       38.8670873
      ],
      [
       -76.9692278,
       38.8729178
      ]
     ]
    ]
   }
  },
  {
   "type": "Feature",
   "properties": {
    "name": "Dupont Circle"
   },
   "geometry": {
    "type": "Polygon",
    "coordinates": [
     [
      [
       -77.0488089,
       38.9052652
      ],
      [
       -77.0487848,
       38.9096378
      ],
      [
       -77.049332,
       38.9096357
      ],
      [
       -77.0493293,
       38.9097464
      ],
      [
       -77.0493105,
       38.909834
      ],
      [
       -77.0494285,
       38.910001
      ],
      [
       -77.0495868,
       38.9101033
      ],
      [
       -77.0498711,
       38.9103182
      ],
      [
       -77.0500723,
       38.9104497
      ],
      [
       -77.050209,
       38.9105708
      ],
      [
       -77.0504665,
       38.9108045
      ],
      [
       -77.0505711,
       38.9109172
      ],
      [
       -77.0506382,
       38.9110153
      ],
      [
       -77.0506597,
       38.9110946
      ],
      [
       -77.0506623,
       38.911702
      ],
      [
       -77.0506436,
       38.9117479
      ],
      [
       -77.050598,
       38.9118209
      ],
      [
       -77.0504853,
       38.9118856
      ],
      [
       -77.0502144,
       38.9119253
      ],
      [
       -77.0501098,
       38.911919
      ],
      [
       -77.0488277,
       38.9114724
      ],
      [
       -77.0487419,
       38.9115663
      ],
      [
       -77.0476019,
       38.9125744
      ],
      [
       -77.0474839,
       38.9127038
      ],
      [
       -77.0473927,
       38.9128373
      ],
      [
       -77.0469582,
       38.9136346
      ],
      [
       -77.0468563,
       38.9137765
      ],
      [
       -77.0467383,
       38.9138975
      ],
      [
       -77.0465076,
       38.9140937
      ],
      [
       -77.0462233,
       38.9143358
      ],
      [
       -77.0460624,
       38.9144443
      ],
      [
       -77.0448983,
       38.915108
      ],
      [
       -77.0440239,
       38.9155713
      ],
      [
       -77.0434418,
       38.9158885
      ],
      [
       -77.0419854,
       38.9166231
      ],
      [
       -77.0416555,
       38.9167775
      ],
      [
       -77.0411593,
       38.9170384
      ],
      [
       -77.0409179,
       38.9171761
      ],
      [
       -77.0405611,
       38.9175977
      ],
      [
       -77.0402634,
       38.9179963
      ],
      [
       -77.0401669,
       38.9180672
      ],
      [
       -77.0399496,
       38.9181298
      ],
      [
       -77.0393461,
       38.9182843
      ],
      [
       -77.0365486,
       38.9191232
      ],
      [
       -77.0364761,
       38.910671
      ],
      [
       -77.0365754,
       38.9091286
      ],
      [
       -77.0365942,
       38.9076279
      ],
      [
       -77.0365807,
       38.9056513
      ],
      [
       -77.0463225,
       38.905668
      ],
      [
       -77.0465076,
       38.9056492
      ],
      [
       -77.0466524,
       38.9056158
      ],
      [
       -77.0472747,
       38.9053946
      ],
      [
       -77.0474732,
       38.9053278
      ],
      [
       -77.0476019,
       38.9053027
      ],
      [
       -77.0477468,
       38.9052819
      ],
      [
       -77.0477468,
       38.9052819
      ],
      [
       -77.0488089,
       38.9052652
      ]
     ]
    ]
   }
  },
  {
   "type": "Feature",
   "properties": {
    "name": "East Corner"
   },
   "geometry": {
    "type": "Polygon",
    "coordinates": [
     [
      [
       -76.9177508,
       38.8983142
      ],
      [
       -76.9164205,
       38.898381
      ],
      [
       -76.9093824,
       38.8928365
      ],
      [
       -76.9133735,
       38.8896967
      ],
      [
       -76.9177508,
       38.8897301
      ],
      [
       -76.9177508,
       38.8897301
      ],
      [
       -76.9177508,
       38.8983142
      ]
     ]
    ]
   }
  },
  {
   "type": "Feature",
   "properties": {
    "name": "East Potomac Park"
   },
   "geometry": {
    "type": "Polygon",
    "coordinates": [
     [
      [
       -77.0274585,
       38.865897
      ],
      [
       -77.02903,
       38.868783
      ],
      [
       -77.0301354,
       38.870483
      ],
      [
       -77.0310527,
       38.8717777
      ],
      [
       -77.0322007,
       38.8731016
      ],
      [
       -77.0334882,
       38.8744485
      ],
      [
       -77.0341131,
       38.8750666
      ],
      [
       -77.0360738,
       38.8766619
      ],
      [
       -77.0357063,
       38.8769542
      ],
      [
       -77.0357037,
       38.8770357
      ],
      [
       -77.034523,
       38.877871
      ],
      [
       -77.034523,
       38.878272
      ],
      [
       -77.033923,
       38.878706
      ],
      [
       -77.033751,
       38.878873
      ],
      [
       -77.033064,
       38.878957
      ],
      [
       -77.032721,
       38.87909
      ],
      [
       -77.032142,
       38.879291
      ],
      [
       -77.032442,
       38.879642
      ],
      [
       -77.033193,
       38.879358
      ],
      [
       -77.0335981,
       38.8792803
      ],
      [
       -77.0341077,
       38.8792574
      ],
      [
       -77.034663,
       38.8792699
      ],
      [
       -77.033064,
       38.881529
      ],
      [
       -77.0325387,
       38.8822724
      ],
      [
       -77.031793,
       38.8809236
      ],
      [
       -77.0316696,
       38.8807085
      ],
      [
       -77.030404,
       38.879758
      ],
      [
       -77.0278931,
       38.8779043
      ],
      [
       -77.026327,
       38.876735
      ],
      [
       -77.025511,
       38.875883
      ],
      [
       -77.0242721,
       38.8743211
      ],
      [
       -77.02402,
       38.8739411
      ],
      [
       -77.0238322,
       38.8735735
      ],
      [
       -77.022529,
       38.870203
      ],
      [
       -77.022271,
       38.869435
      ],
      [
       -77.0221692,
       38.8689669
      ],
      [
       -77.0221424,
       38.8686202
      ],
      [
       -77.022035,
       38.864991
      ],
      [
       -77.0217776,
       38.8570478
      ],
      [
       -77.0218179,
       38.8569371
      ],
      [
       -77.0218849,
       38.8568703
      ],
      [
       -77.0219734,
       38.8568034
      ],
      [
       -77.0220834,
       38.8567658
      ],
      [
       -77.0222229,
       38.8567408
      ],
      [
       -77.0223731,
       38.8567617
      ],
      [
       -77.0225126,
       38.856816
      ],
      [
       -77.022593,
       38.856887
      ],
      [
       -77.022786,
       38.857188
      ],
      [
       -77.023258,
       38.85809
      ],
      [
       -77.0242855,
       38.8599865
      ],
      [
       -77.02579,
       38.862835
      ],
      [
       -77.02579,
       38.862835
      ],
      [
       -77.0274585,
       38.865897
      ]
     ]
    ]
   }
  },
  {
   "type": "Feature",
   "properties": {
    "name": "Eastland Gardens"
   },
   "geometry": {
    "type": "Polygon",
    "coordinates": [
     [
      [
       -76.9463754,
       38.9051525
      ],
      [
       -76.9463593,
       38.9064758
      ],
      [
       -76.9463217,
       38.9065593
      ],
      [
       -76.9462413,
       38.906601
      ],
      [
       -76.9446427,
       38.9065968
      ],
      [
       -76.9438809,
       38.9065885
      ],
      [
       -76.9436878,
       38.9066594
      ],
      [
       -76.9434088,
       38.9067596
      ],
      [
       -76.943264,
       38.9068473
      ],
      [
       -76.9430923,
       38.90696
      ],
      [
       -76.9429153,
       38.907127
      ],
      [
       -76.9428778,
       38.9072272
      ],
      [
       -76.938892,
       38.9072063
      ],
      [
       -76.9402653,
       38.9056534
      ],
      [
       -76.9427866,
       38.9035661
      ],
      [
       -76.9431621,
       38.9033616
      ],
      [
       -76.9433981,
       38.9032822
      ],
      [
       -76.9436932,
       38.903253
      ],
      [
       -76.944133,
       38.9032614
      ],
      [
       -76.9442993,
       38.9032238
      ],
      [
       -76.9445032,
       38.9030693
      ],
      [
       -76.9446427,
       38.9029441
      ],
      [
       -76.9451523,
       38.9032822
      ],
      [
       -76.9451094,
       38.903612
      ],
      [
       -76.9452649,
       38.9038291
      ],
      [
       -76.9463164,
       38.9050439
      ],
      [
       -76.9463164,
       38.9050439
      ],
      [
       -76.9463754,
       38.9051525
      ]
     ]
    ]
   }
  },
  {
   "type": "Feature",
   "properties": {
    "name": "Eckington"
   },
   "geometry": {
    "type": "Polygon",
    "coordinates": [
     [
      [
       -77.0090961,
       38.9108045
      ],
      [
       -77.009053,
       38.9168149
      ],
      [
       -76.9958568,
       38.9214061
      ],
      [
       -76.9988179,
       38.9158967
      ],
      [
       -77.0005667,
       38.9124156
      ],
      [
       -77.0018327,
       38.9099446
      ],
      [
       -77.0046759,
       38.9089261
      ],
      [
       -77.0046759,
       38.9089261
      ],
      [
       -77.0090961,
       38.9108045
      ]
     ]
    ]
   }
  },
  {
   "type": "Feature",
   "properties": {
    "name": "Edgewood"
   },
   "geometry": {
    "type": "Polygon",
    "coordinates": [
     [
      [
       -77.0089995,
       38.9168484
      ],
      [
       -77.0089566,
       38.9266979
      ],
      [
       -77.0089352,
       38.9275659
      ],
      [
       -77.007013,
       38.9311751
      ],
      [
       -77.004472,
       38.9314386
      ],
      [
       -77.0038497,
       38.9312716
      ],
      [
       -77.0032704,
       38.9307542
      ],
      [
       -77.0027554,
       38.9303202
      ],
      [
       -77.003721,
       38.9297527
      ],
      [
       -77.0049655,
       38.9282837
      ],
      [
       -77.0062101,
       38.9269483
      ],
      [
       -77.005738,
       38.926314
      ],
      [
       -77.0045364,
       38.9258466
      ],
      [
       -77.0032489,
       38.9255962
      ],
      [
       -77.002337,
       38.9256671
      ],
      [
       -77.0003843,
       38.9267564
      ],
      [
       -76.999869,
       38.9261639
      ],
      [
       -76.997294,
       38.9273659
      ],
      [
       -76.997337,
       38.9300029
      ],
      [
       -76.996801,
       38.9302869
      ],
      [
       -76.998174,
       38.9323229
      ],
      [
       -76.997938,
       38.9323729
      ],
      [
       -76.9944298,
       38.9323733
      ],
      [
       -76.9941616,
       38.9309712
      ],
      [
       -76.994033,
       38.9294019
      ],
      [
       -76.994033,
       38.9280999
      ],
      [
       -76.9942904,
       38.9262305
      ],
      [
       -76.994848,
       38.9240609
      ],
      [
       -76.9960606,
       38.9213769
      ],
      [
       -77.0005935,
       38.9198284
      ],
      [
       -77.0005935,
       38.9198284
      ],
      [
       -77.0089995,
       38.9168484
      ]
     ]
    ]
   }
  },
  {
   "type": "Feature",
   "properties": {
    "name": "Fairfax Village"
   },
   "geometry": {
    "type": "Polygon",
    "coordinates": [
     [
      [
       -76.953564,
       38.862585
      ],
      [
       -76.954186,
       38.862785
      ],
      [
       -76.954873,
       38.862835
      ],
      [
       -76.955473,
       38.862835
      ],
      [
       -76.956847,
       38.862568
      ],
      [
       -76.956568,
       38.862936
      ],
      [
       -76.956074,
       38.863637
      ],
      [
       -76.955688,
       38.863971
      ],
      [
       -76.955216,
       38.864205
      ],
      [
       -76.951311,
       38.865625
      ],
      [
       -76.94674,
       38.863721
      ],
      [
       -76.950002,
       38.861298
      ],
      [
       -76.950002,
       38.861298
      ],
      [
       -76.953564,
       38.862585
      ]
     ]
    ]
   }
  },
  {
   "type": "Feature",
   "properties": {
    "name": "Fairlawn"
   },
   "geometry": {
    "type": "Polygon",
    "coordinates": [
     [
      [
       -76.9887541,
       38.8674469
      ],
      [
       -76.989527,
       38.8684159
      ],
      [
       -76.989055,
       38.8689169
      ],
      [
       -76.9872951,
       38.8697189
      ],
      [
       -76.9854501,
       38.8704199
      ],
      [
       -76.9835621,
       38.8712219
      ],
      [
       -76.9814161,
       38.8722249
      ],
      [
       -76.979098,
       38.8734609
      ],
      [
       -76.9774681,
       38.8741619
      ],
      [
       -76.9755361,
       38.8749309
      ],
      [
       -76.9745061,
       38.8752649
      ],
      [
       -76.9706871,
       38.8735279
      ],
      [
       -76.9749356,
       38.871339
      ],
      [
       -76.9708372,
       38.8686159
      ],
      [
       -76.9703436,
       38.8676302
      ],
      [
       -76.9701934,
       38.8669452
      ],
      [
       -76.9701934,
       38.8662101
      ],
      [
       -76.970408,
       38.865642
      ],
      [
       -76.970644,
       38.8651742
      ],
      [
       -76.9708157,
       38.8646897
      ],
      [
       -76.9707728,
       38.8642553
      ],
      [
       -76.9718457,
       38.8639044
      ],
      [
       -76.9720817,
       38.8638376
      ],
      [
       -76.9722963,
       38.8637374
      ],
      [
       -76.9728113,
       38.8630858
      ],
      [
       -76.978004,
       38.8653914
      ],
      [
       -76.9783688,
       38.8655084
      ],
      [
       -76.9786907,
       38.8655919
      ],
      [
       -76.9845061,
       38.8666109
      ],
      [
       -76.9845061,
       38.8666109
      ],
      [
       -76.9845061,
       38.8666109
      ],
      [
       -76.9887541,
       38.8674469
      ]
     ]
    ]
   }
  },
  {
   "type": "Feature",
   "properties": {
    "name": "Federal Triangle"
   },
   "geometry": {
    "type": "Polygon",
    "coordinates": [
     [
      [
       -77.0336598,
       38.8921351
      ],
      [
       -77.0336169,
       38.8954377
      ],
      [
       -77.030071,
       38.895446
      ],
      [
       -77.0298672,
       38.8954168
      ],
      [
       -77.0187119,
       38.8923334
      ],
      [
       -77.0188808,
       38.8922228
      ],
      [
       -77.0190042,
       38.8921769
      ],
      [
       -77.0191303,
       38.8921414
      ],
      [
       -77.0192832,
       38.8921351
      ],
      [
       -77.0197499,
       38.8921351
      ],
      [
       -77.0197499,
       38.8921351
      ],
      [
       -77.0336598,
       38.8921351
      ]
     ]
    ]
   }
  },
  {
   "type": "Feature",
   "properties": {
    "name": "Foggy Bottom"
   },
   "geometry": {
    "type": "Polygon",
    "coordinates": [
     [
      [
       -77.0394802,
       38.8987318
      ],
      [
       -77.0394748,
       38.89745
      ],
      [
       -77.0394695,
       38.8953918
      ],
      [
       -77.0394534,
       38.892156
      ],
      [
       -77.050193,
       38.892156
      ],
      [
       -77.0501983,
       38.8920433
      ],
      [
       -77.0505148,
       38.8920558
      ],
      [
       -77.0508957,
       38.8920767
      ],
      [
       -77.0512176,
       38.8921226
      ],
      [
       -77.0525801,
       38.892394
      ],
      [
       -77.0548493,
       38.8928533
      ],
      [
       -77.0552945,
       38.8929326
      ],
      [
       -77.0555627,
       38.8929451
      ],
      [
       -77.0558578,
       38.8929034
      ],
      [
       -77.056121,
       38.893484
      ],
      [
       -77.056544,
       38.894406
      ],
      [
       -77.056587,
       38.894565
      ],
      [
       -77.056679,
       38.895024
      ],
      [
       -77.056705,
       38.89525
      ],
      [
       -77.0567,
       38.89555
      ],
      [
       -77.0567,
       38.896569
      ],
      [
       -77.056673,
       38.8974
      ],
      [
       -77.05663,
       38.898373
      ],
      [
       -77.056662,
       38.898623
      ],
      [
       -77.056856,
       38.898778
      ],
      [
       -77.057413,
       38.899329
      ],
      [
       -77.0574188,
       38.8994081
      ],
      [
       -77.057274,
       38.8996669
      ],
      [
       -77.0572257,
       38.8999425
      ],
      [
       -77.0572954,
       38.9002389
      ],
      [
       -77.0574725,
       38.9004393
      ],
      [
       -77.0576817,
       38.9005687
      ],
      [
       -77.0581269,
       38.9009319
      ],
      [
       -77.0580572,
       38.9010008
      ],
      [
       -77.0579123,
       38.9010321
      ],
      [
       -77.0576173,
       38.9009319
      ],
      [
       -77.057333,
       38.9008901
      ],
      [
       -77.057242,
       38.900828
      ],
      [
       -77.0571667,
       38.9009862
      ],
      [
       -77.0571989,
       38.9011573
      ],
      [
       -77.0572042,
       38.9013577
      ],
      [
       -77.0571721,
       38.9016875
      ],
      [
       -77.0570916,
       38.9019839
      ],
      [
       -77.056818,
       38.9026769
      ],
      [
       -77.0566893,
       38.9030693
      ],
      [
       -77.0566356,
       38.9033323
      ],
      [
       -77.0565283,
       38.90385
      ],
      [
       -77.0564371,
       38.9041339
      ],
      [
       -77.0564318,
       38.9041881
      ],
      [
       -77.0563567,
       38.9043259
      ],
      [
       -77.0561528,
       38.9045889
      ],
      [
       -77.0547903,
       38.9040921
      ],
      [
       -77.0511317,
       38.9028063
      ],
      [
       -77.0510244,
       38.9027312
      ],
      [
       -77.0509493,
       38.9026602
      ],
      [
       -77.050842,
       38.9025183
      ],
      [
       -77.0507616,
       38.9024056
      ],
      [
       -77.050724,
       38.9023262
      ],
      [
       -77.0506865,
       38.9022386
      ],
      [
       -77.0505524,
       38.9021259
      ],
      [
       -77.050429,
       38.9020632
      ],
      [
       -77.0501608,
       38.9020048
      ],
      [
       -77.0499623,
       38.9020131
      ],
      [
       -77.0497799,
       38.9020674
      ],
      [
       -77.0495492,
       38.90213
      ],
      [
       -77.0493937,
       38.9021634
      ],
      [
       -77.0492005,
       38.9021467
      ],
      [
       -77.0488304,
       38.9020215
      ],
      [
       -77.0449251,
       38.9006271
      ],
      [
       -77.0449251,
       38.9006271
      ],
      [
       -77.0394802,
       38.8987318
      ]
     ]
    ]
   }
  },
  {
   "type": "Feature",
   "properties": {
    "name": "Forest Hills"
   },
   "geometry": {
    "type": "Polygon",
    "coordinates": [
     [
      [
       -77.0616192,
       38.9410213
      ],
      [
       -77.0647493,
       38.9464035
      ],
      [
       -77.0658705,
       38.9483435
      ],
      [
       -77.0685017,
       38.9529117
      ],
      [
       -77.0693761,
       38.9544093
      ],
      [
       -77.0689335,
       38.9556524
      ],
      [
       -77.0685554,
       38.9562865
      ],
      [
       -77.0681584,
       38.9568726
      ],
      [
       -77.0677078,
       38.9574024
      ],
      [
       -77.067161,
       38.957882
      ],
      [
       -77.0665169,
       38.9583076
      ],
      [
       -77.066018,
       38.9586204
      ],
      [
       -77.0653582,
       38.9585391
      ],
      [
       -77.0651597,
       38.9584869
      ],
      [
       -77.0646018,
       38.9583618
      ],
      [
       -77.0639688,
       38.9581908
      ],
      [
       -77.0636389,
       38.9580802
      ],
      [
       -77.0633572,
       38.9580114
      ],
      [
       -77.0624989,
       38.957953
      ],
      [
       -77.061469,
       38.9578696
      ],
      [
       -77.0607099,
       38.9578091
      ],
      [
       -77.0601386,
       38.9577402
      ],
      [
       -77.0596933,
       38.9576568
      ],
      [
       -77.0590603,
       38.9574941
      ],
      [
       -77.0587438,
       38.9573481
      ],
      [
       -77.0580089,
       38.9567349
      ],
      [
       -77.0581859,
       38.9566598
      ],
      [
       -77.0582932,
       38.9565555
      ],
      [
       -77.0583737,
       38.9564304
      ],
      [
       -77.0584488,
       38.9562886
      ],
      [
       -77.058449,
       38.956105
      ],
      [
       -77.05832,
       38.9559423
      ],
      [
       -77.057998,
       38.955788
      ],
      [
       -77.057633,
       38.955571
      ],
      [
       -77.0575261,
       38.9553792
      ],
      [
       -77.0575368,
       38.9552457
      ],
      [
       -77.0575798,
       38.9551372
      ],
      [
       -77.0576656,
       38.9549078
      ],
      [
       -77.0576388,
       38.9546992
      ],
      [
       -77.0575261,
       38.9545198
      ],
      [
       -77.057312,
       38.954303
      ],
      [
       -77.055702,
       38.953419
      ],
      [
       -77.05538,
       38.953118
      ],
      [
       -77.0550451,
       38.9527072
      ],
      [
       -77.0549405,
       38.9525112
      ],
      [
       -77.0548519,
       38.9522025
      ],
      [
       -77.054801,
       38.9521211
      ],
      [
       -77.0547152,
       38.9520627
      ],
      [
       -77.054586,
       38.952
      ],
      [
       -77.0543611,
       38.951925
      ],
      [
       -77.0541143,
       38.951875
      ],
      [
       -77.0536771,
       38.951802
      ],
      [
       -77.0533043,
       38.9516977
      ],
      [
       -77.0531595,
       38.9516142
      ],
      [
       -77.0530629,
       38.951535
      ],
      [
       -77.0530012,
       38.9513869
      ],
      [
       -77.0530039,
       38.9512158
      ],
      [
       -77.0530388,
       38.9509989
      ],
      [
       -77.0530924,
       38.9507027
      ],
      [
       -77.0530254,
       38.9504566
      ],
      [
       -77.0529476,
       38.9503147
      ],
      [
       -77.052843,
       38.9502042
      ],
      [
       -77.052674,
       38.9499622
      ],
      [
       -77.0522904,
       38.9495805
      ],
      [
       -77.0520437,
       38.9494157
      ],
      [
       -77.0518667,
       38.9492467
      ],
      [
       -77.0517781,
       38.9491132
      ],
      [
       -77.051604,
       38.948779
      ],
      [
       -77.0515072,
       38.9485604
      ],
      [
       -77.051497,
       38.948479
      ],
      [
       -77.0514804,
       38.9483205
      ],
      [
       -77.051497,
       38.948229
      ],
      [
       -77.051561,
       38.947895
      ],
      [
       -77.0516762,
       38.9474382
      ],
      [
       -77.0517004,
       38.9472859
      ],
      [
       -77.051711,
       38.947011
      ],
      [
       -77.0517218,
       38.9468436
      ],
      [
       -77.0517191,
       38.9466476
      ],
      [
       -77.0517004,
       38.946512
      ],
      [
       -77.0516306,
       38.9462888
      ],
      [
       -77.0515072,
       38.9460655
      ],
      [
       -77.0510513,
       38.9454397
      ],
      [
       -77.0508876,
       38.9452207
      ],
      [
       -77.0506248,
       38.9449578
      ],
      [
       -77.0502278,
       38.9446074
      ],
      [
       -77.050016,
       38.944374
      ],
      [
       -77.0498765,
       38.944284
      ],
      [
       -77.0496887,
       38.9442006
      ],
      [
       -77.0497155,
       38.9440796
      ],
      [
       -77.0497102,
       38.9439064
      ],
      [
       -77.0496485,
       38.9436436
      ],
      [
       -77.0496029,
       38.9433474
      ],
      [
       -77.0496807,
       38.943218
      ],
      [
       -77.0497879,
       38.9431158
      ],
      [
       -77.0499516,
       38.9429301
      ],
      [
       -77.0500562,
       38.9427486
      ],
      [
       -77.0501366,
       38.9425213
      ],
      [
       -77.0506167,
       38.9415115
      ],
      [
       -77.0507589,
       38.9411736
      ],
      [
       -77.050775,
       38.9409504
      ],
      [
       -77.0509118,
       38.9404225
      ],
      [
       -77.051011,
       38.9402014
      ],
      [
       -77.0511129,
       38.9399198
      ],
      [
       -77.0512578,
       38.9395004
      ],
      [
       -77.051668,
       38.939734
      ],
      [
       -77.051864,
       38.9398989
      ],
      [
       -77.052119,
       38.940185
      ],
      [
       -77.0524648,
       38.9405373
      ],
      [
       -77.0527115,
       38.9407814
      ],
      [
       -77.0529798,
       38.9409629
      ],
      [
       -77.0533285,
       38.9410109
      ],
      [
       -77.0549458,
       38.9407188
      ],
      [
       -77.05523,
       38.940685
      ],
      [
       -77.0555118,
       38.940748
      ],
      [
       -77.0558551,
       38.9408815
      ],
      [
       -77.0560429,
       38.9409691
      ],
      [
       -77.0562279,
       38.9410067
      ],
      [
       -77.0563754,
       38.9410213
      ],
      [
       -77.0597631,
       38.9410109
      ],
      [
       -77.0597631,
       38.9410109
      ],
      [
       -77.0616192,
       38.9410213
      ]
     ]
    ]
   }
  },
  {
   "type": "Feature",
   "properties": {
    "name": "Fort Chaplin Park"
   },
   "geometry": {
    "type": "Polygon",
    "coordinates": [
     [
      [
       -76.9500338,
       38.8890033
      ],
      [
       -76.9490254,
       38.889613
      ],
      [
       -76.9484032,
       38.8897466
      ],
      [
       -76.9403136,
       38.8897048
      ],
      [
       -76.941247,
       38.8879678
      ],
      [
       -76.9403564,
       38.8876755
      ],
      [
       -76.9405872,
       38.887187
      ],
      [
       -76.9406248,
       38.8867987
      ],
      [
       -76.940689,
       38.8866025
      ],
      [
       -76.940909,
       38.8865858
      ],
      [
       -76.9461287,
       38.8865815
      ],
      [
       -76.9465845,
       38.8864481
      ],
      [
       -76.9471157,
       38.8869991
      ],
      [
       -76.9479204,
       38.8872496
      ],
      [
       -76.9483388,
       38.8874417
      ],
      [
       -76.9488323,
       38.8878258
      ],
      [
       -76.9488323,
       38.8878258
      ],
      [
       -76.9500338,
       38.8890033
      ]
     ]
    ]
   }
  },
  {
   "type": "Feature",
   "properties": {
    "name": "Fort Davis"
   },
   "geometry": {
    "type": "Polygon",
    "coordinates": [
     [
      [
       -76.946697,
       38.863704
      ],
      [
       -76.951311,
       38.865609
      ],
      [
       -76.950989,
       38.865826
      ],
      [
       -76.950366,
       38.866344
      ],
      [
       -76.949766,
       38.866995
      ],
      [
       -76.948693,
       38.868232
      ],
      [
       -76.948135,
       38.868933
      ],
      [
       -76.947384,
       38.869518
      ],
      [
       -76.946247,
       38.870153
      ],
      [
       -76.945517,
       38.87037
      ],
      [
       -76.944573,
       38.870604
      ],
      [
       -76.943521,
       38.870771
      ],
      [
       -76.940002,
       38.871473
      ],
      [
       -76.939359,
       38.871657
      ],
      [
       -76.938694,
       38.871941
      ],
      [
       -76.937943,
       38.872358
      ],
      [
       -76.936805,
       38.87291
      ],
      [
       -76.936204,
       38.873193
      ],
      [
       -76.93541,
       38.873427
      ],
      [
       -76.934423,
       38.873678
      ],
      [
       -76.933823,
       38.873812
      ],
      [
       -76.933823,
       38.873812
      ],
      [
       -76.946697,
       38.863704
      ]
     ]
    ]
   }
  },
  {
   "type": "Feature",
   "properties": {
    "name": "Fort Dupont"
   },
   "geometry": {
    "type": "Polygon",
    "coordinates": [
     [
      [
       -76.957469,
       38.883634
      ],
      [
       -76.95307,
       38.88978
      ],
      [
       -76.951547,
       38.88978
      ],
      [
       -76.950474,
       38.888828
      ],
      [
       -76.950023,
       38.889012
      ],
      [
       -76.948843,
       38.887826
      ],
      [
       -76.948371,
       38.887459
      ],
      [
       -76.947899,
       38.887242
      ],
      [
       -76.947126,
       38.887008
      ],
      [
       -76.945195,
       38.884886
      ],
      [
       -76.945195,
       38.882448
      ],
      [
       -76.94556,
       38.882448
      ],
      [
       -76.945603,
       38.88193
      ],
      [
       -76.946268,
       38.881963
      ],
      [
       -76.94674,
       38.882832
      ],
      [
       -76.948049,
       38.882899
      ],
      [
       -76.952963,
       38.883634
      ],
      [
       -76.952963,
       38.883634
      ],
      [
       -76.957469,
       38.883634
      ]
     ]
    ]
   }
  },
  {
   "type": "Feature",
   "properties": {
    "name": "Fort Dupont Park"
   },
   "geometry": {
    "type": "Polygon",
    "coordinates": [
     [
      [
       -76.9575119,
       38.8836003
      ],
      [
       -76.9531131,
       38.883617
      ],
      [
       -76.9498086,
       38.8831493
      ],
      [
       -76.9484782,
       38.8829489
      ],
      [
       -76.9475985,
       38.8828487
      ],
      [
       -76.9466543,
       38.8828654
      ],
      [
       -76.945796,
       38.8808777
      ],
      [
       -76.9449806,
       38.8791906
      ],
      [
       -76.9441867,
       38.8781883
      ],
      [
       -76.9432855,
       38.8772528
      ],
      [
       -76.9426847,
       38.8768686
      ],
      [
       -76.9418049,
       38.8765512
      ],
      [
       -76.9413114,
       38.8763341
      ],
      [
       -76.9406462,
       38.8759332
      ],
      [
       -76.9388866,
       38.8749142
      ],
      [
       -76.9387579,
       38.8743963
      ],
      [
       -76.9383502,
       38.8728427
      ],
      [
       -76.9382858,
       38.8723248
      ],
      [
       -76.9393802,
       38.8716399
      ],
      [
       -76.9436288,
       38.8708213
      ],
      [
       -76.9564176,
       38.8760167
      ],
      [
       -76.9615459,
       38.8780881
      ],
      [
       -76.9615459,
       38.8780881
      ],
      [
       -76.9575119,
       38.8836003
      ]
     ]
    ]
   }
  },
  {
   "type": "Feature",
   "properties": {
    "name": "Fort Lesley J. McNair"
   },
   "geometry": {
    "type": "Polygon",
    "coordinates": [
     [
      [
       -77.0191276,
       38.8717735
      ],
      [
       -77.0191276,
       38.8719239
      ],
      [
       -77.0138276,
       38.8719239
      ],
      [
       -77.0137954,
       38.8694681
      ],
      [
       -77.0137739,
       38.864623
      ],
      [
       -77.0154262,
       38.8646147
      ],
      [
       -77.0154154,
       38.8635871
      ],
      [
       -77.0153242,
       38.8634493
      ],
      [
       -77.0153189,
       38.8621085
      ],
      [
       -77.0156085,
       38.8620354
      ],
      [
       -77.0156649,
       38.8620187
      ],
      [
       -77.0156997,
       38.8619999
      ],
      [
       -77.0157588,
       38.8619435
      ],
      [
       -77.0158178,
       38.861885
      ],
      [
       -77.0167565,
       38.8614193
      ],
      [
       -77.017419,
       38.8612104
      ],
      [
       -77.0174727,
       38.8611749
      ],
      [
       -77.0177087,
       38.8611394
      ],
      [
       -77.0179474,
       38.8611227
      ],
      [
       -77.0183444,
       38.8612396
      ],
      [
       -77.0185858,
       38.8614401
      ],
      [
       -77.018677,
       38.8617158
      ],
      [
       -77.018685,
       38.8620688
      ],
      [
       -77.018677,
       38.8625596
      ],
      [
       -77.0186716,
       38.8701697
      ],
      [
       -77.0186716,
       38.8701697
      ],
      [
       -77.0191276,
       38.8717735
      ]
     ]
    ]
   }
  },
  {
   "type": "Feature",
   "properties": {
    "name": "Fort Lincoln"
   },
   "geometry": {
    "type": "Polygon",
    "coordinates": [
     [
      [
       -76.9550657,
       38.918301
      ],
      [
       -76.9652689,
       38.9251957
      ],
      [
       -76.9616854,
       38.9280251
      ],
      [
       -76.961331,
       38.928309
      ],
      [
       -76.9601834,
       38.9291769
      ],
      [
       -76.9576514,
       38.9307126
      ],
      [
       -76.9424915,
       38.9187267
      ],
      [
       -76.9431567,
       38.9181006
      ],
      [
       -76.9437361,
       38.9181424
      ],
      [
       -76.9444335,
       38.9182008
      ],
      [
       -76.9453239,
       38.9183594
      ],
      [
       -76.9481456,
       38.9188102
      ],
      [
       -76.9503558,
       38.9192108
      ],
      [
       -76.95086,
       38.9192609
      ],
      [
       -76.9513267,
       38.9192985
      ],
      [
       -76.9518739,
       38.9192818
      ],
      [
       -76.9522977,
       38.9192651
      ],
      [
       -76.9527483,
       38.9191941
      ],
      [
       -76.9531345,
       38.9191274
      ],
      [
       -76.9534349,
       38.9190355
      ],
      [
       -76.9537514,
       38.918927
      ],
      [
       -76.9540679,
       38.9187976
      ],
      [
       -76.9540679,
       38.9187976
      ],
      [
       -76.9550657,
       38.918301
      ]
     ]
    ]
   }
  },
  {
   "type": "Feature",
   "properties": {
    "name": "Fort Stanton Park"
   },
   "geometry": {
    "type": "Polygon",
    "coordinates": [
     [
      [
       -76.9836956,
       38.8605295
      ],
      [
       -76.9836366,
       38.8607635
      ],
      [
       -76.9829822,
       38.8612939
      ],
      [
       -76.9827086,
       38.8610621
      ],
      [
       -76.9822204,
       38.8613232
      ],
      [
       -76.981397,
       38.8604711
      ],
      [
       -76.9795382,
       38.8618244
      ],
      [
       -76.978476,
       38.8612146
      ],
      [
       -76.9780764,
       38.8615467
      ],
      [
       -76.9783178,
       38.8616887
      ],
      [
       -76.977843,
       38.8620542
      ],
      [
       -76.9790447,
       38.862994
      ],
      [
       -76.9790339,
       38.8647149
      ],
      [
       -76.9760486,
       38.8635934
      ],
      [
       -76.9763625,
       38.8633407
      ],
      [
       -76.974898,
       38.8625554
      ],
      [
       -76.973809,
       38.8634869
      ],
      [
       -76.9728488,
       38.8630734
      ],
      [
       -76.973294,
       38.8624761
      ],
      [
       -76.9739726,
       38.8617409
      ],
      [
       -76.9740638,
       38.8615843
      ],
      [
       -76.974096,
       38.8614422
      ],
      [
       -76.9740665,
       38.8612877
      ],
      [
       -76.9737983,
       38.8611227
      ],
      [
       -76.9748282,
       38.8601787
      ],
      [
       -76.9733155,
       38.8591344
      ],
      [
       -76.9749409,
       38.8577391
      ],
      [
       -76.9743454,
       38.8573465
      ],
      [
       -76.9754559,
       38.8563397
      ],
      [
       -76.9767004,
       38.8571084
      ],
      [
       -76.9769579,
       38.8572379
      ],
      [
       -76.977312,
       38.8573089
      ],
      [
       -76.9802141,
       38.8572964
      ],
      [
       -76.983701,
       38.860116
      ],
      [
       -76.983701,
       38.860116
      ],
      [
       -76.9836956,
       38.8605295
      ]
     ]
    ]
   }
  },
  {
   "type": "Feature",
   "properties": {
    "name": "Fort Totten"
   },
   "geometry": {
    "type": "Polygon",
    "coordinates": [
     [
      [
       -77.0005774,
       38.9471941
      ],
      [
       -77.0047402,
       38.9457422
      ],
      [
       -77.006049,
       38.946827
      ],
      [
       -77.00768,
       38.946293
      ],
      [
       -77.00871,
       38.947061
      ],
      [
       -77.009139,
       38.954837
      ],
      [
       -77.003818,
       38.955972
      ],
      [
       -77.001715,
       38.952401
      ],
      [
       -77.002358,
       38.952367
      ],
      [
       -77.002358,
       38.952367
      ],
      [
       -77.0005774,
       38.9471941
      ]
     ]
    ]
   }
  },
  {
   "type": "Feature",
   "properties": {
    "name": "Foxhall"
   },
   "geometry": {
    "type": "Polygon",
    "coordinates": [
     [
      [
       -77.085008,
       38.9123907
      ],
      [
       -77.0844555,
       38.9123907
      ],
      [
       -77.082438,
       38.912691
      ],
      [
       -77.0816123,
       38.9126787
      ],
      [
       -77.0814031,
       38.9121569
      ],
      [
       -77.0812905,
       38.9116853
      ],
      [
       -77.0812315,
       38.9112386
      ],
      [
       -77.080743,
       38.911255
      ],
      [
       -77.0807,
       38.910654
      ],
      [
       -77.080572,
       38.910287
      ],
      [
       -77.0803732,
       38.9100365
      ],
      [
       -77.080003,
       38.9097401
      ],
      [
       -77.079778,
       38.909469
      ],
      [
       -77.0796329,
       38.9091348
      ],
      [
       -77.0795953,
       38.9087466
      ],
      [
       -77.0796114,
       38.9085129
      ],
      [
       -77.080443,
       38.906697
      ],
      [
       -77.0808023,
       38.9065718
      ],
      [
       -77.0820737,
       38.9082499
      ],
      [
       -77.0845842,
       38.9116811
      ],
      [
       -77.0847452,
       38.9118689
      ],
      [
       -77.0849007,
       38.9120943
      ],
      [
       -77.0849007,
       38.9120943
      ],
      [
       -77.085008,
       38.9123907
      ]
     ]
    ]
   }
  },
  {
   "type": "Feature",
   "properties": {
    "name": "Friendship Heights"
   },
   "geometry": {
    "type": "Polygon",
    "coordinates": [
     [
      [
       -77.0887578,
       38.9547117
      ],
      [
       -77.091279,
       38.956505
      ],
      [
       -77.0803785,
       38.9649481
      ],
      [
       -77.0802605,
       38.9648897
      ],
      [
       -77.080314,
       38.961962
      ],
      [
       -77.0802176,
       38.961436
      ],
      [
       -77.080035,
       38.960944
      ],
      [
       -77.0797455,
       38.9603932
      ],
      [
       -77.079198,
       38.959676
      ],
      [
       -77.078168,
       38.959025
      ],
      [
       -77.077096,
       38.958491
      ],
      [
       -77.076774,
       38.958341
      ],
      [
       -77.075508,
       38.95769
      ],
      [
       -77.074585,
       38.9570394
      ],
      [
       -77.073727,
       38.956188
      ],
      [
       -77.0729434,
       38.9550788
      ],
      [
       -77.0726967,
       38.9546867
      ],
      [
       -77.0726967,
       38.9546867
      ],
      [
       -77.0887578,
       38.9547117
      ]
     ]
    ]
   }
  },
  {
   "type": "Feature",
   "properties": {
    "name": "Gallaudet University"
   },
   "geometry": {
    "type": "Polygon",
    "coordinates": [
     [
      [
       -76.9930941,
       38.9040337
      ],
      [
       -76.996479,
       38.9054864
      ],
      [
       -76.9983351,
       38.9062879
      ],
      [
       -76.9972757,
       38.9077469
      ],
      [
       -76.9969618,
       38.908158
      ],
      [
       -76.996125,
       38.9076738
      ],
      [
       -76.9954598,
       38.9077323
      ],
      [
       -76.9947088,
       38.908659
      ],
      [
       -76.9932497,
       38.9090263
      ],
      [
       -76.99296,
       38.9094103
      ],
      [
       -76.9934079,
       38.9104309
      ],
      [
       -76.9931397,
       38.9106042
      ],
      [
       -76.9929519,
       38.9107523
      ],
      [
       -76.9927374,
       38.9109464
      ],
      [
       -76.9922787,
       38.9114202
      ],
      [
       -76.9920883,
       38.9116769
      ],
      [
       -76.9918495,
       38.9119336
      ],
      [
       -76.9915974,
       38.9121027
      ],
      [
       -76.9913936,
       38.912207
      ],
      [
       -76.9911656,
       38.9122947
      ],
      [
       -76.9910395,
       38.912326
      ],
      [
       -76.9908679,
       38.9123531
      ],
      [
       -76.9906425,
       38.9123761
      ],
      [
       -76.9904709,
       38.9123803
      ],
      [
       -76.990267,
       38.9123761
      ],
      [
       -76.9900686,
       38.912349
      ],
      [
       -76.9898915,
       38.9123114
      ],
      [
       -76.9896582,
       38.9122383
      ],
      [
       -76.9894704,
       38.9121569
      ],
      [
       -76.9892478,
       38.9120317
      ],
      [
       -76.9891405,
       38.9119503
      ],
      [
       -76.9884673,
       38.9114098
      ],
      [
       -76.9881213,
       38.9112261
      ],
      [
       -76.9878933,
       38.9111259
      ],
      [
       -76.9880193,
       38.9109903
      ],
      [
       -76.9880006,
       38.9108358
      ],
      [
       -76.987904,
       38.9108024
      ],
      [
       -76.9878262,
       38.9107962
      ],
      [
       -76.987845,
       38.9106981
      ],
      [
       -76.9877967,
       38.9093769
      ],
      [
       -76.9877645,
       38.9092121
      ],
      [
       -76.987499,
       38.9090117
      ],
      [
       -76.9900605,
       38.9067179
      ],
      [
       -76.991238,
       38.9056597
      ],
      [
       -76.9921607,
       38.9048289
      ],
      [
       -76.9921607,
       38.9048289
      ],
      [
       -76.9930941,
       38.9040337
      ]
     ]
    ]
   }
  },
  {
   "type": "Feature",
   "properties": {
    "name": "Garfield Heights"
   },
   "geometry": {
    "type": "Polygon",
    "coordinates": [
     [
      [
       -76.9712019,
       38.8564608
      ],
      [
       -76.9700003,
       38.8558259
      ],
      [
       -76.9700004,
       38.852885
      ],
      [
       -76.9700862,
       38.8526426
      ],
      [
       -76.9702257,
       38.8524086
      ],
      [
       -76.9705046,
       38.8521998
      ],
      [
       -76.9717706,
       38.8514311
      ],
      [
       -76.972189,
       38.8512724
      ],
      [
       -76.9728328,
       38.8512055
      ],
      [
       -76.9744849,
       38.8527178
      ],
      [
       -76.9754721,
       38.8533278
      ],
      [
       -76.9760407,
       38.8536034
      ],
      [
       -76.9767273,
       38.8538458
      ],
      [
       -76.9777465,
       38.8541214
      ],
      [
       -76.9754613,
       38.8563772
      ],
      [
       -76.9743563,
       38.8573548
      ],
      [
       -76.9735623,
       38.8579647
      ],
      [
       -76.9718242,
       38.8569788
      ],
      [
       -76.9718242,
       38.8569788
      ],
      [
       -76.9712019,
       38.8564608
      ]
     ]
    ]
   }
  },
  {
   "type": "Feature",
   "properties": {
    "name": "Gateway"
   },
   "geometry": {
    "type": "Polygon",
    "coordinates": [
     [
      [
       -76.972511,
       38.917299
      ],
      [
       -76.967983,
       38.922792
      ],
      [
       -76.967136,
       38.923551
      ],
      [
       -76.965194,
       38.925187
      ],
      [
       -76.954958,
       38.918276
      ],
      [
       -76.957211,
       38.917174
      ],
      [
       -76.957598,
       38.917015
      ],
      [
       -76.95793,
       38.91694
      ],
      [
       -76.958435,
       38.916857
      ],
      [
       -76.958874,
       38.916848
      ],
      [
       -76.961374,
       38.916915
      ],
      [
       -76.968241,
       38.917316
      ],
      [
       -76.969142,
       38.917366
      ],
      [
       -76.970301,
       38.917349
      ],
      [
       -76.970301,
       38.917349
      ],
      [
       -76.972511,
       38.917299
      ]
     ]
    ]
   }
  },
  {
   "type": "Feature",
   "properties": {
    "name": "Georgetown"
   },
   "geometry": {
    "type": "Polygon",
    "coordinates": [
     [
      [
       -77.0692098,
       38.9116185
      ],
      [
       -77.0730239,
       38.9114807
      ],
      [
       -77.0729488,
       38.9125744
      ],
      [
       -77.0692474,
       38.9126662
      ],
      [
       -77.0694083,
       38.9166022
      ],
      [
       -77.0684373,
       38.9166815
      ],
      [
       -77.0685929,
       38.9168568
      ],
      [
       -77.067246,
       38.917583
      ],
      [
       -77.06671,
       38.916815
      ],
      [
       -77.066302,
       38.916982
      ],
      [
       -77.065358,
       38.91578
      ],
      [
       -77.06259,
       38.915463
      ],
      [
       -77.062032,
       38.915396
      ],
      [
       -77.061646,
       38.915246
      ],
      [
       -77.0623112,
       38.9130836
      ],
      [
       -77.0592964,
       38.9125326
      ],
      [
       -77.0572418,
       38.912566
      ],
      [
       -77.057156,
       38.9125076
      ],
      [
       -77.0571452,
       38.9122738
      ],
      [
       -77.0567322,
       38.9122822
      ],
      [
       -77.0563728,
       38.9120401
      ],
      [
       -77.0561582,
       38.9120442
      ],
      [
       -77.0559382,
       38.9120025
      ],
      [
       -77.0557934,
       38.9119399
      ],
      [
       -77.0557022,
       38.9118481
      ],
      [
       -77.0556217,
       38.9117562
      ],
      [
       -77.0555681,
       38.9116227
      ],
      [
       -77.0555896,
       38.9110758
      ],
      [
       -77.0535779,
       38.9110633
      ],
      [
       -77.0534384,
       38.9121528
      ],
      [
       -77.0524675,
       38.9121194
      ],
      [
       -77.0515555,
       38.9113722
      ],
      [
       -77.0511049,
       38.9109339
      ],
      [
       -77.0508796,
       38.9107002
      ],
      [
       -77.0505255,
       38.9102994
      ],
      [
       -77.0504075,
       38.9100782
      ],
      [
       -77.0503646,
       38.9098111
      ],
      [
       -77.050429,
       38.909523
      ],
      [
       -77.0505738,
       38.9093102
      ],
      [
       -77.0508474,
       38.9091474
      ],
      [
       -77.0513141,
       38.9090096
      ],
      [
       -77.0515823,
       38.9089887
      ],
      [
       -77.05199,
       38.909018
      ],
      [
       -77.0526177,
       38.9090472
      ],
      [
       -77.0531166,
       38.9089553
      ],
      [
       -77.0534652,
       38.9088051
      ],
      [
       -77.0538729,
       38.908517
      ],
      [
       -77.0540124,
       38.9083626
      ],
      [
       -77.0543075,
       38.9080579
      ],
      [
       -77.0544791,
       38.907799
      ],
      [
       -77.0548278,
       38.907056
      ],
      [
       -77.0555091,
       38.9056367
      ],
      [
       -77.0556486,
       38.9053361
      ],
      [
       -77.0559973,
       38.9048101
      ],
      [
       -77.0563674,
       38.9043426
      ],
      [
       -77.0564908,
       38.9041255
      ],
      [
       -77.0566839,
       38.9032196
      ],
      [
       -77.0568341,
       38.902656
      ],
      [
       -77.0569682,
       38.9023262
      ],
      [
       -77.0571399,
       38.9019505
      ],
      [
       -77.0572418,
       38.9014496
      ],
      [
       -77.0572311,
       38.9010905
      ],
      [
       -77.057161,
       38.900719
      ],
      [
       -77.056925,
       38.900135
      ],
      [
       -77.0567966,
       38.8997713
      ],
      [
       -77.057526,
       38.899467
      ],
      [
       -77.057848,
       38.899667
      ],
      [
       -77.058578,
       38.900418
      ],
      [
       -77.059157,
       38.900786
      ],
      [
       -77.059779,
       38.901053
      ],
      [
       -77.062612,
       38.902072
      ],
      [
       -77.0647198,
       38.9024306
      ],
      [
       -77.065659,
       38.902756
      ],
      [
       -77.066238,
       38.903007
      ],
      [
       -77.066689,
       38.90314
      ],
      [
       -77.066946,
       38.903124
      ],
      [
       -77.067676,
       38.903341
      ],
      [
       -77.067676,
       38.903458
      ],
      [
       -77.070808,
       38.904092
      ],
      [
       -77.072375,
       38.904409
      ],
      [
       -77.072182,
       38.90496
      ],
      [
       -77.071795,
       38.904877
      ],
      [
       -77.0715272,
       38.9058287
      ],
      [
       -77.0716345,
       38.9085212
      ],
      [
       -77.0716238,
       38.9085922
      ],
      [
       -77.0715702,
       38.9086423
      ],
      [
       -77.0690703,
       38.9087174
      ],
      [
       -77.0690703,
       38.9087174
      ],
      [
       -77.0692098,
       38.9116185
      ]
     ]
    ]
   }
  },
  {
   "type": "Feature",
   "properties": {
    "name": "Georgetown University"
   },
   "geometry": {
    "type": "Polygon",
    "coordinates": [
     [
      [
       -77.077986,
       38.9068806
      ],
      [
       -77.0779431,
       38.9078824
      ],
      [
       -77.0778358,
       38.9083291
      ],
      [
       -77.077632,
       38.9086505
      ],
      [
       -77.0776051,
       38.9091681
      ],
      [
       -77.0777286,
       38.9093894
      ],
      [
       -77.0777983,
       38.9097442
      ],
      [
       -77.07856,
       38.9108378
      ],
      [
       -77.0789678,
       38.9116643
      ],
      [
       -77.0792842,
       38.9119231
      ],
      [
       -77.079252,
       38.9126703
      ],
      [
       -77.0775622,
       38.9126744
      ],
      [
       -77.0744026,
       38.9125868
      ],
      [
       -77.0729381,
       38.9125743
      ],
      [
       -77.0730239,
       38.9115057
      ],
      [
       -77.0730722,
       38.9101073
      ],
      [
       -77.0728041,
       38.9092433
      ],
      [
       -77.0715864,
       38.9092453
      ],
      [
       -77.0715567,
       38.9086484
      ],
      [
       -77.0703685,
       38.9086776
      ],
      [
       -77.0702854,
       38.906724
      ],
      [
       -77.0702828,
       38.9067094
      ],
      [
       -77.0689845,
       38.9067428
      ],
      [
       -77.0689658,
       38.9058892
      ],
      [
       -77.0696416,
       38.905885
      ],
      [
       -77.0696337,
       38.9053361
      ],
      [
       -77.0695586,
       38.905334
      ],
      [
       -77.0695505,
       38.9051378
      ],
      [
       -77.0702157,
       38.9050606
      ],
      [
       -77.0702292,
       38.9058704
      ],
      [
       -77.0702586,
       38.9058683
      ],
      [
       -77.0702854,
       38.9067094
      ],
      [
       -77.0715567,
       38.9066823
      ],
      [
       -77.0715166,
       38.9058349
      ],
      [
       -77.0727289,
       38.9058099
      ],
      [
       -77.0730669,
       38.9058996
      ],
      [
       -77.0732117,
       38.9059163
      ],
      [
       -77.0740727,
       38.9059643
      ],
      [
       -77.0740673,
       38.9055364
      ],
      [
       -77.0757598,
       38.9055281
      ],
      [
       -77.0761086,
       38.9055782
      ],
      [
       -77.0761086,
       38.9059163
      ],
      [
       -77.0765538,
       38.9059288
      ],
      [
       -77.0772028,
       38.9061041
      ],
      [
       -77.0776588,
       38.9063296
      ],
      [
       -77.0778787,
       38.9065967
      ],
      [
       -77.0778787,
       38.9065967
      ],
      [
       -77.077986,
       38.9068806
      ]
     ]
    ]
   }
  },
  {
   "type": "Feature",
   "properties": {
    "name": "Glover Park"
   },
   "geometry": {
    "type": "Polygon",
    "coordinates": [
     [
      [
       -77.0815748,
       38.9247199
      ],
      [
       -77.0813173,
       38.9260762
      ],
      [
       -77.0811403,
       38.9260262
      ],
      [
       -77.0809257,
       38.9259928
      ],
      [
       -77.0806038,
       38.9259594
      ],
      [
       -77.0803893,
       38.9259636
      ],
      [
       -77.0801747,
       38.9259636
      ],
      [
       -77.0799601,
       38.9259844
      ],
      [
       -77.079767,
       38.926022
      ],
      [
       -77.0795846,
       38.9260679
      ],
      [
       -77.0794076,
       38.9261388
      ],
      [
       -77.0792896,
       38.9261722
      ],
      [
       -77.0791823,
       38.9261847
      ],
      [
       -77.0789999,
       38.9261806
      ],
      [
       -77.0731366,
       38.9261847
      ],
      [
       -77.0731205,
       38.9231173
      ],
      [
       -77.073099,
       38.9230088
      ],
      [
       -77.0730615,
       38.9229045
      ],
      [
       -77.0728362,
       38.9225455
      ],
      [
       -77.070331,
       38.9225581
      ],
      [
       -77.0704275,
       38.922341
      ],
      [
       -77.070562,
       38.921932
      ],
      [
       -77.0705938,
       38.921523
      ],
      [
       -77.0705885,
       38.9212058
      ],
      [
       -77.0705295,
       38.9209346
      ],
      [
       -77.0704544,
       38.9207008
      ],
      [
       -77.0703524,
       38.9204588
      ],
      [
       -77.0702237,
       38.9202376
      ],
      [
       -77.0701003,
       38.9200497
      ],
      [
       -77.0699179,
       38.9198285
      ],
      [
       -77.0696336,
       38.9195489
      ],
      [
       -77.06936,
       38.919336
      ],
      [
       -77.0691025,
       38.9191816
      ],
      [
       -77.0688343,
       38.9190397
      ],
      [
       -77.0686412,
       38.9189604
      ],
      [
       -77.0684642,
       38.9188895
      ],
      [
       -77.0682442,
       38.9188143
      ],
      [
       -77.0680779,
       38.9187684
      ],
      [
       -77.0674074,
       38.9178252
      ],
      [
       -77.0673966,
       38.9177542
      ],
      [
       -77.0674127,
       38.9176916
      ],
      [
       -77.0674825,
       38.9176081
      ],
      [
       -77.067638,
       38.917508
      ],
      [
       -77.0678473,
       38.9173911
      ],
      [
       -77.0687056,
       38.9169946
      ],
      [
       -77.0684373,
       38.9166774
      ],
      [
       -77.068706,
       38.916598
      ],
      [
       -77.068995,
       38.916573
      ],
      [
       -77.069403,
       38.916606
      ],
      [
       -77.069778,
       38.916615
      ],
      [
       -77.070186,
       38.916615
      ],
      [
       -77.070497,
       38.916573
      ],
      [
       -77.070755,
       38.916515
      ],
      [
       -77.071087,
       38.916389
      ],
      [
       -77.071345,
       38.916323
      ],
      [
       -77.071667,
       38.916314
      ],
      [
       -77.071999,
       38.916356
      ],
      [
       -77.072278,
       38.916423
      ],
      [
       -77.07275,
       38.916581
      ],
      [
       -77.072863,
       38.9166022
      ],
      [
       -77.0728952,
       38.9169779
      ],
      [
       -77.0733672,
       38.9170071
      ],
      [
       -77.073394,
       38.917758
      ],
      [
       -77.073727,
       38.91765
      ],
      [
       -77.074049,
       38.918201
      ],
      [
       -77.07451,
       38.918051
      ],
      [
       -77.0749283,
       38.9187517
      ],
      [
       -77.0787853,
       38.9187643
      ],
      [
       -77.078796,
       38.9191816
      ],
      [
       -77.080695,
       38.9191816
      ],
      [
       -77.0809042,
       38.9192025
      ],
      [
       -77.0810544,
       38.9192317
      ],
      [
       -77.0812422,
       38.9192776
      ],
      [
       -77.0814246,
       38.9193402
      ],
      [
       -77.0815587,
       38.9194195
      ],
      [
       -77.0816821,
       38.9194988
      ],
      [
       -77.0817894,
       38.9195906
      ],
      [
       -77.0819074,
       38.9197159
      ],
      [
       -77.0819664,
       38.9198327
      ],
      [
       -77.0819986,
       38.9199704
      ],
      [
       -77.082009,
       38.920079
      ],
      [
       -77.08202,
       38.9215189
      ],
      [
       -77.0820093,
       38.9219279
      ],
      [
       -77.0819986,
       38.9222033
      ],
      [
       -77.0819557,
       38.9224913
      ],
      [
       -77.081838,
       38.923226
      ],
      [
       -77.081838,
       38.923226
      ],
      [
       -77.0815748,
       38.9247199
      ]
     ]
    ]
   }
  },
  {
   "type": "Feature",
   "properties": {
    "name": "Glover Parkway"
   },
   "geometry": {
    "type": "Polygon",
    "coordinates": [
     [
      [
       -77.0860434,
       38.9207384
      ],
      [
       -77.0860219,
       38.9210389
      ],
      [
       -77.0862794,
       38.9215731
      ],
      [
       -77.0867515,
       38.9221741
      ],
      [
       -77.0870304,
       38.9226081
      ],
      [
       -77.0870733,
       38.9229754
      ],
      [
       -77.0869017,
       38.9234428
      ],
      [
       -77.0865369,
       38.9243276
      ],
      [
       -77.086215,
       38.9250788
      ],
      [
       -77.0861936,
       38.9254628
      ],
      [
       -77.0861506,
       38.926047
      ],
      [
       -77.0857215,
       38.9260804
      ],
      [
       -77.0851207,
       38.9260637
      ],
      [
       -77.0846057,
       38.9261806
      ],
      [
       -77.0841122,
       38.9263475
      ],
      [
       -77.083962,
       38.9266313
      ],
      [
       -77.0839405,
       38.9269818
      ],
      [
       -77.0840478,
       38.9272656
      ],
      [
       -77.0841765,
       38.9274993
      ],
      [
       -77.0833611,
       38.9275327
      ],
      [
       -77.082932,
       38.9276328
      ],
      [
       -77.0826316,
       38.9278999
      ],
      [
       -77.0828462,
       38.9283339
      ],
      [
       -77.0825458,
       38.9285343
      ],
      [
       -77.0824599,
       38.928818
      ],
      [
       -77.0825458,
       38.9291686
      ],
      [
       -77.0824385,
       38.9296026
      ],
      [
       -77.0822024,
       38.9302369
      ],
      [
       -77.081902,
       38.9307043
      ],
      [
       -77.08143,
       38.931205
      ],
      [
       -77.0810866,
       38.9316056
      ],
      [
       -77.0807648,
       38.9321398
      ],
      [
       -77.0805931,
       38.9325737
      ],
      [
       -77.0807433,
       38.9329576
      ],
      [
       -77.0820093,
       38.9340426
      ],
      [
       -77.0821166,
       38.934293
      ],
      [
       -77.0820737,
       38.9345934
      ],
      [
       -77.0819449,
       38.9348771
      ],
      [
       -77.0814729,
       38.9346435
      ],
      [
       -77.0812154,
       38.9346935
      ],
      [
       -77.0809579,
       38.9348938
      ],
      [
       -77.0808935,
       38.9351776
      ],
      [
       -77.080915,
       38.9355782
      ],
      [
       -77.0810866,
       38.9359621
      ],
      [
       -77.0816016,
       38.9363626
      ],
      [
       -77.0821595,
       38.9367632
      ],
      [
       -77.0822668,
       38.9371304
      ],
      [
       -77.0813012,
       38.93683
      ],
      [
       -77.0808935,
       38.9367298
      ],
      [
       -77.0805287,
       38.9367298
      ],
      [
       -77.0801854,
       38.9371805
      ],
      [
       -77.0799923,
       38.937748
      ],
      [
       -77.0799279,
       38.9384489
      ],
      [
       -77.0799065,
       38.9390164
      ],
      [
       -77.0800781,
       38.9392
      ],
      [
       -77.0802927,
       38.9393836
      ],
      [
       -77.0803571,
       38.9396506
      ],
      [
       -77.0801854,
       38.9399677
      ],
      [
       -77.0799065,
       38.9410693
      ],
      [
       -77.0795417,
       38.9417535
      ],
      [
       -77.0794344,
       38.9431054
      ],
      [
       -77.0780396,
       38.9430887
      ],
      [
       -77.0781684,
       38.9428717
      ],
      [
       -77.0782757,
       38.9424044
      ],
      [
       -77.0784259,
       38.9419872
      ],
      [
       -77.0784688,
       38.9412529
      ],
      [
       -77.0785546,
       38.9408523
      ],
      [
       -77.0787692,
       38.9402849
      ],
      [
       -77.0788765,
       38.9398843
      ],
      [
       -77.0785117,
       38.9372472
      ],
      [
       -77.078619,
       38.9370303
      ],
      [
       -77.0790267,
       38.9365629
      ],
      [
       -77.0791769,
       38.9362959
      ],
      [
       -77.0790911,
       38.9360622
      ],
      [
       -77.0788765,
       38.935912
      ],
      [
       -77.0785546,
       38.9358619
      ],
      [
       -77.0780611,
       38.9358953
      ],
      [
       -77.0776105,
       38.9358786
      ],
      [
       -77.0773959,
       38.9357952
      ],
      [
       -77.0773101,
       38.9354947
      ],
      [
       -77.0775032,
       38.9353946
      ],
      [
       -77.0778036,
       38.9352277
      ],
      [
       -77.0779967,
       38.9350774
      ],
      [
       -77.0781255,
       38.9348771
      ],
      [
       -77.0780396,
       38.9346602
      ],
      [
       -77.0779538,
       38.9344432
      ],
      [
       -77.0780611,
       38.9343096
      ],
      [
       -77.0786834,
       38.9341761
      ],
      [
       -77.0792413,
       38.9340259
      ],
      [
       -77.079649,
       38.9338256
      ],
      [
       -77.0797992,
       38.9336754
      ],
      [
       -77.0797992,
       38.9333916
      ],
      [
       -77.0787477,
       38.9325737
      ],
      [
       -77.079134,
       38.9322232
      ],
      [
       -77.0794129,
       38.9319228
      ],
      [
       -77.0797348,
       38.9313886
      ],
      [
       -77.0799065,
       38.9309379
      ],
      [
       -77.0803356,
       38.9303203
      ],
      [
       -77.0805073,
       38.9298196
      ],
      [
       -77.0806789,
       38.9291853
      ],
      [
       -77.0804644,
       38.9289516
      ],
      [
       -77.0803356,
       38.9286678
      ],
      [
       -77.0804,
       38.9283172
      ],
      [
       -77.080636,
       38.92795
      ],
      [
       -77.0806575,
       38.927733
      ],
      [
       -77.0809793,
       38.9271321
      ],
      [
       -77.0813656,
       38.9263642
      ],
      [
       -77.0814085,
       38.9255462
      ],
      [
       -77.0818162,
       38.9232425
      ],
      [
       -77.0819879,
       38.922341
      ],
      [
       -77.0820093,
       38.9216399
      ],
      [
       -77.0819879,
       38.9208719
      ],
      [
       -77.0820093,
       38.9200038
      ],
      [
       -77.0821166,
       38.9198202
      ],
      [
       -77.0824599,
       38.9195865
      ],
      [
       -77.0825458,
       38.9192693
      ],
      [
       -77.0820951,
       38.9190188
      ],
      [
       -77.0813012,
       38.9188686
      ],
      [
       -77.081387,
       38.9172158
      ],
      [
       -77.081151,
       38.9166481
      ],
      [
       -77.0803571,
       38.9157967
      ],
      [
       -77.0794559,
       38.9149452
      ],
      [
       -77.0794129,
       38.914461
      ],
      [
       -77.0788336,
       38.9127246
      ],
      [
       -77.0815587,
       38.9127246
      ],
      [
       -77.0817518,
       38.913309
      ],
      [
       -77.0820308,
       38.9136262
      ],
      [
       -77.0826316,
       38.9139768
      ],
      [
       -77.0831251,
       38.9143942
      ],
      [
       -77.0838761,
       38.9152958
      ],
      [
       -77.0840907,
       38.9159803
      ],
      [
       -77.0843911,
       38.916548
      ],
      [
       -77.0847774,
       38.9170989
      ],
      [
       -77.0850563,
       38.9176499
      ],
      [
       -77.0854425,
       38.9182676
      ],
      [
       -77.085743,
       38.918902
      ],
      [
       -77.0858502,
       38.9192526
      ],
      [
       -77.0858502,
       38.9192526
      ],
      [
       -77.0860434,
       38.9207384
      ]
     ]
    ]
   }
  },
  {
   "type": "Feature",
   "properties": {
    "name": "Good Hope"
   },
   "geometry": {
    "type": "Polygon",
    "coordinates": [
     [
      [
       -76.970236,
       38.8618329
      ],
      [
       -76.9707511,
       38.8621169
      ],
      [
       -76.972919,
       38.8630189
      ],
      [
       -76.972382,
       38.8636869
      ],
      [
       -76.9721251,
       38.8638209
      ],
      [
       -76.970859,
       38.864172
      ],
      [
       -76.97088,
       38.8646899
      ],
      [
       -76.970794,
       38.8651409
      ],
      [
       -76.97058,
       38.8655419
      ],
      [
       -76.970193,
       38.8662269
      ],
      [
       -76.968048,
       38.8659089
      ],
      [
       -76.967812,
       38.8661099
      ],
      [
       -76.967061,
       38.8656759
      ],
      [
       -76.966438,
       38.8653919
      ],
      [
       -76.9660741,
       38.8659089
      ],
      [
       -76.965666,
       38.8657089
      ],
      [
       -76.959701,
       38.8656089
      ],
      [
       -76.9603229,
       38.8692341
      ],
      [
       -76.9522334,
       38.8659094
      ],
      [
       -76.9522119,
       38.8652578
      ],
      [
       -76.9544006,
       38.8644726
      ],
      [
       -76.9553233,
       38.8641551
      ],
      [
       -76.955731,
       38.8639379
      ],
      [
       -76.9559885,
       38.8636873
      ],
      [
       -76.9567395,
       38.8627016
      ],
      [
       -76.9572115,
       38.8623173
      ],
      [
       -76.9589711,
       38.8619159
      ],
      [
       -76.962082,
       38.8616989
      ],
      [
       -76.966996,
       38.859945
      ],
      [
       -76.967297,
       38.8599609
      ],
      [
       -76.967812,
       38.8600779
      ],
      [
       -76.968305,
       38.8602789
      ],
      [
       -76.969421,
       38.8611809
      ],
      [
       -76.969421,
       38.8611809
      ],
      [
       -76.969421,
       38.8611809
      ],
      [
       -76.970236,
       38.8618329
      ]
     ]
    ]
   }
  },
  {
   "type": "Feature",
   "properties": {
    "name": "Greenway"
   },
   "geometry": {
    "type": "Polygon",
    "coordinates": [
     [
      [
       -76.9706547,
       38.873465
      ],
      [
       -76.9745224,
       38.8752571
      ],
      [
       -76.9736641,
       38.8754743
      ],
      [
       -76.9725268,
       38.8756413
      ],
      [
       -76.9713038,
       38.8757499
      ],
      [
       -76.9703596,
       38.8759003
      ],
      [
       -76.9697588,
       38.8760757
      ],
      [
       -76.9691043,
       38.8763513
      ],
      [
       -76.9680636,
       38.877078
      ],
      [
       -76.9675701,
       38.8774622
      ],
      [
       -76.9668835,
       38.8780969
      ],
      [
       -76.9661754,
       38.8788653
      ],
      [
       -76.9657462,
       38.8794166
      ],
      [
       -76.9649523,
       38.8804773
      ],
      [
       -76.9645393,
       38.8813537
      ],
      [
       -76.9634449,
       38.8838592
      ],
      [
       -76.9620609,
       38.8868908
      ],
      [
       -76.9613957,
       38.8876758
      ],
      [
       -76.9606233,
       38.8882603
      ],
      [
       -76.9596362,
       38.8888282
      ],
      [
       -76.95822,
       38.8897385
      ],
      [
       -76.9530272,
       38.8897552
      ],
      [
       -76.9595075,
       38.8809278
      ],
      [
       -76.9615245,
       38.8780714
      ],
      [
       -76.9615245,
       38.8780714
      ],
      [
       -76.9706547,
       38.873465
      ]
     ]
    ]
   }
  },
  {
   "type": "Feature",
   "properties": {
    "name": "Hawthorne"
   },
   "geometry": {
    "type": "Polygon",
    "coordinates": [
     [
      [
       -77.0627296,
       38.9787694
      ],
      [
       -77.0543236,
       38.9853038
      ],
      [
       -77.05405,
       38.9851912
      ],
      [
       -77.053712,
       38.9849786
      ],
      [
       -77.0534867,
       38.9847951
      ],
      [
       -77.0530361,
       38.984203
      ],
      [
       -77.0529556,
       38.9840195
      ],
      [
       -77.0528108,
       38.9836651
      ],
      [
       -77.0527464,
       38.9834149
      ],
      [
       -77.0526767,
       38.9830354
      ],
      [
       -77.0522958,
       38.9809421
      ],
      [
       -77.052183,
       38.979695
      ],
      [
       -77.052269,
       38.978661
      ],
      [
       -77.0525372,
       38.9770722
      ],
      [
       -77.0530254,
       38.9771389
      ],
      [
       -77.0535243,
       38.9772682
      ],
      [
       -77.053991,
       38.9774892
      ],
      [
       -77.0546454,
       38.9779437
      ],
      [
       -77.05589,
       38.9784942
      ],
      [
       -77.0569253,
       38.9787736
      ],
      [
       -77.0579553,
       38.9788403
      ],
      [
       -77.0591247,
       38.9788362
      ],
      [
       -77.0603049,
       38.9787444
      ],
      [
       -77.0603049,
       38.9787444
      ],
      [
       -77.0627296,
       38.9787694
      ]
     ]
    ]
   }
  },
  {
   "type": "Feature",
   "properties": {
    "name": "Hillandale"
   },
   "geometry": {
    "type": "Polygon",
    "coordinates": [
     [
      [
       -77.0810544,
       38.9173911
      ],
      [
       -77.0762157,
       38.9172909
      ],
      [
       -77.0758724,
       38.9171991
      ],
      [
       -77.0757437,
       38.9170488
      ],
      [
       -77.0755666,
       38.9126119
      ],
      [
       -77.0770419,
       38.9126578
      ],
      [
       -77.0772779,
       38.9134426
      ],
      [
       -77.0775032,
       38.9136513
      ],
      [
       -77.078104,
       38.914653
      ],
      [
       -77.078501,
       38.9149869
      ],
      [
       -77.079649,
       38.9153709
      ],
      [
       -77.0801103,
       38.9156798
      ],
      [
       -77.0798528,
       38.9161723
      ],
      [
       -77.0803785,
       38.9158217
      ],
      [
       -77.0811403,
       38.9166398
      ],
      [
       -77.0814085,
       38.9172241
      ],
      [
       -77.0814085,
       38.9172241
      ],
      [
       -77.0810544,
       38.9173911
      ]
     ]
    ]
   }
  },
  {
   "type": "Feature",
   "properties": {
    "name": "Hillbrook"
   },
   "geometry": {
    "type": "Polygon",
    "coordinates": [
     [
      [
       -76.939187,
       38.893371
      ],
      [
       -76.939144,
       38.900619
      ],
      [
       -76.936526,
       38.899483
      ],
      [
       -76.92996,
       38.898281
      ],
      [
       -76.925669,
       38.898348
      ],
      [
       -76.9279,
       38.891901
      ],
      [
       -76.9279,
       38.891901
      ],
      [
       -76.939187,
       38.893371
      ]
     ]
    ]
   }
  },
  {
   "type": "Feature",
   "properties": {
    "name": "Hillcrest"
   },
   "geometry": {
    "type": "Polygon",
    "coordinates": [
     [
      [
       -76.9614977,
       38.855404
      ],
      [
       -76.961503,
       38.8617117
      ],
      [
       -76.9589925,
       38.8619205
      ],
      [
       -76.9574636,
       38.8622463
      ],
      [
       -76.9571257,
       38.8623842
      ],
      [
       -76.9570398,
       38.8624552
      ],
      [
       -76.9565034,
       38.8625638
      ],
      [
       -76.9564122,
       38.8626306
      ],
      [
       -76.955774,
       38.862785
      ],
      [
       -76.9552535,
       38.8628687
      ],
      [
       -76.954615,
       38.862869
      ],
      [
       -76.9541001,
       38.8627893
      ],
      [
       -76.9535959,
       38.8626097
      ],
      [
       -76.9499266,
       38.8612856
      ],
      [
       -76.955629,
       38.8568536
      ],
      [
       -76.9581047,
       38.8549131
      ],
      [
       -76.961334,
       38.8524567
      ],
      [
       -76.961334,
       38.8524567
      ],
      [
       -76.9614977,
       38.855404
      ]
     ]
    ]
   }
  },
  {
   "type": "Feature",
   "properties": {
    "name": "Howard University"
   },
   "geometry": {
    "type": "Polygon",
    "coordinates": [
     [
      [
       -77.0219386,
       38.9164603
      ],
      [
       -77.0219493,
       38.9189896
      ],
      [
       -77.021952,
       38.9198598
      ],
      [
       -77.0219654,
       38.9199684
      ],
      [
       -77.022306,
       38.9222993
      ],
      [
       -77.0226654,
       38.9247992
      ],
      [
       -77.0225716,
       38.9248075
      ],
      [
       -77.0229203,
       38.9272406
      ],
      [
       -77.0228156,
       38.9272927
      ],
      [
       -77.0226815,
       38.9273345
      ],
      [
       -77.0225528,
       38.927347
      ],
      [
       -77.022467,
       38.9273574
      ],
      [
       -77.020399,
       38.9275494
      ],
      [
       -77.0200771,
       38.9274701
      ],
      [
       -77.0198625,
       38.9261743
      ],
      [
       -77.0197982,
       38.9260095
      ],
      [
       -77.0196265,
       38.9257924
      ],
      [
       -77.0194334,
       38.925588
      ],
      [
       -77.0192671,
       38.9253835
      ],
      [
       -77.0191222,
       38.9251957
      ],
      [
       -77.0190257,
       38.9249035
      ],
      [
       -77.0188487,
       38.9246823
      ],
      [
       -77.0185268,
       38.924482
      ],
      [
       -77.0182264,
       38.9243693
      ],
      [
       -77.0180708,
       38.9242525
      ],
      [
       -77.0179313,
       38.9240688
      ],
      [
       -77.0178562,
       38.9238602
      ],
      [
       -77.0178643,
       38.9237725
      ],
      [
       -77.017867,
       38.9236077
      ],
      [
       -77.0179152,
       38.92352
      ],
      [
       -77.0175183,
       38.9232216
      ],
      [
       -77.0174754,
       38.9229399
      ],
      [
       -77.0173681,
       38.9229107
      ],
      [
       -77.0172179,
       38.9228273
      ],
      [
       -77.0167619,
       38.9225455
      ],
      [
       -77.0166117,
       38.9224767
      ],
      [
       -77.016204,
       38.9222951
      ],
      [
       -77.0158419,
       38.9221866
      ],
      [
       -77.0155308,
       38.9221073
      ],
      [
       -77.0153806,
       38.9220781
      ],
      [
       -77.0152572,
       38.9220614
      ],
      [
       -77.0148709,
       38.9220218
      ],
      [
       -77.0145196,
       38.9220092
      ],
      [
       -77.0142353,
       38.9220134
      ],
      [
       -77.0139483,
       38.9220385
      ],
      [
       -77.0137551,
       38.9220781
      ],
      [
       -77.0136935,
       38.9221073
      ],
      [
       -77.0133609,
       38.9217734
      ],
      [
       -77.0133823,
       38.9213415
      ],
      [
       -77.013267,
       38.9210535
      ],
      [
       -77.013385,
       38.9210139
      ],
      [
       -77.0136774,
       38.9209241
      ],
      [
       -77.0141038,
       38.9208177
      ],
      [
       -77.0143747,
       38.9207634
      ],
      [
       -77.0145947,
       38.9207238
      ],
      [
       -77.0148119,
       38.9206841
      ],
      [
       -77.0149273,
       38.9206633
      ],
      [
       -77.0148441,
       38.9198745
      ],
      [
       -77.0148093,
       38.9196658
      ],
      [
       -77.0178884,
       38.9193694
      ],
      [
       -77.0176497,
       38.9178627
      ],
      [
       -77.0188621,
       38.9177333
      ],
      [
       -77.0187467,
       38.9169841
      ],
      [
       -77.0208549,
       38.9167734
      ],
      [
       -77.020871,
       38.9167504
      ],
      [
       -77.0208845,
       38.9166941
      ],
      [
       -77.0209247,
       38.9166335
      ],
      [
       -77.020922,
       38.9164624
      ],
      [
       -77.020922,
       38.9164624
      ],
      [
       -77.0219386,
       38.9164603
      ]
     ]
    ]
   }
  },
  {
   "type": "Feature",
   "properties": {
    "name": "Ivy City"
   },
   "geometry": {
    "type": "Polygon",
    "coordinates": [
     [
      [
       -76.9923109,
       38.913117
      ],
      [
       -76.9811583,
       38.9169737
      ],
      [
       -76.9801605,
       38.9171365
      ],
      [
       -76.9785082,
       38.9171574
      ],
      [
       -76.9784975,
       38.9170739
      ],
      [
       -76.9784331,
       38.9170113
      ],
      [
       -76.9783688,
       38.9169528
      ],
      [
       -76.9783205,
       38.9168986
      ],
      [
       -76.97846,
       38.9168527
      ],
      [
       -76.9788408,
       38.9166481
      ],
      [
       -76.9874883,
       38.9090013
      ],
      [
       -76.9877726,
       38.9092267
      ],
      [
       -76.987837,
       38.9106209
      ],
      [
       -76.987837,
       38.9107377
      ],
      [
       -76.9878262,
       38.910792
      ],
      [
       -76.987904,
       38.9108087
      ],
      [
       -76.9879818,
       38.9108358
      ],
      [
       -76.9880086,
       38.9109986
      ],
      [
       -76.9878799,
       38.9111301
      ],
      [
       -76.9881642,
       38.9112386
      ],
      [
       -76.9884217,
       38.9113806
      ],
      [
       -76.9888991,
       38.9117395
      ],
      [
       -76.9892424,
       38.9120317
      ],
      [
       -76.9895107,
       38.912182
      ],
      [
       -76.989763,
       38.912291
      ],
      [
       -76.9901919,
       38.9123698
      ],
      [
       -76.9906157,
       38.9123782
      ],
      [
       -76.990943,
       38.912349
      ],
      [
       -76.9911575,
       38.912303
      ],
      [
       -76.9913721,
       38.912278
      ],
      [
       -76.9915867,
       38.9122905
      ],
      [
       -76.9918764,
       38.9123782
      ],
      [
       -76.99193,
       38.9124533
      ],
      [
       -76.9920802,
       38.9127413
      ],
      [
       -76.9920802,
       38.9127413
      ],
      [
       -76.9923109,
       38.913117
      ]
     ]
    ]
   }
  },
  {
   "type": "Feature",
   "properties": {
    "name": "Judiciary Square"
   },
   "geometry": {
    "type": "Polygon",
    "coordinates": [
     [
      [
       -77.0199323,
       38.89287
      ],
      [
       -77.0198894,
       38.8997504
      ],
      [
       -77.0151901,
       38.8997838
      ],
      [
       -77.0136452,
       38.899216
      ],
      [
       -77.0136452,
       38.8921351
      ],
      [
       -77.0141816,
       38.8921351
      ],
      [
       -77.0141602,
       38.8911998
      ],
      [
       -77.0141602,
       38.8911998
      ],
      [
       -77.0199323,
       38.89287
      ]
     ]
    ]
   }
  },
  {
   "type": "Feature",
   "properties": {
    "name": "Kalorama Heights"
   },
   "geometry": {
    "type": "Polygon",
    "coordinates": [
     [
      [
       -77.0494762,
       38.9117389
      ],
      [
       -77.0501038,
       38.9119586
      ],
      [
       -77.0501809,
       38.9119669
      ],
      [
       -77.0503077,
       38.9119633
      ],
      [
       -77.0503767,
       38.9119414
      ],
      [
       -77.0504452,
       38.9119064
      ],
      [
       -77.050531,
       38.9118688
      ],
      [
       -77.0505987,
       38.9118188
      ],
      [
       -77.0506443,
       38.9117499
      ],
      [
       -77.0506598,
       38.9116643
      ],
      [
       -77.0506597,
       38.9110925
      ],
      [
       -77.0508669,
       38.9111749
      ],
      [
       -77.0511586,
       38.9113669
      ],
      [
       -77.0512129,
       38.9116596
      ],
      [
       -77.0513089,
       38.9116622
      ],
      [
       -77.0515294,
       38.9117587
      ],
      [
       -77.051687,
       38.9119085
      ],
      [
       -77.0517809,
       38.9121068
      ],
      [
       -77.0517112,
       38.9122904
      ],
      [
       -77.0526177,
       38.9129019
      ],
      [
       -77.0544578,
       38.9142355
      ],
      [
       -77.0545651,
       38.9141854
      ],
      [
       -77.0555735,
       38.9148616
      ],
      [
       -77.0557881,
       38.9147009
      ],
      [
       -77.0569628,
       38.915471
      ],
      [
       -77.0572607,
       38.915542
      ],
      [
       -77.0575047,
       38.9157131
      ],
      [
       -77.057655,
       38.9158467
      ],
      [
       -77.057773,
       38.916022
      ],
      [
       -77.0578051,
       38.9161305
      ],
      [
       -77.0577944,
       38.9163225
      ],
      [
       -77.0577408,
       38.9164727
      ],
      [
       -77.057655,
       38.9166731
      ],
      [
       -77.0574618,
       38.9168901
      ],
      [
       -77.0573304,
       38.9170237
      ],
      [
       -77.057435,
       38.9170926
      ],
      [
       -77.0568718,
       38.9175579
      ],
      [
       -77.0563969,
       38.9179398
      ],
      [
       -77.0561529,
       38.9179753
      ],
      [
       -77.0557238,
       38.917992
      ],
      [
       -77.0554126,
       38.91804
      ],
      [
       -77.0550693,
       38.9180504
      ],
      [
       -77.0544604,
       38.9185367
      ],
      [
       -77.0542351,
       38.9186932
      ],
      [
       -77.0540662,
       38.9187767
      ],
      [
       -77.0535351,
       38.9189019
      ],
      [
       -77.0532131,
       38.9189436
      ],
      [
       -77.0523978,
       38.918952
      ],
      [
       -77.0521055,
       38.9188935
      ],
      [
       -77.051392,
       38.9188768
      ],
      [
       -77.050767,
       38.9189353
      ],
      [
       -77.0500482,
       38.9190772
      ],
      [
       -77.0492757,
       38.9193526
      ],
      [
       -77.0491262,
       38.9194424
      ],
      [
       -77.0489746,
       38.9191753
      ],
      [
       -77.0488485,
       38.9189708
      ],
      [
       -77.04875,
       38.9188774
      ],
      [
       -77.0485978,
       38.9188111
      ],
      [
       -77.0477314,
       38.9185398
      ],
      [
       -77.0476617,
       38.9185033
      ],
      [
       -77.0476161,
       38.9184652
      ],
      [
       -77.0475758,
       38.9184183
      ],
      [
       -77.0475349,
       38.9183447
      ],
      [
       -77.0469381,
       38.9171708
      ],
      [
       -77.0468858,
       38.9170967
      ],
      [
       -77.0467383,
       38.9167738
      ],
      [
       -77.046395,
       38.9160413
      ],
      [
       -77.0463588,
       38.9159578
      ],
      [
       -77.0463474,
       38.915902
      ],
      [
       -77.0462622,
       38.9149947
      ],
      [
       -77.0462448,
       38.9147703
      ],
      [
       -77.0462233,
       38.9146148
      ],
      [
       -77.0461811,
       38.9144734
      ],
      [
       -77.046163,
       38.914403
      ],
      [
       -77.0466552,
       38.9139606
      ],
      [
       -77.0467303,
       38.9138886
      ],
      [
       -77.0468087,
       38.9138192
      ],
      [
       -77.0468651,
       38.9137607
      ],
      [
       -77.0469542,
       38.913623
      ],
      [
       -77.0474035,
       38.9128028
      ],
      [
       -77.0474297,
       38.9127506
      ],
      [
       -77.0474531,
       38.9127151
      ],
      [
       -77.0475591,
       38.9126082
      ],
      [
       -77.0482497,
       38.9119288
      ],
      [
       -77.048642,
       38.9116231
      ],
      [
       -77.0487701,
       38.9115041
      ],
      [
       -77.0487701,
       38.9115041
      ],
      [
       -77.0494762,
       38.9117389
      ]
     ]
    ]
   }
  },
  {
   "type": "Feature",
   "properties": {
    "name": "Kalorama Triangle"
   },
   "geometry": {
    "type": "Polygon",
    "coordinates": [
     [
      [
       -77.0482832,
       38.9203461
      ],
      [
       -77.0485783,
       38.9212058
      ],
      [
       -77.0485193,
       38.9215022
      ],
      [
       -77.04831,
       38.9217108
      ],
      [
       -77.0479614,
       38.9221658
      ],
      [
       -77.04772,
       38.922341
      ],
      [
       -77.0476019,
       38.9224287
      ],
      [
       -77.0475215,
       38.9226123
      ],
      [
       -77.0475054,
       38.9229128
      ],
      [
       -77.0475107,
       38.9232717
      ],
      [
       -77.0471191,
       38.9232425
      ],
      [
       -77.0434633,
       38.9232425
      ],
      [
       -77.0431602,
       38.9232091
      ],
      [
       -77.0430315,
       38.9231528
      ],
      [
       -77.0429295,
       38.9230881
      ],
      [
       -77.0428115,
       38.9229879
      ],
      [
       -77.0427364,
       38.9228648
      ],
      [
       -77.042664,
       38.9226833
      ],
      [
       -77.0430046,
       38.9224621
      ],
      [
       -77.0431441,
       38.9223515
      ],
      [
       -77.0432246,
       38.9222304
      ],
      [
       -77.0443726,
       38.9196699
      ],
      [
       -77.0460677,
       38.9170071
      ],
      [
       -77.0462662,
       38.9166398
      ],
      [
       -77.0462877,
       38.9164812
      ],
      [
       -77.0462555,
       38.9160095
      ],
      [
       -77.0465237,
       38.916452
      ],
      [
       -77.0467329,
       38.9167608
      ],
      [
       -77.047559,
       38.9183636
      ],
      [
       -77.0476234,
       38.9184512
      ],
      [
       -77.04772,
       38.918518
      ],
      [
       -77.0479935,
       38.9186098
      ],
      [
       -77.0485461,
       38.9187976
      ],
      [
       -77.0487553,
       38.9188769
      ],
      [
       -77.0488518,
       38.9189562
      ],
      [
       -77.0489913,
       38.9191816
      ],
      [
       -77.0491093,
       38.9194237
      ],
      [
       -77.0491093,
       38.9194237
      ],
      [
       -77.0482832,
       38.9203461
      ]
     ]
    ]
   }
  },
  {
   "type": "Feature",
   "properties": {
    "name": "Kenilworth"
   },
   "geometry": {
    "type": "Polygon",
    "coordinates": [
     [
      [
       -76.9428617,
       38.907223
      ],
      [
       -76.9424272,
       38.9081455
      ],
      [
       -76.9420248,
       38.9089178
      ],
      [
       -76.941977,
       38.909335
      ],
      [
       -76.941939,
       38.9100573
      ],
      [
       -76.9418907,
       38.9102243
      ],
      [
       -76.9417083,
       38.9106793
      ],
      [
       -76.941376,
       38.911289
      ],
      [
       -76.9410002,
       38.9117479
      ],
      [
       -76.9405925,
       38.9120735
      ],
      [
       -76.9399649,
       38.9124074
      ],
      [
       -76.938844,
       38.912875
      ],
      [
       -76.937771,
       38.913226
      ],
      [
       -76.93747,
       38.913292
      ],
      [
       -76.937277,
       38.913443
      ],
      [
       -76.9364083,
       38.914052
      ],
      [
       -76.9341123,
       38.9122571
      ],
      [
       -76.938892,
       38.9072021
      ],
      [
       -76.938892,
       38.9072021
      ],
      [
       -76.9428617,
       38.907223
      ]
     ]
    ]
   }
  },
  {
   "type": "Feature",
   "properties": {
    "name": "Kenilworth Park & Aquatic Gardens"
   },
   "geometry": {
    "type": "Polygon",
    "coordinates": [
     [
      [
       -76.9524908,
       38.9144443
      ],
      [
       -76.9517827,
       38.9145278
      ],
      [
       -76.9510317,
       38.9145278
      ],
      [
       -76.9501305,
       38.9145779
      ],
      [
       -76.9491434,
       38.9146447
      ],
      [
       -76.9479203,
       38.9146447
      ],
      [
       -76.9470406,
       38.9146447
      ],
      [
       -76.9463539,
       38.9147448
      ],
      [
       -76.9456673,
       38.9149452
      ],
      [
       -76.9452167,
       38.915229
      ],
      [
       -76.9440365,
       38.9161974
      ],
      [
       -76.9436073,
       38.9164478
      ],
      [
       -76.9430065,
       38.9165814
      ],
      [
       -76.9423199,
       38.916548
      ],
      [
       -76.9395089,
       38.9164144
      ],
      [
       -76.9364834,
       38.9140102
      ],
      [
       -76.9374704,
       38.9134092
      ],
      [
       -76.9381356,
       38.9132088
      ],
      [
       -76.9394875,
       38.9127413
      ],
      [
       -76.9406462,
       38.9122237
      ],
      [
       -76.9410968,
       38.9118063
      ],
      [
       -76.9414401,
       38.9114223
      ],
      [
       -76.9417191,
       38.9109214
      ],
      [
       -76.9420624,
       38.9102368
      ],
      [
       -76.9421053,
       38.9094521
      ],
      [
       -76.9425988,
       38.9094354
      ],
      [
       -76.9430065,
       38.9095523
      ],
      [
       -76.9437146,
       38.9098695
      ],
      [
       -76.9441867,
       38.9100031
      ],
      [
       -76.944809,
       38.9098862
      ],
      [
       -76.9453239,
       38.9094855
      ],
      [
       -76.9458175,
       38.9091181
      ],
      [
       -76.9466329,
       38.9089178
      ],
      [
       -76.947341,
       38.9091515
      ],
      [
       -76.9479847,
       38.9095022
      ],
      [
       -76.9486284,
       38.9100866
      ],
      [
       -76.9494867,
       38.9108379
      ],
      [
       -76.9499373,
       38.9111552
      ],
      [
       -76.950624,
       38.9114557
      ],
      [
       -76.9511604,
       38.911606
      ],
      [
       -76.9518256,
       38.9117061
      ],
      [
       -76.9523406,
       38.9118063
      ],
      [
       -76.9526625,
       38.911823
      ],
      [
       -76.9529414,
       38.9143275
      ],
      [
       -76.9529414,
       38.9143275
      ],
      [
       -76.9524908,
       38.9144443
      ]
     ]
    ]
   }
  },
  {
   "type": "Feature",
   "properties": {
    "name": "Kent"
   },
   "geometry": {
    "type": "Polygon",
    "coordinates": [
     [
      [
       -77.1088743,
       38.9325152
      ],
      [
       -77.1096523,
       38.9332121
      ],
      [
       -77.1104032,
       38.9341844
      ],
      [
       -77.1114975,
       38.9357158
      ],
      [
       -77.105999,
       38.9357119
      ],
      [
       -77.103596,
       38.9357119
      ],
      [
       -77.1033973,
       38.9357408
      ],
      [
       -77.1030969,
       38.9357408
      ],
      [
       -77.1028554,
       38.9357241
      ],
      [
       -77.1025231,
       38.9356449
      ],
      [
       -77.102094,
       38.9355449
      ],
      [
       -77.1012569,
       38.935311
      ],
      [
       -77.1002699,
       38.93461
      ],
      [
       -77.0999641,
       38.9342595
      ],
      [
       -77.0997761,
       38.9339089
      ],
      [
       -77.0995349,
       38.9336169
      ],
      [
       -77.0991756,
       38.9333289
      ],
      [
       -77.0989395,
       38.9331954
      ],
      [
       -77.0980757,
       38.9328616
      ],
      [
       -77.0970888,
       38.9325528
      ],
      [
       -77.0955599,
       38.9323232
      ],
      [
       -77.0942081,
       38.9324067
      ],
      [
       -77.0927275,
       38.9326738
      ],
      [
       -77.0925558,
       38.9320729
      ],
      [
       -77.0931995,
       38.9317724
      ],
      [
       -77.0947016,
       38.9311381
      ],
      [
       -77.0951307,
       38.9307041
      ],
      [
       -77.095517,
       38.9309378
      ],
      [
       -77.096268,
       38.9305038
      ],
      [
       -77.0963753,
       38.9296525
      ],
      [
       -77.0957101,
       38.929085
      ],
      [
       -77.0953882,
       38.927399
      ],
      [
       -77.0955813,
       38.9266979
      ],
      [
       -77.0960963,
       38.9263307
      ],
      [
       -77.0964396,
       38.9259467
      ],
      [
       -77.0973194,
       38.9242774
      ],
      [
       -77.098285,
       38.9230587
      ],
      [
       -77.0987785,
       38.9222908
      ],
      [
       -77.0990146,
       38.9222074
      ],
      [
       -77.0995296,
       38.9222741
      ],
      [
       -77.1003879,
       38.9239101
      ],
      [
       -77.1013749,
       38.9250787
      ],
      [
       -77.1039338,
       38.9273573
      ],
      [
       -77.1065141,
       38.9296651
      ],
      [
       -77.106793,
       38.930024
      ],
      [
       -77.1069163,
       38.9305873
      ],
      [
       -77.1070719,
       38.9308919
      ],
      [
       -77.1073187,
       38.9311757
      ],
      [
       -77.1078498,
       38.9316139
      ],
      [
       -77.1078498,
       38.9316139
      ],
      [
       -77.1078498,
       38.9316139
      ],
      [
       -77.1088743,
       38.9325152
      ]
     ]
    ]
   }
  },
  {
   "type": "Feature",
   "properties": {
    "name": "Kent"
   },
   "geometry": {
    "type": "Polygon",
    "coordinates": [
     [
      [
       -77.1088743,
       38.9325152
      ],
      [
       -77.1096523,
       38.9332121
      ],
      [
       -77.1104032,
       38.9341844
      ],
      [
       -77.1114975,
       38.9357158
      ],
      [
       -77.105999,
       38.9357119
      ],
      [
       -77.103596,
       38.9357119
      ],
      [
       -77.1033973,
       38.9357408
      ],
      [
       -77.1030969,
       38.9357408
      ],
      [
       -77.1028554,
       38.9357241
      ],
      [
       -77.1025231,
       38.9356449
      ],
      [
       -77.102094,
       38.9355449
      ],
      [
       -77.1012569,
       38.935311
      ],
      [
       -77.1002699,
       38.93461
      ],
      [
       -77.0999641,
       38.9342595
      ],
      [
       -77.0997761,
       38.9339089
      ],
      [
       -77.0995349,
       38.9336169
      ],
      [
       -77.0991756,
       38.9333289
      ],
      [
       -77.0989395,
       38.9331954
      ],
      [
       -77.0980757,
       38.9328616
      ],
      [
       -77.0970888,
       38.9325528
      ],
      [
       -77.0955599,
       38.9323232
      ],
      [
       -77.0942081,
       38.9324067
      ],
      [
       -77.0927275,
       38.9326738
      ],
      [
       -77.0925558,
       38.9320729
      ],
      [
       -77.0931995,
       38.9317724
      ],
      [
       -77.0947016,
       38.9311381
      ],
      [
       -77.0951307,
       38.9307041
      ],
      [
       -77.095517,
       38.9309378
      ],
      [
       -77.096268,
       38.9305038
      ],
      [
       -77.0963753,
       38.9296525
      ],
      [
       -77.0957101,
       38.929085
      ],
      [
       -77.0953882,
       38.927399
      ],
      [
       -77.0955813,
       38.9266979
      ],
      [
       -77.0960963,
       38.9263307
      ],
      [
       -77.0964396,
       38.9259467
      ],
      [
       -77.0973194,
       38.9242774
      ],
      [
       -77.098285,
       38.9230587
      ],
      [
       -77.0987785,
       38.9222908
      ],
      [
       -77.0990146,
       38.9222074
      ],
      [
       -77.0995296,
       38.9222741
      ],
      [
       -77.1003879,
       38.9239101
      ],
      [
       -77.1013749,
       38.9250787
      ],
      [
       -77.1039338,
       38.9273573
      ],
      [
       -77.1065141,
       38.9296651
      ],
      [
       -77.106793,
       38.930024
      ],
      [
       -77.1069163,
       38.9305873
      ],
      [
       -77.1070719,
       38.9308919
      ],
      [
       -77.1073187,
       38.9311757
      ],
      [
       -77.1078498,
       38.9316139
      ],
      [
       -77.1078498,
       38.9316139
      ],
      [
       -77.1078498,
       38.9316139
      ],
      [
       -77.1088743,
       38.9325152
      ]
     ]
    ]
   }
  },
  {
   "type": "Feature",
   "properties": {
    "name": "Kingman Island"
   },
   "geometry": {
    "type": "Polygon",
    "coordinates": [
     [
      [
       -76.9684231,
       38.8855838
      ],
      [
       -76.9682354,
       38.8858427
      ],
      [
       -76.9679618,
       38.8861934
      ],
      [
       -76.9676989,
       38.8865776
      ],
      [
       -76.9672805,
       38.8873167
      ],
      [
       -76.9669962,
       38.8877802
      ],
      [
       -76.9666368,
       38.888252
      ],
      [
       -76.966331,
       38.888632
      ],
      [
       -76.9658643,
       38.8891956
      ],
      [
       -76.9657248,
       38.8892833
      ],
      [
       -76.9655961,
       38.8893418
      ],
      [
       -76.9654942,
       38.8894545
      ],
      [
       -76.9653922,
       38.8895965
      ],
      [
       -76.965183,
       38.8899347
      ],
      [
       -76.9650328,
       38.8900892
      ],
      [
       -76.9649148,
       38.8902646
      ],
      [
       -76.9648075,
       38.8905151
      ],
      [
       -76.9647431,
       38.890728
      ],
      [
       -76.9646895,
       38.8910245
      ],
      [
       -76.9646305,
       38.8911706
      ],
      [
       -76.9645983,
       38.8912917
      ],
      [
       -76.9645876,
       38.8914629
      ],
      [
       -76.9645876,
       38.8916048
      ],
      [
       -76.9645822,
       38.8917468
      ],
      [
       -76.96455,
       38.8919305
      ],
      [
       -76.9645286,
       38.8924274
      ],
      [
       -76.9645232,
       38.892824
      ],
      [
       -76.96455,
       38.8930453
      ],
      [
       -76.9646037,
       38.8932457
      ],
      [
       -76.964711,
       38.8933877
      ],
      [
       -76.9648343,
       38.8935839
      ],
      [
       -76.9649148,
       38.8937342
      ],
      [
       -76.9649309,
       38.8938845
      ],
      [
       -76.9649309,
       38.8940557
      ],
      [
       -76.9649041,
       38.8942394
      ],
      [
       -76.9648558,
       38.8944899
      ],
      [
       -76.9648451,
       38.8946903
      ],
      [
       -76.9648826,
       38.8949074
      ],
      [
       -76.9649148,
       38.8950995
      ],
      [
       -76.9650114,
       38.895325
      ],
      [
       -76.9650382,
       38.8955337
      ],
      [
       -76.9650865,
       38.8957967
      ],
      [
       -76.9651133,
       38.8959387
      ],
      [
       -76.9651669,
       38.8961516
      ],
      [
       -76.9652098,
       38.8963645
      ],
      [
       -76.9652098,
       38.8965858
      ],
      [
       -76.9652152,
       38.8967987
      ],
      [
       -76.9651991,
       38.8969824
      ],
      [
       -76.9652689,
       38.8970659
      ],
      [
       -76.9654191,
       38.8970993
      ],
      [
       -76.9656122,
       38.8971369
      ],
      [
       -76.9656497,
       38.8972121
      ],
      [
       -76.9656122,
       38.897592
      ],
      [
       -76.9655317,
       38.8976588
      ],
      [
       -76.9654834,
       38.8977757
      ],
      [
       -76.9654566,
       38.8979093
      ],
      [
       -76.965462,
       38.8981097
      ],
      [
       -76.9654191,
       38.8983226
      ],
      [
       -76.965403,
       38.8985021
      ],
      [
       -76.9654459,
       38.89869
      ],
      [
       -76.9654298,
       38.898928
      ],
      [
       -76.9654512,
       38.8990824
      ],
      [
       -76.9655156,
       38.899216
      ],
      [
       -76.9655854,
       38.8993288
      ],
      [
       -76.9655907,
       38.8995375
      ],
      [
       -76.9656175,
       38.8997421
      ],
      [
       -76.965666,
       38.899917
      ],
      [
       -76.9656283,
       38.9000635
      ],
      [
       -76.9655639,
       38.9001554
      ],
      [
       -76.9653279,
       38.9003641
      ],
      [
       -76.9651294,
       38.9005854
      ],
      [
       -76.9650167,
       38.9007732
      ],
      [
       -76.9648933,
       38.9009611
      ],
      [
       -76.9647592,
       38.9010864
      ],
      [
       -76.9645768,
       38.9011949
      ],
      [
       -76.9644535,
       38.90127
      ],
      [
       -76.9642496,
       38.9013452
      ],
      [
       -76.9640189,
       38.9014203
      ],
      [
       -76.9636649,
       38.9015038
      ],
      [
       -76.9634074,
       38.9015539
      ],
      [
       -76.963166,
       38.9016291
      ],
      [
       -76.9629085,
       38.9018002
      ],
      [
       -76.9627422,
       38.9019964
      ],
      [
       -76.9626349,
       38.9021593
      ],
      [
       -76.9625545,
       38.9023388
      ],
      [
       -76.9624633,
       38.9025559
      ],
      [
       -76.9623667,
       38.9027813
      ],
      [
       -76.9622755,
       38.902965
      ],
      [
       -76.9621897,
       38.9031487
      ],
      [
       -76.9621682,
       38.9033741
      ],
      [
       -76.9621038,
       38.9036287
      ],
      [
       -76.962018,
       38.9038416
      ],
      [
       -76.9618839,
       38.9040504
      ],
      [
       -76.9617712,
       38.904209
      ],
      [
       -76.9616264,
       38.904376
      ],
      [
       -76.9614762,
       38.9044929
      ],
      [
       -76.9612724,
       38.9046223
      ],
      [
       -76.9609988,
       38.90476
      ],
      [
       -76.9606823,
       38.9048978
      ],
      [
       -76.9604838,
       38.904998
      ],
      [
       -76.9603336,
       38.9050982
      ],
      [
       -76.9602478,
       38.9052151
      ],
      [
       -76.960216,
       38.905361
      ],
      [
       -76.9600546,
       38.9056951
      ],
      [
       -76.9599313,
       38.9059039
      ],
      [
       -76.9598347,
       38.9060792
      ],
      [
       -76.9597274,
       38.9062545
      ],
      [
       -76.9596791,
       38.9064966
      ],
      [
       -76.9595826,
       38.9066678
      ],
      [
       -76.959427,
       38.9068306
      ],
      [
       -76.9592285,
       38.9069141
      ],
      [
       -76.9590461,
       38.9069934
      ],
      [
       -76.9589174,
       38.9070936
      ],
      [
       -76.9587833,
       38.9071771
      ],
      [
       -76.9586813,
       38.9072146
      ],
      [
       -76.9585365,
       38.9072021
      ],
      [
       -76.9584292,
       38.9071395
      ],
      [
       -76.9582897,
       38.9070518
      ],
      [
       -76.9582039,
       38.9069516
      ],
      [
       -76.9581395,
       38.9068306
      ],
      [
       -76.958161,
       38.9066887
      ],
      [
       -76.9587243,
       38.9055824
      ],
      [
       -76.9588906,
       38.9052526
      ],
      [
       -76.9591427,
       38.9047517
      ],
      [
       -76.9594109,
       38.9042925
      ],
      [
       -76.9596738,
       38.9039168
      ],
      [
       -76.9598347,
       38.9036371
      ],
      [
       -76.9600654,
       38.9032655
      ],
      [
       -76.960296,
       38.9029733
      ],
      [
       -76.9605106,
       38.9026811
      ],
      [
       -76.96087,
       38.9022469
      ],
      [
       -76.9612992,
       38.9017209
      ],
      [
       -76.962447,
       38.900385
      ],
      [
       -76.962876,
       38.899517
      ],
      [
       -76.962662,
       38.897847
      ],
      [
       -76.962619,
       38.896511
      ],
      [
       -76.9640994,
       38.8906195
      ],
      [
       -76.9642067,
       38.8903105
      ],
      [
       -76.9644481,
       38.8896925
      ],
      [
       -76.9647539,
       38.8888741
      ],
      [
       -76.9649523,
       38.8885735
      ],
      [
       -76.9653118,
       38.8880975
      ],
      [
       -76.9654244,
       38.8878344
      ],
      [
       -76.965462,
       38.887254
      ],
      [
       -76.9656175,
       38.8867488
      ],
      [
       -76.9657892,
       38.8865024
      ],
      [
       -76.9659287,
       38.8863145
      ],
      [
       -76.9662398,
       38.8859972
      ],
      [
       -76.9663793,
       38.8858719
      ],
      [
       -76.9668138,
       38.8856047
      ],
      [
       -76.9670123,
       38.8854961
      ],
      [
       -76.967361,
       38.8853207
      ],
      [
       -76.9676185,
       38.885208
      ],
      [
       -76.9679403,
       38.8850785
      ],
      [
       -76.9682032,
       38.8849825
      ],
      [
       -76.9683158,
       38.8849783
      ],
      [
       -76.9685251,
       38.884924
      ],
      [
       -76.9693244,
       38.8844229
      ],
      [
       -76.9694155,
       38.8843979
      ],
      [
       -76.9695121,
       38.8843937
      ],
      [
       -76.969614,
       38.8844313
      ],
      [
       -76.9696677,
       38.8844981
      ],
      [
       -76.9695765,
       38.8846234
      ],
      [
       -76.9694746,
       38.8847236
      ],
      [
       -76.9690186,
       38.8850744
      ],
      [
       -76.9686431,
       38.8854126
      ],
      [
       -76.9685251,
       38.885517
      ],
      [
       -76.9685251,
       38.885517
      ],
      [
       -76.9684231,
       38.8855838
      ]
     ]
    ]
   }
  },
  {
   "type": "Feature",
   "properties": {
    "name": "Kingman Park"
   },
   "geometry": {
    "type": "Polygon",
    "coordinates": [
     [
      [
       -76.983642,
       38.8897926
      ],
      [
       -76.9836473,
       38.896093
      ],
      [
       -76.9836098,
       38.8998672
      ],
      [
       -76.9835562,
       38.8999924
      ],
      [
       -76.9834676,
       38.9000822
      ],
      [
       -76.9833443,
       38.9001552
      ],
      [
       -76.9820783,
       38.8999444
      ],
      [
       -76.9766468,
       38.8989738
      ],
      [
       -76.9756222,
       38.8988151
      ],
      [
       -76.9693941,
       38.897738
      ],
      [
       -76.9661111,
       38.8972787
      ],
      [
       -76.9672376,
       38.894899
      ],
      [
       -76.9685465,
       38.8933959
      ],
      [
       -76.9688255,
       38.8926277
      ],
      [
       -76.9685036,
       38.8916924
      ],
      [
       -76.9677311,
       38.8907488
      ],
      [
       -76.9673878,
       38.8897216
      ],
      [
       -76.9685787,
       38.8897049
      ],
      [
       -76.9692653,
       38.889563
      ],
      [
       -76.9699198,
       38.889254
      ],
      [
       -76.9705635,
       38.8887362
      ],
      [
       -76.9715077,
       38.8880013
      ],
      [
       -76.9724518,
       38.8877926
      ],
      [
       -76.9728059,
       38.887826
      ],
      [
       -76.9734067,
       38.8880932
      ],
      [
       -76.9737607,
       38.8885775
      ],
      [
       -76.9738358,
       38.8891371
      ],
      [
       -76.9740397,
       38.8893709
      ],
      [
       -76.974265,
       38.8894711
      ],
      [
       -76.9763356,
       38.8894878
      ],
      [
       -76.976518,
       38.8895463
      ],
      [
       -76.9768506,
       38.88973
      ],
      [
       -76.9772637,
       38.8898051
      ],
      [
       -76.9772637,
       38.8898051
      ],
      [
       -76.983642,
       38.8897926
      ]
     ]
    ]
   }
  },
  {
   "type": "Feature",
   "properties": {
    "name": "Lady Bird Johnson Park"
   },
   "geometry": {
    "type": "Polygon",
    "coordinates": [
     [
      [
       -77.0550934,
       38.882835
      ],
      [
       -77.0545006,
       38.8823235
      ],
      [
       -77.0537496,
       38.8817932
      ],
      [
       -77.0531005,
       38.8813088
      ],
      [
       -77.052041,
       38.880532
      ],
      [
       -77.0512766,
       38.8800434
      ],
      [
       -77.0508287,
       38.8797365
      ],
      [
       -77.0504371,
       38.879417
      ],
      [
       -77.046796,
       38.8765381
      ],
      [
       -77.0466659,
       38.8764243
      ],
      [
       -77.046623,
       38.8763293
      ],
      [
       -77.0465961,
       38.8762333
      ],
      [
       -77.0465934,
       38.8761101
      ],
      [
       -77.0466444,
       38.87599
      ],
      [
       -77.0467544,
       38.8758495
      ],
      [
       -77.0468965,
       38.8757081
      ],
      [
       -77.0470427,
       38.8755797
      ],
      [
       -77.0473109,
       38.8754001
      ],
      [
       -77.0473632,
       38.8753751
      ],
      [
       -77.0474303,
       38.8753719
      ],
      [
       -77.0474906,
       38.8753667
      ],
      [
       -77.0475336,
       38.875351
      ],
      [
       -77.0475631,
       38.8753239
      ],
      [
       -77.0477401,
       38.8751976
      ],
      [
       -77.0479359,
       38.8750618
      ],
      [
       -77.0480995,
       38.8749491
      ],
      [
       -77.0482215,
       38.8748833
      ],
      [
       -77.0484066,
       38.8748081
      ],
      [
       -77.0485515,
       38.8747622
      ],
      [
       -77.0486426,
       38.8747303
      ],
      [
       -77.0487473,
       38.8747079
      ],
      [
       -77.0488358,
       38.8747069
      ],
      [
       -77.0489229,
       38.8747256
      ],
      [
       -77.0490182,
       38.8747382
      ],
      [
       -77.0491134,
       38.8747591
      ],
      [
       -77.0492314,
       38.8748019
      ],
      [
       -77.0493481,
       38.8748541
      ],
      [
       -77.0494674,
       38.8749376
      ],
      [
       -77.0495908,
       38.8750336
      ],
      [
       -77.0496793,
       38.8751381
      ],
      [
       -77.049792,
       38.8752905
      ],
      [
       -77.0498845,
       38.8754335
      ],
      [
       -77.0499449,
       38.8755212
      ],
      [
       -77.0500133,
       38.8755839
      ],
      [
       -77.0501192,
       38.8756664
      ],
      [
       -77.0501983,
       38.8757655
      ],
      [
       -77.0502654,
       38.8758898
      ],
      [
       -77.050307,
       38.8760046
      ],
      [
       -77.0503472,
       38.8761122
      ],
      [
       -77.0503995,
       38.8762187
      ],
      [
       -77.0504894,
       38.8763638
      ],
      [
       -77.0505819,
       38.8765329
      ],
      [
       -77.0506597,
       38.8767548
      ],
      [
       -77.0507401,
       38.8769176
      ],
      [
       -77.0508447,
       38.8770868
      ],
      [
       -77.0509762,
       38.8772789
      ],
      [
       -77.0511452,
       38.8774773
      ],
      [
       -77.0513383,
       38.8776714
      ],
      [
       -77.0515207,
       38.8778385
      ],
      [
       -77.0516736,
       38.8780055
      ],
      [
       -77.0519042,
       38.8781809
      ],
      [
       -77.0521161,
       38.8783083
      ],
      [
       -77.0527062,
       38.8791519
      ],
      [
       -77.0529986,
       38.8793878
      ],
      [
       -77.0536342,
       38.8798388
      ],
      [
       -77.0542632,
       38.8802528
      ],
      [
       -77.054734,
       38.8804793
      ],
      [
       -77.0552087,
       38.8806771
      ],
      [
       -77.0556164,
       38.8806604
      ],
      [
       -77.0564103,
       38.8805602
      ],
      [
       -77.0578265,
       38.8804934
      ],
      [
       -77.0582342,
       38.8805101
      ],
      [
       -77.058599,
       38.8807105
      ],
      [
       -77.0588565,
       38.8809611
      ],
      [
       -77.0590711,
       38.8812784
      ],
      [
       -77.0614529,
       38.8851369
      ],
      [
       -77.062397,
       38.8865232
      ],
      [
       -77.0639406,
       38.8885573
      ],
      [
       -77.0639836,
       38.8886596
      ],
      [
       -77.0640157,
       38.888765
      ],
      [
       -77.0639581,
       38.8891032
      ],
      [
       -77.063997,
       38.889193
      ],
      [
       -77.0640452,
       38.8892744
      ],
      [
       -77.0641042,
       38.8893945
      ],
      [
       -77.0641002,
       38.889514
      ],
      [
       -77.0640734,
       38.8896747
      ],
      [
       -77.0640037,
       38.889729
      ],
      [
       -77.0639232,
       38.8897937
      ],
      [
       -77.0638454,
       38.8899169
      ],
      [
       -77.063781,
       38.889967
      ],
      [
       -77.0637167,
       38.8899983
      ],
      [
       -77.063655,
       38.8899941
      ],
      [
       -77.0635289,
       38.8899733
      ],
      [
       -77.0633438,
       38.8899587
      ],
      [
       -77.0631883,
       38.8899357
      ],
      [
       -77.0629683,
       38.889896
      ],
      [
       -77.0626679,
       38.8898438
      ],
      [
       -77.0624373,
       38.8897812
      ],
      [
       -77.0617077,
       38.8896163
      ],
      [
       -77.06141,
       38.8895296
      ],
      [
       -77.061123,
       38.8894054
      ],
      [
       -77.0608521,
       38.8892363
      ],
      [
       -77.0605543,
       38.8889712
      ],
      [
       -77.0601654,
       38.888587
      ],
      [
       -77.0597524,
       38.8881444
      ],
      [
       -77.0595136,
       38.8878521
      ],
      [
       -77.0591569,
       38.8873824
      ],
      [
       -77.0588592,
       38.8869043
      ],
      [
       -77.0584756,
       38.886255
      ],
      [
       -77.0580545,
       38.8855096
      ],
      [
       -77.0577085,
       38.88509
      ],
      [
       -77.0571077,
       38.8845283
      ],
      [
       -77.0557505,
       38.8833716
      ],
      [
       -77.0557505,
       38.8833716
      ],
      [
       -77.0550934,
       38.882835
      ]
     ]
    ]
   }
  },
  {
   "type": "Feature",
   "properties": {
    "name": "Lamond-Riggs"
   },
   "geometry": {
    "type": "Polygon",
    "coordinates": [
     [
      [
       -77.0056554,
       38.9594076
      ],
      [
       -77.0062562,
       38.9606088
      ],
      [
       -77.0077153,
       38.9622107
      ],
      [
       -77.0085735,
       38.9631117
      ],
      [
       -77.0096035,
       38.9639457
      ],
      [
       -77.0127011,
       38.966583
      ],
      [
       -77.0150185,
       38.9704201
      ],
      [
       -77.0163917,
       38.9723553
      ],
      [
       -77.0142461,
       38.9723219
      ],
      [
       -77.0127869,
       38.9738566
      ],
      [
       -76.9856569,
       38.9524329
      ],
      [
       -76.9883605,
       38.9531671
      ],
      [
       -76.9898197,
       38.953434
      ],
      [
       -76.9922228,
       38.9535008
      ],
      [
       -76.9944544,
       38.9530334
      ],
      [
       -76.9966078,
       38.9526007
      ],
      [
       -76.9987965,
       38.952534
      ],
      [
       -77.0022727,
       38.9520668
      ],
      [
       -77.0038099,
       38.955937
      ],
      [
       -77.0038099,
       38.955937
      ],
      [
       -77.0056554,
       38.9594076
      ]
     ]
    ]
   }
  },
  {
   "type": "Feature",
   "properties": {
    "name": "Langdon"
   },
   "geometry": {
    "type": "Polygon",
    "coordinates": [
     [
      [
       -76.979613,
       38.920321
      ],
      [
       -76.9809812,
       38.9212851
      ],
      [
       -76.9853103,
       38.9242546
      ],
      [
       -76.9855356,
       38.9245196
      ],
      [
       -76.9715345,
       38.9312551
      ],
      [
       -76.969209,
       38.9290288
      ],
      [
       -76.9658884,
       38.9258384
      ],
      [
       -76.9657516,
       38.9257027
      ],
      [
       -76.9656363,
       38.9255733
      ],
      [
       -76.9651508,
       38.9251372
      ],
      [
       -76.9666046,
       38.9239395
      ],
      [
       -76.9676024,
       38.9230505
      ],
      [
       -76.968163,
       38.9224975
      ],
      [
       -76.9722131,
       38.9175539
      ],
      [
       -76.9723123,
       38.9174412
      ],
      [
       -76.973868,
       38.9173994
      ],
      [
       -76.9746405,
       38.9173452
      ],
      [
       -76.978519,
       38.9172951
      ],
      [
       -76.9784868,
       38.9174078
      ],
      [
       -76.978417,
       38.9175038
      ],
      [
       -76.9783205,
       38.9176457
      ],
      [
       -76.9782722,
       38.9178752
      ],
      [
       -76.9782776,
       38.9180923
      ],
      [
       -76.9784492,
       38.9189312
      ],
      [
       -76.9784975,
       38.9192067
      ],
      [
       -76.9785994,
       38.9194195
      ],
      [
       -76.9788462,
       38.9197492
      ],
      [
       -76.979055,
       38.91992
      ],
      [
       -76.979055,
       38.91992
      ],
      [
       -76.979613,
       38.920321
      ]
     ]
    ]
   }
  },
  {
   "type": "Feature",
   "properties": {
    "name": "Langston Golf Course"
   },
   "geometry": {
    "type": "Polygon",
    "coordinates": [
     [
      [
       -76.968112,
       38.9056033
      ],
      [
       -76.968112,
       38.9056033
      ],
      [
       -76.9681174,
       38.9056868
      ],
      [
       -76.9642067,
       38.9056617
      ],
      [
       -76.9638205,
       38.9066636
      ],
      [
       -76.9633484,
       38.9075653
      ],
      [
       -76.9629622,
       38.9086339
      ],
      [
       -76.9622755,
       38.9092016
      ],
      [
       -76.9618893,
       38.9093018
      ],
      [
       -76.9607306,
       38.909068
      ],
      [
       -76.9600868,
       38.9089011
      ],
      [
       -76.958971,
       38.9086673
      ],
      [
       -76.9581556,
       38.9083668
      ],
      [
       -76.9575548,
       38.9079994
      ],
      [
       -76.9576085,
       38.9077239
      ],
      [
       -76.9578552,
       38.9075319
      ],
      [
       -76.9579089,
       38.9074484
      ],
      [
       -76.9580162,
       38.907415
      ],
      [
       -76.9582147,
       38.907056
      ],
      [
       -76.9580483,
       38.9069558
      ],
      [
       -76.9583273,
       38.9061627
      ],
      [
       -76.9588852,
       38.9051274
      ],
      [
       -76.9597006,
       38.9039251
      ],
      [
       -76.9604731,
       38.9025893
      ],
      [
       -76.9614601,
       38.9014871
      ],
      [
       -76.9621897,
       38.900719
      ],
      [
       -76.9625759,
       38.9000844
      ],
      [
       -76.9628334,
       38.8992828
      ],
      [
       -76.9627047,
       38.8984145
      ],
      [
       -76.9626617,
       38.8978133
      ],
      [
       -76.9630909,
       38.8976797
      ],
      [
       -76.9641209,
       38.8976129
      ],
      [
       -76.9648075,
       38.8976129
      ],
      [
       -76.9654083,
       38.8975252
      ],
      [
       -76.96558,
       38.89955
      ],
      [
       -76.96558,
       38.9002514
      ],
      [
       -76.9647646,
       38.9011198
      ],
      [
       -76.9639921,
       38.9014203
      ],
      [
       -76.9631338,
       38.9016207
      ],
      [
       -76.9624043,
       38.9025225
      ],
      [
       -76.9621038,
       38.9034576
      ],
      [
       -76.9617176,
       38.9042591
      ],
      [
       -76.9606018,
       38.9049604
      ],
      [
       -76.9600439,
       38.9057619
      ],
      [
       -76.9597649,
       38.9066093
      ],
      [
       -76.9590998,
       38.9071311
      ],
      [
       -76.9585955,
       38.9072397
      ],
      [
       -76.9582736,
       38.9070727
      ],
      [
       -76.9580537,
       38.9074693
      ],
      [
       -76.9582844,
       38.9077323
      ],
      [
       -76.9589281,
       38.9079326
      ],
      [
       -76.9597435,
       38.9079994
      ],
      [
       -76.9604731,
       38.907966
      ],
      [
       -76.9612885,
       38.9078658
      ],
      [
       -76.9618464,
       38.9073649
      ],
      [
       -76.9622755,
       38.9069308
      ],
      [
       -76.9626188,
       38.9064632
      ],
      [
       -76.9630909,
       38.9056951
      ],
      [
       -76.9635201,
       38.9051608
      ],
      [
       -76.9639492,
       38.9042257
      ],
      [
       -76.9649792,
       38.9037248
      ],
      [
       -76.9652796,
       38.9034242
      ],
      [
       -76.9656122,
       38.9028105
      ],
      [
       -76.96558,
       38.9025934
      ],
      [
       -76.9662613,
       38.9008484
      ],
      [
       -76.9663525,
       38.899383
      ],
      [
       -76.9662184,
       38.8989948
      ],
      [
       -76.966154,
       38.8983351
      ],
      [
       -76.9662237,
       38.897663
      ],
      [
       -76.9654351,
       38.8976045
      ],
      [
       -76.9654405,
       38.8975461
      ],
      [
       -76.9662398,
       38.8975544
      ],
      [
       -76.9687557,
       38.8978007
      ],
      [
       -76.9703114,
       38.8979803
      ],
      [
       -76.9701934,
       38.8984687
      ],
      [
       -76.9701397,
       38.900051
      ],
      [
       -76.9695872,
       38.9000343
      ],
      [
       -76.9693619,
       38.9000635
      ],
      [
       -76.9688523,
       38.9002681
      ],
      [
       -76.9687343,
       38.9004393
      ],
      [
       -76.9686538,
       38.900719
      ],
      [
       -76.9686699,
       38.9010738
      ],
      [
       -76.9686913,
       38.9013953
      ],
      [
       -76.9687396,
       38.9016165
      ],
      [
       -76.9688898,
       38.9017835
      ],
      [
       -76.9691151,
       38.9019422
      ],
      [
       -76.9692492,
       38.9020173
      ],
      [
       -76.9694102,
       38.9020298
      ],
      [
       -76.9701505,
       38.902034
      ],
      [
       -76.9701344,
       38.9034367
      ],
      [
       -76.9702095,
       38.903516
      ],
      [
       -76.9703221,
       38.9035494
      ],
      [
       -76.9705206,
       38.9035035
      ],
      [
       -76.9715452,
       38.9035202
      ],
      [
       -76.9717544,
       38.9036246
      ],
      [
       -76.9723713,
       38.9045638
      ],
      [
       -76.9699144,
       38.9055949
      ],
      [
       -76.968112,
       38.9056033
      ]
     ]
    ]
   }
  },
  {
   "type": "Feature",
   "properties": {
    "name": "LeDroit Park"
   },
   "geometry": {
    "type": "Polygon",
    "coordinates": [
     [
      [
       -77.0219493,
       38.9162975
      ],
      [
       -77.02196,
       38.9189771
      ],
      [
       -77.0147932,
       38.9196616
      ],
      [
       -77.0142728,
       38.9149327
      ],
      [
       -77.0140421,
       38.9129166
      ],
      [
       -77.0167351,
       38.9140603
      ],
      [
       -77.0167351,
       38.9140603
      ],
      [
       -77.0219493,
       38.9162975
      ]
     ]
    ]
   }
  },
  {
   "type": "Feature",
   "properties": {
    "name": "Lincoln Heights"
   },
   "geometry": {
    "type": "Polygon",
    "coordinates": [
     [
      [
       -76.9278788,
       38.8897635
      ],
      [
       -76.9279646,
       38.8918678
      ],
      [
       -76.9256901,
       38.8983142
      ],
      [
       -76.9177079,
       38.8983476
      ],
      [
       -76.9177079,
       38.8897969
      ],
      [
       -76.9177079,
       38.8897969
      ],
      [
       -76.9278788,
       38.8897635
      ]
     ]
    ]
   }
  },
  {
   "type": "Feature",
   "properties": {
    "name": "Logan Circle"
   },
   "geometry": {
    "type": "Polygon",
    "coordinates": [
     [
      [
       -77.0356286,
       38.9069767
      ],
      [
       -77.0359236,
       38.9071311
      ],
      [
       -77.036106,
       38.9072689
      ],
      [
       -77.0361865,
       38.9073816
      ],
      [
       -77.0362562,
       38.9074693
      ],
      [
       -77.0363635,
       38.9075569
      ],
      [
       -77.036401,
       38.9076488
      ],
      [
       -77.0363849,
       38.9082707
      ],
      [
       -77.0364064,
       38.9084753
      ],
      [
       -77.0364386,
       38.9086631
      ],
      [
       -77.0364869,
       38.908876
      ],
      [
       -77.0364761,
       38.9140854
      ],
      [
       -77.0259887,
       38.9140937
      ],
      [
       -77.025978,
       38.9126078
      ],
      [
       -77.0260316,
       38.9110216
      ],
      [
       -77.0260048,
       38.9108463
      ],
      [
       -77.0259887,
       38.9056534
      ],
      [
       -77.0315248,
       38.9056743
      ],
      [
       -77.0315355,
       38.9057327
      ],
      [
       -77.0315623,
       38.9057828
      ],
      [
       -77.0315999,
       38.9058538
      ],
      [
       -77.0316803,
       38.9059206
      ],
      [
       -77.0317608,
       38.9059665
      ],
      [
       -77.0318735,
       38.9059832
      ],
      [
       -77.0319754,
       38.9059915
      ],
      [
       -77.0320773,
       38.905979
      ],
      [
       -77.0322168,
       38.9059289
      ],
      [
       -77.0322865,
       38.905883
      ],
      [
       -77.0333916,
       38.9062545
      ],
      [
       -77.0336813,
       38.9063422
      ],
      [
       -77.0338476,
       38.9063672
      ],
      [
       -77.033987,
       38.9064006
      ],
      [
       -77.033987,
       38.9064006
      ],
      [
       -77.0356286,
       38.9069767
      ]
     ]
    ]
   }
  },
  {
   "type": "Feature",
   "properties": {
    "name": "Manor Park"
   },
   "geometry": {
    "type": "Polygon",
    "coordinates": [
     [
      [
       -77.0269704,
       38.9723387
      ],
      [
       -77.0163488,
       38.9723721
      ],
      [
       -77.0141602,
       38.9685184
      ],
      [
       -77.012701,
       38.9660659
      ],
      [
       -77.0107269,
       38.9623287
      ],
      [
       -77.0097613,
       38.9612275
      ],
      [
       -77.0093751,
       38.9605267
      ],
      [
       -77.0090961,
       38.959609
      ],
      [
       -77.0090318,
       38.9572564
      ],
      [
       -77.0091391,
       38.9547868
      ],
      [
       -77.0148253,
       38.9566723
      ],
      [
       -77.0279574,
       38.9609105
      ],
      [
       -77.0279574,
       38.9609105
      ],
      [
       -77.0269704,
       38.9723387
      ]
     ]
    ]
   }
  },
  {
   "type": "Feature",
   "properties": {
    "name": "Marshall Heights"
   },
   "geometry": {
    "type": "Polygon",
    "coordinates": [
     [
      [
       -76.9374513,
       38.8895791
      ],
      [
       -76.9353913,
       38.8897295
      ],
      [
       -76.9301342,
       38.8896292
      ],
      [
       -76.9299625,
       38.8894288
      ],
      [
       -76.926701,
       38.8882263
      ],
      [
       -76.9251775,
       38.8872242
      ],
      [
       -76.9238471,
       38.8865895
      ],
      [
       -76.9232463,
       38.8864558
      ],
      [
       -76.9224738,
       38.8864057
      ],
      [
       -76.921122,
       38.8863055
      ],
      [
       -76.9185685,
       38.8857209
      ],
      [
       -76.9207572,
       38.8839671
      ],
      [
       -76.9243621,
       38.8812779
      ],
      [
       -76.9255423,
       38.8811109
      ],
      [
       -76.9303488,
       38.8805429
      ],
      [
       -76.9311212,
       38.8806766
      ],
      [
       -76.9317221,
       38.8810774
      ],
      [
       -76.9320225,
       38.881495
      ],
      [
       -76.9324731,
       38.8816287
      ],
      [
       -76.9330524,
       38.8815117
      ],
      [
       -76.9351124,
       38.884201
      ],
      [
       -76.9351124,
       38.884201
      ],
      [
       -76.9374513,
       38.8895791
      ]
     ]
    ]
   }
  },
  {
   "type": "Feature",
   "properties": {
    "name": "Mayfair"
   },
   "geometry": {
    "type": "Polygon",
    "coordinates": [
     [
      [
       -76.961267,
       38.897379
      ],
      [
       -76.9618248,
       38.8990155
      ],
      [
       -76.9616532,
       38.9002513
      ],
      [
       -76.9590354,
       38.9026559
      ],
      [
       -76.9562029,
       38.9079325
      ],
      [
       -76.9533705,
       38.9117394
      ],
      [
       -76.9525122,
       38.9118396
      ],
      [
       -76.9507527,
       38.9115391
      ],
      [
       -76.9496369,
       38.9110382
      ],
      [
       -76.9482207,
       38.9097692
      ],
      [
       -76.9466328,
       38.9088676
      ],
      [
       -76.9463324,
       38.9050605
      ],
      [
       -76.9451308,
       38.9037246
      ],
      [
       -76.9451308,
       38.9032237
      ],
      [
       -76.9439721,
       38.9025223
      ],
      [
       -76.9477915,
       38.8994163
      ],
      [
       -76.9520831,
       38.896043
      ],
      [
       -76.9520831,
       38.896043
      ],
      [
       -76.961267,
       38.897379
      ]
     ]
    ]
   }
  },
  {
   "type": "Feature",
   "properties": {
    "name": "McLean Gardens"
   },
   "geometry": {
    "type": "Polygon",
    "coordinates": [
     [
      [
       -77.0770204,
       38.9431637
      ],
      [
       -77.0737589,
       38.9373055
      ],
      [
       -77.073158,
       38.9360788
      ],
      [
       -77.0724929,
       38.9346517
      ],
      [
       -77.072407,
       38.9340758
      ],
      [
       -77.0723963,
       38.9334917
      ],
      [
       -77.0753253,
       38.9335
      ],
      [
       -77.0798206,
       38.9335167
      ],
      [
       -77.0798206,
       38.9336669
      ],
      [
       -77.0796919,
       38.9338004
      ],
      [
       -77.0794666,
       38.933934
      ],
      [
       -77.0787585,
       38.9341593
      ],
      [
       -77.0780611,
       38.9342678
      ],
      [
       -77.0779753,
       38.9344848
      ],
      [
       -77.0781416,
       38.9348729
      ],
      [
       -77.0779967,
       38.9350815
      ],
      [
       -77.0777929,
       38.9352359
      ],
      [
       -77.0773047,
       38.9354863
      ],
      [
       -77.0773959,
       38.9357992
      ],
      [
       -77.0776159,
       38.9358785
      ],
      [
       -77.0781094,
       38.9359035
      ],
      [
       -77.0786726,
       38.9358702
      ],
      [
       -77.0790267,
       38.936012
      ],
      [
       -77.0791662,
       38.9362791
      ],
      [
       -77.0788765,
       38.9367297
      ],
      [
       -77.0784795,
       38.9372138
      ],
      [
       -77.078855,
       38.9399426
      ],
      [
       -77.0787478,
       38.9403515
      ],
      [
       -77.0785439,
       38.9408105
      ],
      [
       -77.0784688,
       38.9412945
      ],
      [
       -77.0784152,
       38.9420204
      ],
      [
       -77.0780075,
       38.943172
      ],
      [
       -77.0780075,
       38.943172
      ],
      [
       -77.0770204,
       38.9431637
      ]
     ]
    ]
   }
  },
  {
   "type": "Feature",
   "properties": {
    "name": "McLean Gardens"
   },
   "geometry": {
    "type": "Polygon",
    "coordinates": [
     [
      [
       -77.0770204,
       38.9431636
      ],
      [
       -77.0737589,
       38.9373054
      ],
      [
       -77.073158,
       38.9360787
      ],
      [
       -77.0724929,
       38.9346516
      ],
      [
       -77.072407,
       38.9340757
      ],
      [
       -77.0723963,
       38.9334916
      ],
      [
       -77.0726537,
       38.9319227
      ],
      [
       -77.076323,
       38.9322565
      ],
      [
       -77.0770311,
       38.9313886
      ],
      [
       -77.079842,
       38.9334249
      ],
      [
       -77.0798206,
       38.9336668
      ],
      [
       -77.0796919,
       38.9338003
      ],
      [
       -77.0794666,
       38.9339339
      ],
      [
       -77.0787585,
       38.9341592
      ],
      [
       -77.0780611,
       38.9342677
      ],
      [
       -77.0779753,
       38.9344847
      ],
      [
       -77.0781416,
       38.9348728
      ],
      [
       -77.0779967,
       38.9350814
      ],
      [
       -77.0777929,
       38.9352358
      ],
      [
       -77.0773047,
       38.9354862
      ],
      [
       -77.0773959,
       38.9357991
      ],
      [
       -77.0776159,
       38.9358784
      ],
      [
       -77.0781094,
       38.9359034
      ],
      [
       -77.0786726,
       38.9358701
      ],
      [
       -77.0790267,
       38.9360119
      ],
      [
       -77.0791662,
       38.936279
      ],
      [
       -77.0788765,
       38.9367296
      ],
      [
       -77.0784795,
       38.9372137
      ],
      [
       -77.078855,
       38.9399425
      ],
      [
       -77.0787478,
       38.9403514
      ],
      [
       -77.0785439,
       38.9408104
      ],
      [
       -77.0784688,
       38.9412944
      ],
      [
       -77.0784152,
       38.9420203
      ],
      [
       -77.0780075,
       38.9431719
      ],
      [
       -77.0780075,
       38.9431719
      ],
      [
       -77.0770204,
       38.9431636
      ]
     ]
    ]
   }
  },
  {
   "type": "Feature",
   "properties": {
    "name": "Mount Olivet Cemetery"
   },
   "geometry": {
    "type": "Polygon",
    "coordinates": [
     [
      [
       -76.9788516,
       38.9072606
      ],
      [
       -76.9831109,
       38.9095189
      ],
      [
       -76.9819093,
       38.9115517
      ],
      [
       -76.9817966,
       38.9116811
      ],
      [
       -76.9816196,
       38.9117855
      ],
      [
       -76.9814479,
       38.9118564
      ],
      [
       -76.981287,
       38.91189
      ],
      [
       -76.980198,
       38.9121361
      ],
      [
       -76.9814265,
       38.9143567
      ],
      [
       -76.9796187,
       38.9159553
      ],
      [
       -76.9787496,
       38.9144944
      ],
      [
       -76.9763678,
       38.9151163
      ],
      [
       -76.9755578,
       38.9143901
      ],
      [
       -76.976679,
       38.912829
      ],
      [
       -76.9777197,
       38.9128206
      ],
      [
       -76.9767755,
       38.9112386
      ],
      [
       -76.9774032,
       38.9094855
      ],
      [
       -76.9774032,
       38.9094855
      ],
      [
       -76.9788516,
       38.9072606
      ]
     ]
    ]
   }
  },
  {
   "type": "Feature",
   "properties": {
    "name": "Mount Pleasant"
   },
   "geometry": {
    "type": "Polygon",
    "coordinates": [
     [
      [
       -77.0436859,
       38.9286636
      ],
      [
       -77.0437449,
       38.9288973
      ],
      [
       -77.043879,
       38.9291435
      ],
      [
       -77.0440936,
       38.9294064
      ],
      [
       -77.0441848,
       38.9295358
      ],
      [
       -77.0442224,
       38.9296443
      ],
      [
       -77.0442599,
       38.9297904
      ],
      [
       -77.0442492,
       38.9298613
      ],
      [
       -77.045483,
       38.9311549
      ],
      [
       -77.0465344,
       38.9323025
      ],
      [
       -77.046749,
       38.9325612
      ],
      [
       -77.0469099,
       38.9326071
      ],
      [
       -77.0474625,
       38.9326405
      ],
      [
       -77.0475805,
       38.9332664
      ],
      [
       -77.0473391,
       38.9333708
      ],
      [
       -77.0474464,
       38.9335836
      ],
      [
       -77.046985,
       38.9337421
      ],
      [
       -77.0471191,
       38.9342095
      ],
      [
       -77.0463628,
       38.9344307
      ],
      [
       -77.0457083,
       38.9337255
      ],
      [
       -77.0455045,
       38.9343305
      ],
      [
       -77.0454401,
       38.9345725
      ],
      [
       -77.0454401,
       38.9347937
      ],
      [
       -77.0454562,
       38.9349815
      ],
      [
       -77.0454615,
       38.9350983
      ],
      [
       -77.0455688,
       38.9352777
      ],
      [
       -77.0451933,
       38.9354363
      ],
      [
       -77.0446676,
       38.9354029
      ],
      [
       -77.0442921,
       38.9353278
      ],
      [
       -77.0441151,
       38.9351734
      ],
      [
       -77.043879,
       38.9353153
      ],
      [
       -77.0431387,
       38.935428
      ],
      [
       -77.0420551,
       38.9354363
      ],
      [
       -77.0417118,
       38.9353612
      ],
      [
       -77.0411646,
       38.935261
      ],
      [
       -77.0399576,
       38.9354488
      ],
      [
       -77.0391959,
       38.9354196
      ],
      [
       -77.039212,
       38.9360622
      ],
      [
       -77.0391369,
       38.936154
      ],
      [
       -77.0385629,
       38.9366714
      ],
      [
       -77.0381176,
       38.9367716
      ],
      [
       -77.0376241,
       38.9368467
      ],
      [
       -77.0365191,
       38.9368467
      ],
      [
       -77.0365298,
       38.9264977
      ],
      [
       -77.0369187,
       38.926287
      ],
      [
       -77.0375276,
       38.9269484
      ],
      [
       -77.0377421,
       38.9270569
      ],
      [
       -77.0379567,
       38.9271154
      ],
      [
       -77.0382679,
       38.9271488
      ],
      [
       -77.0386326,
       38.9271821
      ],
      [
       -77.0391369,
       38.9271905
      ],
      [
       -77.0405746,
       38.9271821
      ],
      [
       -77.0412076,
       38.9271821
      ],
      [
       -77.0416528,
       38.9272155
      ],
      [
       -77.0419854,
       38.9273115
      ],
      [
       -77.0425647,
       38.9276162
      ],
      [
       -77.0429671,
       38.9278332
      ],
      [
       -77.0432568,
       38.9279208
      ],
      [
       -77.0433909,
       38.9280543
      ],
      [
       -77.0435303,
       38.9282087
      ],
      [
       -77.0435303,
       38.9282087
      ],
      [
       -77.0436859,
       38.9286636
      ]
     ]
    ]
   }
  },
  {
   "type": "Feature",
   "properties": {
    "name": "Mount Vernon Square (neighborhood)"
   },
   "geometry": {
    "type": "Polygon",
    "coordinates": [
     [
      [
       -77.0149004,
       38.9056617
      ],
      [
       -77.0154449,
       38.9072397
      ],
      [
       -77.0101824,
       38.9072376
      ],
      [
       -77.0095414,
       38.9072459
      ],
      [
       -77.0090157,
       38.9074338
      ],
      [
       -77.0090103,
       38.9056701
      ],
      [
       -77.0090586,
       38.9051358
      ],
      [
       -77.0089996,
       38.9013452
      ],
      [
       -77.0132697,
       38.9013452
      ],
      [
       -77.012465,
       38.8989321
      ],
      [
       -77.0161557,
       38.9002013
      ],
      [
       -77.0213646,
       38.9019797
      ],
      [
       -77.0219064,
       38.9021217
      ],
      [
       -77.0239985,
       38.9021133
      ],
      [
       -77.0239931,
       38.905645
      ],
      [
       -77.0239931,
       38.905645
      ],
      [
       -77.0149004,
       38.9056617
      ]
     ]
    ]
   }
  },
  {
   "type": "Feature",
   "properties": {
    "name": "National Arboretum"
   },
   "geometry": {
    "type": "Polygon",
    "coordinates": [
     [
      [
       -76.9749999,
       38.9057619
      ],
      [
       -76.9749945,
       38.9058955
      ],
      [
       -76.9784492,
       38.9073399
      ],
      [
       -76.9779718,
       38.9073566
      ],
      [
       -76.9779825,
       38.9076029
      ],
      [
       -76.9782883,
       38.9077239
      ],
      [
       -76.9771618,
       38.9093394
      ],
      [
       -76.9771135,
       38.9094396
      ],
      [
       -76.9767219,
       38.9107711
      ],
      [
       -76.9760674,
       38.9126578
      ],
      [
       -76.971733,
       38.9126411
      ],
      [
       -76.969716,
       38.9145904
      ],
      [
       -76.9656336,
       38.9147323
      ],
      [
       -76.9654995,
       38.9147407
      ],
      [
       -76.965183,
       38.9149995
      ],
      [
       -76.9648719,
       38.9156882
      ],
      [
       -76.9642389,
       38.9168318
      ],
      [
       -76.9619,
       38.916861
      ],
      [
       -76.9608754,
       38.9168318
      ],
      [
       -76.9597113,
       38.9167692
      ],
      [
       -76.9594109,
       38.9167233
      ],
      [
       -76.9590676,
       38.9166857
      ],
      [
       -76.9583863,
       38.9167191
      ],
      [
       -76.9580269,
       38.9167358
      ],
      [
       -76.9575924,
       38.9166648
      ],
      [
       -76.9554144,
       38.9166022
      ],
      [
       -76.953907,
       38.9145654
      ],
      [
       -76.9544435,
       38.9120234
      ],
      [
       -76.9547009,
       38.9115893
      ],
      [
       -76.9552213,
       38.9108254
      ],
      [
       -76.9558811,
       38.9101033
      ],
      [
       -76.9562674,
       38.9094688
      ],
      [
       -76.9567823,
       38.9088677
      ],
      [
       -76.957469,
       38.9079994
      ],
      [
       -76.9580698,
       38.9083
      ],
      [
       -76.9586706,
       38.9086005
      ],
      [
       -76.9595289,
       38.9088009
      ],
      [
       -76.9601297,
       38.9089679
      ],
      [
       -76.9607306,
       38.9091014
      ],
      [
       -76.9613743,
       38.9092684
      ],
      [
       -76.9618893,
       38.9094688
      ],
      [
       -76.9625759,
       38.9091682
      ],
      [
       -76.963048,
       38.9087341
      ],
      [
       -76.9633055,
       38.907966
      ],
      [
       -76.9636917,
       38.9070978
      ],
      [
       -76.9641209,
       38.9063297
      ],
      [
       -76.9643354,
       38.9058287
      ],
      [
       -76.9681174,
       38.9058663
      ],
      [
       -76.9684982,
       38.9058579
      ],
      [
       -76.9685787,
       38.9057494
      ],
      [
       -76.9685787,
       38.9057494
      ],
      [
       -76.9749999,
       38.9057619
      ]
     ]
    ]
   }
  },
  {
   "type": "Feature",
   "properties": {
    "name": "Naval Support Facility Anacostia"
   },
   "geometry": {
    "type": "Polygon",
    "coordinates": [
     [
      [
       -77.0034528,
       38.8608219
      ],
      [
       -77.0044076,
       38.8594059
      ],
      [
       -77.0047081,
       38.8588419
      ],
      [
       -77.0049334,
       38.8581945
      ],
      [
       -77.0052177,
       38.8570415
      ],
      [
       -77.0056951,
       38.855333
      ],
      [
       -77.0059204,
       38.8545977
      ],
      [
       -77.006017,
       38.8541508
      ],
      [
       -77.0061564,
       38.8537414
      ],
      [
       -77.0064783,
       38.8532651
      ],
      [
       -77.0078784,
       38.8511011
      ],
      [
       -77.0080394,
       38.8508463
      ],
      [
       -77.0082164,
       38.8503616
      ],
      [
       -77.008388,
       38.8501277
      ],
      [
       -77.0089352,
       38.850299
      ],
      [
       -77.0090747,
       38.8501026
      ],
      [
       -77.0094502,
       38.8493882
      ],
      [
       -77.0105499,
       38.8476252
      ],
      [
       -77.0108342,
       38.8469275
      ],
      [
       -77.0112258,
       38.8456365
      ],
      [
       -77.0112956,
       38.8453607
      ],
      [
       -77.0113868,
       38.845298
      ],
      [
       -77.0115691,
       38.8453189
      ],
      [
       -77.0116711,
       38.8453691
      ],
      [
       -77.01195,
       38.8454861
      ],
      [
       -77.0121431,
       38.8455571
      ],
      [
       -77.0123255,
       38.845603
      ],
      [
       -77.0125079,
       38.8456072
      ],
      [
       -77.0127439,
       38.8455989
      ],
      [
       -77.0129853,
       38.845603
      ],
      [
       -77.0132267,
       38.8456198
      ],
      [
       -77.0136988,
       38.8456782
      ],
      [
       -77.0196748,
       38.846986
      ],
      [
       -77.0198035,
       38.846986
      ],
      [
       -77.0199108,
       38.8469692
      ],
      [
       -77.0199859,
       38.8471071
      ],
      [
       -77.0205224,
       38.8472199
      ],
      [
       -77.0206082,
       38.8472575
      ],
      [
       -77.0206028,
       38.8473703
      ],
      [
       -77.0205814,
       38.8475416
      ],
      [
       -77.0203775,
       38.847763
      ],
      [
       -77.0200074,
       38.8483479
      ],
      [
       -77.0186341,
       38.8511303
      ],
      [
       -77.0177972,
       38.852697
      ],
      [
       -77.0166492,
       38.8549695
      ],
      [
       -77.015512,
       38.8571334
      ],
      [
       -77.0152438,
       38.8575637
      ],
      [
       -77.0150077,
       38.8578478
      ],
      [
       -77.0145035,
       38.8582321
      ],
      [
       -77.0142889,
       38.8580984
      ],
      [
       -77.0134628,
       38.858725
      ],
      [
       -77.0137525,
       38.8589213
      ],
      [
       -77.0131516,
       38.8592806
      ],
      [
       -77.0123416,
       38.8596816
      ],
      [
       -77.009123,
       38.8612271
      ],
      [
       -77.0084739,
       38.8616198
      ],
      [
       -77.0076424,
       38.8608386
      ],
      [
       -77.0072615,
       38.8611394
      ],
      [
       -77.0069075,
       38.8613357
      ],
      [
       -77.0065427,
       38.8614485
      ],
      [
       -77.0062208,
       38.8615153
      ],
      [
       -77.0055825,
       38.8615112
      ],
      [
       -77.0053464,
       38.861461
      ],
      [
       -77.0053464,
       38.861461
      ],
      [
       -77.0034528,
       38.8608219
      ]
     ]
    ]
   }
  },
  {
   "type": "Feature",
   "properties": {
    "name": "Navy Yard"
   },
   "geometry": {
    "type": "Polygon",
    "coordinates": [
     [
      [
       -76.980367,
       38.8777998
      ],
      [
       -76.9801229,
       38.8777622
      ],
      [
       -76.979962,
       38.8777038
      ],
      [
       -76.979447,
       38.8775241
      ],
      [
       -76.9805521,
       38.8772715
      ],
      [
       -76.982494,
       38.8766806
      ],
      [
       -76.9830894,
       38.8765343
      ],
      [
       -76.9837225,
       38.8762253
      ],
      [
       -76.9850421,
       38.8756992
      ],
      [
       -76.9853265,
       38.8755447
      ],
      [
       -76.9863833,
       38.8750142
      ],
      [
       -76.9863242,
       38.8749433
      ],
      [
       -76.988368,
       38.8738407
      ],
      [
       -76.9902376,
       38.8727214
      ],
      [
       -76.9901866,
       38.8726651
      ],
      [
       -76.9904682,
       38.8724918
      ],
      [
       -76.9903502,
       38.8723623
      ],
      [
       -76.9904442,
       38.8723121
      ],
      [
       -76.990613,
       38.8724792
      ],
      [
       -76.9906747,
       38.8724604
      ],
      [
       -76.9907338,
       38.8724227
      ],
      [
       -76.9907767,
       38.8723957
      ],
      [
       -76.9907954,
       38.8722767
      ],
      [
       -76.991289,
       38.8721054
      ],
      [
       -76.9927589,
       38.8712304
      ],
      [
       -76.9940651,
       38.8715521
      ],
      [
       -76.9940811,
       38.8717609
      ],
      [
       -76.9940999,
       38.871813
      ],
      [
       -76.9940704,
       38.8725585
      ],
      [
       -76.9941053,
       38.8726587
      ],
      [
       -76.9940972,
       38.872901
      ],
      [
       -76.9941348,
       38.8730283
      ],
      [
       -76.9941805,
       38.873137
      ],
      [
       -76.9942207,
       38.8730702
      ],
      [
       -76.9942475,
       38.8729888
      ],
      [
       -76.9942583,
       38.8726253
      ],
      [
       -76.9942743,
       38.8725648
      ],
      [
       -76.9942769,
       38.8716335
      ],
      [
       -76.9947813,
       38.8717337
      ],
      [
       -76.9957388,
       38.8714079
      ],
      [
       -76.9958649,
       38.8714351
      ],
      [
       -76.995905,
       38.871504
      ],
      [
       -76.9950575,
       38.8718026
      ],
      [
       -76.995661,
       38.8719634
      ],
      [
       -76.9966239,
       38.8716272
      ],
      [
       -76.9966614,
       38.8716355
      ],
      [
       -76.9966936,
       38.8716941
      ],
      [
       -76.9958085,
       38.8719989
      ],
      [
       -76.9964334,
       38.8721576
      ],
      [
       -76.9965811,
       38.8721994
      ],
      [
       -76.9972086,
       38.8723517
      ],
      [
       -76.9973938,
       38.8723998
      ],
      [
       -76.9980803,
       38.8725753
      ],
      [
       -76.9988824,
       38.8727444
      ],
      [
       -77.0003387,
       38.8728823
      ],
      [
       -77.0018436,
       38.872688
      ],
      [
       -77.0018757,
       38.872759
      ],
      [
       -77.0017603,
       38.8727924
      ],
      [
       -77.0018489,
       38.8730095
      ],
      [
       -77.0021331,
       38.8730075
      ],
      [
       -77.0021251,
       38.8727067
      ],
      [
       -77.0026642,
       38.8725857
      ],
      [
       -77.0027983,
       38.8729427
      ],
      [
       -77.0030907,
       38.8728426
      ],
      [
       -77.0031015,
       38.87316
      ],
      [
       -77.0032248,
       38.8731578
      ],
      [
       -77.0032329,
       38.8727882
      ],
      [
       -77.0033723,
       38.8727172
      ],
      [
       -77.0034876,
       38.8727006
      ],
      [
       -77.004633,
       38.8722495
      ],
      [
       -77.0045981,
       38.8719843
      ],
      [
       -77.0057166,
       38.8715416
      ],
      [
       -77.0057917,
       38.871506
      ],
      [
       -77.00595,
       38.8713913
      ],
      [
       -77.0059553,
       38.8711511
      ],
      [
       -77.0060788,
       38.8710821
      ],
      [
       -77.0065212,
       38.8707857
      ],
      [
       -77.0073903,
       38.8695912
      ],
      [
       -77.0074386,
       38.8695223
      ],
      [
       -77.0078087,
       38.869681
      ],
      [
       -77.0082379,
       38.8699817
      ],
      [
       -77.0085437,
       38.8702448
      ],
      [
       -77.0089084,
       38.8708003
      ],
      [
       -77.0090855,
       38.871172
      ],
      [
       -77.0091498,
       38.8715061
      ],
      [
       -77.0091498,
       38.8720365
      ],
      [
       -77.0091632,
       38.8746363
      ],
      [
       -77.0091364,
       38.8790066
      ],
      [
       -77.0091525,
       38.8792697
      ],
      [
       -77.0091472,
       38.879441
      ],
      [
       -77.0091096,
       38.8797981
      ],
      [
       -77.0090881,
       38.8814245
      ],
      [
       -77.008533,
       38.8812701
      ],
      [
       -77.007814,
       38.8810822
      ],
      [
       -77.0075378,
       38.8810237
      ],
      [
       -77.0070952,
       38.8809465
      ],
      [
       -77.006862,
       38.8809089
      ],
      [
       -77.0065454,
       38.8808984
      ],
      [
       -77.0057461,
       38.8808462
      ],
      [
       -77.0050433,
       38.8808294
      ],
      [
       -77.0038417,
       38.8807982
      ],
      [
       -77.0032437,
       38.880746
      ],
      [
       -77.0028976,
       38.8806875
      ],
      [
       -77.0024309,
       38.8805811
      ],
      [
       -77.0018515,
       38.8804078
      ],
      [
       -77.0014948,
       38.8803117
      ],
      [
       -77.0001671,
       38.8799421
      ],
      [
       -76.9974608,
       38.8791779
      ],
      [
       -76.9957361,
       38.8786538
      ],
      [
       -76.9947973,
       38.8784262
      ],
      [
       -76.9939605,
       38.8782383
      ],
      [
       -76.9933891,
       38.8781151
      ],
      [
       -76.9932389,
       38.8780901
      ],
      [
       -76.9931021,
       38.8781108
      ],
      [
       -76.9922304,
       38.8779083
      ],
      [
       -76.9914472,
       38.8776724
      ],
      [
       -76.9912755,
       38.8776182
      ],
      [
       -76.9905138,
       38.8774052
      ],
      [
       -76.9901356,
       38.877355
      ],
      [
       -76.9895456,
       38.8772005
      ],
      [
       -76.9886202,
       38.8770104
      ],
      [
       -76.9884486,
       38.8769876
      ],
      [
       -76.9872737,
       38.8768644
      ],
      [
       -76.9867373,
       38.8768267
      ],
      [
       -76.9856054,
       38.8768329
      ],
      [
       -76.9852164,
       38.8768435
      ],
      [
       -76.9846532,
       38.8768893
      ],
      [
       -76.9834113,
       38.8770606
      ],
      [
       -76.9828373,
       38.8771649
      ],
      [
       -76.9813246,
       38.8775555
      ],
      [
       -76.980882,
       38.8777142
      ],
      [
       -76.9805816,
       38.8777934
      ]
     ]
    ]
   }
  },
  {
   "type": "Feature",
   "properties": {
    "name": "Near Northeast"
   },
   "geometry": {
    "type": "Polygon",
    "coordinates": [
     [
      [
       -76.9836098,
       38.8999091
      ],
      [
       -76.9836473,
       38.8973123
      ],
      [
       -76.9898272,
       38.8973206
      ],
      [
       -76.9900417,
       38.8973707
      ],
      [
       -76.9902778,
       38.8972914
      ],
      [
       -76.9904602,
       38.8973039
      ],
      [
       -77.0035172,
       38.897354
      ],
      [
       -77.0035172,
       38.8999007
      ],
      [
       -77.0035601,
       38.9000427
      ],
      [
       -77.0035601,
       38.9042174
      ],
      [
       -77.0023155,
       38.9079911
      ],
      [
       -76.9841892,
       38.9002472
      ],
      [
       -76.9839478,
       38.9002347
      ],
      [
       -76.9836152,
       38.9002055
      ],
      [
       -76.9833094,
       38.9001637
      ],
      [
       -76.9834596,
       38.9000802
      ],
      [
       -76.9835186,
       38.9000301
      ],
      [
       -76.9835186,
       38.9000301
      ],
      [
       -76.9836098,
       38.8999091
      ]
     ]
    ]
   }
  },
  {
   "type": "Feature",
   "properties": {
    "name": "NoMa"
   },
   "geometry": {
    "type": "Polygon",
    "coordinates": [
     [
      [
       -77.0124596,
       38.898928
      ],
      [
       -77.0133018,
       38.9013285
      ],
      [
       -77.0121646,
       38.9013327
      ],
      [
       -77.009005,
       38.9013535
      ],
      [
       -77.009005,
       38.9025183
      ],
      [
       -77.009064,
       38.9037623
      ],
      [
       -77.0090532,
       38.9051525
      ],
      [
       -77.0089996,
       38.9056659
      ],
      [
       -77.0089942,
       38.9093352
      ],
      [
       -77.0089781,
       38.9111134
      ],
      [
       -77.0065534,
       38.9110967
      ],
      [
       -77.0047724,
       38.9111051
      ],
      [
       -77.0043862,
       38.9126078
      ],
      [
       -77.0004916,
       38.9126161
      ],
      [
       -77.001712,
       38.9099947
      ],
      [
       -77.0020339,
       38.909306
      ],
      [
       -77.0026267,
       38.9083334
      ],
      [
       -77.0026588,
       38.9082707
      ],
      [
       -77.0027554,
       38.908062
      ],
      [
       -77.0005453,
       38.9071144
      ],
      [
       -77.0005667,
       38.905645
      ],
      [
       -77.0020258,
       38.905645
      ],
      [
       -77.0020312,
       38.9037331
      ],
      [
       -77.0015699,
       38.9037289
      ],
      [
       -77.0015484,
       38.9025016
      ],
      [
       -77.0035815,
       38.9025225
      ],
      [
       -77.0035708,
       38.9002681
      ],
      [
       -77.0035708,
       38.900051
      ],
      [
       -77.0035172,
       38.8998924
      ],
      [
       -77.0035064,
       38.8973624
      ],
      [
       -77.0047617,
       38.8973415
      ],
      [
       -77.0050997,
       38.8964773
      ],
      [
       -77.0052069,
       38.8962977
      ],
      [
       -77.0054322,
       38.896114
      ],
      [
       -77.00562,
       38.8960222
      ],
      [
       -77.0057219,
       38.896018
      ],
      [
       -77.0060277,
       38.8960138
      ],
      [
       -77.0062906,
       38.8959804
      ],
      [
       -77.0065212,
       38.8959721
      ],
      [
       -77.0067734,
       38.8960138
      ],
      [
       -77.0069987,
       38.8960973
      ],
      [
       -77.0071971,
       38.8962226
      ],
      [
       -77.0076317,
       38.8968154
      ],
      [
       -77.0077926,
       38.8969657
      ],
      [
       -77.0080474,
       38.897116
      ],
      [
       -77.0081976,
       38.8971891
      ],
      [
       -77.0092839,
       38.8976212
      ],
      [
       -77.0093778,
       38.8976484
      ],
      [
       -77.0093778,
       38.8976484
      ],
      [
       -77.0124596,
       38.898928
      ]
     ]
    ]
   }
  },
  {
   "type": "Feature",
   "properties": {
    "name": "North Michigan Park"
   },
   "geometry": {
    "type": "Polygon",
    "coordinates": [
     [
      [
       -76.9973802,
       38.9408021
      ],
      [
       -76.9973802,
       38.9408021
      ],
      [
       -77.001779,
       38.9511156
      ],
      [
       -77.0010709,
       38.951199
      ],
      [
       -76.9999981,
       38.9516496
      ],
      [
       -76.9986248,
       38.9518832
      ],
      [
       -76.9974446,
       38.9517998
      ],
      [
       -76.9941616,
       38.9523004
      ],
      [
       -76.9892692,
       38.9524172
      ],
      [
       -76.9851708,
       38.9521836
      ],
      [
       -76.9777035,
       38.9463763
      ],
      [
       -76.9782185,
       38.9460258
      ],
      [
       -76.9799995,
       38.9437728
      ],
      [
       -76.9807291,
       38.9428215
      ],
      [
       -76.9813084,
       38.9426046
      ],
      [
       -76.981802,
       38.9425712
      ],
      [
       -76.983304,
       38.9425545
      ],
      [
       -76.9814157,
       38.9407521
      ],
      [
       -76.9973802,
       38.9408021
      ]
     ]
    ]
   }
  },
  {
   "type": "Feature",
   "properties": {
    "name": "North Portal Estates, DC"
   },
   "geometry": {
    "type": "Polygon",
    "coordinates": [
     [
      [
       -77.0434204,
       38.9932469
      ],
      [
       -77.0432138,
       38.9934574
      ],
      [
       -77.0430341,
       38.9935846
      ],
      [
       -77.0428383,
       38.9936951
      ],
      [
       -77.042605,
       38.9938264
      ],
      [
       -77.0423904,
       38.9940015
      ],
      [
       -77.0421678,
       38.9941912
      ],
      [
       -77.0418513,
       38.9945873
      ],
      [
       -77.0413524,
       38.9951689
      ],
      [
       -77.0416126,
       38.995369
      ],
      [
       -77.0410573,
       38.9957901
      ],
      [
       -77.0366183,
       38.9925568
      ],
      [
       -77.0364815,
       38.9924526
      ],
      [
       -77.0364842,
       38.9923984
      ],
      [
       -77.0364949,
       38.9923379
      ],
      [
       -77.0364976,
       38.9922587
      ],
      [
       -77.0364842,
       38.9921712
      ],
      [
       -77.0372754,
       38.9915833
      ],
      [
       -77.0387024,
       38.9905388
      ],
      [
       -77.0398074,
       38.9897883
      ],
      [
       -77.0402715,
       38.9894464
      ],
      [
       -77.0407811,
       38.9890607
      ],
      [
       -77.0413524,
       38.9885374
      ],
      [
       -77.0415214,
       38.9884186
      ],
      [
       -77.0418647,
       38.9882185
      ],
      [
       -77.0421758,
       38.9880704
      ],
      [
       -77.0423529,
       38.9880538
      ],
      [
       -77.042546,
       38.9880892
      ],
      [
       -77.0427123,
       38.9882101
      ],
      [
       -77.0428303,
       38.9883852
      ],
      [
       -77.0430341,
       38.9888376
      ],
      [
       -77.0433506,
       38.9896215
      ],
      [
       -77.0436859,
       38.990493
      ],
      [
       -77.0438737,
       38.9911851
      ],
      [
       -77.0439541,
       38.9919293
      ],
      [
       -77.0439407,
       38.9921628
      ],
      [
       -77.0438951,
       38.9923379
      ],
      [
       -77.043812,
       38.9925714
      ],
      [
       -77.0436698,
       38.9928737
      ],
      [
       -77.0436323,
       38.9929675
      ],
      [
       -77.0436323,
       38.9929675
      ],
      [
       -77.0434204,
       38.9932469
      ]
     ]
    ]
   }
  },
  {
   "type": "Feature",
   "properties": {
    "name": "Park View"
   },
   "geometry": {
    "type": "Polygon",
    "coordinates": [
     [
      [
       -77.0247442,
       38.9269651
      ],
      [
       -77.025919,
       38.9268483
      ],
      [
       -77.0263052,
       38.9295525
      ],
      [
       -77.02667,
       38.9320563
      ],
      [
       -77.0267665,
       38.932724
      ],
      [
       -77.0267451,
       38.9329994
      ],
      [
       -77.0264983,
       38.9332831
      ],
      [
       -77.0242023,
       38.9363293
      ],
      [
       -77.0235693,
       38.9365129
      ],
      [
       -77.0214128,
       38.9370386
      ],
      [
       -77.0197392,
       38.9372472
      ],
      [
       -77.019031,
       38.9374141
      ],
      [
       -77.0192456,
       38.9369218
      ],
      [
       -77.0192242,
       38.9361123
      ],
      [
       -77.0191866,
       38.9342304
      ],
      [
       -77.0189613,
       38.9332706
      ],
      [
       -77.018205,
       38.930212
      ],
      [
       -77.0180064,
       38.9294106
      ],
      [
       -77.01798,
       38.929068
      ],
      [
       -77.0179743,
       38.928939
      ],
      [
       -77.0180869,
       38.9287387
      ],
      [
       -77.018221,
       38.9285426
      ],
      [
       -77.0183069,
       38.9284341
      ],
      [
       -77.0185268,
       38.9282463
      ],
      [
       -77.0187306,
       38.9281503
      ],
      [
       -77.0190525,
       38.9280919
      ],
      [
       -77.0199537,
       38.9280043
      ],
      [
       -77.0201522,
       38.9279333
      ],
      [
       -77.0203292,
       38.9278332
      ],
      [
       -77.020447,
       38.9277
      ],
      [
       -77.020512,
       38.927533
      ],
      [
       -77.0226306,
       38.9273366
      ],
      [
       -77.0228344,
       38.9272865
      ],
      [
       -77.0229793,
       38.927228
      ],
      [
       -77.0230973,
       38.9271613
      ],
      [
       -77.023343,
       38.927093
      ],
      [
       -77.0236927,
       38.9270653
      ],
      [
       -77.0236927,
       38.9270653
      ],
      [
       -77.0247442,
       38.9269651
      ]
     ]
    ]
   }
  },
  {
   "type": "Feature",
   "properties": {
    "name": "Penn Quarter"
   },
   "geometry": {
    "type": "Polygon",
    "coordinates": [
     [
      [
       -77.0296688,
       38.895517
      ],
      [
       -77.0298725,
       38.8955545
      ],
      [
       -77.0336224,
       38.8955755
      ],
      [
       -77.0336652,
       38.8987318
      ],
      [
       -77.0241058,
       38.9020382
      ],
      [
       -77.0239878,
       38.9020966
      ],
      [
       -77.0229363,
       38.9021217
      ],
      [
       -77.0229365,
       38.8997337
      ],
      [
       -77.0229794,
       38.8984645
      ],
      [
       -77.0219185,
       38.8984604
      ],
      [
       -77.0219278,
       38.897354
      ],
      [
       -77.0199109,
       38.8973372
      ],
      [
       -77.0198947,
       38.8947947
      ],
      [
       -77.0199189,
       38.892824
      ],
      [
       -77.0294809,
       38.8954627
      ],
      [
       -77.0294809,
       38.8954627
      ],
      [
       -77.0296688,
       38.895517
      ]
     ]
    ]
   }
  },
  {
   "type": "Feature",
   "properties": {
    "name": "Petworth"
   },
   "geometry": {
    "type": "Polygon",
    "coordinates": [
     [
      [
       -77.0242023,
       38.9363042
      ],
      [
       -77.0244062,
       38.9371304
      ],
      [
       -77.0245779,
       38.9383738
      ],
      [
       -77.0246959,
       38.9389163
      ],
      [
       -77.0263159,
       38.945108
      ],
      [
       -77.0265627,
       38.9460927
      ],
      [
       -77.0266914,
       38.9467185
      ],
      [
       -77.0277321,
       38.9543947
      ],
      [
       -77.0279896,
       38.9562135
      ],
      [
       -77.0090854,
       38.9567808
      ],
      [
       -77.0090961,
       38.9531432
      ],
      [
       -77.0090854,
       38.9528679
      ],
      [
       -77.0090532,
       38.9524423
      ],
      [
       -77.008624,
       38.94656
      ],
      [
       -77.0087957,
       38.9461678
      ],
      [
       -77.0089996,
       38.9458841
      ],
      [
       -77.0093644,
       38.9455753
      ],
      [
       -77.0105875,
       38.944816
      ],
      [
       -77.0109844,
       38.9445907
      ],
      [
       -77.011317,
       38.9444321
      ],
      [
       -77.0116282,
       38.9442653
      ],
      [
       -77.0120144,
       38.9439649
      ],
      [
       -77.0121968,
       38.9437646
      ],
      [
       -77.0123041,
       38.9435226
      ],
      [
       -77.0125401,
       38.9429719
      ],
      [
       -77.0126796,
       38.9427132
      ],
      [
       -77.012862,
       38.9425213
      ],
      [
       -77.0133018,
       38.9421374
      ],
      [
       -77.0139349,
       38.9415366
      ],
      [
       -77.0143533,
       38.9411193
      ],
      [
       -77.0146215,
       38.9407188
      ],
      [
       -77.0150292,
       38.9400929
      ],
      [
       -77.0152545,
       38.9397675
      ],
      [
       -77.0172286,
       38.93799
      ],
      [
       -77.017529,
       38.937798
      ],
      [
       -77.0179582,
       38.9376562
      ],
      [
       -77.018677,
       38.9374976
      ],
      [
       -77.019192,
       38.9373724
      ],
      [
       -77.0197499,
       38.9372389
      ],
      [
       -77.0202971,
       38.9371721
      ],
      [
       -77.021091,
       38.937072
      ],
      [
       -77.0216274,
       38.9369885
      ],
      [
       -77.0231295,
       38.9366213
      ],
      [
       -77.0231295,
       38.9366213
      ],
      [
       -77.0242023,
       38.9363042
      ]
     ]
    ]
   }
  },
  {
   "type": "Feature",
   "properties": {
    "name": "President's Park"
   },
   "geometry": {
    "type": "Polygon",
    "coordinates": [
     [
      [
       -77.0336491,
       38.8921393
      ],
      [
       -77.039448,
       38.8921393
      ],
      [
       -77.039448,
       38.898605
      ],
      [
       -77.0336491,
       38.898605
      ],
      [
       -77.0336491,
       38.8921393
      ]
     ]
    ]
   }
  },
  {
   "type": "Feature",
   "properties": {
    "name": "Randle Highlands"
   },
   "geometry": {
    "type": "Polygon",
    "coordinates": [
     [
      [
       -76.974914,
       38.8713724
      ],
      [
       -76.9707298,
       38.8734273
      ],
      [
       -76.9603872,
       38.8692508
      ],
      [
       -76.9597006,
       38.8656755
      ],
      [
       -76.9656014,
       38.8656755
      ],
      [
       -76.9660735,
       38.8659094
      ],
      [
       -76.9664168,
       38.8654082
      ],
      [
       -76.9677686,
       38.8661099
      ],
      [
       -76.9680476,
       38.8659261
      ],
      [
       -76.9701719,
       38.8662268
      ],
      [
       -76.9701719,
       38.8668283
      ],
      [
       -76.9702792,
       38.8673295
      ],
      [
       -76.9704938,
       38.8679476
      ],
      [
       -76.9707727,
       38.8684822
      ],
      [
       -76.971159,
       38.8688665
      ],
      [
       -76.971159,
       38.8688665
      ],
      [
       -76.974914,
       38.8713724
      ]
     ]
    ]
   }
  },
  {
   "type": "Feature",
   "properties": {
    "name": "River Terrace"
   },
   "geometry": {
    "type": "Polygon",
    "coordinates": [
     [
      [
       -76.9522119,
       38.8956381
      ],
      [
       -76.9537354,
       38.8942436
      ],
      [
       -76.956954,
       38.8909159
      ],
      [
       -76.9577372,
       38.8903147
      ],
      [
       -76.9581503,
       38.8900474
      ],
      [
       -76.9586116,
       38.8898303
      ],
      [
       -76.9625115,
       38.8898428
      ],
      [
       -76.9625759,
       38.8901811
      ],
      [
       -76.9629514,
       38.890632
      ],
      [
       -76.9624364,
       38.8932541
      ],
      [
       -76.962018,
       38.8944565
      ],
      [
       -76.9617391,
       38.895684
      ],
      [
       -76.9615138,
       38.8958928
      ],
      [
       -76.9611382,
       38.8960598
      ],
      [
       -76.9612455,
       38.896352
      ],
      [
       -76.9612563,
       38.8969532
      ],
      [
       -76.9601941,
       38.8968697
      ],
      [
       -76.9601941,
       38.8968697
      ],
      [
       -76.9522119,
       38.8956381
      ]
     ]
    ]
   }
  },
  {
   "type": "Feature",
   "properties": {
    "name": "Rock Creek Gardens"
   },
   "geometry": {
    "type": "Polygon",
    "coordinates": [
     [
      [
       -77.0439863,
       38.9848994
      ],
      [
       -77.0442733,
       38.9849556
      ],
      [
       -77.0444611,
       38.9850307
      ],
      [
       -77.044571,
       38.985112
      ],
      [
       -77.0447722,
       38.9854435
      ],
      [
       -77.0449519,
       38.9856061
      ],
      [
       -77.0453891,
       38.9858605
      ],
      [
       -77.046175,
       38.9861982
      ],
      [
       -77.0463011,
       38.9862837
      ],
      [
       -77.0464379,
       38.9864192
      ],
      [
       -77.0466578,
       38.9867361
      ],
      [
       -77.0468187,
       38.9868633
      ],
      [
       -77.0472854,
       38.9870364
      ],
      [
       -77.0474383,
       38.9871427
      ],
      [
       -77.0475832,
       38.987274
      ],
      [
       -77.0476314,
       38.9874179
      ],
      [
       -77.0476395,
       38.9876514
      ],
      [
       -77.0476234,
       38.9877994
      ],
      [
       -77.0476717,
       38.9880558
      ],
      [
       -77.0478326,
       38.9882226
      ],
      [
       -77.0481679,
       38.9884165
      ],
      [
       -77.0482993,
       38.9885583
      ],
      [
       -77.0483878,
       38.9887292
      ],
      [
       -77.0483932,
       38.9888189
      ],
      [
       -77.048535,
       38.989002
      ],
      [
       -77.048471,
       38.9899572
      ],
      [
       -77.0448714,
       38.9927945
      ],
      [
       -77.044858,
       38.9921295
      ],
      [
       -77.0448071,
       38.9910225
      ],
      [
       -77.0447508,
       38.9903429
      ],
      [
       -77.0446354,
       38.9899467
      ],
      [
       -77.0443994,
       38.9894693
      ],
      [
       -77.0438254,
       38.9885499
      ],
      [
       -77.0436993,
       38.9882581
      ],
      [
       -77.043584,
       38.9879453
      ],
      [
       -77.0434874,
       38.9875492
      ],
      [
       -77.0433775,
       38.9872907
      ],
      [
       -77.04312,
       38.9869592
      ],
      [
       -77.0429349,
       38.986757
      ],
      [
       -77.042731,
       38.9864484
      ],
      [
       -77.0426559,
       38.9863275
      ],
      [
       -77.0426399,
       38.9862337
      ],
      [
       -77.0426399,
       38.9859731
      ],
      [
       -77.0427874,
       38.9849077
      ],
      [
       -77.0427874,
       38.9849077
      ],
      [
       -77.0439863,
       38.9848994
      ]
     ]
    ]
   }
  },
  {
   "type": "Feature",
   "properties": {
    "name": "Rock Creek Park"
   },
   "geometry": {
    "type": "Polygon",
    "coordinates": [
     [
      [
       -77.0576442,
       38.9549869
      ],
      [
       -77.0575477,
       38.9552205
      ],
      [
       -77.0575368,
       38.9553873
      ],
      [
       -77.0576119,
       38.9555458
      ],
      [
       -77.0578266,
       38.955721
      ],
      [
       -77.058127,
       38.9558546
      ],
      [
       -77.0583415,
       38.9559546
      ],
      [
       -77.0584274,
       38.9561382
      ],
      [
       -77.0584488,
       38.9563052
      ],
      [
       -77.0583094,
       38.9565637
      ],
      [
       -77.058127,
       38.9566889
      ],
      [
       -77.057891,
       38.9567307
      ],
      [
       -77.0575262,
       38.9567139
      ],
      [
       -77.0572794,
       38.9568307
      ],
      [
       -77.0571722,
       38.9570392
      ],
      [
       -77.0570434,
       38.957423
      ],
      [
       -77.0569682,
       38.9577485
      ],
      [
       -77.0568074,
       38.9579571
      ],
      [
       -77.0566357,
       38.9581155
      ],
      [
       -77.0563138,
       38.9583158
      ],
      [
       -77.0561422,
       38.958516
      ],
      [
       -77.0559813,
       38.9588079
      ],
      [
       -77.0560081,
       38.9591875
      ],
      [
       -77.0561743,
       38.9600259
      ],
      [
       -77.0561529,
       38.9609061
      ],
      [
       -77.0555145,
       38.9608977
      ],
      [
       -77.0547151,
       38.9610108
      ],
      [
       -77.0533043,
       38.9612606
      ],
      [
       -77.0525801,
       38.9615276
      ],
      [
       -77.0531381,
       38.9635132
      ],
      [
       -77.0532882,
       38.9637467
      ],
      [
       -77.0535244,
       38.9640471
      ],
      [
       -77.0538354,
       38.9644642
      ],
      [
       -77.0540714,
       38.9647227
      ],
      [
       -77.0543075,
       38.9650063
      ],
      [
       -77.0543826,
       38.9651564
      ],
      [
       -77.054447,
       38.965365
      ],
      [
       -77.0544685,
       38.9655653
      ],
      [
       -77.0540607,
       38.9676674
      ],
      [
       -77.052312,
       38.9785274
      ],
      [
       -77.0521617,
       38.979645
      ],
      [
       -77.052194,
       38.9800036
      ],
      [
       -77.0522046,
       38.9803373
      ],
      [
       -77.052269,
       38.9806959
      ],
      [
       -77.0525801,
       38.9824389
      ],
      [
       -77.052827,
       38.9837648
      ],
      [
       -77.0531271,
       38.9843319
      ],
      [
       -77.0534599,
       38.9848137
      ],
      [
       -77.0537871,
       38.9850826
      ],
      [
       -77.0542699,
       38.9853683
      ],
      [
       -77.0484817,
       38.9899446
      ],
      [
       -77.0485353,
       38.9890106
      ],
      [
       -77.0484228,
       38.988627
      ],
      [
       -77.0478433,
       38.9882392
      ],
      [
       -77.0476879,
       38.9880599
      ],
      [
       -77.0476288,
       38.9878056
      ],
      [
       -77.0476396,
       38.9875095
      ],
      [
       -77.0476235,
       38.9873468
      ],
      [
       -77.0475752,
       38.9872551
      ],
      [
       -77.0473847,
       38.9871009
      ],
      [
       -77.0472559,
       38.9870257
      ],
      [
       -77.046819,
       38.9868669
      ],
      [
       -77.0466658,
       38.9867401
      ],
      [
       -77.0465693,
       38.9865879
      ],
      [
       -77.0464406,
       38.986419
      ],
      [
       -77.0463199,
       38.9862981
      ],
      [
       -77.0461965,
       38.9862085
      ],
      [
       -77.0460705,
       38.9861377
      ],
      [
       -77.0455688,
       38.9859188
      ],
      [
       -77.0453864,
       38.9858625
      ],
      [
       -77.0450994,
       38.9857019
      ],
      [
       -77.0449519,
       38.9856144
      ],
      [
       -77.0447829,
       38.9854476
      ],
      [
       -77.0445737,
       38.9851077
      ],
      [
       -77.044445,
       38.9850202
      ],
      [
       -77.0442654,
       38.984945
      ],
      [
       -77.043989,
       38.9848951
      ],
      [
       -77.0427821,
       38.9849158
      ],
      [
       -77.0426452,
       38.98595
      ],
      [
       -77.0426372,
       38.9862107
      ],
      [
       -77.042648,
       38.9863106
      ],
      [
       -77.0421758,
       38.9864378
      ],
      [
       -77.0420525,
       38.9864566
      ],
      [
       -77.0419452,
       38.98644
      ],
      [
       -77.0416018,
       38.9862439
      ],
      [
       -77.041406,
       38.9861063
      ],
      [
       -77.0412693,
       38.9860104
      ],
      [
       -77.0414222,
       38.9857143
      ],
      [
       -77.0414464,
       38.9853621
      ],
      [
       -77.0400248,
       38.9851097
      ],
      [
       -77.0391853,
       38.9839902
      ],
      [
       -77.0399415,
       38.983519
      ],
      [
       -77.0393864,
       38.9829768
      ],
      [
       -77.0390671,
       38.9824973
      ],
      [
       -77.0389278,
       38.9817656
      ],
      [
       -77.0388634,
       38.981678
      ],
      [
       -77.03885,
       38.9814069
      ],
      [
       -77.0388232,
       38.9812798
      ],
      [
       -77.0387856,
       38.9812172
      ],
      [
       -77.0387238,
       38.9811526
      ],
      [
       -77.0386542,
       38.9811108
      ],
      [
       -77.0385012,
       38.9810796
      ],
      [
       -77.0364065,
       38.9808585
      ],
      [
       -77.0364225,
       38.9705368
      ],
      [
       -77.0380105,
       38.9702782
      ],
      [
       -77.0383215,
       38.9702283
      ],
      [
       -77.0384933,
       38.9701615
      ],
      [
       -77.0384825,
       38.9700614
      ],
      [
       -77.0384289,
       38.9699614
      ],
      [
       -77.0383751,
       38.9698862
      ],
      [
       -77.0381821,
       38.9697944
      ],
      [
       -77.0381525,
       38.9683118
      ],
      [
       -77.0380105,
       38.9681513
      ],
      [
       -77.0378709,
       38.9679427
      ],
      [
       -77.0377851,
       38.9677091
      ],
      [
       -77.0377207,
       38.9674588
      ],
      [
       -77.0375383,
       38.9671669
      ],
      [
       -77.0372057,
       38.9666915
      ],
      [
       -77.0370341,
       38.9664329
      ],
      [
       -77.0367229,
       38.9661992
      ],
      [
       -77.0364333,
       38.9660324
      ],
      [
       -77.0364547,
       38.9631252
      ],
      [
       -77.0364977,
       38.9630063
      ],
      [
       -77.0365432,
       38.9629521
      ],
      [
       -77.0365755,
       38.9629271
      ],
      [
       -77.0366291,
       38.9629145
      ],
      [
       -77.0366988,
       38.9629145
      ],
      [
       -77.0376189,
       38.9630669
      ],
      [
       -77.0383109,
       38.9631523
      ],
      [
       -77.0388928,
       38.9631856
      ],
      [
       -77.0390968,
       38.9631856
      ],
      [
       -77.0392334,
       38.9629875
      ],
      [
       -77.0389278,
       38.9629667
      ],
      [
       -77.0386676,
       38.9629187
      ],
      [
       -77.0388849,
       38.9625892
      ],
      [
       -77.0388339,
       38.9618717
      ],
      [
       -77.0383564,
       38.9616632
      ],
      [
       -77.0388687,
       38.9609959
      ],
      [
       -77.0377824,
       38.9605182
      ],
      [
       -77.0383859,
       38.9595546
      ],
      [
       -77.0388741,
       38.9588809
      ],
      [
       -77.0376965,
       38.9583908
      ],
      [
       -77.0385092,
       38.957277
      ],
      [
       -77.0364601,
       38.9564677
      ],
      [
       -77.0364654,
       38.9524755
      ],
      [
       -77.040258,
       38.949234
      ],
      [
       -77.0417011,
       38.9480159
      ],
      [
       -77.0455688,
       38.9439981
      ],
      [
       -77.0461965,
       38.9433221
      ],
      [
       -77.0464969,
       38.9429384
      ],
      [
       -77.0467329,
       38.9426546
      ],
      [
       -77.0468939,
       38.9422957
      ],
      [
       -77.0470871,
       38.9419954
      ],
      [
       -77.0473123,
       38.9417284
      ],
      [
       -77.0475805,
       38.9414614
      ],
      [
       -77.0477631,
       38.9410529
      ],
      [
       -77.0480633,
       38.94046
      ],
      [
       -77.0477736,
       38.9401512
      ],
      [
       -77.0466632,
       38.9388034
      ],
      [
       -77.0464111,
       38.9387326
      ],
      [
       -77.0460303,
       38.938695
      ],
      [
       -77.0458747,
       38.938695
      ],
      [
       -77.0457029,
       38.93872
      ],
      [
       -77.0455152,
       38.9388076
      ],
      [
       -77.0453007,
       38.9389746
      ],
      [
       -77.0451719,
       38.9391414
      ],
      [
       -77.0450968,
       38.9392958
      ],
      [
       -77.0450485,
       38.9394376
      ],
      [
       -77.0450324,
       38.9397506
      ],
      [
       -77.0441151,
       38.939759
      ],
      [
       -77.0441848,
       38.9393918
      ],
      [
       -77.0442815,
       38.9392582
      ],
      [
       -77.0444155,
       38.9391706
      ],
      [
       -77.0445819,
       38.9389912
      ],
      [
       -77.0447643,
       38.9387408
      ],
      [
       -77.0448394,
       38.9385072
      ],
      [
       -77.0452739,
       38.937948
      ],
      [
       -77.0457244,
       38.9376602
      ],
      [
       -77.0456923,
       38.9375558
      ],
      [
       -77.0456117,
       38.9374474
      ],
      [
       -77.0454831,
       38.9374056
      ],
      [
       -77.0452201,
       38.9374182
      ],
      [
       -77.0448447,
       38.9375308
      ],
      [
       -77.04382,
       38.937727
      ],
      [
       -77.0428706,
       38.9378438
      ],
      [
       -77.0418299,
       38.938065
      ],
      [
       -77.0416582,
       38.9383486
      ],
      [
       -77.0415402,
       38.9385156
      ],
      [
       -77.0415723,
       38.9397422
      ],
      [
       -77.0409662,
       38.9397464
      ],
      [
       -77.0409126,
       38.939254
      ],
      [
       -77.0407999,
       38.9390288
      ],
      [
       -77.0406282,
       38.9388076
      ],
      [
       -77.0403814,
       38.9385948
      ],
      [
       -77.0400435,
       38.938453
      ],
      [
       -77.0396894,
       38.9384696
      ],
      [
       -77.0394802,
       38.9385948
      ],
      [
       -77.0391583,
       38.938524
      ],
      [
       -77.0387722,
       38.9385824
      ],
      [
       -77.0386649,
       38.9387116
      ],
      [
       -77.0385201,
       38.9390142
      ],
      [
       -77.0384718,
       38.9391748
      ],
      [
       -77.0384127,
       38.9392958
      ],
      [
       -77.0383215,
       38.939348
      ],
      [
       -77.0382063,
       38.9393522
      ],
      [
       -77.0380668,
       38.9393146
      ],
      [
       -77.0379943,
       38.9392332
      ],
      [
       -77.0377797,
       38.9389788
      ],
      [
       -77.0373238,
       38.9389162
      ],
      [
       -77.0368946,
       38.9389244
      ],
      [
       -77.0364869,
       38.9389182
      ],
      [
       -77.0348508,
       38.9408104
      ],
      [
       -77.0344537,
       38.940798
      ],
      [
       -77.0344913,
       38.9394252
      ],
      [
       -77.0344269,
       38.937898
      ],
      [
       -77.036503,
       38.937923
      ],
      [
       -77.0365245,
       38.9368466
      ],
      [
       -77.0376295,
       38.936834
      ],
      [
       -77.0385575,
       38.9366796
      ],
      [
       -77.0392121,
       38.9360704
      ],
      [
       -77.0391853,
       38.9354195
      ],
      [
       -77.0399202,
       38.9354529
      ],
      [
       -77.0411378,
       38.9352609
      ],
      [
       -77.0420123,
       38.9354279
      ],
      [
       -77.0430315,
       38.9354195
      ],
      [
       -77.0434928,
       38.9353861
      ],
      [
       -77.0438791,
       38.9353109
      ],
      [
       -77.0441043,
       38.9351733
      ],
      [
       -77.0443028,
       38.9353277
      ],
      [
       -77.0446623,
       38.9353945
      ],
      [
       -77.0451827,
       38.9354319
      ],
      [
       -77.0455849,
       38.9352775
      ],
      [
       -77.0454937,
       38.9350981
      ],
      [
       -77.0454616,
       38.9348979
      ],
      [
       -77.0454347,
       38.9346893
      ],
      [
       -77.0454563,
       38.9344806
      ],
      [
       -77.0457029,
       38.9337086
      ],
      [
       -77.0463789,
       38.9344346
      ],
      [
       -77.0471192,
       38.9342176
      ],
      [
       -77.0469851,
       38.933742
      ],
      [
       -77.0474411,
       38.9335834
      ],
      [
       -77.0473444,
       38.9333706
      ],
      [
       -77.0475752,
       38.9332662
      ],
      [
       -77.047484,
       38.932632
      ],
      [
       -77.0467973,
       38.9325485
      ],
      [
       -77.0454563,
       38.931138
      ],
      [
       -77.0436431,
       38.9291977
      ],
      [
       -77.0435303,
       38.92911
      ],
      [
       -77.0436859,
       38.9286676
      ],
      [
       -77.0435358,
       38.928146
      ],
      [
       -77.0434284,
       38.927975
      ],
      [
       -77.0431414,
       38.9278873
      ],
      [
       -77.042959,
       38.9278185
      ],
      [
       -77.0427392,
       38.9277037
      ],
      [
       -77.0429243,
       38.9275493
      ],
      [
       -77.0436537,
       38.9269482
      ],
      [
       -77.0444369,
       38.9261929
      ],
      [
       -77.0446032,
       38.9257004
      ],
      [
       -77.0446944,
       38.9254292
      ],
      [
       -77.0447749,
       38.9251997
      ],
      [
       -77.0448124,
       38.925087
      ],
      [
       -77.0449519,
       38.9249284
      ],
      [
       -77.0450056,
       38.9248699
      ],
      [
       -77.0451987,
       38.9247239
      ],
      [
       -77.0454187,
       38.9246237
      ],
      [
       -77.0460303,
       38.9244903
      ],
      [
       -77.0472587,
       38.9242022
      ],
      [
       -77.047366,
       38.924123
      ],
      [
       -77.0474356,
       38.9240144
      ],
      [
       -77.0474411,
       38.9237014
      ],
      [
       -77.0474356,
       38.9235471
      ],
      [
       -77.0475055,
       38.9232633
      ],
      [
       -77.0475161,
       38.9226456
      ],
      [
       -77.0475912,
       38.9224328
      ],
      [
       -77.0479345,
       38.9221739
      ],
      [
       -77.04831,
       38.9217106
      ],
      [
       -77.0485193,
       38.921502
      ],
      [
       -77.0485836,
       38.9211973
      ],
      [
       -77.0482725,
       38.920371
      ],
      [
       -77.049088,
       38.9194778
      ],
      [
       -77.0492651,
       38.9193528
      ],
      [
       -77.0500371,
       38.9190858
      ],
      [
       -77.0507456,
       38.9189353
      ],
      [
       -77.0514108,
       38.9188767
      ],
      [
       -77.0521081,
       38.9188935
      ],
      [
       -77.0523977,
       38.9189435
      ],
      [
       -77.0532131,
       38.9189435
      ],
      [
       -77.053535,
       38.9189019
      ],
      [
       -77.0540714,
       38.9187767
      ],
      [
       -77.0544791,
       38.9185596
      ],
      [
       -77.0550854,
       38.9180421
      ],
      [
       -77.0553965,
       38.9180379
      ],
      [
       -77.0557345,
       38.9179919
      ],
      [
       -77.0559866,
       38.9179837
      ],
      [
       -77.0563246,
       38.9179461
      ],
      [
       -77.0566034,
       38.9177875
      ],
      [
       -77.0569682,
       38.917466
      ],
      [
       -77.057215,
       38.917249
      ],
      [
       -77.0574403,
       38.9169569
      ],
      [
       -77.0576442,
       38.9166856
      ],
      [
       -77.0577514,
       38.9164518
      ],
      [
       -77.0578051,
       38.9162347
      ],
      [
       -77.0577943,
       38.9160803
      ],
      [
       -77.0577192,
       38.9159427
      ],
      [
       -77.0574671,
       38.915688
      ],
      [
       -77.0571238,
       38.915521
      ],
      [
       -77.0569254,
       38.9154584
      ],
      [
       -77.0563138,
       38.9150161
      ],
      [
       -77.0557934,
       38.9146904
      ],
      [
       -77.0555789,
       38.9148574
      ],
      [
       -77.054565,
       38.9141854
      ],
      [
       -77.0544738,
       38.914248
      ],
      [
       -77.054029,
       38.9139429
      ],
      [
       -77.0523977,
       38.9127537
      ],
      [
       -77.0517165,
       38.9122988
      ],
      [
       -77.0517756,
       38.9120901
      ],
      [
       -77.0516844,
       38.9119147
      ],
      [
       -77.0515288,
       38.911756
      ],
      [
       -77.0513088,
       38.9116642
      ],
      [
       -77.0512229,
       38.9116642
      ],
      [
       -77.0511961,
       38.9113137
      ],
      [
       -77.0509199,
       38.9111467
      ],
      [
       -77.050885,
       38.9110674
      ],
      [
       -77.050496,
       38.9108502
      ],
      [
       -77.0501742,
       38.9105205
      ],
      [
       -77.0499248,
       38.9103577
      ],
      [
       -77.0496673,
       38.910174
      ],
      [
       -77.04945,
       38.9100113
      ],
      [
       -77.0493212,
       38.9098443
      ],
      [
       -77.0493321,
       38.9097609
      ],
      [
       -77.0493374,
       38.9096376
      ],
      [
       -77.0493455,
       38.9085587
      ],
      [
       -77.0493616,
       38.9083791
      ],
      [
       -77.0495546,
       38.9081162
      ],
      [
       -77.0496941,
       38.9079868
      ],
      [
       -77.0510781,
       38.9079951
      ],
      [
       -77.0510942,
       38.9085169
      ],
      [
       -77.0530629,
       38.9085127
      ],
      [
       -77.053079,
       38.908162
      ],
      [
       -77.0536047,
       38.9077739
      ],
      [
       -77.0539481,
       38.9073856
      ],
      [
       -77.0540501,
       38.9071309
      ],
      [
       -77.0542914,
       38.9065131
      ],
      [
       -77.0543987,
       38.9062376
      ],
      [
       -77.0547366,
       38.90567
      ],
      [
       -77.0548024,
       38.9043373
      ],
      [
       -77.0548037,
       38.90431
      ],
      [
       -77.0548225,
       38.9042955
      ],
      [
       -77.0548493,
       38.9042955
      ],
      [
       -77.0554099,
       38.9044937
      ],
      [
       -77.0554823,
       38.9045095
      ],
      [
       -77.0555253,
       38.9045073
      ],
      [
       -77.0555761,
       38.9045052
      ],
      [
       -77.0556472,
       38.9043738
      ],
      [
       -77.0556124,
       38.9043404
      ],
      [
       -77.0555735,
       38.904309
      ],
      [
       -77.0554099,
       38.9042527
      ],
      [
       -77.0556687,
       38.9037852
      ],
      [
       -77.0559196,
       38.9037841
      ],
      [
       -77.0559181,
       38.9036934
      ],
      [
       -77.0553509,
       38.9037007
      ],
      [
       -77.0553267,
       38.9036965
      ],
      [
       -77.0553106,
       38.903685
      ],
      [
       -77.0553039,
       38.9036724
      ],
      [
       -77.0553267,
       38.9036546
      ],
      [
       -77.0553843,
       38.9036088
      ],
      [
       -77.0554299,
       38.903544
      ],
      [
       -77.0554569,
       38.9034657
      ],
      [
       -77.0554581,
       38.9034063
      ],
      [
       -77.0554487,
       38.9033573
      ],
      [
       -77.0554193,
       38.9032842
      ],
      [
       -77.0553441,
       38.9031517
      ],
      [
       -77.0552919,
       38.9030326
      ],
      [
       -77.0552651,
       38.9029335
      ],
      [
       -77.055245,
       38.9028313
      ],
      [
       -77.0552381,
       38.9027184
      ],
      [
       -77.0552824,
       38.9028355
      ],
      [
       -77.0553362,
       38.9029481
      ],
      [
       -77.0554207,
       38.9030587
      ],
      [
       -77.0555172,
       38.9031422
      ],
      [
       -77.055611,
       38.903209
      ],
      [
       -77.0557116,
       38.9032643
      ],
      [
       -77.0558028,
       38.9033008
      ],
      [
       -77.0559141,
       38.9033395
      ],
      [
       -77.0560187,
       38.9033656
      ],
      [
       -77.0561529,
       38.9033854
      ],
      [
       -77.0562923,
       38.9033949
      ],
      [
       -77.0564775,
       38.9033843
      ],
      [
       -77.0566544,
       38.9033468
      ],
      [
       -77.05681,
       38.9032904
      ],
      [
       -77.0570755,
       38.9031672
      ],
      [
       -77.0574793,
       38.9029731
      ],
      [
       -77.0576576,
       38.9029023
      ],
      [
       -77.0578125,
       38.9028479
      ],
      [
       -77.0581229,
       38.9027738
      ],
      [
       -77.0583066,
       38.9027401
      ],
      [
       -77.058482,
       38.9027175
      ],
      [
       -77.0584791,
       38.9024548
      ],
      [
       -77.0583157,
       38.9024159
      ],
      [
       -77.0581584,
       38.9023644
      ],
      [
       -77.0580258,
       38.9023016
      ],
      [
       -77.0577192,
       38.9021581
      ],
      [
       -77.0574832,
       38.9020548
      ],
      [
       -77.057266,
       38.901988
      ],
      [
       -77.057046,
       38.901943
      ],
      [
       -77.0568007,
       38.9019023
      ],
      [
       -77.056535,
       38.9018574
      ],
      [
       -77.056342,
       38.9018136
      ],
      [
       -77.05622,
       38.9017718
      ],
      [
       -77.0560845,
       38.9017134
      ],
      [
       -77.0559517,
       38.9016414
      ],
      [
       -77.0558511,
       38.9015704
      ],
      [
       -77.0557412,
       38.9014775
      ],
      [
       -77.0556244,
       38.9013502
      ],
      [
       -77.0551912,
       38.9006676
      ],
      [
       -77.0551108,
       38.9005634
      ],
      [
       -77.0548345,
       38.9002732
      ],
      [
       -77.0548707,
       38.9002481
      ],
      [
       -77.0551524,
       38.9005154
      ],
      [
       -77.0552664,
       38.9006041
      ],
      [
       -77.0553643,
       38.9006594
      ],
      [
       -77.0554662,
       38.9007001
      ],
      [
       -77.0555601,
       38.9007271
      ],
      [
       -77.0556539,
       38.9007417
      ],
      [
       -77.0556768,
       38.9007512
      ],
      [
       -77.0556821,
       38.9007616
      ],
      [
       -77.0557613,
       38.9007605
      ],
      [
       -77.0557788,
       38.9007481
      ],
      [
       -77.0559061,
       38.9007459
      ],
      [
       -77.0559852,
       38.900747
      ],
      [
       -77.0560108,
       38.9007543
      ],
      [
       -77.0560201,
       38.9007742
      ],
      [
       -77.0560215,
       38.9008378
      ],
      [
       -77.0560215,
       38.900974
      ],
      [
       -77.0560067,
       38.9010001
      ],
      [
       -77.0559826,
       38.9010105
      ],
      [
       -77.0559799,
       38.9010618
      ],
      [
       -77.0560094,
       38.9010585
      ],
      [
       -77.0560215,
       38.90107
      ],
      [
       -77.0560201,
       38.901138
      ],
      [
       -77.0560349,
       38.9011702
      ],
      [
       -77.0560697,
       38.9012048
      ],
      [
       -77.0560778,
       38.9012433
      ],
      [
       -77.0560831,
       38.9014238
      ],
      [
       -77.0560563,
       38.9014823
      ],
      [
       -77.0559973,
       38.9015398
      ],
      [
       -77.0559236,
       38.9015659
      ],
      [
       -77.0558578,
       38.9015732
      ],
      [
       -77.0559531,
       38.9016409
      ],
      [
       -77.0560859,
       38.901714
      ],
      [
       -77.0561649,
       38.9017474
      ],
      [
       -77.0561663,
       38.9015471
      ],
      [
       -77.0561931,
       38.9014384
      ],
      [
       -77.0562051,
       38.9008399
      ],
      [
       -77.0562454,
       38.9007897
      ],
      [
       -77.056287,
       38.9007616
      ],
      [
       -77.0563821,
       38.9007459
      ],
      [
       -77.0565029,
       38.9007523
      ],
      [
       -77.0566262,
       38.9007762
      ],
      [
       -77.0567511,
       38.9008336
      ],
      [
       -77.0568663,
       38.9008948
      ],
      [
       -77.0570233,
       38.900997
      ],
      [
       -77.0570824,
       38.9010565
      ],
      [
       -77.0571265,
       38.9011222
      ],
      [
       -77.0571454,
       38.9011953
      ],
      [
       -77.0571533,
       38.9012736
      ],
      [
       -77.0571533,
       38.9014104
      ],
      [
       -77.0571439,
       38.9015345
      ],
      [
       -77.0571198,
       38.9017047
      ],
      [
       -77.0570903,
       38.9018319
      ],
      [
       -77.0570501,
       38.9019436
      ],
      [
       -77.0571198,
       38.9019562
      ],
      [
       -77.0571667,
       38.9018153
      ],
      [
       -77.0572071,
       38.9016431
      ],
      [
       -77.0572258,
       38.9015052
      ],
      [
       -77.0572325,
       38.9014072
      ],
      [
       -77.057215,
       38.9011107
      ],
      [
       -77.0572325,
       38.9011107
      ],
      [
       -77.0572553,
       38.9014031
      ],
      [
       -77.0572473,
       38.9015033
      ],
      [
       -77.0572232,
       38.901665
      ],
      [
       -77.0571882,
       38.901808
      ],
      [
       -77.0571427,
       38.9019603
      ],
      [
       -77.0572526,
       38.9019832
      ],
      [
       -77.0572486,
       38.9019374
      ],
      [
       -77.0572567,
       38.9018821
      ],
      [
       -77.057305,
       38.9016493
      ],
      [
       -77.0573412,
       38.9014104
      ],
      [
       -77.0573625,
       38.9012537
      ],
      [
       -77.0573465,
       38.9011045
      ],
      [
       -77.0573411,
       38.9010482
      ],
      [
       -77.0573491,
       38.9010179
      ],
      [
       -77.0573746,
       38.9009929
      ],
      [
       -77.0574189,
       38.9009804
      ],
      [
       -77.057502,
       38.9009835
      ],
      [
       -77.0575008,
       38.9009291
      ],
      [
       -77.0574175,
       38.9009209
      ],
      [
       -77.0573558,
       38.9009229
      ],
      [
       -77.0572995,
       38.9009094
      ],
      [
       -77.0572553,
       38.9008843
      ],
      [
       -77.0572258,
       38.9008144
      ],
      [
       -77.0567162,
       38.8994241
      ],
      [
       -77.0565257,
       38.8988344
      ],
      [
       -77.0564613,
       38.8985766
      ],
      [
       -77.0564306,
       38.8983064
      ],
      [
       -77.0564426,
       38.8980788
      ],
      [
       -77.0564734,
       38.8978001
      ],
      [
       -77.0564038,
       38.8977949
      ],
      [
       -77.0563742,
       38.8980778
      ],
      [
       -77.0563662,
       38.8982468
      ],
      [
       -77.0563688,
       38.8984097
      ],
      [
       -77.0563782,
       38.8985119
      ],
      [
       -77.056401,
       38.8986403
      ],
      [
       -77.0564507,
       38.8988324
      ],
      [
       -77.0566491,
       38.8994272
      ],
      [
       -77.0568074,
       38.8998866
      ],
      [
       -77.0571466,
       38.9008029
      ],
      [
       -77.0571279,
       38.9008018
      ],
      [
       -77.0567859,
       38.8998939
      ],
      [
       -77.0566264,
       38.8994283
      ],
      [
       -77.0564265,
       38.8988302
      ],
      [
       -77.0563768,
       38.8986392
      ],
      [
       -77.056354,
       38.8985213
      ],
      [
       -77.0563433,
       38.8984075
      ],
      [
       -77.056338,
       38.8982468
      ],
      [
       -77.0563447,
       38.8980756
      ],
      [
       -77.0563755,
       38.8977928
      ],
      [
       -77.0563863,
       38.897727
      ],
      [
       -77.0563957,
       38.8977187
      ],
      [
       -77.0564117,
       38.897726
      ],
      [
       -77.056405,
       38.8977949
      ],
      [
       -77.0564747,
       38.8977991
      ],
      [
       -77.0564895,
       38.8976781
      ],
      [
       -77.0566585,
       38.8976812
      ],
      [
       -77.0566303,
       38.8982772
      ],
      [
       -77.0566357,
       38.8984263
      ],
      [
       -77.0566532,
       38.8985839
      ],
      [
       -77.0566611,
       38.8986277
      ],
      [
       -77.056688,
       38.8986246
      ],
      [
       -77.0569038,
       38.8988234
      ],
      [
       -77.0570448,
       38.8989545
      ],
      [
       -77.0571305,
       38.8990494
      ],
      [
       -77.0571547,
       38.8990359
      ],
      [
       -77.0573907,
       38.8992979
      ],
      [
       -77.0574403,
       38.8993626
      ],
      [
       -77.0572902,
       38.900127
      ],
      [
       -77.0585534,
       38.9012208
      ],
      [
       -77.0581378,
       38.9020032
      ],
      [
       -77.0583041,
       38.9020888
      ],
      [
       -77.0583094,
       38.9022442
      ],
      [
       -77.0589155,
       38.9022369
      ],
      [
       -77.0589182,
       38.9023214
      ],
      [
       -77.0590443,
       38.9023205
      ],
      [
       -77.0590496,
       38.902446
      ],
      [
       -77.0590443,
       38.9024712
      ],
      [
       -77.0590242,
       38.9024909
      ],
      [
       -77.0588257,
       38.9024878
      ],
      [
       -77.058607,
       38.9024722
      ],
      [
       -77.0584791,
       38.9024548
      ],
      [
       -77.0584823,
       38.9027177
      ],
      [
       -77.0583063,
       38.9027407
      ],
      [
       -77.0581227,
       38.9027743
      ],
      [
       -77.0578118,
       38.9028482
      ],
      [
       -77.0576579,
       38.9029036
      ],
      [
       -77.0571586,
       38.9034542
      ],
      [
       -77.0571064,
       38.9035325
      ],
      [
       -77.0570728,
       38.9036192
      ],
      [
       -77.0570702,
       38.9036901
      ],
      [
       -77.0571051,
       38.9037956
      ],
      [
       -77.0571801,
       38.9038802
      ],
      [
       -77.0573357,
       38.9038853
      ],
      [
       -77.0580277,
       38.903878
      ],
      [
       -77.0580344,
       38.9040691
      ],
      [
       -77.0571157,
       38.9040899
      ],
      [
       -77.0571305,
       38.9044906
      ],
      [
       -77.0570554,
       38.9044949
      ],
      [
       -77.0570661,
       38.904813
      ],
      [
       -77.0570568,
       38.9048423
      ],
      [
       -77.0570286,
       38.9048496
      ],
      [
       -77.0567739,
       38.9047683
      ],
      [
       -77.0568636,
       38.9047254
      ],
      [
       -77.0568248,
       38.90469
      ],
      [
       -77.0567899,
       38.9047066
      ],
      [
       -77.0567336,
       38.9047223
      ],
      [
       -77.0566719,
       38.9047254
      ],
      [
       -77.0565766,
       38.9047035
      ],
      [
       -77.056507,
       38.9048299
      ],
      [
       -77.0562762,
       38.9052357
      ],
      [
       -77.0557774,
       38.90615
      ],
      [
       -77.0557881,
       38.9072937
      ],
      [
       -77.0551605,
       38.9072937
      ],
      [
       -77.0549995,
       38.9076319
      ],
      [
       -77.0547527,
       38.9081454
      ],
      [
       -77.0545865,
       38.9083291
      ],
      [
       -77.0542861,
       38.9085795
      ],
      [
       -77.0540929,
       38.908784
      ],
      [
       -77.0539534,
       38.908905
      ],
      [
       -77.0538354,
       38.9091347
      ],
      [
       -77.0538998,
       38.9094018
      ],
      [
       -77.0536047,
       38.9094602
      ],
      [
       -77.0531113,
       38.9095855
      ],
      [
       -77.0527357,
       38.9096439
      ],
      [
       -77.0524085,
       38.9096564
      ],
      [
       -77.0512658,
       38.9096398
      ],
      [
       -77.0512713,
       38.9099841
      ],
      [
       -77.0513356,
       38.910174
      ],
      [
       -77.0513785,
       38.9102596
      ],
      [
       -77.051518,
       38.9104286
      ],
      [
       -77.0516897,
       38.9105915
      ],
      [
       -77.0523441,
       38.9112803
      ],
      [
       -77.052505,
       38.9113887
      ],
      [
       -77.0526553,
       38.9114555
      ],
      [
       -77.0528001,
       38.9114847
      ],
      [
       -77.053523,
       38.9114795
      ],
      [
       -77.0534385,
       38.9121109
      ],
      [
       -77.0535055,
       38.9121672
      ],
      [
       -77.0537026,
       38.9122632
      ],
      [
       -77.0550425,
       38.9127056
      ],
      [
       -77.0553161,
       38.9129418
      ],
      [
       -77.0555145,
       38.9131429
      ],
      [
       -77.0556433,
       38.9132139
      ],
      [
       -77.0562923,
       38.9137065
      ],
      [
       -77.0576509,
       38.9146278
      ],
      [
       -77.0587278,
       38.9154876
      ],
      [
       -77.0598435,
       38.9126201
      ],
      [
       -77.0614636,
       38.9129331
      ],
      [
       -77.0623031,
       38.9130898
      ],
      [
       -77.0616354,
       38.9152373
      ],
      [
       -77.0620215,
       38.9154126
      ],
      [
       -77.0654012,
       38.9158048
      ],
      [
       -77.065766,
       38.9162973
      ],
      [
       -77.066313,
       38.9169735
      ],
      [
       -77.0666885,
       38.9168232
      ],
      [
       -77.067976,
       38.9187265
      ],
      [
       -77.0668843,
       38.9186639
      ],
      [
       -77.0664015,
       38.9186556
      ],
      [
       -77.0660126,
       38.9187202
      ],
      [
       -77.0658222,
       38.9187621
      ],
      [
       -77.0656827,
       38.9188205
      ],
      [
       -77.0656077,
       38.9188977
      ],
      [
       -77.0652671,
       38.9189415
      ],
      [
       -77.0651221,
       38.9189957
      ],
      [
       -77.065039,
       38.9190625
      ],
      [
       -77.0649667,
       38.9190814
      ],
      [
       -77.0645643,
       38.9185116
      ],
      [
       -77.0638321,
       38.9184678
      ],
      [
       -77.0637328,
       38.9183092
      ],
      [
       -77.0637007,
       38.9181297
      ],
      [
       -77.0637381,
       38.9172156
      ],
      [
       -77.0636899,
       38.9171321
      ],
      [
       -77.0635853,
       38.9170653
      ],
      [
       -77.061764,
       38.9170069
      ],
      [
       -77.0613053,
       38.9167336
      ],
      [
       -77.0610827,
       38.9166918
      ],
      [
       -77.0608951,
       38.9169151
      ],
      [
       -77.0609272,
       38.9170069
      ],
      [
       -77.060541,
       38.9171718
      ],
      [
       -77.059586,
       38.9180441
      ],
      [
       -77.0589852,
       38.9182423
      ],
      [
       -77.0578319,
       38.9191627
      ],
      [
       -77.0575073,
       38.9193088
      ],
      [
       -77.0573249,
       38.9193506
      ],
      [
       -77.0566437,
       38.9194694
      ],
      [
       -77.0557881,
       38.9199198
      ],
      [
       -77.0556996,
       38.9201436
      ],
      [
       -77.0554662,
       38.9204294
      ],
      [
       -77.0551766,
       38.9206485
      ],
      [
       -77.054903,
       38.9208112
      ],
      [
       -77.0546401,
       38.9209303
      ],
      [
       -77.0539963,
       38.9211139
      ],
      [
       -77.0529906,
       38.921648
      ],
      [
       -77.0527571,
       38.9217816
      ],
      [
       -77.0525212,
       38.9219673
      ],
      [
       -77.052387,
       38.9221405
      ],
      [
       -77.0523147,
       38.9222553
      ],
      [
       -77.0521778,
       38.9225204
      ],
      [
       -77.0503485,
       38.9231317
      ],
      [
       -77.0503325,
       38.9233487
      ],
      [
       -77.050303,
       38.9236013
      ],
      [
       -77.0496297,
       38.9235407
      ],
      [
       -77.0496512,
       38.924029
      ],
      [
       -77.0497209,
       38.9243838
      ],
      [
       -77.0502413,
       38.9253792
      ],
      [
       -77.0513222,
       38.9271652
      ],
      [
       -77.0514295,
       38.9272988
      ],
      [
       -77.0515528,
       38.927401
      ],
      [
       -77.0513168,
       38.9275847
      ],
      [
       -77.0510084,
       38.9277161
      ],
      [
       -77.0507241,
       38.9277559
      ],
      [
       -77.0503325,
       38.9278601
      ],
      [
       -77.0497934,
       38.9280333
      ],
      [
       -77.049273,
       38.9281001
      ],
      [
       -77.0490772,
       38.9280625
      ],
      [
       -77.0470467,
       38.9266561
      ],
      [
       -77.046623,
       38.9261407
      ],
      [
       -77.0464138,
       38.9259947
      ],
      [
       -77.0461965,
       38.9259697
      ],
      [
       -77.0460007,
       38.9259967
      ],
      [
       -77.0453972,
       38.9262659
      ],
      [
       -77.04485,
       38.926677
      ],
      [
       -77.0443727,
       38.9268482
      ],
      [
       -77.0441151,
       38.927132
      ],
      [
       -77.0439435,
       38.9275075
      ],
      [
       -77.0438791,
       38.9278915
      ],
      [
       -77.0438683,
       38.9281251
      ],
      [
       -77.0439435,
       38.9284256
      ],
      [
       -77.044083,
       38.928701
      ],
      [
       -77.0442224,
       38.9290182
      ],
      [
       -77.0444584,
       38.9293937
      ],
      [
       -77.0446302,
       38.9296107
      ],
      [
       -77.0450056,
       38.9299905
      ],
      [
       -77.0455849,
       38.930387
      ],
      [
       -77.0459927,
       38.9301199
      ],
      [
       -77.0462984,
       38.930579
      ],
      [
       -77.0467223,
       38.9310422
      ],
      [
       -77.047044,
       38.9313759
      ],
      [
       -77.0474411,
       38.9315971
      ],
      [
       -77.0479024,
       38.9317599
      ],
      [
       -77.0486212,
       38.9319601
      ],
      [
       -77.0490718,
       38.9320519
      ],
      [
       -77.0503861,
       38.9322981
      ],
      [
       -77.0507885,
       38.9325694
      ],
      [
       -77.0509493,
       38.9328197
      ],
      [
       -77.0508368,
       38.9329992
      ],
      [
       -77.0502734,
       38.9332956
      ],
      [
       -77.0518024,
       38.9340716
      ],
      [
       -77.0516682,
       38.9341008
      ],
      [
       -77.0515609,
       38.9341176
      ],
      [
       -77.051046,
       38.9341926
      ],
      [
       -77.0501984,
       38.9343428
      ],
      [
       -77.049662,
       38.9345098
      ],
      [
       -77.04934,
       38.9346433
      ],
      [
       -77.0491792,
       38.9347769
      ],
      [
       -77.0490289,
       38.9350439
      ],
      [
       -77.0489216,
       38.9355447
      ],
      [
       -77.0489539,
       38.9357699
      ],
      [
       -77.0490504,
       38.9360203
      ],
      [
       -77.0492864,
       38.9361873
      ],
      [
       -77.0496512,
       38.9363791
      ],
      [
       -77.0499945,
       38.936496
      ],
      [
       -77.0503272,
       38.9365795
      ],
      [
       -77.0515288,
       38.9367714
      ],
      [
       -77.0523441,
       38.9370886
      ],
      [
       -77.0527625,
       38.9371302
      ],
      [
       -77.0530522,
       38.9370801
      ],
      [
       -77.0536101,
       38.9367964
      ],
      [
       -77.0540072,
       38.9367882
      ],
      [
       -77.0544685,
       38.9368632
      ],
      [
       -77.0547795,
       38.9370134
      ],
      [
       -77.0548869,
       38.9372637
      ],
      [
       -77.0555521,
       38.9374224
      ],
      [
       -77.0563353,
       38.9374892
      ],
      [
       -77.0571078,
       38.9376726
      ],
      [
       -77.0574939,
       38.9380732
      ],
      [
       -77.0577943,
       38.9382736
      ],
      [
       -77.0582558,
       38.938407
      ],
      [
       -77.0587707,
       38.9385156
      ],
      [
       -77.0594359,
       38.938574
      ],
      [
       -77.0594144,
       38.938816
      ],
      [
       -77.0601439,
       38.9385824
      ],
      [
       -77.0602835,
       38.9388494
      ],
      [
       -77.0592642,
       38.9392834
      ],
      [
       -77.059747,
       38.9399676
      ],
      [
       -77.0594359,
       38.9403098
      ],
      [
       -77.0584382,
       38.9403764
      ],
      [
       -77.0579554,
       38.9401094
      ],
      [
       -77.056936,
       38.9400426
      ],
      [
       -77.0564854,
       38.9396172
      ],
      [
       -77.0557451,
       38.9396088
      ],
      [
       -77.0559061,
       38.9391164
      ],
      [
       -77.0558631,
       38.938766
      ],
      [
       -77.0557774,
       38.9386158
      ],
      [
       -77.0554554,
       38.9384654
      ],
      [
       -77.0549726,
       38.9384404
      ],
      [
       -77.0546401,
       38.9385156
      ],
      [
       -77.0540714,
       38.9385572
      ],
      [
       -77.0530093,
       38.9387242
      ],
      [
       -77.051711,
       38.9406849
      ],
      [
       -77.051711,
       38.9416869
      ],
      [
       -77.0501554,
       38.9440565
      ],
      [
       -77.0501232,
       38.9443235
      ],
      [
       -77.0501876,
       38.9445405
      ],
      [
       -77.0503808,
       38.9447491
      ],
      [
       -77.0506704,
       38.9449827
      ],
      [
       -77.051046,
       38.9454082
      ],
      [
       -77.0515932,
       38.9462094
      ],
      [
       -77.0517004,
       38.946468
      ],
      [
       -77.0517325,
       38.946785
      ],
      [
       -77.0517112,
       38.9473024
      ],
      [
       -77.0514697,
       38.9483705
      ],
      [
       -77.0516468,
       38.9489212
      ],
      [
       -77.051813,
       38.9492048
      ],
      [
       -77.0520921,
       38.9494676
      ],
      [
       -77.0523925,
       38.9496972
      ],
      [
       -77.0528805,
       38.9502227
      ],
      [
       -77.0530201,
       38.9504313
      ],
      [
       -77.0530845,
       38.9506651
      ],
      [
       -77.0530629,
       38.9509236
      ],
      [
       -77.0530093,
       38.9511824
      ],
      [
       -77.0529878,
       38.9514076
      ],
      [
       -77.0530737,
       38.951541
      ],
      [
       -77.0532346,
       38.9516579
      ],
      [
       -77.0534921,
       38.9517497
      ],
      [
       -77.0539534,
       38.9518415
      ],
      [
       -77.0543611,
       38.9518999
      ],
      [
       -77.0546615,
       38.9520333
      ],
      [
       -77.0548333,
       38.9521251
      ],
      [
       -77.0548869,
       38.9523003
      ],
      [
       -77.0549726,
       38.952559
      ],
      [
       -77.0550799,
       38.9527842
      ],
      [
       -77.0554985,
       38.9532681
      ],
      [
       -77.055713,
       38.9534183
      ],
      [
       -77.0568502,
       38.9540357
      ],
      [
       -77.0573974,
       38.9543612
      ],
      [
       -77.0575047,
       38.9545114
      ],
      [
       -77.0576334,
       38.9546948
      ],
      [
       -77.0576657,
       38.954845
      ],
      [
       -77.0576657,
       38.954845
      ],
      [
       -77.0576442,
       38.9549869
      ]
     ]
    ]
   }
  },
  {
   "type": "Feature",
   "properties": {
    "name": "Shaw"
   },
   "geometry": {
    "type": "Polygon",
    "coordinates": [
     [
      [
       -77.0260047,
       38.9155545
      ],
      [
       -77.0239663,
       38.9155879
      ],
      [
       -77.0239448,
       38.917007
      ],
      [
       -77.0229363,
       38.9167399
      ],
      [
       -77.0181942,
       38.9146781
      ],
      [
       -77.0180333,
       38.9144694
      ],
      [
       -77.0158178,
       38.9083167
      ],
      [
       -77.0149058,
       38.9056534
      ],
      [
       -77.0259833,
       38.9056617
      ],
      [
       -77.025978,
       38.9140937
      ]
     ]
    ]
   }
  },
  {
   "type": "Feature",
   "properties": {
    "name": "Shepherd Park"
   },
   "geometry": {
    "type": "Polygon",
    "coordinates": [
     [
      [
       -77.0363152,
       38.9748744
      ],
      [
       -77.036275,
       38.9914978
      ],
      [
       -77.0362589,
       38.9915791
      ],
      [
       -77.0361677,
       38.9920106
      ],
      [
       -77.0270804,
       38.9849285
      ],
      [
       -77.0266646,
       38.9847221
      ],
      [
       -77.0264795,
       38.9782628
      ],
      [
       -77.0264983,
       38.9779813
      ],
      [
       -77.0330027,
       38.9779938
      ],
      [
       -77.0334157,
       38.977606
      ],
      [
       -77.0334157,
       38.977606
      ],
      [
       -77.0363152,
       38.9748744
      ]
     ]
    ]
   }
  },
  {
   "type": "Feature",
   "properties": {
    "name": "Shipley Terrace"
   },
   "geometry": {
    "type": "Polygon",
    "coordinates": [
     [
      [
       -76.987381,
       38.844922
      ],
      [
       -76.987381,
       38.844922
      ],
      [
       -76.9836903,
       38.8459581
      ],
      [
       -76.9806004,
       38.8467937
      ],
      [
       -76.9791412,
       38.8474622
      ],
      [
       -76.9781542,
       38.8483312
      ],
      [
       -76.9773817,
       38.8493673
      ],
      [
       -76.9762659,
       38.8502697
      ],
      [
       -76.9746351,
       38.8509047
      ],
      [
       -76.9729185,
       38.8512055
      ],
      [
       -76.9712448,
       38.8500357
      ],
      [
       -76.9694424,
       38.8493339
      ],
      [
       -76.9673395,
       38.8489328
      ],
      [
       -76.9656229,
       38.8489662
      ],
      [
       -76.9723177,
       38.8437521
      ],
      [
       -76.9772959,
       38.8398747
      ],
      [
       -76.9790125,
       38.8431504
      ],
      [
       -76.9839049,
       38.8410446
      ],
      [
       -76.9865656,
       38.8401755
      ],
      [
       -76.9879389,
       38.8399081
      ],
      [
       -76.9891834,
       38.8397744
      ],
      [
       -76.9925738,
       38.8388719
      ],
      [
       -76.9935608,
       38.8388385
      ],
      [
       -76.9936896,
       38.8409109
      ],
      [
       -76.9942474,
       38.8436518
      ],
      [
       -76.987381,
       38.844922
      ]
     ]
    ]
   }
  },
  {
   "type": "Feature",
   "properties": {
    "name": "Sixteenth Street Heights"
   },
   "geometry": {
    "type": "Polygon",
    "coordinates": [
     [
      [
       -77.036401,
       38.9374058
      ],
      [
       -77.0362777,
       38.9564137
      ],
      [
       -77.0385039,
       38.9572772
      ],
      [
       -77.0376992,
       38.958391
      ],
      [
       -77.038815,
       38.958854
      ],
      [
       -77.0377797,
       38.9605142
      ],
      [
       -77.0388687,
       38.9609939
      ],
      [
       -77.0383537,
       38.9616613
      ],
      [
       -77.0388258,
       38.9618698
      ],
      [
       -77.038933,
       38.9631379
      ],
      [
       -77.0370501,
       38.9626957
      ],
      [
       -77.0346951,
       38.9621785
      ],
      [
       -77.0321202,
       38.9617989
      ],
      [
       -77.0298725,
       38.9614694
      ],
      [
       -77.029599,
       38.9614402
      ],
      [
       -77.0287406,
       38.9613359
      ],
      [
       -77.0284671,
       38.9612734
      ],
      [
       -77.0280701,
       38.961215
      ],
      [
       -77.0282847,
       38.9583534
      ],
      [
       -77.0282847,
       38.9577653
      ],
      [
       -77.0282418,
       38.9573648
      ],
      [
       -77.0282257,
       38.9572105
      ],
      [
       -77.0276302,
       38.9528929
      ],
      [
       -77.027303,
       38.9505442
      ],
      [
       -77.0266914,
       38.9461886
      ],
      [
       -77.0265037,
       38.9454543
      ],
      [
       -77.0255917,
       38.9419413
      ],
      [
       -77.0247281,
       38.9386826
      ],
      [
       -77.024374,
       38.9363209
      ],
      [
       -77.0253021,
       38.9350774
      ],
      [
       -77.0254469,
       38.935115
      ],
      [
       -77.0258009,
       38.9352151
      ],
      [
       -77.0259672,
       38.9352861
      ],
      [
       -77.0272118,
       38.9356366
      ],
      [
       -77.032721,
       38.937097
      ],
      [
       -77.033987,
       38.9374058
      ],
      [
       -77.033987,
       38.9374058
      ],
      [
       -77.036401,
       38.9374058
      ]
     ]
    ]
   }
  },
  {
   "type": "Feature",
   "properties": {
    "name": "Smithsonian National Zoological Park"
   },
   "geometry": {
    "type": "Polygon",
    "coordinates": [
     [
      [
       -77.0515448,
       38.92742
      ],
      [
       -77.0522368,
       38.9276913
      ],
      [
       -77.0522636,
       38.9278227
      ],
      [
       -77.0523199,
       38.9278791
      ],
      [
       -77.0523548,
       38.9279083
      ],
      [
       -77.0524299,
       38.9279625
      ],
      [
       -77.052851,
       38.9282234
      ],
      [
       -77.0530576,
       38.9283193
      ],
      [
       -77.0533097,
       38.9284487
      ],
      [
       -77.0535913,
       38.9286678
      ],
      [
       -77.0538166,
       38.9289015
      ],
      [
       -77.0539507,
       38.9290976
      ],
      [
       -77.0540768,
       38.9291686
      ],
      [
       -77.0541921,
       38.9291748
      ],
      [
       -77.0546669,
       38.9290726
      ],
      [
       -77.0547849,
       38.9292875
      ],
      [
       -77.0555252,
       38.9305457
      ],
      [
       -77.0550746,
       38.9307752
      ],
      [
       -77.0549297,
       38.9309296
      ],
      [
       -77.05486,
       38.9311842
      ],
      [
       -77.0548171,
       38.9315555
      ],
      [
       -77.0547849,
       38.9317016
      ],
      [
       -77.0547795,
       38.9319728
      ],
      [
       -77.0548385,
       38.9321857
      ],
      [
       -77.0549029,
       38.9322775
      ],
      [
       -77.0552945,
       38.9328241
      ],
      [
       -77.0529664,
       38.9334793
      ],
      [
       -77.0524406,
       38.9334396
      ],
      [
       -77.0521912,
       38.9334062
      ],
      [
       -77.0519954,
       38.9334292
      ],
      [
       -77.051813,
       38.9334417
      ],
      [
       -77.0516065,
       38.9334125
      ],
      [
       -77.0513597,
       38.9333645
      ],
      [
       -77.0511049,
       38.9332998
      ],
      [
       -77.0509869,
       38.9332873
      ],
      [
       -77.0507857,
       38.933329
      ],
      [
       -77.0504826,
       38.9331851
      ],
      [
       -77.0502278,
       38.9330641
      ],
      [
       -77.0502546,
       38.9329284
      ],
      [
       -77.0502117,
       38.9327469
      ],
      [
       -77.0501205,
       38.9326238
      ],
      [
       -77.049965,
       38.9325132
      ],
      [
       -77.0498174,
       38.9324319
      ],
      [
       -77.04853,
       38.9321585
      ],
      [
       -77.04772,
       38.931952
      ],
      [
       -77.0472452,
       38.9317851
      ],
      [
       -77.0468321,
       38.9315242
      ],
      [
       -77.0463601,
       38.9310736
      ],
      [
       -77.0459872,
       38.9307773
      ],
      [
       -77.0457754,
       38.9306124
      ],
      [
       -77.0455474,
       38.9304455
      ],
      [
       -77.0449841,
       38.9300157
      ],
      [
       -77.0445603,
       38.9296234
      ],
      [
       -77.0443887,
       38.9293689
      ],
      [
       -77.0441955,
       38.9290601
      ],
      [
       -77.0440668,
       38.9288097
      ],
      [
       -77.043938,
       38.9285718
      ],
      [
       -77.0438147,
       38.9280084
      ],
      [
       -77.0438522,
       38.9277789
      ],
      [
       -77.0439488,
       38.9275223
      ],
      [
       -77.044107,
       38.9271279
      ],
      [
       -77.0443645,
       38.9268504
      ],
      [
       -77.0446837,
       38.9265436
      ],
      [
       -77.0451558,
       38.926264
      ],
      [
       -77.0454347,
       38.9260846
      ],
      [
       -77.0460194,
       38.92583
      ],
      [
       -77.0462984,
       38.925709
      ],
      [
       -77.0464191,
       38.9259969
      ],
      [
       -77.0466202,
       38.9261388
      ],
      [
       -77.0470548,
       38.9266584
      ],
      [
       -77.0474839,
       38.9269151
      ],
      [
       -77.0485514,
       38.9276662
      ],
      [
       -77.048943,
       38.9279604
      ],
      [
       -77.0490852,
       38.9280627
      ],
      [
       -77.0492703,
       38.9281002
      ],
      [
       -77.0497906,
       38.9280335
      ],
      [
       -77.050359,
       38.92785
      ],
      [
       -77.0507401,
       38.927758
      ],
      [
       -77.051003,
       38.927716
      ],
      [
       -77.0513248,
       38.9275869
      ],
      [
       -77.0513248,
       38.9275869
      ],
      [
       -77.0515448,
       38.92742
      ]
     ]
    ]
   }
  },
  {
   "type": "Feature",
   "properties": {
    "name": "Southwest Federal Center"
   },
   "geometry": {
    "type": "Polygon",
    "coordinates": [
     [
      [
       -77.0334506,
       38.8877426
      ],
      [
       -77.0332092,
       38.8877342
      ],
      [
       -77.0329517,
       38.8877092
      ],
      [
       -77.0326138,
       38.8876257
      ],
      [
       -77.0322275,
       38.8875338
      ],
      [
       -77.0319647,
       38.8875046
      ],
      [
       -77.0140314,
       38.8875714
      ],
      [
       -77.0121163,
       38.8875756
      ],
      [
       -77.0121807,
       38.8861559
      ],
      [
       -77.0121861,
       38.8860723
      ],
      [
       -77.0122397,
       38.8860055
      ],
      [
       -77.010904,
       38.8850409
      ],
      [
       -77.0104694,
       38.8846818
      ],
      [
       -77.0101744,
       38.8843102
      ],
      [
       -77.0100242,
       38.8841515
      ],
      [
       -77.0097452,
       38.8839302
      ],
      [
       -77.009477,
       38.8836713
      ],
      [
       -77.0092195,
       38.883308
      ],
      [
       -77.0090693,
       38.8831786
      ],
      [
       -77.0091337,
       38.8830658
      ],
      [
       -77.0091337,
       38.8822975
      ],
      [
       -77.0090908,
       38.8819634
      ],
      [
       -77.0090801,
       38.8816794
      ],
      [
       -77.0109388,
       38.8821931
      ],
      [
       -77.0113385,
       38.8822933
      ],
      [
       -77.0117971,
       38.8823831
      ],
      [
       -77.0123416,
       38.8824603
      ],
      [
       -77.0128164,
       38.8824875
      ],
      [
       -77.0132643,
       38.8824958
      ],
      [
       -77.0141575,
       38.8825
      ],
      [
       -77.0155093,
       38.8825021
      ],
      [
       -77.0184436,
       38.8825188
      ],
      [
       -77.0203051,
       38.8825167
      ],
      [
       -77.0214611,
       38.8825647
      ],
      [
       -77.0219278,
       38.8826065
      ],
      [
       -77.0224401,
       38.8826545
      ],
      [
       -77.0231295,
       38.8827088
      ],
      [
       -77.0236766,
       38.8827255
      ],
      [
       -77.0248434,
       38.8827338
      ],
      [
       -77.0262033,
       38.8827317
      ],
      [
       -77.0267746,
       38.8827652
      ],
      [
       -77.0269221,
       38.8827652
      ],
      [
       -77.027075,
       38.8827526
      ],
      [
       -77.0275417,
       38.8827046
      ],
      [
       -77.0278716,
       38.8826545
      ],
      [
       -77.0282418,
       38.8825919
      ],
      [
       -77.0288318,
       38.8825417
      ],
      [
       -77.02921,
       38.8825522
      ],
      [
       -77.0294756,
       38.8825814
      ],
      [
       -77.0298564,
       38.8826315
      ],
      [
       -77.0303661,
       38.882761
      ],
      [
       -77.03116,
       38.8830282
      ],
      [
       -77.0322061,
       38.883617
      ],
      [
       -77.0328605,
       38.8839344
      ],
      [
       -77.0330697,
       38.8840805
      ],
      [
       -77.0334935,
       38.8843854
      ],
      [
       -77.0336866,
       38.8845399
      ],
      [
       -77.0336813,
       38.8877008
      ],
      [
       -77.0336813,
       38.8877008
      ],
      [
       -77.0334506,
       38.8877426
      ]
     ]
    ]
   }
  },
  {
   "type": "Feature",
   "properties": {
    "name": "Southwest Waterfront"
   },
   "geometry": {
    "type": "Polygon",
    "coordinates": [
     [
      [
       -77.0218313,
       38.8823392
      ],
      [
       -77.0194602,
       38.8823476
      ],
      [
       -77.0185804,
       38.8822766
      ],
      [
       -77.0149058,
       38.8822557
      ],
      [
       -77.0143747,
       38.8822849
      ],
      [
       -77.0128781,
       38.8823434
      ],
      [
       -77.0124006,
       38.8822473
      ],
      [
       -77.0119715,
       38.8821471
      ],
      [
       -77.0110756,
       38.8818256
      ],
      [
       -77.0105714,
       38.8816627
      ],
      [
       -77.0100296,
       38.8815291
      ],
      [
       -77.0097077,
       38.8814038
      ],
      [
       -77.0095038,
       38.8812493
      ],
      [
       -77.0094019,
       38.8811491
      ],
      [
       -77.0093161,
       38.8809653
      ],
      [
       -77.0092678,
       38.8803724
      ],
      [
       -77.0092303,
       38.8800174
      ],
      [
       -77.0091712,
       38.8794745
      ],
      [
       -77.0091605,
       38.8793033
      ],
      [
       -77.0091337,
       38.8789275
      ],
      [
       -77.0091337,
       38.878347
      ],
      [
       -77.0091552,
       38.8764886
      ],
      [
       -77.0091605,
       38.8720575
      ],
      [
       -77.0174164,
       38.8720283
      ],
      [
       -77.0175076,
       38.8720575
      ],
      [
       -77.019192,
       38.8720659
      ],
      [
       -77.0194763,
       38.8719865
      ],
      [
       -77.0205438,
       38.8739703
      ],
      [
       -77.0212734,
       38.8753652
      ],
      [
       -77.021901,
       38.8765095
      ],
      [
       -77.0236981,
       38.8779419
      ],
      [
       -77.0284054,
       38.8815061
      ],
      [
       -77.0284134,
       38.8815959
      ],
      [
       -77.0285046,
       38.8816627
      ],
      [
       -77.0286655,
       38.8818005
      ],
      [
       -77.0282578,
       38.8819634
      ],
      [
       -77.0278877,
       38.8820594
      ],
      [
       -77.0275873,
       38.8821137
      ],
      [
       -77.0271474,
       38.8821847
      ],
      [
       -77.0262408,
       38.8822473
      ],
      [
       -77.025007,
       38.8822641
      ],
      [
       -77.025007,
       38.8822641
      ],
      [
       -77.0218313,
       38.8823392
      ]
     ]
    ]
   }
  },
  {
   "type": "Feature",
   "properties": {
    "name": "Spring Valley"
   },
   "geometry": {
    "type": "Polygon",
    "coordinates": [
     [
      [
       -77.104648,
       38.935737
      ],
      [
       -77.1064925,
       38.9357159
      ],
      [
       -77.1063906,
       38.9359996
      ],
      [
       -77.106192,
       38.936112
      ],
      [
       -77.1057683,
       38.9363918
      ],
      [
       -77.1053123,
       38.9367257
      ],
      [
       -77.104712,
       38.937531
      ],
      [
       -77.1042663,
       38.9383071
      ],
      [
       -77.1039981,
       38.9389789
      ],
      [
       -77.103864,
       38.9399344
      ],
      [
       -77.103832,
       38.940702
      ],
      [
       -77.10381,
       38.941837
      ],
      [
       -77.103767,
       38.942905
      ],
      [
       -77.1037459,
       38.9438731
      ],
      [
       -77.1036655,
       38.9444614
      ],
      [
       -77.1035421,
       38.9452457
      ],
      [
       -77.103252,
       38.945959
      ],
      [
       -77.102866,
       38.94666
      ],
      [
       -77.10233,
       38.947344
      ],
      [
       -77.1016109,
       38.9482496
      ],
      [
       -77.1013105,
       38.9484415
      ],
      [
       -77.10123,
       38.9485291
      ],
      [
       -77.1009189,
       38.948575
      ],
      [
       -77.1006024,
       38.948575
      ],
      [
       -77.1003878,
       38.9484999
      ],
      [
       -77.0864323,
       38.9382549
      ],
      [
       -77.086376,
       38.9381506
      ],
      [
       -77.0863572,
       38.9379816
      ],
      [
       -77.086333,
       38.9377646
      ],
      [
       -77.0862794,
       38.9375602
      ],
      [
       -77.0863277,
       38.9374225
      ],
      [
       -77.0876956,
       38.9357785
      ],
      [
       -77.0882106,
       38.935261
      ],
      [
       -77.0909411,
       38.9332581
      ],
      [
       -77.0913917,
       38.9330912
      ],
      [
       -77.0927221,
       38.9327407
      ],
      [
       -77.093296,
       38.932607
      ],
      [
       -77.0940793,
       38.9324694
      ],
      [
       -77.094862,
       38.932373
      ],
      [
       -77.09585,
       38.932323
      ],
      [
       -77.0969278,
       38.9325028
      ],
      [
       -77.098124,
       38.9328867
      ],
      [
       -77.098811,
       38.933158
      ],
      [
       -77.0991379,
       38.9332873
      ],
      [
       -77.0995563,
       38.9336295
      ],
      [
       -77.0998567,
       38.9340718
      ],
      [
       -77.1000069,
       38.9343347
      ],
      [
       -77.100377,
       38.93471
      ],
      [
       -77.1010691,
       38.9351776
      ],
      [
       -77.1012676,
       38.9352986
      ],
      [
       -77.1020508,
       38.9355323
      ],
      [
       -77.1029305,
       38.9357367
      ],
      [
       -77.1033651,
       38.9357451
      ],
      [
       -77.1035045,
       38.9357242
      ],
      [
       -77.1035045,
       38.9357242
      ],
      [
       -77.104648,
       38.935737
      ]
     ]
    ]
   }
  },
  {
   "type": "Feature",
   "properties": {
    "name": "St. Elizabeth's Hospital: East Campus"
   },
   "geometry": {
    "type": "Polygon",
    "coordinates": [
     [
      [
       -76.9863939,
       38.8498352
      ],
      [
       -76.9850957,
       38.848983
      ],
      [
       -76.9872737,
       38.8466768
      ],
      [
       -76.9875205,
       38.8462089
      ],
      [
       -76.9874132,
       38.8448468
      ],
      [
       -76.9921017,
       38.8440446
      ],
      [
       -76.9963127,
       38.8465306
      ],
      [
       -76.9961464,
       38.8467854
      ],
      [
       -76.9960821,
       38.8470027
      ],
      [
       -76.9960445,
       38.8472074
      ],
      [
       -76.9959748,
       38.8487824
      ],
      [
       -76.9958675,
       38.8525173
      ],
      [
       -76.9959855,
       38.8551074
      ],
      [
       -76.9955456,
       38.8551325
      ],
      [
       -76.9946122,
       38.8547398
      ],
      [
       -76.9932389,
       38.8543555
      ],
      [
       -76.992681,
       38.8538792
      ],
      [
       -76.9920158,
       38.8534865
      ],
      [
       -76.9915223,
       38.8532776
      ],
      [
       -76.9907176,
       38.8530688
      ],
      [
       -76.9894838,
       38.8528014
      ],
      [
       -76.9899452,
       38.8519241
      ],
      [
       -76.9892693,
       38.8515398
      ],
      [
       -76.9892693,
       38.8515398
      ],
      [
       -76.9863939,
       38.8498352
      ]
     ]
    ]
   }
  },
  {
   "type": "Feature",
   "properties": {
    "name": "St. Elizabeth's Hospital: West Campus"
   },
   "geometry": {
    "type": "Polygon",
    "coordinates": [
     [
      [
       -76.9961357,
       38.855876
      ],
      [
       -76.9960284,
       38.8544975
      ],
      [
       -76.9958782,
       38.8521246
      ],
      [
       -76.9959855,
       38.8484733
      ],
      [
       -76.9989467,
       38.8485401
      ],
      [
       -76.9988608,
       38.8493339
      ],
      [
       -76.9996977,
       38.8499355
      ],
      [
       -77.0010924,
       38.8507209
      ],
      [
       -77.0036459,
       38.850888
      ],
      [
       -77.0061779,
       38.8523753
      ],
      [
       -77.0044613,
       38.855851
      ],
      [
       -77.0037425,
       38.8576305
      ],
      [
       -77.0030022,
       38.8600784
      ],
      [
       -76.9993865,
       38.8578645
      ],
      [
       -76.997906,
       38.8569455
      ],
      [
       -76.997906,
       38.8569455
      ],
      [
       -76.9961357,
       38.855876
      ]
     ]
    ]
   }
  },
  {
   "type": "Feature",
   "properties": {
    "name": "Takoma"
   },
   "geometry": {
    "type": "Polygon",
    "coordinates": [
     [
      [
       -77.0269704,
       38.972322
      ],
      [
       -77.026434,
       38.977794
      ],
      [
       -77.0265198,
       38.984449
      ],
      [
       -77.0127869,
       38.9739068
      ],
      [
       -77.0142674,
       38.972322
      ],
      [
       -77.0142674,
       38.972322
      ],
      [
       -77.0269704,
       38.972322
      ]
     ]
    ]
   }
  },
  {
   "type": "Feature",
   "properties": {
    "name": "Tenleytown"
   },
   "geometry": {
    "type": "Polygon",
    "coordinates": [
     [
      [
       -77.0789355,
       38.946489
      ],
      [
       -77.0802176,
       38.9487169
      ],
      [
       -77.0803088,
       38.9489964
      ],
      [
       -77.0807487,
       38.9508445
      ],
      [
       -77.08202,
       38.9533518
      ],
      [
       -77.0827067,
       38.9546992
      ],
      [
       -77.071538,
       38.954695
      ],
      [
       -77.0773852,
       38.9478783
      ],
      [
       -77.0783079,
       38.9468186
      ],
      [
       -77.0784152,
       38.9467393
      ],
      [
       -77.0785975,
       38.9466559
      ],
      [
       -77.0787263,
       38.9466017
      ],
      [
       -77.0788443,
       38.9465558
      ],
      [
       -77.0788443,
       38.9465558
      ],
      [
       -77.0789355,
       38.946489
      ]
     ]
    ]
   }
  },
  {
   "type": "Feature",
   "properties": {
    "name": "The Catholic University of America"
   },
   "geometry": {
    "type": "Polygon",
    "coordinates": [
     [
      [
       -77.0029753,
       38.940702
      ],
      [
       -77.0029753,
       38.940702
      ],
      [
       -76.9996065,
       38.9406979
      ],
      [
       -77.0015323,
       38.9430385
      ],
      [
       -77.001881,
       38.9433681
      ],
      [
       -77.0023155,
       38.9437395
      ],
      [
       -77.0027393,
       38.9440357
      ],
      [
       -77.0032007,
       38.9443069
      ],
      [
       -77.0033294,
       38.9443778
      ],
      [
       -77.0036781,
       38.9444821
      ],
      [
       -77.0037049,
       38.9445572
      ],
      [
       -77.0047188,
       38.9455794
      ],
      [
       -77.0048636,
       38.9456795
      ],
      [
       -77.0011139,
       38.9471481
      ],
      [
       -77.0009154,
       38.9471731
      ],
      [
       -77.0007277,
       38.9471398
      ],
      [
       -77.000556,
       38.9470313
      ],
      [
       -76.997847,
       38.9405893
      ],
      [
       -76.9960445,
       38.9362332
      ],
      [
       -76.995846,
       38.9356782
      ],
      [
       -76.9953901,
       38.9334708
      ],
      [
       -76.9962001,
       38.9331537
      ],
      [
       -76.9962054,
       38.9274283
      ],
      [
       -76.9971871,
       38.9274199
      ],
      [
       -76.9998693,
       38.9261722
      ],
      [
       -77.0005721,
       38.9269901
      ],
      [
       -77.0005828,
       38.9307501
      ],
      [
       -77.0010012,
       38.9312383
      ],
      [
       -77.001999,
       38.9307042
      ],
      [
       -77.0023692,
       38.9306541
      ],
      [
       -77.0025837,
       38.9306541
      ],
      [
       -77.0027715,
       38.9306959
      ],
      [
       -77.0034796,
       38.9311298
      ],
      [
       -77.0038712,
       38.9313677
      ],
      [
       -77.0041341,
       38.9315137
      ],
      [
       -77.0045471,
       38.931618
      ],
      [
       -77.0047724,
       38.9316639
      ],
      [
       -77.0049441,
       38.9317098
      ],
      [
       -77.0051265,
       38.9318476
      ],
      [
       -77.0052284,
       38.9319686
      ],
      [
       -77.005266,
       38.9320812
      ],
      [
       -77.0054591,
       38.9323066
      ],
      [
       -77.0059472,
       38.9326279
      ],
      [
       -77.0060599,
       38.9328032
      ],
      [
       -77.0061028,
       38.9329784
      ],
      [
       -77.0061135,
       38.9331704
      ],
      [
       -77.0060599,
       38.9336419
      ],
      [
       -77.0060009,
       38.9345891
      ],
      [
       -77.0060009,
       38.9351525
      ],
      [
       -77.0060813,
       38.9358118
      ],
      [
       -77.0063388,
       38.9367298
      ],
      [
       -77.007004,
       38.9382152
      ],
      [
       -77.0081627,
       38.9404684
      ],
      [
       -77.0082914,
       38.9412194
      ],
      [
       -77.0081842,
       38.9418536
      ],
      [
       -77.0079267,
       38.9424044
      ],
      [
       -77.0065534,
       38.9417201
      ],
      [
       -77.0052015,
       38.9408856
      ],
      [
       -77.0044291,
       38.9407354
      ],
      [
       -77.0029753,
       38.940702
      ]
     ]
    ]
   }
  },
  {
   "type": "Feature",
   "properties": {
    "name": "The National Mall"
   },
   "geometry": {
    "type": "Polygon",
    "coordinates": [
     [
      [
       -77.0192081,
       38.8920224
      ],
      [
       -77.0189613,
       38.8920767
      ],
      [
       -77.0187065,
       38.8921727
      ],
      [
       -77.018508,
       38.8922708
      ],
      [
       -77.0176685,
       38.8920266
      ],
      [
       -77.0127574,
       38.890703
      ],
      [
       -77.0126447,
       38.8906049
      ],
      [
       -77.0125642,
       38.8904399
      ],
      [
       -77.0125374,
       38.8903063
      ],
      [
       -77.0125213,
       38.8901456
      ],
      [
       -77.0125508,
       38.8898992
      ],
      [
       -77.0125562,
       38.8897447
      ],
      [
       -77.0125133,
       38.8893481
      ],
      [
       -77.012516,
       38.8890662
      ],
      [
       -77.0126125,
       38.8889827
      ],
      [
       -77.01276,
       38.8889117
      ],
      [
       -77.0129934,
       38.8888115
      ],
      [
       -77.0152009,
       38.8881852
      ],
      [
       -77.0151955,
       38.8875296
      ],
      [
       -77.0175505,
       38.8875046
      ],
      [
       -77.0314711,
       38.8875046
      ],
      [
       -77.0319432,
       38.8875254
      ],
      [
       -77.0322114,
       38.8875338
      ],
      [
       -77.0326835,
       38.8876758
      ],
      [
       -77.0330429,
       38.8877468
      ],
      [
       -77.0334345,
       38.8877509
      ],
      [
       -77.0336759,
       38.88773
      ],
      [
       -77.0336974,
       38.8876549
      ],
      [
       -77.033692,
       38.8845273
      ],
      [
       -77.033456,
       38.8843311
      ],
      [
       -77.0330966,
       38.884068
      ],
      [
       -77.0322329,
       38.8835836
      ],
      [
       -77.0324957,
       38.8830115
      ],
      [
       -77.0328498,
       38.8825125
      ],
      [
       -77.0333326,
       38.881836
      ],
      [
       -77.034089,
       38.8807691
      ],
      [
       -77.0345181,
       38.8802721
      ],
      [
       -77.0348668,
       38.8800717
      ],
      [
       -77.0351833,
       38.8799047
      ],
      [
       -77.0356554,
       38.8797668
      ],
      [
       -77.0362777,
       38.8796791
      ],
      [
       -77.0365754,
       38.8796311
      ],
      [
       -77.0376939,
       38.8795601
      ],
      [
       -77.0380828,
       38.8794724
      ],
      [
       -77.0385066,
       38.8793367
      ],
      [
       -77.0387346,
       38.8792031
      ],
      [
       -77.0389867,
       38.8790841
      ],
      [
       -77.039381,
       38.8788251
      ],
      [
       -77.0403492,
       38.8793492
      ],
      [
       -77.0403332,
       38.8795288
      ],
      [
       -77.0402795,
       38.8796959
      ],
      [
       -77.0402205,
       38.8798462
      ],
      [
       -77.0401078,
       38.8799715
      ],
      [
       -77.039955,
       38.8801114
      ],
      [
       -77.0398611,
       38.8802074
      ],
      [
       -77.0396036,
       38.8803118
      ],
      [
       -77.0387667,
       38.8803515
      ],
      [
       -77.0386487,
       38.8803598
      ],
      [
       -77.0384824,
       38.8803932
      ],
      [
       -77.0382625,
       38.8804935
      ],
      [
       -77.0380801,
       38.8806271
      ],
      [
       -77.0380104,
       38.8807482
      ],
      [
       -77.0379353,
       38.8809486
      ],
      [
       -77.0379084,
       38.8812159
      ],
      [
       -77.0378441,
       38.8816335
      ],
      [
       -77.0377582,
       38.8817922
      ],
      [
       -77.03771,
       38.8818903
      ],
      [
       -77.0376241,
       38.881978
      ],
      [
       -77.0375249,
       38.8820114
      ],
      [
       -77.0374551,
       38.8820323
      ],
      [
       -77.0373988,
       38.8820344
      ],
      [
       -77.0371816,
       38.8820427
      ],
      [
       -77.037144,
       38.8820678
      ],
      [
       -77.0369616,
       38.8821492
      ],
      [
       -77.0368356,
       38.8821784
      ],
      [
       -77.0366961,
       38.8822056
      ],
      [
       -77.0364466,
       38.8822098
      ],
      [
       -77.0361784,
       38.8821597
      ],
      [
       -77.0360041,
       38.8820991
      ],
      [
       -77.035886,
       38.8820406
      ],
      [
       -77.0356098,
       38.8820344
      ],
      [
       -77.035481,
       38.8820072
      ],
      [
       -77.0353147,
       38.8819425
      ],
      [
       -77.0350599,
       38.8818945
      ],
      [
       -77.0348775,
       38.8818945
      ],
      [
       -77.0347354,
       38.8819195
      ],
      [
       -77.0344457,
       38.8820448
      ],
      [
       -77.0342472,
       38.8822244
      ],
      [
       -77.0341024,
       38.8823538
      ],
      [
       -77.0338342,
       38.8825104
      ],
      [
       -77.0336303,
       38.882571
      ],
      [
       -77.0333031,
       38.882596
      ],
      [
       -77.0330483,
       38.8829614
      ],
      [
       -77.0334399,
       38.8836922
      ],
      [
       -77.0336223,
       38.8840012
      ],
      [
       -77.033869,
       38.884235
      ],
      [
       -77.0340943,
       38.8844939
      ],
      [
       -77.0343089,
       38.8846526
      ],
      [
       -77.0347059,
       38.8848029
      ],
      [
       -77.0349312,
       38.8848948
      ],
      [
       -77.035296,
       38.8849533
      ],
      [
       -77.0359397,
       38.8849282
      ],
      [
       -77.0363259,
       38.884995
      ],
      [
       -77.0365942,
       38.8852038
      ],
      [
       -77.0367765,
       38.8854794
      ],
      [
       -77.0368516,
       38.8856715
      ],
      [
       -77.0369589,
       38.8859554
      ],
      [
       -77.0372513,
       38.8862582
      ],
      [
       -77.0374954,
       38.8864607
      ],
      [
       -77.0376161,
       38.8865003
      ],
      [
       -77.037726,
       38.8865504
      ],
      [
       -77.0378333,
       38.8865943
      ],
      [
       -77.0378977,
       38.8866214
      ],
      [
       -77.0379567,
       38.8866611
      ],
      [
       -77.0380506,
       38.8867384
      ],
      [
       -77.0381042,
       38.8867843
      ],
      [
       -77.038123,
       38.886849
      ],
      [
       -77.0381123,
       38.8870411
      ],
      [
       -77.0380613,
       38.8871037
      ],
      [
       -77.0379487,
       38.8871309
      ],
      [
       -77.0378736,
       38.8871705
      ],
      [
       -77.0377851,
       38.8872958
      ],
      [
       -77.0377609,
       38.8873877
      ],
      [
       -77.0378333,
       38.8874962
      ],
      [
       -77.037887,
       38.8875442
      ],
      [
       -77.0382196,
       38.8876612
      ],
      [
       -77.0387346,
       38.8877989
      ],
      [
       -77.0387667,
       38.8878637
      ],
      [
       -77.0392522,
       38.8879284
      ],
      [
       -77.0397511,
       38.88792
      ],
      [
       -77.040014,
       38.8878866
      ],
      [
       -77.0402098,
       38.8878511
      ],
      [
       -77.0402151,
       38.8878136
      ],
      [
       -77.0402312,
       38.887776
      ],
      [
       -77.0405558,
       38.8876925
      ],
      [
       -77.0407784,
       38.8876069
      ],
      [
       -77.0408776,
       38.8875651
      ],
      [
       -77.0410278,
       38.8874733
      ],
      [
       -77.0411056,
       38.8874106
      ],
      [
       -77.0411459,
       38.8873292
      ],
      [
       -77.0411459,
       38.8872624
      ],
      [
       -77.0411003,
       38.8871998
      ],
      [
       -77.041052,
       38.8871496
      ],
      [
       -77.0408911,
       38.8870933
      ],
      [
       -77.0408401,
       38.8870348
      ],
      [
       -77.0408508,
       38.8868302
      ],
      [
       -77.0408669,
       38.8867905
      ],
      [
       -77.0409366,
       38.8866507
      ],
      [
       -77.0409769,
       38.8865859
      ],
      [
       -77.0411217,
       38.8864732
      ],
      [
       -77.0414382,
       38.8863646
      ],
      [
       -77.0418406,
       38.8863813
      ],
      [
       -77.0423931,
       38.8863939
      ],
      [
       -77.042731,
       38.886373
      ],
      [
       -77.0430475,
       38.8863396
      ],
      [
       -77.0433748,
       38.8862895
      ],
      [
       -77.0435491,
       38.8862477
      ],
      [
       -77.0440856,
       38.8859575
      ],
      [
       -77.0441902,
       38.8858803
      ],
      [
       -77.0443001,
       38.8857592
      ],
      [
       -77.0445174,
       38.8854147
      ],
      [
       -77.0445576,
       38.8852038
      ],
      [
       -77.0445228,
       38.8850159
      ],
      [
       -77.0443833,
       38.8846985
      ],
      [
       -77.0442009,
       38.8844856
      ],
      [
       -77.0440239,
       38.884352
      ],
      [
       -77.0436484,
       38.8840847
      ],
      [
       -77.0432889,
       38.8839114
      ],
      [
       -77.0430395,
       38.88383
      ],
      [
       -77.0426318,
       38.8837131
      ],
      [
       -77.0421436,
       38.8835314
      ],
      [
       -77.0417708,
       38.8833477
      ],
      [
       -77.0415321,
       38.8831744
      ],
      [
       -77.0413578,
       38.8829927
      ],
      [
       -77.0412371,
       38.8827986
      ],
      [
       -77.0411405,
       38.8825689
      ],
      [
       -77.0410842,
       38.8823705
      ],
      [
       -77.0410332,
       38.8820991
      ],
      [
       -77.0409742,
       38.8818214
      ],
      [
       -77.0409098,
       38.8816168
      ],
      [
       -77.0407918,
       38.8814331
      ],
      [
       -77.0406148,
       38.8812243
      ],
      [
       -77.0404968,
       38.8809549
      ],
      [
       -77.0404512,
       38.8807273
      ],
      [
       -77.0404351,
       38.8805812
      ],
      [
       -77.0403868,
       38.8803932
      ],
      [
       -77.0405424,
       38.8802304
      ],
      [
       -77.0407087,
       38.880103
      ],
      [
       -77.0409474,
       38.8799903
      ],
      [
       -77.0411941,
       38.8799527
      ],
      [
       -77.0413551,
       38.8799673
      ],
      [
       -77.0413765,
       38.880007
      ],
      [
       -77.0414409,
       38.8800216
      ],
      [
       -77.0416823,
       38.880078
      ],
      [
       -77.0420337,
       38.8802596
      ],
      [
       -77.042613,
       38.8806605
      ],
      [
       -77.0439112,
       38.8815416
      ],
      [
       -77.0456359,
       38.8827526
      ],
      [
       -77.0465076,
       38.8834166
      ],
      [
       -77.0479023,
       38.8844438
      ],
      [
       -77.0503592,
       38.886373
      ],
      [
       -77.0505899,
       38.8865442
      ],
      [
       -77.0514643,
       38.8872624
      ],
      [
       -77.0518506,
       38.8876048
      ],
      [
       -77.0520544,
       38.887801
      ],
      [
       -77.0522368,
       38.8879722
      ],
      [
       -77.0523816,
       38.8881058
      ],
      [
       -77.0524782,
       38.8882562
      ],
      [
       -77.0527142,
       38.888632
      ],
      [
       -77.0528215,
       38.888895
      ],
      [
       -77.0528644,
       38.8891873
      ],
      [
       -77.0528698,
       38.8893794
      ],
      [
       -77.0528376,
       38.8895756
      ],
      [
       -77.0527732,
       38.8897927
      ],
      [
       -77.0526847,
       38.8899765
      ],
      [
       -77.052902,
       38.8900558
      ],
      [
       -77.053299,
       38.8902312
      ],
      [
       -77.0536423,
       38.8904399
      ],
      [
       -77.0540071,
       38.8907071
      ],
      [
       -77.0543289,
       38.8909744
      ],
      [
       -77.0546293,
       38.891275
      ],
      [
       -77.0549847,
       38.8918136
      ],
      [
       -77.055025,
       38.8918428
      ],
      [
       -77.0550705,
       38.8918564
      ],
      [
       -77.0551242,
       38.8918595
      ],
      [
       -77.0554434,
       38.8918585
      ],
      [
       -77.0554434,
       38.8919263
      ],
      [
       -77.0554756,
       38.8919618
      ],
      [
       -77.0555091,
       38.8920266
      ],
      [
       -77.0555118,
       38.892108
      ],
      [
       -77.0555091,
       38.8921685
      ],
      [
       -77.0554903,
       38.8922197
      ],
      [
       -77.0554447,
       38.8922886
      ],
      [
       -77.0554756,
       38.8923084
      ],
      [
       -77.055556,
       38.89237
      ],
      [
       -77.0558336,
       38.8928146
      ],
      [
       -77.0556217,
       38.8930745
      ],
      [
       -77.0553857,
       38.8931789
      ],
      [
       -77.0551658,
       38.8932917
      ],
      [
       -77.0548117,
       38.8934879
      ],
      [
       -77.0543289,
       38.8938094
      ],
      [
       -77.0539856,
       38.8940014
      ],
      [
       -77.0536423,
       38.8940849
      ],
      [
       -77.0534599,
       38.8941016
      ],
      [
       -77.0532399,
       38.8940849
      ],
      [
       -77.0530522,
       38.8940474
      ],
      [
       -77.0527732,
       38.8939597
      ],
      [
       -77.0525748,
       38.8938219
      ],
      [
       -77.0522958,
       38.8935881
      ],
      [
       -77.05199,
       38.8933292
      ],
      [
       -77.0515555,
       38.8929576
      ],
      [
       -77.0512176,
       38.8926695
      ],
      [
       -77.0509225,
       38.8924232
      ],
      [
       -77.0506865,
       38.8922562
      ],
      [
       -77.0504612,
       38.8921977
      ],
      [
       -77.0502305,
       38.8920433
      ],
      [
       -77.0394695,
       38.8920433
      ],
      [
       -77.0394695,
       38.8920433
      ],
      [
       -77.0192081,
       38.8920224
      ]
     ]
    ]
   }
  },
  {
   "type": "Feature",
   "properties": {
    "name": "The Palisades"
   },
   "geometry": {
    "type": "Polygon",
    "coordinates": [
     [
      [
       -77.095356,
       38.9110379
      ],
      [
       -77.0964932,
       38.9122404
      ],
      [
       -77.0970297,
       38.912808
      ],
      [
       -77.0979095,
       38.9140937
      ],
      [
       -77.0984031,
       38.9149451
      ],
      [
       -77.1013,
       38.9202209
      ],
      [
       -77.10454,
       38.9232259
      ],
      [
       -77.107072,
       38.924745
      ],
      [
       -77.1081234,
       38.9254794
      ],
      [
       -77.1092176,
       38.9264976
      ],
      [
       -77.1099902,
       38.9273323
      ],
      [
       -77.1107626,
       38.9286176
      ],
      [
       -77.1114707,
       38.9298196
      ],
      [
       -77.112093,
       38.9308211
      ],
      [
       -77.1125007,
       38.9313719
      ],
      [
       -77.1130158,
       38.93229
      ],
      [
       -77.1133162,
       38.9329076
      ],
      [
       -77.113917,
       38.9336587
      ],
      [
       -77.1147537,
       38.9346768
      ],
      [
       -77.1154833,
       38.9355114
      ],
      [
       -77.1159768,
       38.9361622
      ],
      [
       -77.1163416,
       38.9366296
      ],
      [
       -77.1165347,
       38.9367632
      ],
      [
       -77.1124148,
       38.9400011
      ],
      [
       -77.1013964,
       38.9486125
      ],
      [
       -77.1014822,
       38.9483455
      ],
      [
       -77.1023405,
       38.9473109
      ],
      [
       -77.1033276,
       38.9458423
      ],
      [
       -77.1037567,
       38.9436728
      ],
      [
       -77.1038211,
       38.9410692
      ],
      [
       -77.1040357,
       38.9388662
      ],
      [
       -77.1045507,
       38.9377312
      ],
      [
       -77.1053231,
       38.9366797
      ],
      [
       -77.1063531,
       38.935962
      ],
      [
       -77.106396,
       38.935745
      ],
      [
       -77.1115459,
       38.9357283
      ],
      [
       -77.1106124,
       38.9345099
      ],
      [
       -77.1096898,
       38.9332915
      ],
      [
       -77.1088958,
       38.932507
      ],
      [
       -77.1078445,
       38.9316055
      ],
      [
       -77.1071149,
       38.9309713
      ],
      [
       -77.1068789,
       38.9305206
      ],
      [
       -77.1066857,
       38.9299196
      ],
      [
       -77.1039177,
       38.9273491
      ],
      [
       -77.1005058,
       38.9240939
      ],
      [
       -77.0995832,
       38.922291
      ],
      [
       -77.0985532,
       38.9212726
      ],
      [
       -77.0984459,
       38.9209888
      ],
      [
       -77.0984031,
       38.9187183
      ],
      [
       -77.098124,
       38.9183177
      ],
      [
       -77.0969653,
       38.9177333
      ],
      [
       -77.0966005,
       38.9174995
      ],
      [
       -77.0945622,
       38.9156464
      ],
      [
       -77.093854,
       38.9153292
      ],
      [
       -77.0916225,
       38.9145946
      ],
      [
       -77.0891977,
       38.9138933
      ],
      [
       -77.0881249,
       38.9136095
      ],
      [
       -77.0869446,
       38.9133757
      ],
      [
       -77.0864512,
       38.9131586
      ],
      [
       -77.0853568,
       38.9125075
      ],
      [
       -77.0850992,
       38.9123907
      ],
      [
       -77.0850134,
       38.9121402
      ],
      [
       -77.0807863,
       38.9064465
      ],
      [
       -77.0804859,
       38.9061126
      ],
      [
       -77.0800139,
       38.9059622
      ],
      [
       -77.07937,
       38.9057619
      ],
      [
       -77.0810437,
       38.9052944
      ],
      [
       -77.0814729,
       38.9052443
      ],
      [
       -77.0822024,
       38.9052443
      ],
      [
       -77.0828248,
       38.9053278
      ],
      [
       -77.0849276,
       38.9061126
      ],
      [
       -77.0866228,
       38.9066636
      ],
      [
       -77.0896053,
       38.9075987
      ],
      [
       -77.0905066,
       38.907966
      ],
      [
       -77.0914292,
       38.9083668
      ],
      [
       -77.0914292,
       38.9083668
      ],
      [
       -77.0914292,
       38.9083668
      ],
      [
       -77.095356,
       38.9110379
      ]
     ]
    ]
   }
  },
  {
   "type": "Feature",
   "properties": {
    "name": "The Palisades"
   },
   "geometry": {
    "type": "Polygon",
    "coordinates": [
     [
      [
       -77.095356,
       38.9110379
      ],
      [
       -77.0964932,
       38.9122404
      ],
      [
       -77.0970297,
       38.912808
      ],
      [
       -77.0979095,
       38.9140937
      ],
      [
       -77.0984031,
       38.9149451
      ],
      [
       -77.1013,
       38.9202209
      ],
      [
       -77.10454,
       38.9232259
      ],
      [
       -77.107072,
       38.924745
      ],
      [
       -77.1081234,
       38.9254794
      ],
      [
       -77.1092176,
       38.9264976
      ],
      [
       -77.1099902,
       38.9273323
      ],
      [
       -77.1107626,
       38.9286176
      ],
      [
       -77.1114707,
       38.9298196
      ],
      [
       -77.112093,
       38.9308211
      ],
      [
       -77.1125007,
       38.9313719
      ],
      [
       -77.1130158,
       38.93229
      ],
      [
       -77.1133162,
       38.9329076
      ],
      [
       -77.113917,
       38.9336587
      ],
      [
       -77.1147537,
       38.9346768
      ],
      [
       -77.1154833,
       38.9355114
      ],
      [
       -77.1159768,
       38.9361622
      ],
      [
       -77.1163416,
       38.9366296
      ],
      [
       -77.1165347,
       38.9367632
      ],
      [
       -77.1124148,
       38.9400011
      ],
      [
       -77.1013964,
       38.9486125
      ],
      [
       -77.1014822,
       38.9483455
      ],
      [
       -77.1023405,
       38.9473109
      ],
      [
       -77.1033276,
       38.9458423
      ],
      [
       -77.1037567,
       38.9436728
      ],
      [
       -77.1038211,
       38.9410692
      ],
      [
       -77.1040357,
       38.9388662
      ],
      [
       -77.1045507,
       38.9377312
      ],
      [
       -77.1053231,
       38.9366797
      ],
      [
       -77.1063531,
       38.935962
      ],
      [
       -77.106396,
       38.935745
      ],
      [
       -77.1115459,
       38.9357283
      ],
      [
       -77.1106124,
       38.9345099
      ],
      [
       -77.1096898,
       38.9332915
      ],
      [
       -77.1088958,
       38.932507
      ],
      [
       -77.1078445,
       38.9316055
      ],
      [
       -77.1071149,
       38.9309713
      ],
      [
       -77.1068789,
       38.9305206
      ],
      [
       -77.1066857,
       38.9299196
      ],
      [
       -77.1039177,
       38.9273491
      ],
      [
       -77.1005058,
       38.9240939
      ],
      [
       -77.0995832,
       38.922291
      ],
      [
       -77.0985532,
       38.9212726
      ],
      [
       -77.0984459,
       38.9209888
      ],
      [
       -77.0984031,
       38.9187183
      ],
      [
       -77.098124,
       38.9183177
      ],
      [
       -77.0969653,
       38.9177333
      ],
      [
       -77.0966005,
       38.9174995
      ],
      [
       -77.0945622,
       38.9156464
      ],
      [
       -77.093854,
       38.9153292
      ],
      [
       -77.0916225,
       38.9145946
      ],
      [
       -77.0891977,
       38.9138933
      ],
      [
       -77.0881249,
       38.9136095
      ],
      [
       -77.0869446,
       38.9133757
      ],
      [
       -77.0864512,
       38.9131586
      ],
      [
       -77.0853568,
       38.9125075
      ],
      [
       -77.0850992,
       38.9123907
      ],
      [
       -77.0850134,
       38.9121402
      ],
      [
       -77.0807863,
       38.9064465
      ],
      [
       -77.0804859,
       38.9061126
      ],
      [
       -77.0800139,
       38.9059622
      ],
      [
       -77.07937,
       38.9057619
      ],
      [
       -77.0810437,
       38.9052944
      ],
      [
       -77.0814729,
       38.9052443
      ],
      [
       -77.0822024,
       38.9052443
      ],
      [
       -77.0828248,
       38.9053278
      ],
      [
       -77.0849276,
       38.9061126
      ],
      [
       -77.0866228,
       38.9066636
      ],
      [
       -77.0896053,
       38.9075987
      ],
      [
       -77.0905066,
       38.907966
      ],
      [
       -77.0914292,
       38.9083668
      ],
      [
       -77.0914292,
       38.9083668
      ],
      [
       -77.0914292,
       38.9083668
      ],
      [
       -77.095356,
       38.9110379
      ]
     ]
    ]
   }
  },
  {
   "type": "Feature",
   "properties": {
    "name": "Theodore Roosevelt Island"
   },
   "geometry": {
    "type": "Polygon",
    "coordinates": [
     [
      [
       -77.0661817,
       38.8975253
      ],
      [
       -77.066187,
       38.897736
      ],
      [
       -77.0662862,
       38.8980241
      ],
      [
       -77.0663775,
       38.8982476
      ],
      [
       -77.066466,
       38.8984981
      ],
      [
       -77.0665223,
       38.8989761
      ],
      [
       -77.0664686,
       38.8993016
      ],
      [
       -77.0666027,
       38.8995187
      ],
      [
       -77.0666027,
       38.8997066
      ],
      [
       -77.0665142,
       38.8997861
      ],
      [
       -77.0660448,
       38.8998172
      ],
      [
       -77.0655084,
       38.8998339
      ],
      [
       -77.0651463,
       38.8998362
      ],
      [
       -77.0647332,
       38.8997922
      ],
      [
       -77.0643175,
       38.8997755
      ],
      [
       -77.0640064,
       38.8998027
      ],
      [
       -77.0637999,
       38.8998862
      ],
      [
       -77.0635397,
       38.8999342
      ],
      [
       -77.0632285,
       38.8999362
      ],
      [
       -77.0629684,
       38.8998674
      ],
      [
       -77.0627242,
       38.8997505
      ],
      [
       -77.0624319,
       38.899644
      ],
      [
       -77.062161,
       38.899596
      ],
      [
       -77.0619143,
       38.8995814
      ],
      [
       -77.0617104,
       38.899546
      ],
      [
       -77.0614636,
       38.8994603
      ],
      [
       -77.0612088,
       38.8993226
      ],
      [
       -77.0608976,
       38.899047
      ],
      [
       -77.0607341,
       38.8988362
      ],
      [
       -77.0605409,
       38.8986712
      ],
      [
       -77.0604337,
       38.8984772
      ],
      [
       -77.0603318,
       38.8982476
      ],
      [
       -77.060152,
       38.8980639
      ],
      [
       -77.0599964,
       38.8978216
      ],
      [
       -77.0598918,
       38.8975128
      ],
      [
       -77.0598168,
       38.8971663
      ],
      [
       -77.0597979,
       38.8965524
      ],
      [
       -77.0597872,
       38.8960493
      ],
      [
       -77.0596693,
       38.8954461
      ],
      [
       -77.0596316,
       38.8950515
      ],
      [
       -77.059621,
       38.8946236
      ],
      [
       -77.0596585,
       38.893872
      ],
      [
       -77.0595941,
       38.8932562
      ],
      [
       -77.0595029,
       38.8930286
      ],
      [
       -77.0594546,
       38.8928867
      ],
      [
       -77.0595673,
       38.8926904
      ],
      [
       -77.0596639,
       38.8926467
      ],
      [
       -77.0598409,
       38.8926153
      ],
      [
       -77.0600232,
       38.8925777
      ],
      [
       -77.0601788,
       38.892513
      ],
      [
       -77.0603988,
       38.8924608
      ],
      [
       -77.0605356,
       38.8923877
      ],
      [
       -77.0605178,
       38.8923032
      ],
      [
       -77.0594228,
       38.8924864
      ],
      [
       -77.0591623,
       38.892202
      ],
      [
       -77.059047,
       38.8918388
      ],
      [
       -77.0589907,
       38.8915423
      ],
      [
       -77.0590094,
       38.8911895
      ],
      [
       -77.059055,
       38.8908783
      ],
      [
       -77.0590443,
       38.8906529
      ],
      [
       -77.0590979,
       38.8904984
      ],
      [
       -77.0590952,
       38.8903689
      ],
      [
       -77.0591113,
       38.8902458
      ],
      [
       -77.0591891,
       38.8901957
      ],
      [
       -77.0593366,
       38.8902334
      ],
      [
       -77.0594493,
       38.8902917
      ],
      [
       -77.0597927,
       38.8903649
      ],
      [
       -77.0600447,
       38.8905986
      ],
      [
       -77.0603049,
       38.8907866
      ],
      [
       -77.0604444,
       38.8909284
      ],
      [
       -77.0606939,
       38.89101
      ],
      [
       -77.0607287,
       38.8911059
      ],
      [
       -77.060734,
       38.891275
      ],
      [
       -77.0606589,
       38.8914274
      ],
      [
       -77.0606161,
       38.8915194
      ],
      [
       -77.0605436,
       38.8916529
      ],
      [
       -77.0604309,
       38.8917468
      ],
      [
       -77.0603102,
       38.8918804
      ],
      [
       -77.0601118,
       38.8919723
      ],
      [
       -77.059916,
       38.8920328
      ],
      [
       -77.059755,
       38.8920913
      ],
      [
       -77.0596462,
       38.8921731
      ],
      [
       -77.0604625,
       38.8920352
      ],
      [
       -77.0604625,
       38.8920237
      ],
      [
       -77.0605302,
       38.8920121
      ],
      [
       -77.0609165,
       38.8915298
      ],
      [
       -77.0610989,
       38.8912292
      ],
      [
       -77.0612222,
       38.8911102
      ],
      [
       -77.061367,
       38.8910057
      ],
      [
       -77.061477,
       38.8909702
      ],
      [
       -77.0615414,
       38.8909181
      ],
      [
       -77.061646,
       38.8909306
      ],
      [
       -77.0616943,
       38.8910266
      ],
      [
       -77.0617935,
       38.8910955
      ],
      [
       -77.0620136,
       38.8912062
      ],
      [
       -77.06211,
       38.8912019
      ],
      [
       -77.0622307,
       38.8912562
      ],
      [
       -77.0622522,
       38.8914023
      ],
      [
       -77.0623756,
       38.8916676
      ],
      [
       -77.0624828,
       38.8920161
      ],
      [
       -77.0625901,
       38.8923898
      ],
      [
       -77.0627833,
       38.8926217
      ],
      [
       -77.0629522,
       38.8929347
      ],
      [
       -77.0632043,
       38.8933355
      ],
      [
       -77.0634083,
       38.8935945
      ],
      [
       -77.0636147,
       38.8940557
      ],
      [
       -77.0638613,
       38.8943706
      ],
      [
       -77.0640305,
       38.8947321
      ],
      [
       -77.0642611,
       38.8951099
      ],
      [
       -77.0646206,
       38.8955359
      ],
      [
       -77.064929,
       38.8957508
      ],
      [
       -77.0651624,
       38.8961037
      ],
      [
       -77.0654172,
       38.896423
      ],
      [
       -77.0656478,
       38.8967361
      ],
      [
       -77.0658625,
       38.8969408
      ],
      [
       -77.0659912,
       38.8971703
      ],
      [
       -77.0660637,
       38.8974022
      ],
      [
       -77.0660637,
       38.8974022
      ],
      [
       -77.0661817,
       38.8975253
      ]
     ]
    ]
   }
  },
  {
   "type": "Feature",
   "properties": {
    "name": "Trinidad"
   },
   "geometry": {
    "type": "Polygon",
    "coordinates": [
     [
      [
       -76.9841999,
       38.9002514
      ],
      [
       -76.9901919,
       38.9028022
      ],
      [
       -76.9930995,
       38.9040378
      ],
      [
       -76.9858468,
       38.9104539
      ],
      [
       -76.9835562,
       38.9096483
      ],
      [
       -76.9832718,
       38.9095189
      ],
      [
       -76.9813943,
       38.9085087
      ],
      [
       -76.9803429,
       38.9079911
      ],
      [
       -76.9798493,
       38.9077072
      ],
      [
       -76.9795811,
       38.9074401
      ],
      [
       -76.9792807,
       38.907056
      ],
      [
       -76.9791412,
       38.9067388
      ],
      [
       -76.9833308,
       38.9003224
      ],
      [
       -76.9834596,
       38.900218
      ],
      [
       -76.9835079,
       38.9001846
      ],
      [
       -76.9835079,
       38.9001846
      ],
      [
       -76.9841999,
       38.9002514
      ]
     ]
    ]
   }
  },
  {
   "type": "Feature",
   "properties": {
    "name": "Trinity Washington University"
   },
   "geometry": {
    "type": "Polygon",
    "coordinates": [
     [
      [
       -77.0061189,
       38.9267481
      ],
      [
       -77.0061404,
       38.9269359
      ],
      [
       -77.0062155,
       38.9270444
      ],
      [
       -77.0060545,
       38.9270987
      ],
      [
       -77.0059472,
       38.9271613
      ],
      [
       -77.0058078,
       38.927274
      ],
      [
       -77.0046061,
       38.9287095
      ],
      [
       -77.0039892,
       38.9294231
      ],
      [
       -77.0037478,
       38.9296318
      ],
      [
       -77.0033348,
       38.9299448
      ],
      [
       -77.002793,
       38.930287
      ],
      [
       -77.0009851,
       38.9312301
      ],
      [
       -77.0005721,
       38.9307293
      ],
      [
       -77.0005614,
       38.926648
      ],
      [
       -77.0017791,
       38.9259761
      ],
      [
       -77.0024979,
       38.9256005
      ],
      [
       -77.0032436,
       38.9255963
      ],
      [
       -77.0035762,
       38.9256339
      ],
      [
       -77.0039302,
       38.9257048
      ],
      [
       -77.0056039,
       38.9262432
      ],
      [
       -77.005899,
       38.9264226
      ],
      [
       -77.005899,
       38.9264226
      ],
      [
       -77.0061189,
       38.9267481
      ]
     ]
    ]
   }
  },
  {
   "type": "Feature",
   "properties": {
    "name": "Truxton Circle"
   },
   "geometry": {
    "type": "Polygon",
    "coordinates": [
     [
      [
       -77.0091122,
       38.910817
      ],
      [
       -77.0091069,
       38.9093268
      ],
      [
       -77.0091927,
       38.9088885
      ],
      [
       -77.0092249,
       38.9073649
      ],
      [
       -77.0095414,
       38.9072439
      ],
      [
       -77.0154476,
       38.9072397
      ],
      [
       -77.0180279,
       38.9144401
      ],
      [
       -77.0181888,
       38.9146822
      ],
      [
       -77.0181888,
       38.9146822
      ],
      [
       -77.0091122,
       38.910817
      ]
     ]
    ]
   }
  },
  {
   "type": "Feature",
   "properties": {
    "name": "U-Street Corridor"
   },
   "geometry": {
    "type": "Polygon",
    "coordinates": [
     [
      [
       -77.036519,
       38.9140603
      ],
      [
       -77.0364761,
       38.9191356
      ],
      [
       -77.0363259,
       38.9192066
      ],
      [
       -77.0346951,
       38.9191816
      ],
      [
       -77.0344162,
       38.9191816
      ],
      [
       -77.0340246,
       38.9195716
      ],
      [
       -77.0319593,
       38.9200558
      ],
      [
       -77.0296794,
       38.9204982
      ],
      [
       -77.0289445,
       38.9206317
      ],
      [
       -77.0286762,
       38.9206735
      ],
      [
       -77.0280647,
       38.920711
      ],
      [
       -77.0267772,
       38.9207695
      ],
      [
       -77.0261067,
       38.9205775
      ],
      [
       -77.0258814,
       38.9204857
      ],
      [
       -77.0257902,
       38.920398
      ],
      [
       -77.0255059,
       38.9200516
      ],
      [
       -77.0253986,
       38.9199848
      ],
      [
       -77.0253128,
       38.9199598
      ],
      [
       -77.0252323,
       38.9199473
      ],
      [
       -77.0251786,
       38.9199473
      ],
      [
       -77.0251786,
       38.9196801
      ],
      [
       -77.0245188,
       38.9185825
      ],
      [
       -77.0239126,
       38.9175453
      ],
      [
       -77.0239341,
       38.9170277
      ],
      [
       -77.0239341,
       38.9155418
      ],
      [
       -77.0260262,
       38.9155585
      ],
      [
       -77.0259833,
       38.914081
      ],
      [
       -77.0345556,
       38.9140893
      ],
      [
       -77.036519,
       38.9140603
      ]
     ]
    ]
   }
  },
  {
   "type": "Feature",
   "properties": {
    "name": "US Naval Research Laboratory"
   },
   "geometry": {
    "type": "Polygon",
    "coordinates": [
     [
      [
       -77.026965,
       38.8263607
      ],
      [
       -77.0265841,
       38.8277899
      ],
      [
       -77.0264018,
       38.8285338
      ],
      [
       -77.0251572,
       38.8284669
      ],
      [
       -77.0248595,
       38.8282998
      ],
      [
       -77.0227325,
       38.8275413
      ],
      [
       -77.0225903,
       38.8274054
      ],
      [
       -77.0218635,
       38.8265613
      ],
      [
       -77.0210829,
       38.8254099
      ],
      [
       -77.0212519,
       38.8242836
      ],
      [
       -77.0206055,
       38.8242648
      ],
      [
       -77.0177168,
       38.8242585
      ],
      [
       -77.0177168,
       38.8236922
      ],
      [
       -77.0178241,
       38.8236379
      ],
      [
       -77.017639,
       38.8236379
      ],
      [
       -77.0176283,
       38.8235083
      ],
      [
       -77.0175076,
       38.823523
      ],
      [
       -77.0174861,
       38.822779
      ],
      [
       -77.0174888,
       38.8220895
      ],
      [
       -77.0175424,
       38.8218721
      ],
      [
       -77.0176551,
       38.8214584
      ],
      [
       -77.017808,
       38.8211867
      ],
      [
       -77.017926,
       38.8210216
      ],
      [
       -77.0180655,
       38.8209025
      ],
      [
       -77.0182022,
       38.8208586
      ],
      [
       -77.0188192,
       38.820821
      ],
      [
       -77.0199725,
       38.820752
      ],
      [
       -77.0214719,
       38.8206099
      ],
      [
       -77.0274693,
       38.8199935
      ],
      [
       -77.0274693,
       38.8199935
      ],
      [
       -77.026965,
       38.8263607
      ]
     ]
    ]
   }
  },
  {
   "type": "Feature",
   "properties": {
    "name": "Union Market"
   },
   "geometry": {
    "type": "Polygon",
    "coordinates": [
     [
      [
       -76.9983405,
       38.9109924
      ],
      [
       -76.9983405,
       38.9109924
      ],
      [
       -76.9980991,
       38.9106042
      ],
      [
       -76.995846,
       38.9096733
      ],
      [
       -76.9983459,
       38.9062837
      ],
      [
       -77.0002931,
       38.9071311
      ],
      [
       -77.002337,
       38.9079827
      ],
      [
       -77.0008671,
       38.9101033
      ],
      [
       -76.9983405,
       38.9109924
      ]
     ]
    ]
   }
  },
  {
   "type": "Feature",
   "properties": {
    "name": "Wakefield"
   },
   "geometry": {
    "type": "Polygon",
    "coordinates": [
     [
      [
       -77.0704597,
       38.9559589
      ],
      [
       -77.0657873,
       38.9479033
      ],
      [
       -77.0773744,
       38.9479283
      ],
      [
       -77.0704597,
       38.9559589
      ],
      [
       -77.0704597,
       38.9559589
      ]
     ]
    ]
   }
  },
  {
   "type": "Feature",
   "properties": {
    "name": "Walter Reed Army Medical Center Grounds"
   },
   "geometry": {
    "type": "Polygon",
    "coordinates": [
     [
      [
       -77.0264769,
       38.9779896
      ],
      [
       -77.0264822,
       38.9778728
      ],
      [
       -77.0270884,
       38.9722553
      ],
      [
       -77.0363098,
       38.9722678
      ],
      [
       -77.0362937,
       38.9748786
      ],
      [
       -77.0330054,
       38.9779938
      ],
      [
       -77.0330054,
       38.9779938
      ],
      [
       -77.0264769,
       38.9779896
      ]
     ]
    ]
   }
  },
  {
   "type": "Feature",
   "properties": {
    "name": "Washington Highlands"
   },
   "geometry": {
    "type": "Polygon",
    "coordinates": [
     [
      [
       -77.0037317,
       38.8227915
      ],
      [
       -77.0046329,
       38.8244298
      ],
      [
       -77.0040321,
       38.8253325
      ],
      [
       -77.0033026,
       38.8255331
      ],
      [
       -77.0038605,
       38.8271713
      ],
      [
       -77.0035172,
       38.8309157
      ],
      [
       -77.0005131,
       38.8329215
      ],
      [
       -76.9965649,
       38.8356293
      ],
      [
       -76.9957924,
       38.8360639
      ],
      [
       -76.9932175,
       38.8366656
      ],
      [
       -76.9882393,
       38.8379025
      ],
      [
       -76.9872093,
       38.8363982
      ],
      [
       -76.985321,
       38.8374679
      ],
      [
       -76.9831324,
       38.8375348
      ],
      [
       -76.9818449,
       38.8363648
      ],
      [
       -77.0013285,
       38.8212201
      ],
      [
       -77.0021868,
       38.8220225
      ],
      [
       -77.0021868,
       38.8220225
      ],
      [
       -77.0037317,
       38.8227915
      ]
     ]
    ]
   }
  },
  {
   "type": "Feature",
   "properties": {
    "name": "Wesley Heights"
   },
   "geometry": {
    "type": "Polygon",
    "coordinates": [
     [
      [
       -77.0944547,
       38.9260052
      ],
      [
       -77.0943045,
       38.92641
      ],
      [
       -77.0938325,
       38.9271152
      ],
      [
       -77.0936555,
       38.9275576
      ],
      [
       -77.0935911,
       38.9283088
      ],
      [
       -77.0935482,
       38.9290015
      ],
      [
       -77.093398,
       38.9291559
      ],
      [
       -77.0929313,
       38.9292978
      ],
      [
       -77.0924699,
       38.929448
      ],
      [
       -77.0923036,
       38.9295607
      ],
      [
       -77.0922017,
       38.929665
      ],
      [
       -77.0923841,
       38.9300782
      ],
      [
       -77.0923143,
       38.9303536
      ],
      [
       -77.091397,
       38.9317182
      ],
      [
       -77.0910591,
       38.9317891
      ],
      [
       -77.0910591,
       38.9331745
      ],
      [
       -77.0909357,
       38.9332162
      ],
      [
       -77.0891815,
       38.9345348
      ],
      [
       -77.0885056,
       38.9350147
      ],
      [
       -77.0881837,
       38.9352609
      ],
      [
       -77.08776,
       38.9357157
      ],
      [
       -77.0872128,
       38.9363458
      ],
      [
       -77.0862526,
       38.9374975
      ],
      [
       -77.0858931,
       38.9374975
      ],
      [
       -77.0854425,
       38.9374098
      ],
      [
       -77.0846486,
       38.9369133
      ],
      [
       -77.0819342,
       38.9349313
      ],
      [
       -77.0821166,
       38.9345265
      ],
      [
       -77.0821059,
       38.9342761
      ],
      [
       -77.0820415,
       38.9340508
      ],
      [
       -77.0808291,
       38.9329992
      ],
      [
       -77.0806038,
       38.9325903
      ],
      [
       -77.0809901,
       38.9317891
      ],
      [
       -77.0820737,
       38.9305289
      ],
      [
       -77.0825457,
       38.9293354
      ],
      [
       -77.0824706,
       38.9289014
      ],
      [
       -77.0825672,
       38.9285258
      ],
      [
       -77.0828569,
       38.9283255
      ],
      [
       -77.0826208,
       38.9278748
      ],
      [
       -77.0830929,
       38.9275659
      ],
      [
       -77.0842194,
       38.9275159
      ],
      [
       -77.0840049,
       38.9271236
      ],
      [
       -77.0840371,
       38.926531
      ],
      [
       -77.0845842,
       38.9262305
      ],
      [
       -77.0854962,
       38.9261137
      ],
      [
       -77.0861721,
       38.9260552
      ],
      [
       -77.088393,
       38.9263641
      ],
      [
       -77.0895946,
       38.9263056
      ],
      [
       -77.0904958,
       38.9263474
      ],
      [
       -77.0922124,
       38.9264392
      ],
      [
       -77.0932746,
       38.9262639
      ],
      [
       -77.0932746,
       38.9262639
      ],
      [
       -77.0944547,
       38.9260052
      ]
     ]
    ]
   }
  },
  {
   "type": "Feature",
   "properties": {
    "name": "West End"
   },
   "geometry": {
    "type": "Polygon",
    "coordinates": [
     [
      [
       -77.0496941,
       38.9029733
      ],
      [
       -77.0498443,
       38.9030318
      ],
      [
       -77.0500374,
       38.9030735
      ],
      [
       -77.050209,
       38.9030735
      ],
      [
       -77.0504773,
       38.90299
      ],
      [
       -77.0507348,
       38.9028898
      ],
      [
       -77.0509493,
       38.9028815
      ],
      [
       -77.054742,
       38.904184
      ],
      [
       -77.0547366,
       38.9056743
      ],
      [
       -77.0543879,
       38.9062587
      ],
      [
       -77.0540553,
       38.9071228
      ],
      [
       -77.053948,
       38.9073858
      ],
      [
       -77.0536047,
       38.9077824
      ],
      [
       -77.0530844,
       38.9081664
      ],
      [
       -77.0530683,
       38.9085129
      ],
      [
       -77.0510995,
       38.9085212
      ],
      [
       -77.0510781,
       38.9080036
      ],
      [
       -77.049737,
       38.9079952
      ],
      [
       -77.0495707,
       38.9080996
      ],
      [
       -77.0493829,
       38.9083375
      ],
      [
       -77.0493346,
       38.9084586
      ],
      [
       -77.0493293,
       38.9096316
      ],
      [
       -77.0487714,
       38.9096357
      ],
      [
       -77.0488143,
       38.905261
      ],
      [
       -77.0477146,
       38.9052902
      ],
      [
       -77.0474786,
       38.9053111
      ],
      [
       -77.0474786,
       38.9053111
      ],
      [
       -77.0496941,
       38.9029733
      ]
     ]
    ]
   }
  },
  {
   "type": "Feature",
   "properties": {
    "name": "Woodley Park"
   },
   "geometry": {
    "type": "Polygon",
    "coordinates": [
     [
      [
       -77.0731258,
       38.9285676
      ],
      [
       -77.0725894,
       38.931881
      ],
      [
       -77.0663881,
       38.9314888
      ],
      [
       -77.0652509,
       38.9312301
      ],
      [
       -77.0646822,
       38.9310798
      ],
      [
       -77.06406,
       38.9308378
      ],
      [
       -77.0630622,
       38.9304372
      ],
      [
       -77.0624614,
       38.9302035
      ],
      [
       -77.062279,
       38.9301367
      ],
      [
       -77.0610344,
       38.9302619
      ],
      [
       -77.060734,
       38.9303036
      ],
      [
       -77.0603049,
       38.9303203
      ],
      [
       -77.0598865,
       38.9303621
      ],
      [
       -77.0594895,
       38.9304539
      ],
      [
       -77.0591784,
       38.9305874
      ],
      [
       -77.0588887,
       38.9307877
      ],
      [
       -77.0586097,
       38.9310381
      ],
      [
       -77.0583737,
       38.9313469
      ],
      [
       -77.0581591,
       38.9316974
      ],
      [
       -77.0579767,
       38.9319395
      ],
      [
       -77.0577729,
       38.9320813
      ],
      [
       -77.0575047,
       38.9321815
      ],
      [
       -77.0572257,
       38.9322399
      ],
      [
       -77.0568824,
       38.9322483
      ],
      [
       -77.0564961,
       38.9322816
      ],
      [
       -77.0561314,
       38.9323568
      ],
      [
       -77.0557237,
       38.9323985
      ],
      [
       -77.0552945,
       38.9324402
      ],
      [
       -77.0550692,
       38.9324235
      ],
      [
       -77.0549405,
       38.9323484
      ],
      [
       -77.0548439,
       38.9321731
      ],
      [
       -77.0547903,
       38.9319478
      ],
      [
       -77.0547903,
       38.9316974
      ],
      [
       -77.0548224,
       38.9315222
      ],
      [
       -77.0548546,
       38.9312301
      ],
      [
       -77.0549297,
       38.9309296
      ],
      [
       -77.055037,
       38.9308044
      ],
      [
       -77.0552516,
       38.9306876
      ],
      [
       -77.0554233,
       38.9306041
      ],
      [
       -77.0556056,
       38.9305123
      ],
      [
       -77.0547956,
       38.9293021
      ],
      [
       -77.0541358,
       38.9293814
      ],
      [
       -77.0540285,
       38.9293605
      ],
      [
       -77.0539373,
       38.9293105
      ],
      [
       -77.0538193,
       38.9291435
      ],
      [
       -77.0536637,
       38.9289265
      ],
      [
       -77.0531595,
       38.9284591
      ],
      [
       -77.0526016,
       38.9281169
      ],
      [
       -77.0523548,
       38.9279834
      ],
      [
       -77.052269,
       38.9279208
      ],
      [
       -77.0522583,
       38.9278707
      ],
      [
       -77.0522314,
       38.9277998
      ],
      [
       -77.0521617,
       38.9277414
      ],
      [
       -77.0514643,
       38.9274701
      ],
      [
       -77.0515501,
       38.9274075
      ],
      [
       -77.0512176,
       38.9270653
      ],
      [
       -77.0507884,
       38.9263141
      ],
      [
       -77.0500481,
       38.9250538
      ],
      [
       -77.0498013,
       38.924553
      ],
      [
       -77.0497262,
       38.9243526
      ],
      [
       -77.0496726,
       38.9241106
      ],
      [
       -77.0495975,
       38.9237266
      ],
      [
       -77.0496511,
       38.9234178
      ],
      [
       -77.0502627,
       38.9234762
      ],
      [
       -77.0509386,
       38.9234929
      ],
      [
       -77.0515501,
       38.9234929
      ],
      [
       -77.052623,
       38.9234178
      ],
      [
       -77.0525801,
       38.9232091
      ],
      [
       -77.0525157,
       38.9230422
      ],
      [
       -77.0523977,
       38.9228669
      ],
      [
       -77.0522046,
       38.9227083
      ],
      [
       -77.0520008,
       38.9225914
      ],
      [
       -77.0519793,
       38.9224412
      ],
      [
       -77.0520222,
       38.9222242
      ],
      [
       -77.0521188,
       38.9219738
      ],
      [
       -77.0523334,
       38.9217567
      ],
      [
       -77.0526659,
       38.9215564
      ],
      [
       -77.0531058,
       38.9213728
      ],
      [
       -77.0536423,
       38.9212225
      ],
      [
       -77.0546508,
       38.920922
      ],
      [
       -77.054919,
       38.9208135
      ],
      [
       -77.055155,
       38.9206549
      ],
      [
       -77.0554125,
       38.920488
      ],
      [
       -77.0555842,
       38.9203127
      ],
      [
       -77.0556808,
       38.9201541
      ],
      [
       -77.0557666,
       38.9201124
      ],
      [
       -77.0559061,
       38.920129
      ],
      [
       -77.0560026,
       38.9201958
      ],
      [
       -77.0562708,
       38.9203377
      ],
      [
       -77.0564425,
       38.9203711
      ],
      [
       -77.0567322,
       38.9203795
      ],
      [
       -77.0569199,
       38.9203294
      ],
      [
       -77.0566893,
       38.9198619
      ],
      [
       -77.0565391,
       38.9196032
      ],
      [
       -77.0565605,
       38.919503
      ],
      [
       -77.0572042,
       38.9193861
      ],
      [
       -77.0575798,
       38.919286
      ],
      [
       -77.0579123,
       38.9191023
      ],
      [
       -77.0589852,
       38.9182676
      ],
      [
       -77.0594251,
       38.9181173
      ],
      [
       -77.0595968,
       38.9180338
      ],
      [
       -77.0598543,
       38.9178252
      ],
      [
       -77.0605195,
       38.9172241
      ],
      [
       -77.0606589,
       38.917124
      ],
      [
       -77.0608306,
       38.9170405
      ],
      [
       -77.0609379,
       38.9170154
      ],
      [
       -77.0609003,
       38.9169027
      ],
      [
       -77.0610827,
       38.9166982
      ],
      [
       -77.0613134,
       38.9167316
      ],
      [
       -77.0617372,
       38.9170029
      ],
      [
       -77.0628262,
       38.9170405
      ],
      [
       -77.0635933,
       38.9170697
      ],
      [
       -77.0636845,
       38.9171323
      ],
      [
       -77.0637488,
       38.9172325
      ],
      [
       -77.0637381,
       38.9173994
      ],
      [
       -77.0637381,
       38.9176415
      ],
      [
       -77.0636952,
       38.9181173
      ],
      [
       -77.0637381,
       38.9183177
      ],
      [
       -77.0638347,
       38.9184596
      ],
      [
       -77.0670252,
       38.9186558
      ],
      [
       -77.0672158,
       38.9186629
      ],
      [
       -77.0674055,
       38.9186778
      ],
      [
       -77.0675941,
       38.9187004
      ],
      [
       -77.0677808,
       38.9187306
      ],
      [
       -77.0679653,
       38.9187683
      ],
      [
       -77.0681469,
       38.9188136
      ],
      [
       -77.0683253,
       38.9188661
      ],
      [
       -77.0684999,
       38.9189259
      ],
      [
       -77.0686702,
       38.9189927
      ],
      [
       -77.0688358,
       38.9190663
      ],
      [
       -77.0689963,
       38.9191466
      ],
      [
       -77.0691511,
       38.9192333
      ],
      [
       -77.0692998,
       38.9193261
      ],
      [
       -77.0694421,
       38.9194249
      ],
      [
       -77.0695776,
       38.9195294
      ],
      [
       -77.0697059,
       38.9196392
      ],
      [
       -77.0698266,
       38.9197542
      ],
      [
       -77.0699394,
       38.9198738
      ],
      [
       -77.0700439,
       38.9199979
      ],
      [
       -77.07014,
       38.9201261
      ],
      [
       -77.0702274,
       38.920258
      ],
      [
       -77.0703057,
       38.9203933
      ],
      [
       -77.0703749,
       38.9205316
      ],
      [
       -77.0704346,
       38.9206726
      ],
      [
       -77.0704848,
       38.9208157
      ],
      [
       -77.0705253,
       38.9209607
      ],
      [
       -77.070556,
       38.9211072
      ],
      [
       -77.0705768,
       38.9212547
      ],
      [
       -77.0705876,
       38.9214029
      ],
      [
       -77.0705884,
       38.9215513
      ],
      [
       -77.0705793,
       38.9216995
      ],
      [
       -77.0705602,
       38.9218471
      ],
      [
       -77.0705312,
       38.9219938
      ],
      [
       -77.0704924,
       38.9221391
      ],
      [
       -77.0704438,
       38.9222826
      ],
      [
       -77.0703857,
       38.9224239
      ],
      [
       -77.0703363,
       38.9225497
      ],
      [
       -77.0728362,
       38.9225414
      ],
      [
       -77.0730829,
       38.9229504
      ],
      [
       -77.0731258,
       38.9231423
      ],
      [
       -77.0731258,
       38.9275327
      ],
      [
       -77.0731258,
       38.9275327
      ],
      [
       -77.0731258,
       38.9285676
      ]
     ]
    ]
   }
  },
  {
   "type": "Feature",
   "properties": {
    "name": "Woodridge"
   },
   "geometry": {
    "type": "Polygon",
    "coordinates": [
     [
      [
       -76.9652152,
       38.9251539
      ],
      [
       -76.9694638,
       38.9292436
      ],
      [
       -76.9719314,
       38.9315972
      ],
      [
       -76.9719314,
       38.9315972
      ],
      [
       -76.9765234,
       38.9360872
      ],
      [
       -76.9812226,
       38.9405101
      ],
      [
       -76.9833254,
       38.9425128
      ],
      [
       -76.9832772,
       38.9425525
      ],
      [
       -76.9829553,
       38.9425358
      ],
      [
       -76.9819897,
       38.9425525
      ],
      [
       -76.9813996,
       38.9425733
      ],
      [
       -76.9809544,
       38.942711
      ],
      [
       -76.9805789,
       38.9429822
      ],
      [
       -76.980198,
       38.9435121
      ],
      [
       -76.9795865,
       38.9442923
      ],
      [
       -76.9789052,
       38.9452227
      ],
      [
       -76.9786262,
       38.9455857
      ],
      [
       -76.9780817,
       38.9461687
      ],
      [
       -76.9777813,
       38.9463523
      ],
      [
       -76.9737017,
       38.9431929
      ],
      [
       -76.9673395,
       38.9382444
      ],
      [
       -76.9674146,
       38.9382611
      ],
      [
       -76.9635307,
       38.9352151
      ],
      [
       -76.9588852,
       38.9316139
      ],
      [
       -76.9578123,
       38.9307793
      ],
      [
       -76.9601512,
       38.9292436
      ],
      [
       -76.9618892,
       38.9278414
      ],
      [
       -76.9645285,
       38.9258216
      ],
      [
       -76.9645285,
       38.9258216
      ],
      [
       -76.9652152,
       38.9251539
      ]
     ]
    ]
   }
  }
 ]
}